event,domain,n
venezuela,biztoc.com,528
gaza,biztoc.com,481
ukraine,news.yahoo.com,423
ukraine,msn.com,379
venezuela,news.yahoo.com,301
gaza,news.yahoo.com,299
venezuela,yahoo.com,249
gaza,thetimes.co.uk,232
venezuela,thetimes.co.uk,232
venezuela,modernreaders.com,222
gaza,modernreaders.com,189
venezuela,eturbonews.com,160
venezuela,dailymail.co.uk,157
venezuela,tvguide.co.uk,145
gaza,tvguide.co.uk,144
gaza,yahoo.com,127
venezuela,bignewsnetwork.com,123
venezuela,timesofindia.indiatimes.com,117
gaza,dailymail.co.uk,115
ukraine,sfgate.com,108
venezuela,yardbarker.com,102
gaza,eturbonews.com,101
gaza,yardbarker.com,99
gaza,ptinews.com,98
venezuela,ptinews.com,98
venezuela,amarujala.com,94
gaza,timesofindia.indiatimes.com,90
gaza,bignewsnetwork.com,89
ukraine,timesofindia.indiatimes.com,83
gaza,news4jax.com,77
venezuela,news4jax.com,77
venezuela,tribuneindia.com,77
venezuela,independent.co.uk,76
venezuela,nzherald.co.nz,76
gaza,amarujala.com,75
venezuela,menafn.com,73
gaza,independent.co.uk,70
venezuela,punchng.com,70
gaza,menafn.com,68
venezuela,aol.com,66
ukraine,thestar.com.my,65
venezuela,nypost.com,65
venezuela,theenterpriseleader.com,65
gaza,nzherald.co.nz,62
venezuela,english.news.cn,62
venezuela,themarketsdaily.com,61
gaza,nypost.com,60
ukraine,dailymail.co.uk,60
ukraine,dailymaverick.co.za,60
gaza,canberratimes.com.au,59
venezuela,canberratimes.com.au,59
venezuela,finance.yahoo.com,59
gaza,wknofm.org,58
ukraine,dailyrepublic.com,58
venezuela,wknofm.org,58
venezuela,wlwt.com,58
gaza,aol.com,57
gaza,breitbart.com:443,57
gaza,finance.yahoo.com,57
ukraine,apnews.com,57
venezuela,breitbart.com:443,57
venezuela,hotair.com,57
gaza,jdsupra.com,56
gaza,tribuneindia.com,56
venezuela,home.nzcity.co.nz,56
venezuela,jdsupra.com,56
venezuela,winnipegfreepress.com,55
venezuela,comicbook.com,54
venezuela,herald.co.zw,54
gaza,insidermonkey.com,53
ukraine,kxly.com,53
venezuela,insidermonkey.com,53
gaza,winnipegfreepress.com,52
ukraine,ealingtimes.co.uk,52
venezuela,brecorder.com,52
venezuela,pqbnews.com,52
gaza,punchng.com,51
ukraine,news.webindia123.com,51
venezuela,armidaleexpress.com.au,50
gaza,thenews.com.pk,49
venezuela,crookwellgazette.com.au,49
venezuela,thenews.com.pk,49
gaza,gleninnesexaminer.com.au,48
gaza,wlwt.com,48
ukraine,newstimes.com,48
venezuela,deadline.com,48
venezuela,gleninnesexaminer.com.au,48
gaza,cravenherald.co.uk,47
gaza,english.news.cn,47
ukraine,europesun.com,47
venezuela,abcnews.go.com,47
venezuela,cravenherald.co.uk,47
venezuela,gazette.com,47
venezuela,kashmirreader.com,47
venezuela,miragenews.com,47
venezuela,stthomastimesjournal.com:443,47
gaza,gazette.com,46
gaza,hotair.com,46
venezuela,wfmz.com,46
ukraine,peeblesshirenews.com,45
venezuela,foxbangor.com,45
venezuela,justjared.com,45
gaza,aol.co.uk,44
gaza,blayneychronicle.com.au,44
gaza,home.nzcity.co.nz,44
gaza,kashmirreader.com,44
ukraine,northwalespioneer.co.uk,44
venezuela,aol.co.uk,44
venezuela,blayneychronicle.com.au,44
venezuela,portnews.com.au,44
venezuela,wisn.com,44
gaza,carsonnow.org,43
gaza,wisn.com,43
ukraine,miragenews.com,43
venezuela,carsonnow.org,43
venezuela,kcra.com,43
gaza,hawkesburygazette.com.au,42
gaza,portnews.com.au,42
ukraine,bostonstar.com,42
ukraine,finance.yahoo.com,42
ukraine,penarthtimes.co.uk,42
ukraine,wtma.com,42
venezuela,hawkesburygazette.com.au,42
venezuela,ledburyreporter.co.uk,42
gaza,abcnews.go.com,41
gaza,armidaleexpress.com.au,41
ukraine,boxden.com,41
venezuela,gamerant.com,41
gaza,herald.co.zw,40
gaza,khmertimeskh.com,40
ukraine,clevelandstar.com,40
ukraine,indiagazette.com,40
venezuela,khmertimeskh.com,40
venezuela,upnorthlive.com,40
gaza,gdnonline.com,39
gaza,miragenews.com,39
gaza,wfmz.com,39
gaza,whec.com,39
ukraine,gazette.com,39
venezuela,gdnonline.com,39
venezuela,newcastleherald.com.au,39
venezuela,si.com,39
venezuela,stawelltimes.com.au,39
venezuela,whec.com,39
gaza,pqbnews.com,38
gaza,woodstocksentinelreview.com:443,38
ukraine,castanet.net,38
ukraine,jamaicaobserver.com,38
ukraine,myplainview.com,38
venezuela,courthousenews.com,38
venezuela,fox56.com,38
venezuela,indianexpress.com,38
venezuela,woodstocksentinelreview.com:443,38
gaza,abc10.com,37
ukraine,borehamwoodtimes.co.uk,37
ukraine,omaha.com,37
venezuela,abc10.com,37
venezuela,bostonglobe.com,37
venezuela,mlive.com,37
venezuela,theepochtimes.com,37
venezuela,wesh.com,37
venezuela,wkrb13.com,37
gaza,slguardian.org,36
gaza,squamishchief.com,36
ukraine,prnewswire.com,36
ukraine,stroudnewsandjournal.co.uk,36
venezuela,dailyitem.com,36
venezuela,q985online.com,36
venezuela,slguardian.org,36
venezuela,squamishchief.com,36
gaza,bicesteradvertiser.net,35
gaza,dailyliberal.com.au,35
gaza,juneesoutherncross.com.au,35
gaza,prnewswire.com,35
gaza,si.com,35
gaza,wesh.com,35
gaza,wset.com,35
ukraine,929nin.com,35
ukraine,bignewsnetwork.com,35
ukraine,seattlepi.com,35
ukraine,stamfordadvocate.com,35
ukraine,yahoo.com,35
venezuela,bicesteradvertiser.net,35
venezuela,bostonherald.com,35
venezuela,dailyliberal.com.au,35
venezuela,irrigator.com.au,35
venezuela,juneesoutherncross.com.au,35
venezuela,kens5.com,35
venezuela,prnewswire.com,35
venezuela,tricitynews.com,35
venezuela,wset.com,35
gaza,foxbangor.com,34
gaza,kcra.com,34
gaza,wbap.com,34
ukraine,chron.com,34
ukraine,law360.com,34
ukraine,shanghaisun.com,34
ukraine,siouxcityjournal.com,34
venezuela,1027kord.com,34
venezuela,943thepoint.com,34
venezuela,abc17news.com,34
venezuela,bbc.co.uk,34
venezuela,freerepublic.com,34
venezuela,wbap.com,34
venezuela,wwmt.com,34
gaza,braintreeandwithamtimes.co.uk,33
gaza,marketscreener.com,33
gaza,nbclosangeles.com,33
gaza,screenrant.com,33
gaza,stthomastimesjournal.com:443,33
gaza,wibw.com,33
ukraine,breitbart.com,33
ukraine,bwog.com,33
ukraine,ifiberone.com,33
ukraine,irishmirror.ie,33
ukraine,mesabitribune.com,33
venezuela,braintreeandwithamtimes.co.uk,33
venezuela,cbc.ca,33
venezuela,krcrtv.com,33
venezuela,marketscreener.com,33
venezuela,nbclosangeles.com,33
venezuela,screenrant.com,33
venezuela,watoday.com.au,33
venezuela,wibw.com,33
gaza,journalnow.com,32
gaza,q985online.com,32
gaza,wcjb.com,32
gaza,wcsy.com,32
gaza,wkrb13.com,32
ukraine,dailyhive.com,32
ukraine,en.interfax.com.ua,32
ukraine,wnep.com,32
venezuela,790wpic.com,32
venezuela,agassizharrisonobserver.com,32
venezuela,foxnews.com,32
venezuela,journalnow.com,32
venezuela,mirror.co.uk,32
venezuela,wcjb.com,32
venezuela,wcsy.com,32
venezuela,yasstribune.com.au,32
gaza,communitypress.ca:443,31
gaza,khou.com,31
gaza,margaretrivermail.com.au,31
gaza,northerndailyleader.com.au,31
gaza,theadvocate.com.au,31
gaza,thisismoney.co.uk,31
ukraine,cairnspost.com.au,31
ukraine,caledonianrecord.com,31
ukraine,cotswoldjournal.co.uk,31
venezuela,communitypress.ca:443,31
venezuela,cp24.com,31
venezuela,khou.com,31
venezuela,lancashiretelegraph.co.uk,31
venezuela,margaretrivermail.com.au,31
venezuela,morningjournal.com,31
venezuela,northerndailyleader.com.au,31
venezuela,syracuse.com,31
venezuela,theadvocate.com.au,31
venezuela,thisismoney.co.uk,31
venezuela,wpxi.com,31
gaza,africaleader.com,30
gaza,bbc.co.uk,30
gaza,cp24.com,30
gaza,foxnews.com,30
gaza,gloucesteradvocate.com.au,30
gaza,nbcnewyork.com,30
ukraine,etftrends.com,30
ukraine,mb.com.ph,30
ukraine,mediaite.com,30
ukraine,mynbc5.com,30
ukraine,si.com,30
venezuela,14news.com,30
venezuela,africaleader.com,30
venezuela,gloucesteradvocate.com.au,30
venezuela,klif.com,30
venezuela,liteonline.com,30
venezuela,nbcmontana.com,30
venezuela,nbcnewyork.com,30
venezuela,premiumtimesng.com,30
venezuela,theleader.com.au,30
venezuela,weartv.com,30
venezuela,wiltshiretimes.co.uk,30
gaza,comicbook.com,29
gaza,delta-optimist.com,29
gaza,indianexpress.com,29
gaza,jacksonprogress-argus.com,29
gaza,mirror.co.uk,29
gaza,pmnewsnigeria.com,29
gaza,tickerreport.com,29
ukraine,cambodiantimes.com,29
ukraine,keighleynews.co.uk,29
ukraine,liverpoolecho.co.uk,29
ukraine,mymotherlode.com,29
ukraine,nashvilleherald.com,29
ukraine,pressherald.com,29
venezuela,cranbrooktownsman.com,29
venezuela,delta-optimist.com,29
venezuela,jacksonprogress-argus.com,29
venezuela,kfyrtv.com,29
venezuela,mcall.com,29
venezuela,pmnewsnigeria.com,29
venezuela,theargus.co.uk,29
venezuela,tickerreport.com,29
venezuela,wsvn.com,29
gaza,bordertelegraph.com,28
gaza,bostonglobe.com,28
gaza,midnorthmonitor.com:443,28
gaza,mudgeeguardian.com.au,28
ukraine,article.wn.com,28
ukraine,oanow.com,28
ukraine,washingtonpost.com,28
ukraine,wfdd.org,28
venezuela,1290wlby.com,28
venezuela,bordertelegraph.com,28
venezuela,kawc.org,28
venezuela,midnorthmonitor.com:443,28
venezuela,movieweb.com,28
venezuela,mudgeeguardian.com.au,28
venezuela,newsghana.com.gh,28
venezuela,thehindu.com,28
gaza,14news.com,27
gaza,couriermail.com.au,27
gaza,deadline.com,27
gaza,fox43.com,27
gaza,kfyrtv.com,27
gaza,newschannel9.com,27
gaza,pennlive.com,27
gaza,themarketsdaily.com,27
gaza,variety.com,27
gaza,wbko.com,27
gaza,wsvn.com,27
gaza,wyff4.com,27
ukraine,classichits1390.iheart.com,27
ukraine,island.lk,27
ukraine,mdjonline.com,27
ukraine,nbclosangeles.com,27
ukraine,onenewspage.com,27
ukraine,richmondandtwickenhamtimes.co.uk,27
ukraine,whec.com,27
venezuela,couriermail.com.au,27
venezuela,fox43.com,27
venezuela,mediaite.com,27
venezuela,newschannel9.com,27
venezuela,patheos.com,27
venezuela,pennlive.com,27
venezuela,rnz.co.nz,27
venezuela,theguardian.com,27
venezuela,thestar.com.my,27
venezuela,variety.com,27
venezuela,wandsworthguardian.co.uk,27
venezuela,wbko.com,27
venezuela,wyff4.com,27
gaza,bluemountainsgazette.com.au,26
gaza,cairnspost.com.au,26
gaza,her.ie,26
gaza,kens5.com,26
gaza,kugn.com,26
gaza,ledburyreporter.co.uk,26
gaza,metro.us,26
gaza,newcastleherald.com.au,26
gaza,realgeni.com,26
gaza,theguardian.com,26
ukraine,biztoc.com,26
ukraine,burytimes.co.uk,26
ukraine,houstonchronicle.com,26
ukraine,kedm.org,26
ukraine,kgou.org,26
venezuela,arkansasonline.com,26
venezuela,bluemountainsgazette.com.au,26
venezuela,cairnspost.com.au,26
venezuela,fansided.com,26
venezuela,her.ie,26
venezuela,kkoh.com,26
venezuela,kolotv.com,26
venezuela,kugn.com,26
venezuela,metro.us,26
venezuela,news-herald.com,26
venezuela,obituaries.dailyitem.com,26
venezuela,projectnoah.org,26
venezuela,realgeni.com,26
venezuela,westernadvocate.com.au,26
venezuela,wsls.com,26
venezuela,ypradio.org,26
gaza,cbc.ca,25
gaza,lancashiretelegraph.co.uk,25
gaza,standard.net.au,25
gaza,theleader.com.au,25
gaza,washingtonpost.com,25
ukraine,abc17news.com,25
ukraine,energeticcity.ca,25
ukraine,localnews8.com,25
ukraine,thenationonlineng.net,25
ukraine,wfmz.com,25
ukraine,xinhuanet.com,25
venezuela,bangkokpost.com,25
venezuela,burnabynow.com,25
venezuela,cbsnews.com,25
venezuela,signalscv.com,25
venezuela,standard.net.au,25
venezuela,terracestandard.com,25
venezuela,thehill.com,25
venezuela,washingtonpost.com,25
gaza,931kmkt.com,24
gaza,accesswdun.com,24
gaza,brecorder.com,24
gaza,calgary.ctvnews.ca,24
gaza,cbsnews.com,24
gaza,freerepublic.com,24
gaza,northernnews.ca:443,24
gaza,springfieldnewssun.com,24
gaza,thesunchronicle.com,24
gaza,townhall.com,24
ukraine,basingstokegazette.co.uk,24
ukraine,cbc.ca,24
ukraine,chinadaily.com.cn,24
ukraine,floridastatesman.com,24
ukraine,irvinetimes.com,24
ukraine,jdsupra.com,24
ukraine,thehindu.com,24
venezuela,13wham.com,24
venezuela,931kmkt.com,24
venezuela,accesswdun.com,24
venezuela,calgary.ctvnews.ca,24
venezuela,dailyexcelsior.com,24
venezuela,forexlive.com,24
venezuela,klkl.fm,24
venezuela,morningsun.net,24
venezuela,northernnews.ca:443,24
venezuela,southtahoenow.com,24
venezuela,springfieldnewssun.com,24
venezuela,thesunchronicle.com,24
venezuela,townhall.com,24
venezuela,vladtv.com,24
venezuela,westerlynews.ca,24
gaza,airdriecityview.com,23
gaza,bostonherald.com,23
gaza,coast1009.com,23
gaza,cranbrooktownsman.com,23
gaza,dailyexcelsior.com,23
gaza,fox23maine.com,23
gaza,kawc.org,23
gaza,mcall.com,23
gaza,midmichigannow.com,23
gaza,newstalk1030.com,23
gaza,theepochtimes.com,23
gaza,thehindu.com,23
gaza,watoday.com.au,23
gaza,wkjc.com,23
gaza,wowt.com,23
gaza,yourlocalguardian.co.uk,23
ukraine,beaumontenterprise.com,23
ukraine,catcountry1073.com,23
ukraine,columbian.com,23
ukraine,gazetteseries.co.uk,23
ukraine,lse.co.uk,23
ukraine,nhregister.com,23
ukraine,northcountrypublicradio.org,23
ukraine,nydailynews.com,23
ukraine,patch.com,23
ukraine,taiwannews.com.tw,23
ukraine,wiltonbulletin.com,23
venezuela,airdriecityview.com,23
venezuela,benzinga.com,23
venezuela,coast1009.com,23
venezuela,coastreporter.net,23
venezuela,dailycaller.com,23
venezuela,fox23maine.com,23
venezuela,midmichigannow.com,23
venezuela,morningstaronline.co.uk,23
venezuela,newstalk1030.com,23
venezuela,wkjc.com,23
venezuela,wowt.com,23
venezuela,yourlocalguardian.co.uk,23
gaza,borneobulletin.com.bn,22
gaza,click2houston.com,22
gaza,illawarramercury.com.au,22
gaza,iranherald.com,22
gaza,jcpost.com,22
gaza,keprtv.com,22
gaza,ladysmithchronicle.com,22
gaza,mynewsla.com,22
gaza,nwemail.co.uk,22
gaza,sanantoniopost.com,22
gaza,sciencedaily.com,22
gaza,thedailystar.com,22
gaza,wiltshiretimes.co.uk,22
gaza,wsls.com,22
ukraine,chattanoogan.com,22
ukraine,nbcdfw.com,22
ukraine,ourmidland.com,22
ukraine,prnewswire.com:443,22
ukraine,realitytvworld.com,22
ukraine,saltlakecitysun.com,22
ukraine,theepochtimes.com,22
ukraine,theridgefieldpress.com,22
ukraine,wamc.org,22
ukraine,wandsworthguardian.co.uk,22
ukraine,yorkpress.co.uk,22
venezuela,borneobulletin.com.bn,22
venezuela,caledonianrecord.com,22
venezuela,click2houston.com,22
venezuela,eastbaytimes.com,22
venezuela,femalefirst.co.uk,22
venezuela,illawarramercury.com.au,22
venezuela,iranherald.com,22
venezuela,jcpost.com,22
venezuela,keprtv.com,22
venezuela,ladysmithchronicle.com,22
venezuela,mynewsla.com,22
venezuela,newstalk1230.iheart.com,22
venezuela,nwemail.co.uk,22
venezuela,sanantoniopost.com,22
venezuela,sandiegouniontribune.com,22
venezuela,sciencedaily.com,22
venezuela,stourbridgenews.co.uk,22
venezuela,thedailystar.com,22
venezuela,theeagleonline.com.ng,22
venezuela,washingtontimes.com,22
gaza,980waav.com,21
gaza,dailyitem.com,21
gaza,eurasiareview.com,21
gaza,irvinetimes.com,21
gaza,kelownacapnews.com,21
gaza,kfdm.com,21
gaza,kicksonfire.com,21
gaza,kvia.com,21
gaza,nbcnews.com,21
gaza,obituaries.dailyitem.com,21
gaza,plenglish.com,21
gaza,rnz.co.nz,21
gaza,talkvietnam.com,21
gaza,theargus.co.uk,21
gaza,upnorthlive.com,21
gaza,wfin.com,21
ukraine,963theblaze.com,21
ukraine,9and10news.com,21
ukraine,dudleynews.co.uk,21
ukraine,echopress.com,21
ukraine,ludlowadvertiser.co.uk,21
ukraine,qatar-tribune.com,21
ukraine,vladtv.com,21
ukraine,voiceofalexandria.com,21
venezuela,980waav.com,21
venezuela,abc57.com,21
venezuela,countyweeklynews.ca:443,21
venezuela,dailykos.com,21
venezuela,energeticcity.ca,21
venezuela,eurasiareview.com,21
venezuela,forbes.com,21
venezuela,irvinetimes.com,21
venezuela,journalgazette.net,21
venezuela,kelownacapnews.com,21
venezuela,kfdm.com,21
venezuela,kicksonfire.com,21
venezuela,ktop1490.com,21
venezuela,kvia.com,21
venezuela,morningstar.com,21
venezuela,nbcnews.com,21
venezuela,newwestrecord.ca,21
venezuela,plenglish.com,21
venezuela,siouxcityjournal.com,21
venezuela,talkvietnam.com,21
venezuela,wfin.com,21
gaza,999ktdy.com,20
gaza,allkpop.com,20
gaza,bridgwatermercury.co.uk,20
gaza,centralmoinfo.com,20
gaza,dailycamera.com,20
gaza,erienewsnow.com,20
gaza,forbes.com,20
gaza,fox56.com,20
gaza,kmaj1440.com,20
gaza,kopsource.com,20
gaza,krcrtv.com,20
gaza,krgv.com,20
gaza,liteonline.com,20
gaza,newswest9.com,20
gaza,nme.com,20
gaza,nydailynews.com,20
gaza,redditchadvertiser.co.uk,20
gaza,somersetcountygazette.co.uk,20
gaza,stltoday.com,20
gaza,washingtontimes.com,20
gaza,wbaltv.com,20
ukraine,kitchener.ctvnews.ca,20
ukraine,kpbs.org,20
ukraine,lifehacker.com.au,20
ukraine,mrt.com,20
ukraine,mynorthwest.com,20
ukraine,nytimes.com,20
ukraine,somersetcountygazette.co.uk,20
ukraine,startribune.com,20
ukraine,thehour.com,20
ukraine,wfaa.com,20
venezuela,999ktdy.com,20
venezuela,allkpop.com,20
venezuela,bridgwatermercury.co.uk,20
venezuela,centralmoinfo.com,20
venezuela,channelnewsasia.com,20
venezuela,dailycamera.com,20
venezuela,ealingtimes.co.uk,20
venezuela,erienewsnow.com,20
venezuela,fxstreet.com,20
venezuela,globalnews.ca,20
venezuela,jamaicaobserver.com,20
venezuela,kmaj1440.com,20
venezuela,kopsource.com,20
venezuela,krgv.com,20
venezuela,ksmu.org,20
venezuela,newswest9.com,20
venezuela,nme.com,20
venezuela,norfolkandtillsonburgnews.com,20
venezuela,nydailynews.com,20
venezuela,redditchadvertiser.co.uk,20
venezuela,slashfilm.com,20
venezuela,somersetcountygazette.co.uk,20
venezuela,southernhighlandnews.com.au,20
venezuela,stltoday.com,20
venezuela,wbaltv.com,20
venezuela,zerohedge.com,20
gaza,11alive.com,19
gaza,997wtn.com,19
gaza,abc57.com,19
gaza,agassizharrisonobserver.com,19
gaza,al.com,19
gaza,apnews.com,19
gaza,classy100.com,19
gaza,dailypress.com,19
gaza,gamerant.com,19
gaza,gazette-news.co.uk,19
gaza,gulf-times.com,19
gaza,hngn.com,19
gaza,homernews.com,19
gaza,kbia.org,19
gaza,malverngazette.co.uk,19
gaza,piquenewsmagazine.com,19
gaza,record-eagle.com,19
gaza,theenterpriseleader.com,19
gaza,ualrpublicradio.org,19
gaza,wandsworthguardian.co.uk,19
gaza,wblm.com,19
gaza,wegotthiscovered.com,19
gaza,whoradio.iheart.com,19
ukraine,arabherald.com,19
ukraine,bbc.co.uk,19
ukraine,bnnbloomberg.ca,19
ukraine,chesterstandard.co.uk,19
ukraine,gazette-news.co.uk,19
ukraine,kdrv.com,19
ukraine,ktbs.com,19
ukraine,kvia.com,19
ukraine,myjournalcourier.com,19
ukraine,washingtontimes.com:443,19
ukraine,weaa.org,19
ukraine,wtvr.com,19
venezuela,11alive.com,19
venezuela,997wtn.com,19
venezuela,abc30.com,19
venezuela,al.com,19
venezuela,apnews.com,19
venezuela,article.wn.com,19
venezuela,classy100.com,19
venezuela,dailyherald.com,19
venezuela,dailypress.com,19
venezuela,finanznachrichten.de,19
venezuela,ft.lk,19
venezuela,gazette-news.co.uk,19
venezuela,gulf-times.com,19
venezuela,harrowtimes.co.uk,19
venezuela,hindustantimes.com,19
venezuela,hngn.com,19
venezuela,homernews.com,19
venezuela,kbia.org,19
venezuela,malverngazette.co.uk,19
venezuela,naroomanewsonline.com.au,19
venezuela,piquenewsmagazine.com,19
venezuela,record-eagle.com,19
venezuela,techdirt.com,19
venezuela,ualrpublicradio.org,19
venezuela,valleynewslive.com,19
venezuela,wblm.com,19
venezuela,wegotthiscovered.com,19
venezuela,whoradio.iheart.com,19
venezuela,wmra.org,19
gaza,abc17news.com,18
gaza,asiabulletin.com,18
gaza,avenuemail.in,18
gaza,channelnewsasia.com,18
gaza,duluthnewstribune.com,18
gaza,elkodaily.com,18
gaza,ft.lk,18
gaza,goldcoastbulletin.com.au,18
gaza,homenewshere.com,18
gaza,iraqsun.com,18
gaza,kkoh.com,18
gaza,klkl.fm,18
gaza,marketwatch.com,18
gaza,nj.com,18
gaza,richmond-news.com,18
gaza,southcarolinapublicradio.org,18
gaza,southernhighlandnews.com.au,18
gaza,thestar.com.my,18
gaza,vladtv.com,18
gaza,wgauradio.com,18
gaza,wohfradio.com,18
gaza,wokv.com,18
gaza,wtma.com,18
ukraine,4029tv.com,18
ukraine,bangkokpost.com,18
ukraine,herald.co.zw,18
ukraine,klkntv.com,18
ukraine,ksmu.org,18
ukraine,news-medical.net,18
ukraine,sloveniatimes.com,18
ukraine,sott.net,18
venezuela,asiabulletin.com,18
venezuela,avenuemail.in,18
venezuela,duluthnewstribune.com,18
venezuela,elkodaily.com,18
venezuela,goldcoastbulletin.com.au,18
venezuela,harwichandmanningtreestandard.co.uk,18
venezuela,hollywoodreporter.com,18
venezuela,homenewshere.com,18
venezuela,interior-news.com,18
venezuela,iraqsun.com,18
venezuela,kxel.com,18
venezuela,local12.com,18
venezuela,marketwatch.com,18
venezuela,nj.com,18
venezuela,presstelegram.com,18
venezuela,richmond-news.com,18
venezuela,southcarolinapublicradio.org,18
venezuela,wgauradio.com,18
venezuela,wkyt.com,18
venezuela,wohfradio.com,18
venezuela,wokv.com,18
venezuela,wtma.com,18
gaza,790wpic.com,17
gaza,abc30.com,17
gaza,abovethelaw.com,17
gaza,article.wn.com,17
gaza,beijingbulletin.com,17
gaza,boxden.com,17
gaza,burnabynow.com,17
gaza,dailycaller.com,17
gaza,etfdailynews.com,17
gaza,forextv.com,17
gaza,hopestandard.com,17
gaza,huffpost.com,17
gaza,indiankanoon.org,17
gaza,kiro7.com,17
gaza,kissfm969.com,17
gaza,krnb.com,17
gaza,ksdk.com,17
gaza,ky3.com,17
gaza,mix999fm.iheart.com,17
gaza,morningstaronline.co.uk,17
gaza,ocregister.com,17
gaza,odt.co.nz,17
gaza,republikein.com.na,17
gaza,seneweb.com,17
gaza,siouxcityjournal.com,17
gaza,us.cnn.com,17
gaza,westcentralsbest.com,17
gaza,westernpeople.ie,17
gaza,wfaa.com,17
gaza,wsbradio.com,17
gaza,zerohedge.com,17
ukraine,australiannews.net,17
ukraine,carscoops.com,17
ukraine,coincommunity.com,17
ukraine,erienewsnow.com,17
ukraine,foxnews.com,17
ukraine,hometownregister.com,17
ukraine,joplinglobe.com,17
ukraine,lakegenevanews.net,17
ukraine,mexicostar.com,17
ukraine,newstalkzb.co.nz,17
ukraine,oann.com,17
ukraine,pmnewsnigeria.com,17
ukraine,thehill.com,17
ukraine,tribstar.com,17
ukraine,warringtonguardian.co.uk,17
ukraine,wifc.com,17
ukraine,x1071.com,17
venezuela,1360kktx.iheart.com,17
venezuela,abovethelaw.com,17
venezuela,animenewsnetwork.com,17
venezuela,beijingbulletin.com,17
venezuela,boxden.com,17
venezuela,burytimes.co.uk,17
venezuela,etfdailynews.com,17
venezuela,forextv.com,17
venezuela,helenair.com,17
venezuela,hopestandard.com,17
venezuela,huffpost.com,17
venezuela,indiankanoon.org,17
venezuela,kake.com,17
venezuela,kiro7.com,17
venezuela,kissfm969.com,17
venezuela,krnb.com,17
venezuela,ksdk.com,17
venezuela,ky3.com,17
venezuela,latimes.com,17
venezuela,mix999fm.iheart.com,17
venezuela,news9.com,17
venezuela,newsweek.com,17
venezuela,ocregister.com,17
venezuela,odt.co.nz,17
venezuela,oleantimesherald.com,17
venezuela,popcrush.com,17
venezuela,republikein.com.na,17
venezuela,seneweb.com,17
venezuela,us.cnn.com,17
venezuela,westcentralsbest.com,17
venezuela,westernpeople.ie,17
venezuela,wfaa.com,17
venezuela,whittierdailynews.com,17
venezuela,wsbradio.com,17
gaza,americansongwriter.com,16
gaza,arabherald.com,16
gaza,areanews.com.au,16
gaza,cagle.com,16
gaza,cbs58.com,16
gaza,crowdfundinsider.com,16
gaza,dudleynews.co.uk,16
gaza,eastbaytimes.com,16
gaza,elliotlakestandard.ca:443,16
gaza,fingerlakes1.com,16
gaza,fxstreet.com,16
gaza,goulburnpost.com.au,16
gaza,inverelltimes.com.au,16
gaza,itnewsonline.com,16
gaza,kfyr.iheart.com,16
gaza,kisswtlz.com,16
gaza,ktar.com,16
gaza,namibiansun.com,16
gaza,newjerseytelegraph.com,16
gaza,newstalk1230.iheart.com,16
gaza,newsweek.com,16
gaza,nola.com,16
gaza,nsnews.com,16
gaza,perezhilton.com,16
gaza,qctimes.com,16
gaza,reporterherald.com,16
gaza,scmp.com,16
gaza,singletonargus.com.au,16
gaza,smn-news.com,16
gaza,telegraphherald.com,16
gaza,thehardtackle.com,16
gaza,vice.com,16
gaza,whittierdailynews.com,16
gaza,wprl.org,16
gaza,wpxi.com,16
ukraine,accesswdun.com,16
ukraine,beatricedailysun.com,16
ukraine,bleedingcool.com,16
ukraine,bridgwatermercury.co.uk,16
ukraine,crn.com,16
ukraine,csmonitor.com,16
ukraine,fox17online.com,16
ukraine,home.nzcity.co.nz,16
ukraine,hot97.com,16
ukraine,justjaredjr.com,16
ukraine,kut.org,16
ukraine,lacrossetribune.com,16
ukraine,marketscreener.com,16
ukraine,mitchellrepublic.com,16
ukraine,newsweek.com,16
ukraine,oxfordmail.co.uk,16
ukraine,publicradiotulsa.org,16
ukraine,recorder.com,16
ukraine,thetandd.com,16
ukraine,torontotelegraph.com,16
ukraine,tucson.com,16
ukraine,wdrb.com,16
ukraine,whp580.iheart.com,16
ukraine,wmra.org,16
ukraine,wral.com,16
venezuela,americansongwriter.com,16
venezuela,arabherald.com,16
venezuela,areanews.com.au,16
venezuela,begadistrictnews.com.au,16
venezuela,blazersedge.com,16
venezuela,cagle.com,16
venezuela,calgaryherald.com:443,16
venezuela,cbs58.com,16
venezuela,crowdfundinsider.com,16
venezuela,dudleynews.co.uk,16
venezuela,durangoherald.com,16
venezuela,elliotlakestandard.ca:443,16
venezuela,fingerlakes1.com,16
venezuela,fox17online.com,16
venezuela,glasgowtimes.co.uk,16
venezuela,goulburnpost.com.au,16
venezuela,hayspost.com,16
venezuela,independent.ie,16
venezuela,inverelltimes.com.au,16
venezuela,itnewsonline.com,16
venezuela,kdrv.com,16
venezuela,ketr.org,16
venezuela,kfyr.iheart.com,16
venezuela,kisswtlz.com,16
venezuela,ktar.com,16
venezuela,muswellbrookchronicle.com.au,16
venezuela,namibiansun.com,16
venezuela,newjerseytelegraph.com,16
venezuela,nola.com,16
venezuela,novinite.com,16
venezuela,nsnews.com,16
venezuela,oberonreview.com.au,16
venezuela,pembrokeobserver.com,16
venezuela,perezhilton.com,16
venezuela,qcsunonline.com,16
venezuela,qctimes.com,16
venezuela,reporterherald.com,16
venezuela,scmp.com,16
venezuela,singletonargus.com.au,16
venezuela,smn-news.com,16
venezuela,staradvertiser.com,16
venezuela,telegraphherald.com,16
venezuela,thedailystar.net,16
venezuela,thehardtackle.com,16
venezuela,today.com,16
venezuela,vice.com,16
venezuela,wcbi.com,16
venezuela,wprl.org,16
gaza,abbynews.com,15
gaza,abc7chicago.com,15
gaza,abcnews4.com,15
gaza,bendigoadvertiser.com.au,15
gaza,berkshireeagle.com,15
gaza,ealingtimes.co.uk,15
gaza,easternriverinachronicle.com.au,15
gaza,eastidahonews.com,15
gaza,express.co.uk,15
gaza,foxcarolina.com,15
gaza,globalnews.ca,15
gaza,hapblog.com,15
gaza,hindustantimes.com,15
gaza,indaily.com.au,15
gaza,irrigator.com.au,15
gaza,kanw.com,15
gaza,kesq.com,15
gaza,ktiv.com,15
gaza,ktvb.com,15
gaza,ktvo.com,15
gaza,kuaf.com,15
gaza,kvoa.com,15
gaza,latimes.com,15
gaza,mix929.com,15
gaza,nvi.com.au,15
gaza,postregister.com,15
gaza,presstv.ir,15
gaza,publicradiotulsa.org,15
gaza,stawelltimes.com.au,15
gaza,stourbridgenews.co.uk,15
gaza,theglobeandmail.com,15
gaza,theoaklandpress.com,15
gaza,tricitynews.com,15
gaza,tucsonsentinel.com,15
gaza,wandtv.com,15
gaza,wdsu.com,15
gaza,whyn.iheart.com,15
gaza,wmra.org,15
ukraine,961srs.iheart.com,15
ukraine,animenewsnetwork.com,15
ukraine,bearingarms.com,15
ukraine,bicesteradvertiser.net,15
ukraine,ccenterdispatch.com,15
ukraine,cnsnews.com,15
ukraine,gazettenet.com,15
ukraine,herald-review.com,15
ukraine,heraldseries.co.uk,15
ukraine,leighjournal.co.uk,15
ukraine,macrobusiness.com.au,15
ukraine,menafn.com,15
ukraine,naturalgasintel.com,15
ukraine,newhot997.com,15
ukraine,oskaloosa.com,15
ukraine,pressandjournal.co.uk,15
ukraine,punchng.com,15
ukraine,sfchronicle.com,15
ukraine,thegamenashville.com,15
ukraine,whyn.iheart.com,15
ukraine,ypradio.org,15
venezuela,1015theriver.iheart.com,15
venezuela,1280wnam.com,15
venezuela,963theblaze.com,15
venezuela,abbynews.com,15
venezuela,abc7chicago.com,15
venezuela,abcnews4.com,15
venezuela,aninews.in,15
venezuela,bendigoadvertiser.com.au,15
venezuela,berkshireeagle.com,15
venezuela,breitbart.com,15
venezuela,cnalifestyle.channelnewsasia.com,15
venezuela,coincommunity.com,15
venezuela,dakotanewsnow.com,15
venezuela,digitaltrends.com,15
venezuela,earthquakenewstoday.com,15
venezuela,easternriverinachronicle.com.au,15
venezuela,eastidahonews.com,15
venezuela,eveningnews24.co.uk,15
venezuela,express.co.uk,15
venezuela,fox10phoenix.com,15
venezuela,fox7austin.com,15
venezuela,foxcarolina.com,15
venezuela,foxwilmington.com,15
venezuela,hapblog.com,15
venezuela,indaily.com.au,15
venezuela,investing.com,15
venezuela,jpost.com,15
venezuela,kanw.com,15
venezuela,kesq.com,15
venezuela,ktiv.com,15
venezuela,ktvb.com,15
venezuela,ktvo.com,15
venezuela,kuaf.com,15
venezuela,kvoa.com,15
venezuela,maritime-executive.com,15
venezuela,mix929.com,15
venezuela,northern-times.co.uk,15
venezuela,nvi.com.au,15
venezuela,ok.co.uk,15
venezuela,postregister.com,15
venezuela,presstv.ir,15
venezuela,publicradiotulsa.org,15
venezuela,theglobeandmail.com,15
venezuela,theoaklandpress.com,15
venezuela,tucsonsentinel.com,15
venezuela,wach.com,15
venezuela,wandtv.com,15
venezuela,wdsu.com,15
venezuela,whyn.iheart.com,15
venezuela,wkms.org,15
gaza,1027kord.com,14
gaza,720thevoice.iheart.com,14
gaza,abc3340.com,14
gaza,azertag.az,14
gaza,benzinga.com,14
gaza,braidwoodtimes.com.au,14
gaza,burytimes.co.uk,14
gaza,catholicworldreport.com,14
gaza,cbs4local.com,14
gaza,dailydot.com,14
gaza,dailyfreeman.com,14
gaza,europe.chinadaily.com.cn,14
gaza,finanznachrichten.de,14
gaza,guardian-series.co.uk,14
gaza,hickoryrecord.com,14
gaza,infowars.com,14
gaza,japan.cnet.com,14
gaza,justjared.com,14
gaza,kokomoperspective.com,14
gaza,krem.com,14
gaza,lockportjournal.com,14
gaza,manchesterjournal.com,14
gaza,marinij.com,14
gaza,mediaite.com,14
gaza,morningsun.net,14
gaza,myiowainfo.com,14
gaza,mymotherlode.com,14
gaza,patheos.com,14
gaza,queenslandcountrylife.com.au,14
gaza,stalbansreview.co.uk,14
gaza,stratfordbeaconherald.com:443,14
gaza,sunlive.co.nz,14
gaza,sunny1053.iheart.com,14
gaza,theboltonnews.co.uk,14
gaza,theborneopost.com,14
gaza,thefreepress.ca,14
gaza,usa.chinadaily.com.cn,14
gaza,uspolitics.einnews.com,14
gaza,wcjmthebull.iheart.com,14
gaza,wcyb.com,14
gaza,weau.com,14
gaza,wfnc640am.com,14
gaza,whqr.org,14
gaza,wwnytv.com,14
gaza,ypradio.org,14
gaza,z94.com,14
ukraine,archinect.com,14
ukraine,bbc.com,14
ukraine,bordertelegraph.com,14
ukraine,dunfermlinepress.com,14
ukraine,fool.com,14
ukraine,forexlive.com,14
ukraine,fox5atlanta.com,14
ukraine,healio.com,14
ukraine,journalnow.com,14
ukraine,kdhnews.com,14
ukraine,komu.com,14
ukraine,nbcmiami.com,14
ukraine,record-eagle.com,14
ukraine,theguardian.com,14
ukraine,willistonherald.com,14
ukraine,wjimam.com,14
ukraine,wlfi.com,14
venezuela,720thevoice.iheart.com,14
venezuela,abc3340.com,14
venezuela,azertag.az,14
venezuela,baltimoresun.com,14
venezuela,bloodhorse.com,14
venezuela,braidwoodtimes.com.au,14
venezuela,catholicworldreport.com,14
venezuela,cbs4local.com,14
venezuela,cloverdalereporter.com,14
venezuela,dailydot.com,14
venezuela,dailyfreeman.com,14
venezuela,edmontonexaminer.com:443,14
venezuela,europe.chinadaily.com.cn,14
venezuela,eveshamjournal.co.uk,14
venezuela,foxsanantonio.com,14
venezuela,globenewswire.com,14
venezuela,guardian-series.co.uk,14
venezuela,hickoryrecord.com,14
venezuela,infowars.com,14
venezuela,japan.cnet.com,14
venezuela,kokomoperspective.com,14
venezuela,krem.com,14
venezuela,lockportjournal.com,14
venezuela,manchesterjournal.com,14
venezuela,marinij.com,14
venezuela,myiowainfo.com,14
venezuela,mymotherlode.com,14
venezuela,newspressnow.com,14
venezuela,omaha.com,14
venezuela,queenslandcountrylife.com.au,14
venezuela,recorderonline.com,14
venezuela,redlandcitybulletin.com.au,14
venezuela,ricochet.com,14
venezuela,sfchronicle.com,14
venezuela,stalbansreview.co.uk,14
venezuela,stcatharinesstandard.ca,14
venezuela,stratfordbeaconherald.com:443,14
venezuela,sunlive.co.nz,14
venezuela,sunny1053.iheart.com,14
venezuela,theboltonnews.co.uk,14
venezuela,theborneopost.com,14
venezuela,thefreepress.ca,14
venezuela,themorningsun.com,14
venezuela,usa.chinadaily.com.cn,14
venezuela,uspolitics.einnews.com,14
venezuela,wccfradio.iheart.com,14
venezuela,wcjmthebull.iheart.com,14
venezuela,wcyb.com,14
venezuela,weau.com,14
venezuela,wfnc640am.com,14
venezuela,whqr.org,14
venezuela,wtsp.com,14
venezuela,wwnytv.com,14
venezuela,z94.com,14
gaza,1290wlby.com,13
gaza,animenewsnetwork.com,13
gaza,bangkokpost.com,13
gaza,blazersedge.com,13
gaza,calgaryherald.com:443,13
gaza,chronicle.co.zw,13
gaza,cincinnatisun.com,13
gaza,countyweeklynews.ca:443,13
gaza,dailycal.org,13
gaza,djournal.com,13
gaza,english.aawsat.com,13
gaza,ew.com,13
gaza,fox6now.com,13
gaza,gazetteseries.co.uk,13
gaza,geo.tv,13
gaza,hayspost.com,13
gaza,indiagazette.com,13
gaza,japantoday.com,13
gaza,kachwanya.com,13
gaza,kamloopsthisweek.com,13
gaza,kcby.com,13
gaza,kmxs.com,13
gaza,knoe.com,13
gaza,ksmu.org,13
gaza,ksnt.com,13
gaza,kurv.com,13
gaza,newsinfo.inquirer.net,13
gaza,newsshopper.co.uk,13
gaza,novinite.com,13
gaza,omaha.com,13
gaza,pagesix.com,13
gaza,penarthtimes.co.uk,13
gaza,phonearena.com,13
gaza,popcrush.com,13
gaza,recorder.com,13
gaza,seapowermagazine.org,13
gaza,slashfilm.com,13
gaza,stockandland.com.au,13
gaza,straitstimes.com,13
gaza,syrianobserver.com,13
gaza,taiwansun.com,13
gaza,thecatfm.iheart.com,13
gaza,themorningsun.com,13
gaza,wcbe.org,13
gaza,wfmj.com,13
gaza,whmi.com,13
gaza,witneygazette.co.uk,13
gaza,wizard106.iheart.com,13
gaza,wkzo.com,13
ukraine,1049theedge.com,13
ukraine,1057thehawk.com,13
ukraine,abcnews.go.com,13
ukraine,channel4.com,13
ukraine,digitaljournal.com,13
ukraine,economist.com,13
ukraine,forbes.com,13
ukraine,freepressseries.co.uk,13
ukraine,go955.com,13
ukraine,hulldailymail.co.uk,13
ukraine,irishtimes.com,13
ukraine,jacksonprogress-argus.com,13
ukraine,kwbu.org,13
ukraine,maldonandburnhamstandard.co.uk,13
ukraine,marketwatch.com,13
ukraine,middletownpress.com,13
ukraine,milfordmercury.co.uk,13
ukraine,mirror.co.uk,13
ukraine,mynspr.org,13
ukraine,news.com.au,13
ukraine,newsradio910wltp.iheart.com,13
ukraine,northwaleschronicle.co.uk,13
ukraine,panow.com,13
ukraine,wacotrib.com,13
ukraine,wbaltv.com,13
ukraine,wboc.com,13
ukraine,wdsu.com,13
ukraine,wesa.fm,13
ukraine,wiltshiretimes.co.uk,13
ukraine,wiscnews.com,13
ukraine,wmeq.iheart.com,13
ukraine,wsau.com,13
ukraine,yeovilexpress.co.uk,13
venezuela,1071kissfm.iheart.com,13
venezuela,953thebear.com,13
venezuela,carbon-pulse.com,13
venezuela,chronicle.co.zw,13
venezuela,cincinnatisun.com,13
venezuela,citynews.com.au,13
venezuela,clearwatertimes.com,13
venezuela,community.scoop.co.nz,13
venezuela,communitynewspapers.com,13
venezuela,dailycal.org,13
venezuela,djournal.com,13
venezuela,english.aawsat.com,13
venezuela,ew.com,13
venezuela,fandompost.com,13
venezuela,fbherald.com,13
venezuela,fox6now.com,13
venezuela,gazetteseries.co.uk,13
venezuela,geo.tv,13
venezuela,homelandsecuritynewswire.com,13
venezuela,indiagazette.com,13
venezuela,japantoday.com,13
venezuela,kachwanya.com,13
venezuela,kamloopsthisweek.com,13
venezuela,kcby.com,13
venezuela,kmxs.com,13
venezuela,knoe.com,13
venezuela,ksnt.com,13
venezuela,kurv.com,13
venezuela,lex18.com,13
venezuela,lfpress.com,13
venezuela,newsinfo.inquirer.net,13
venezuela,newsshopper.co.uk,13
venezuela,pagesix.com,13
venezuela,patriotla.iheart.com,13
venezuela,penarthtimes.co.uk,13
venezuela,phonearena.com,13
venezuela,proactiveinvestors.com,13
venezuela,recorder.com,13
venezuela,reliefweb.int,13
venezuela,reviewjournal.com,13
venezuela,seapowermagazine.org,13
venezuela,startribune.com,13
venezuela,stockandland.com.au,13
venezuela,straitstimes.com,13
venezuela,surreycomet.co.uk,13
venezuela,syrianobserver.com,13
venezuela,taiwansun.com,13
venezuela,thecatfm.iheart.com,13
venezuela,uproxx.com,13
venezuela,waaytv.com,13
venezuela,wcbe.org,13
venezuela,wccftech.com,13
venezuela,wfmj.com,13
venezuela,whmi.com,13
venezuela,witneygazette.co.uk,13
venezuela,wizard106.iheart.com,13
venezuela,wkzo.com,13
venezuela,woc1420.iheart.com,13
gaza,1045theteam.com,12
gaza,1071kissfm.iheart.com,12
gaza,1280wnam.com,12
gaza,13wham.com,12
gaza,650keni.iheart.com,12
gaza,915thebeat.com,12
gaza,971zht.iheart.com,12
gaza,caledoniacourier.com,12
gaza,carbon-pulse.com,12
gaza,cnycentral.com,12
gaza,dailynews.com,12
gaza,dakotanewsnow.com,12
gaza,femalefirst.co.uk,12
gaza,financialexpress.com,12
gaza,forexlive.com,12
gaza,fox13now.com,12
gaza,fox5dc.com,12
gaza,fox7austin.com,12
gaza,glasgowtimes.co.uk,12
gaza,globenewswire.com,12
gaza,halsteadgazette.co.uk,12
gaza,hawaiipublicradio.org,12
gaza,hendersondispatch.com,12
gaza,heraldseries.co.uk,12
gaza,independent.ie,12
gaza,infotel.ca,12
gaza,itbusinessnet.com,12
gaza,itemlive.com,12
gaza,kfgo.com,12
gaza,kiss983.iheart.com,12
gaza,kxel.com,12
gaza,leinsterexpress.ie,12
gaza,liverpoolecho.co.uk,12
gaza,manningrivertimes.com.au,12
gaza,markets.businessinsider.com,12
gaza,mooseradio.com,12
gaza,movieweb.com,12
gaza,mykiss951.iheart.com,12
gaza,mymoinfo.com,12
gaza,mysuncoast.com,12
gaza,nbcconnecticut.com,12
gaza,panow.com,12
gaza,parisstaronline.com:443,12
gaza,popularmechanics.com,12
gaza,pressherald.com,12
gaza,q102.iheart.com,12
gaza,q1041.iheart.com,12
gaza,sandiegouniontribune.com,12
gaza,santamariatimes.com,12
gaza,sarniathisweek.com:443,12
gaza,scoop.co.nz,12
gaza,scotsman.com,12
gaza,stalbertgazette.com,12
gaza,staradvertiser.com,12
gaza,startribune.com,12
gaza,stcatharinesstandard.ca,12
gaza,surreycomet.co.uk,12
gaza,thailand-business-news.com,12
gaza,thedailybeast.com,12
gaza,thedailystar.net,12
gaza,theeagleonline.com.ng,12
gaza,theobserver.ca:443,12
gaza,thewestmorlandgazette.co.uk,12
gaza,tribune.com.pk,12
gaza,wbaa.org,12
gaza,wcyy.com,12
gaza,wescfm.iheart.com,12
gaza,whatech.com,12
gaza,whsv.com,12
gaza,wiltsglosstandard.co.uk,12
gaza,yasstribune.com.au,12
gaza,z1077.iheart.com,12
ukraine,963kklz.com,12
ukraine,awfulannouncing.com,12
ukraine,azbigmedia.com,12
ukraine,azdailysun.com,12
ukraine,barryanddistrictnews.co.uk,12
ukraine,coastalradio.ca,12
ukraine,comicbook.com,12
ukraine,ephotozine.com,12
ukraine,idahopress.com,12
ukraine,investing.com,12
ukraine,king5.com,12
ukraine,kpvi.com,12
ukraine,ledburyreporter.co.uk,12
ukraine,messengernewspapers.co.uk,12
ukraine,monstersandcritics.com,12
ukraine,news.prairiepublic.org,12
ukraine,nwemail.co.uk,12
ukraine,qctimes.com,12
ukraine,stuff.co.nz,12
ukraine,telegraph.co.uk,12
ukraine,thetottenhamindependent.co.uk,12
ukraine,thewrap.com,12
ukraine,wallstreet-online.de,12
ukraine,watfordobserver.co.uk,12
ukraine,wisn.com,12
ukraine,wmanfm.iheart.com,12
ukraine,woodradio.iheart.com,12
ukraine,wsfcam.iheart.com,12
venezuela,1045theteam.com,12
venezuela,650keni.iheart.com,12
venezuela,915thebeat.com,12
venezuela,971zht.iheart.com,12
venezuela,9news.com.au,12
venezuela,caledoniacourier.com,12
venezuela,canoncitydailyrecord.com,12
venezuela,chinadaily.com.cn,12
venezuela,cnycentral.com,12
venezuela,dailynews.com,12
venezuela,financialexpress.com,12
venezuela,fox13now.com,12
venezuela,fox5dc.com,12
venezuela,fun107.com,12
venezuela,halsteadgazette.co.uk,12
venezuela,hawaiipublicradio.org,12
venezuela,hendersondispatch.com,12
venezuela,heraldseries.co.uk,12
venezuela,infotel.ca,12
venezuela,itbusinessnet.com,12
venezuela,itemlive.com,12
venezuela,jamaica-gleaner.com,12
venezuela,kfgo.com,12
venezuela,kiss983.iheart.com,12
venezuela,kxlh.com,12
venezuela,leinsterexpress.ie,12
venezuela,liverpoolecho.co.uk,12
venezuela,lowellsun.com,12
venezuela,manningrivertimes.com.au,12
venezuela,markets.businessinsider.com,12
venezuela,mix1065.iheart.com,12
venezuela,mix931fm.com,12
venezuela,monstersandcritics.com,12
venezuela,mooseradio.com,12
venezuela,mykiss951.iheart.com,12
venezuela,mymoinfo.com,12
venezuela,mysuncoast.com,12
venezuela,nbcconnecticut.com,12
venezuela,newkerala.com,12
venezuela,panow.com,12
venezuela,parisstaronline.com:443,12
venezuela,popularmechanics.com,12
venezuela,pressherald.com,12
venezuela,q102.iheart.com,12
venezuela,q1041.iheart.com,12
venezuela,register-herald.com,12
venezuela,richmondregister.com,12
venezuela,santamariatimes.com,12
venezuela,sarniathisweek.com:443,12
venezuela,scoop.co.nz,12
venezuela,scotsman.com,12
venezuela,sott.net,12
venezuela,stalbertgazette.com,12
venezuela,starbeacon.com,12
venezuela,tbnewswatch.com,12
venezuela,thailand-business-news.com,12
venezuela,thedailybeast.com,12
venezuela,theobserver.ca:443,12
venezuela,thewestmorlandgazette.co.uk,12
venezuela,tribune.com.pk,12
venezuela,utv44.com,12
venezuela,wbaa.org,12
venezuela,wbsm.com,12
venezuela,wcyy.com,12
venezuela,wenxuecity.com,12
venezuela,wescfm.iheart.com,12
venezuela,westernmassnews.com,12
venezuela,whatech.com,12
venezuela,whsv.com,12
venezuela,wiltsglosstandard.co.uk,12
venezuela,wishtv.com,12
venezuela,wjactv.com,12
venezuela,wrvo.org,12
venezuela,z1077.iheart.com,12
gaza,12newsnow.com,11
gaza,3aw.com.au,11
gaza,590kqnt.iheart.com,11
gaza,963kissfm.iheart.com,11
gaza,africa.chinadaily.com.cn,11
gaza,amren.com,11
gaza,biometricupdate.com,11
gaza,breitbart.com,11
gaza,broomfieldenterprise.com,11
gaza,catcountry1073.com,11
gaza,chinadaily.com.cn,11
gaza,cincyjungle.com,11
gaza,clearwatertimes.com,11
gaza,cointelegraph.com,11
gaza,communitynewspapergroup.com,11
gaza,e-know.ca,11
gaza,eham.net,11
gaza,ftw.usatoday.com,11
gaza,hepburnadvocate.com.au,11
gaza,hiawathaworldonline.com,11
gaza,hollywoodreporter.com,11
gaza,hot967fm.com,11
gaza,hypebeast.com,11
gaza,infiniteunknown.net,11
gaza,insurancenewsnet.com,11
gaza,isthmus.com,11
gaza,jamaica-gleaner.com,11
gaza,kake.com,11
gaza,kfbk.iheart.com,11
gaza,kmjnow.com,11
gaza,kmvt.com,11
gaza,koamnewsnow.com,11
gaza,kosu.org,11
gaza,krocnews.com,11
gaza,ktul.com,11
gaza,kulr8.com,11
gaza,latintimes.com,11
gaza,lexology.com,11
gaza,mynbc5.com,11
gaza,nbr.co.nz,11
gaza,news.webindia123.com,11
gaza,news3lv.com,11
gaza,norfolkandtillsonburgnews.com,11
gaza,northcountrynow.com,11
gaza,onmilwaukee.com,11
gaza,phoenixherald.com,11
gaza,pittsburghstar.com,11
gaza,proactiveinvestors.com,11
gaza,republic-online.com,11
gaza,reuters.com,11
gaza,richmondregister.com,11
gaza,riotimesonline.com,11
gaza,santacruzsentinel.com,11
gaza,siliconangle.com,11
gaza,starherald.com,11
gaza,sun-sentinel.com,11
gaza,theprogress.com,11
gaza,times-series.co.uk,11
gaza,timminspress.com:443,11
gaza,vicnews.com,11
gaza,wdrb.com,11
gaza,wild955.iheart.com,11
gaza,wirralglobe.co.uk,11
gaza,wktv.com,11
gaza,wmanfm.iheart.com,11
gaza,woodradio.iheart.com,11
gaza,wrwdcountry.iheart.com,11
gaza,wsj.com,11
gaza,yankton.net,11
ukraine,1051thewolf.iheart.com,11
ukraine,2gb.com,11
ukraine,aol.com,11
ukraine,berkshireeagle.com,11
ukraine,cambridge-news.co.uk,11
ukraine,capeandislands.org,11
ukraine,capradio.org,11
ukraine,dailyvoice.com,11
ukraine,digitalspy.com,11
ukraine,farmersjournal.ie,11
ukraine,froggyweb.com,11
ukraine,gcaptain.com,11
ukraine,gobankingrates.com,11
ukraine,goodhousekeeping.com,11
ukraine,healthleadersmedia.com,11
ukraine,hendersondispatch.com,11
ukraine,hot1047.com,11
ukraine,indianweekender.co.nz,11
ukraine,kaaltv.com,11
ukraine,kc101.iheart.com,11
ukraine,kesq.com,11
ukraine,khou.com,11
ukraine,ksdk.com,11
ukraine,lancasteronline.com,11
ukraine,livejournal.com,11
ukraine,markets.businessinsider.com,11
ukraine,montreal.ctvnews.ca,11
ukraine,mymixfm.com,11
ukraine,nbcchicago.com,11
ukraine,nbcphiladelphia.com,11
ukraine,plenglish.com,11
ukraine,postregister.com,11
ukraine,publicradioeast.org,11
ukraine,rosslandtelegraph.com,11
ukraine,star941fm.iheart.com,11
ukraine,thedenverchannel.com,11
ukraine,theriver1059.iheart.com,11
ukraine,theusnews.com,11
ukraine,titansradio.com,11
ukraine,tivysideadvertiser.co.uk,11
ukraine,twitchy.com,11
ukraine,unionrecorder.com,11
ukraine,us105fm.com,11
ukraine,walesonline.co.uk,11
ukraine,washtimesherald.com,11
ukraine,wimbledonguardian.co.uk,11
ukraine,wiod.iheart.com,11
ukraine,wobm.com,11
ukraine,wwnc.iheart.com,11
ukraine,wyht.iheart.com,11
ukraine,yourlocalguardian.co.uk,11
venezuela,12newsnow.com,11
venezuela,3aw.com.au,11
venezuela,590kqnt.iheart.com,11
venezuela,963kissfm.iheart.com,11
venezuela,africa.chinadaily.com.cn,11
venezuela,amren.com,11
venezuela,bigfrog104.com,11
venezuela,biometricupdate.com,11
venezuela,bournemouthecho.co.uk,11
venezuela,broadwayworld.com,11
venezuela,broomfieldenterprise.com,11
venezuela,catcountry1073.com,11
venezuela,cincyjungle.com,11
venezuela,coindesk.com,11
venezuela,cointelegraph.com,11
venezuela,communitynewspapergroup.com,11
venezuela,dallas.culturemap.com,11
venezuela,e-know.ca,11
venezuela,edmontonjournal.com:443,11
venezuela,eham.net,11
venezuela,firstcoastnews.com,11
venezuela,ftw.usatoday.com,11
venezuela,gothamist.com,11
venezuela,hepburnadvocate.com.au,11
venezuela,hiawathaworldonline.com,11
venezuela,hiphopwired.com,11
venezuela,hot967fm.com,11
venezuela,hypebeast.com,11
venezuela,infiniteunknown.net,11
venezuela,insurancenewsnet.com,11
venezuela,isthmus.com,11
venezuela,kfbk.iheart.com,11
venezuela,kmjnow.com,11
venezuela,kmvt.com,11
venezuela,koamnewsnow.com,11
venezuela,kosu.org,11
venezuela,krmg.com,11
venezuela,krocnews.com,11
venezuela,ktul.com,11
venezuela,kulr8.com,11
venezuela,lankaweb.com,11
venezuela,latintimes.com,11
venezuela,lexology.com,11
venezuela,m.baidu.com,11
venezuela,marshallnews.com,11
venezuela,mynbc5.com,11
venezuela,navhindtimes.in,11
venezuela,nbr.co.nz,11
venezuela,news.webindia123.com,11
venezuela,news3lv.com,11
venezuela,northcountrynow.com,11
venezuela,onmilwaukee.com,11
venezuela,phoenixherald.com,11
venezuela,pittsburghstar.com,11
venezuela,republic-online.com,11
venezuela,reuters.com,11
venezuela,riotimesonline.com,11
venezuela,santacruzsentinel.com,11
venezuela,siliconangle.com,11
venezuela,snl24.com,11
venezuela,spokanepublicradio.org,11
venezuela,starherald.com,11
venezuela,sun-sentinel.com,11
venezuela,theage.com.au,11
venezuela,thepost.on.ca:443,11
venezuela,theprogress.com,11
venezuela,times-series.co.uk,11
venezuela,timminspress.com:443,11
venezuela,toronto.ctvnews.ca,11
venezuela,tsn.ca,11
venezuela,upr.org,11
venezuela,vicnews.com,11
venezuela,wdrb.com,11
venezuela,whas11.com,11
venezuela,wild955.iheart.com,11
venezuela,wirralglobe.co.uk,11
venezuela,wjno.iheart.com,11
venezuela,wktv.com,11
venezuela,wmanfm.iheart.com,11
venezuela,wmeq.iheart.com,11
venezuela,woodradio.iheart.com,11
venezuela,wrwdcountry.iheart.com,11
venezuela,wsfa.com,11
venezuela,wsj.com,11
venezuela,yankton.net,11
gaza,1015theriver.iheart.com,10
gaza,979kissfm.iheart.com,10
gaza,alabamawx.com,10
gaza,am1300thezone.iheart.com,10
gaza,auckland.scoop.co.nz,10
gaza,bakersfield.com,10
gaza,bloomberg.com,10
gaza,bordermail.com.au,10
gaza,brazilsun.com,10
gaza,broadwayworld.com,10
gaza,cartermatt.com,10
gaza,cinemablend.com,10
gaza,coindesk.com,10
gaza,columbian.com,10
gaza,comingsoon.net,10
gaza,community.scoop.co.nz,10
gaza,courthousenews.com,10
gaza,dailykos.com,10
gaza,eagletribune.com,10
gaza,eveshamjournal.co.uk,10
gaza,ewrestlingnews.com,10
gaza,falmouthpacket.co.uk,10
gaza,fox34.com,10
gaza,halesowennews.co.uk,10
gaza,helenair.com,10
gaza,independenttribune.com,10
gaza,interest.co.nz,10
gaza,kait8.com,10
gaza,kdhlradio.com,10
gaza,ketr.org,10
gaza,kjct8.com,10
gaza,kmbc.com,10
gaza,krmsradio.com,10
gaza,kwit.org,10
gaza,maritime-executive.com,10
gaza,natlawreview.com,10
gaza,nbcrightnow.com,10
gaza,newkerala.com,10
gaza,news8000.com,10
gaza,news9.com,10
gaza,newsandtribune.com,10
gaza,pressandguide.com,10
gaza,proactiveinvestors.com.au,10
gaza,radio.foxnews.com,10
gaza,richmond.com,10
gaza,ricochet.com,10
gaza,signalscv.com,10
gaza,sunny102fm.iheart.com,10
gaza,thebeatatx.iheart.com,10
gaza,thebulltulsa.com,10
gaza,thechronicle-online.com:443,10
gaza,theday.com,10
gaza,trib.com,10
gaza,us1035.iheart.com,10
gaza,voanews.com,10
gaza,vulture.com,10
gaza,washtimesherald.com,10
gaza,wellingtontimes.com.au,10
gaza,westerlynews.ca,10
gaza,wharfedaleobserver.co.uk,10
gaza,whky.com,10
gaza,wild104.iheart.com,10
gaza,wistv.com,10
gaza,wjla.com,10
gaza,wmur.com,10
gaza,wndu.com,10
gaza,wobm.com,10
gaza,wpbf.com,10
gaza,wrdw.com,10
gaza,wspd.iheart.com,10
gaza,wvasfm.org,10
gaza,wwmt.com,10
gaza,wxii12.com,10
gaza,y105fm.com,10
gaza,y94.com,10
gaza,youngwitness.com.au,10
ukraine,5newsonline.com,10
ukraine,937theriver.iheart.com,10
ukraine,advisor.ca,10
ukraine,azerbaijannews.net,10
ukraine,baltimorestar.com,10
ukraine,blufftontoday.com,10
ukraine,brownwoodnews.com,10
ukraine,bucyrustelegraphforum.com,10
ukraine,businessinsider.com,10
ukraine,christianpost.com:443,10
ukraine,dailyrecord.co.uk,10
ukraine,firstcoastnews.com,10
ukraine,foxbusiness.com,10
ukraine,gazetteandherald.co.uk,10
ukraine,halesowennews.co.uk,10
ukraine,hudsonvalley360.com,10
ukraine,investors.com,10
ukraine,ivpressonline.com,10
ukraine,magic96.iheart.com,10
ukraine,modernghana.com,10
ukraine,nairaland.com,10
ukraine,news-gazette.com,10
ukraine,news.softpedia.com,10
ukraine,noozhawk.com,10
ukraine,nwitimes.com,10
ukraine,postbulletin.com,10
ukraine,scmagazine.com,10
ukraine,snopes.com,10
ukraine,sojo1049.com,10
ukraine,straitstimes.com,10
ukraine,theadvocate.com,10
ukraine,theage.com.au,10
ukraine,thenorthernecho.co.uk,10
ukraine,thisdaylive.com,10
ukraine,usatoday.com,10
ukraine,wbbjtv.com,10
ukraine,wbir.com,10
ukraine,wbiw.com,10
ukraine,wbsm.com,10
ukraine,westcentralsbest.com,10
ukraine,whqr.org,10
ukraine,wishtv.com,10
ukraine,wlwt.com,10
ukraine,wrno.iheart.com,10
ukraine,wxerfm.com,10
ukraine,zerohedge.com,10
venezuela,55krc.iheart.com,10
venezuela,600kcol.iheart.com,10
venezuela,969therock.com,10
venezuela,979kissfm.iheart.com,10
venezuela,98rockme.iheart.com,10
venezuela,abc11.com,10
venezuela,aero-news.net,10
venezuela,alabamawx.com,10
venezuela,am1300thezone.iheart.com,10
venezuela,auckland.scoop.co.nz,10
venezuela,bakersfield.com,10
venezuela,banana1015.com,10
venezuela,bigcountry995.com,10
venezuela,bloomberg.com,10
venezuela,bordermail.com.au,10
venezuela,brazilsun.com,10
venezuela,buffalonews.com,10
venezuela,cartermatt.com,10
venezuela,chardandilminsternews.co.uk,10
venezuela,chicagotribune.com,10
venezuela,chronline.com,10
venezuela,cinemablend.com,10
venezuela,columbian.com,10
venezuela,comingsoon.net,10
venezuela,ctvnews.ca,10
venezuela,dailygazette.com,10
venezuela,delcotimes.com,10
venezuela,denverpost.com,10
venezuela,devdiscourse.com,10
venezuela,drbicuspid.com,10
venezuela,eagletribune.com,10
venezuela,easy93.com,10
venezuela,everything2.com:443,10
venezuela,ewrestlingnews.com,10
venezuela,falmouthpacket.co.uk,10
venezuela,fool.com,10
venezuela,fox34.com,10
venezuela,foxreno.com,10
venezuela,greatbendpost.com,10
venezuela,guernseypress.com,10
venezuela,halesowennews.co.uk,10
venezuela,independenttribune.com,10
venezuela,interest.co.nz,10
venezuela,kait8.com,10
venezuela,kdhlradio.com,10
venezuela,kfoxtv.com,10
venezuela,kjct8.com,10
venezuela,kmbc.com,10
venezuela,krmsradio.com,10
venezuela,kten.com,10
venezuela,kwit.org,10
venezuela,kyma.com,10
venezuela,leinsterleader.ie,10
venezuela,natlawreview.com,10
venezuela,nbcbayarea.com,10
venezuela,nbcrightnow.com,10
venezuela,news8000.com,10
venezuela,newsandtribune.com,10
venezuela,pressandguide.com,10
venezuela,proactiveinvestors.com.au,10
venezuela,radio.foxnews.com,10
venezuela,richmond.com,10
venezuela,rock937online.com,10
venezuela,sunny102fm.iheart.com,10
venezuela,thebeatatx.iheart.com,10
venezuela,thebulltulsa.com,10
venezuela,thechronicle-online.com:443,10
venezuela,theday.com,10
venezuela,thepeoplesperson.com,10
venezuela,theverge.com,10
venezuela,tmz.com,10
venezuela,trib.com,10
venezuela,turnto10.com,10
venezuela,us1035.iheart.com,10
venezuela,voanews.com,10
venezuela,vulture.com,10
venezuela,washtimesherald.com,10
venezuela,wctrib.com,10
venezuela,wellingtontimes.com.au,10
venezuela,wfls.com,10
venezuela,wharfedaleobserver.co.uk,10
venezuela,whky.com,10
venezuela,wild104.iheart.com,10
venezuela,wirx.com,10
venezuela,wistv.com,10
venezuela,wjla.com,10
venezuela,wmur.com,10
venezuela,wndu.com,10
venezuela,wobm.com,10
venezuela,wpbf.com,10
venezuela,wrdw.com,10
venezuela,wspd.iheart.com,10
venezuela,wtag.iheart.com,10
venezuela,wvasfm.org,10
venezuela,wwaytv3.com,10
venezuela,wxii12.com,10
venezuela,y105fm.com,10
venezuela,y94.com,10
venezuela,youngwitness.com.au,10
venezuela,yumasun.com,10
gaza,1011now.com,9
gaza,1027thewolf.iheart.com,9
gaza,4029tv.com,9
gaza,937now.iheart.com,9
gaza,969thekat.iheart.com,9
gaza,98rocks.fm,9
gaza,abc7amarillo.com,9
gaza,amny.com,9
gaza,andoveradvertiser.co.uk,9
gaza,androidcentral.com,9
gaza,banana1015.com,9
gaza,buffalonews.com,9
gaza,camdencourier.com.au,9
gaza,cfnrfm.ca,9
gaza,chipchick.com,9
gaza,citynews.com.au,9
gaza,clickondetroit.com,9
gaza,ctvnews.ca,9
gaza,darlingtonandstocktontimes.co.uk,9
gaza,denverpost.com,9
gaza,dungogchronicle.com.au,9
gaza,eveningnews24.co.uk,9
gaza,fox23.com,9
gaza,fox29.com,9
gaza,gothamist.com,9
gaza,guampdn.com,9
gaza,hartfordcitynewstimes.com,9
gaza,heraldgoa.in,9
gaza,hertsad.co.uk,9
gaza,hitscarolina.iheart.com,9
gaza,interior-news.com,9
gaza,jamaicaobserver.com,9
gaza,japanherald.com,9
gaza,jewishpress.com,9
gaza,katsfm.com,9
gaza,katv.com,9
gaza,kcci.com,9
gaza,kctv5.com,9
gaza,kentonline.co.uk,9
gaza,kgns.tv,9
gaza,kiss1023.iheart.com,9
gaza,kiss1027fm.iheart.com,9
gaza,kiss1067.iheart.com,9
gaza,kkiq.com,9
gaza,klake.com,9
gaza,kmov.com,9
gaza,ksbw.com,9
gaza,kykr.iheart.com,9
gaza,kzbb.iheart.com,9
gaza,laosnews.net,9
gaza,leinsterleader.ie,9
gaza,london.ctvnews.ca,9
gaza,metro.co.uk,9
gaza,missoulian.com,9
gaza,moddb.com,9
gaza,morningstar.com,9
gaza,my995fm.iheart.com,9
gaza,myanmarnews.net,9
gaza,mykxlg.com,9
gaza,napaneeguide.com:443,9
gaza,nbcsandiego.com,9
gaza,news4sanantonio.com,9
gaza,newsindiatimes.com,9
gaza,newstalkzb.co.nz,9
gaza,oakdaleleader.com,9
gaza,pharmacytimes.com,9
gaza,politicalwire.com,9
gaza,realitytvworld.com,9
gaza,rttnews.com,9
gaza,slashgear.com,9
gaza,smh.com.au,9
gaza,snl24.com,9
gaza,star967.net,9
gaza,starlocalmedia.com,9
gaza,stlouisstar.com,9
gaza,summitdaily.com,9
gaza,theartsdesk.com,9
gaza,theaustralian.com.au,9
gaza,theroot.com,9
gaza,thesource.com,9
gaza,thesubtimes.com,9
gaza,thisdaylive.com:443,9
gaza,timescall.com,9
gaza,toronto.ctvnews.ca,9
gaza,tucson.com,9
gaza,usanetwork.com,9
gaza,vernonmorningstar.com,9
gaza,waco100.iheart.com,9
gaza,wchstv.com,9
gaza,whdh.com,9
gaza,wjbt.iheart.com,9
gaza,worldboxingnews.net,9
gaza,wsbt.com,9
gaza,wtol.com,9
gaza,wvik.org,9
gaza,wvnews.com,9
gaza,wvtm13.com,9
gaza,yorknewstimes.com,9
gaza,z100missoula.com,9
ukraine,1440wgig.iheart.com,9
ukraine,700wlw.iheart.com,9
ukraine,9news.com,9
ukraine,b93radio.com,9
ukraine,chronicleonline.com,9
ukraine,ctvnews.ca,9
ukraine,dagblog.com,9
ukraine,darlingtonandstocktontimes.co.uk,9
ukraine,democratherald.com,9
ukraine,endocrinologyadvisor.com,9
ukraine,espn.com,9
ukraine,fool.com.au,9
ukraine,fox10phoenix.com,9
ukraine,funkytaurusmedia.com,9
ukraine,godanriver.com,9
ukraine,hngnews.com,9
ukraine,insideedition.com,9
ukraine,investordaily.com.au,9
ukraine,kare11.com,9
ukraine,klif.com,9
ukraine,kmaj1440.com,9
ukraine,koat.com,9
ukraine,kpfa.org,9
ukraine,manchesterjournal.com,9
ukraine,montgomeryadvertiser.com,9
ukraine,mycountry955.com,9
ukraine,nationnews.com,9
ukraine,nbcrightnow.com,9
ukraine,ncadvertiser.com,9
ukraine,newsradiowkcy.iheart.com,9
ukraine,nintendolife.com,9
ukraine,northcountrynow.com,9
ukraine,paulickreport.com,9
ukraine,pentictonherald.ca,9
ukraine,pollstar.com,9
ukraine,reformer.com,9
ukraine,rnz.co.nz,9
ukraine,sherbrookerecord.com,9
ukraine,smh.com.au,9
ukraine,surreycomet.co.uk,9
ukraine,techtimes.com,9
ukraine,the-messenger.com,9
ukraine,waaytv.com,9
ukraine,wbex.iheart.com,9
ukraine,wftw.com,9
ukraine,wicz.com,9
ukraine,wltx.com,9
ukraine,woai.iheart.com,9
ukraine,wtbx.com,9
ukraine,wtkr.com,9
ukraine,wxii12.com,9
venezuela,1011now.com,9
venezuela,1027thewolf.iheart.com,9
venezuela,107mus.iheart.com,9
venezuela,4029tv.com,9
venezuela,937now.iheart.com,9
venezuela,969thekat.iheart.com,9
venezuela,98rocks.fm,9
venezuela,abc7amarillo.com,9
venezuela,ajc.com,9
venezuela,amny.com,9
venezuela,andoveradvertiser.co.uk,9
venezuela,androidcentral.com,9
venezuela,barrons.com,9
venezuela,boingboing.net,9
venezuela,camdencourier.com.au,9
venezuela,cfnrfm.ca,9
venezuela,chicago.suntimes.com,9
venezuela,chipchick.com,9
venezuela,clickondetroit.com,9
venezuela,darlingtonandstocktontimes.co.uk,9
venezuela,defensenews.com,9
venezuela,dungogchronicle.com.au,9
venezuela,fox23.com,9
venezuela,fox29.com,9
venezuela,foxla.com,9
venezuela,funkytaurusmedia.com,9
venezuela,guampdn.com,9
venezuela,hartfordcitynewstimes.com,9
venezuela,heraldgoa.in,9
venezuela,hertsad.co.uk,9
venezuela,hits973.com,9
venezuela,hitscarolina.iheart.com,9
venezuela,innovationtoronto.com,9
venezuela,japanherald.com,9
venezuela,jewishpress.com,9
venezuela,katsfm.com,9
venezuela,katv.com,9
venezuela,kcci.com,9
venezuela,kctv5.com,9
venezuela,kentonline.co.uk,9
venezuela,kgns.tv,9
venezuela,kiss1023.iheart.com,9
venezuela,kiss1027fm.iheart.com,9
venezuela,kiss1067.iheart.com,9
venezuela,kkiq.com,9
venezuela,klake.com,9
venezuela,kmov.com,9
venezuela,ksbw.com,9
venezuela,kykr.iheart.com,9
venezuela,kzbb.iheart.com,9
venezuela,laosnews.net,9
venezuela,london.ctvnews.ca,9
venezuela,metro.co.uk,9
venezuela,midutahradio.com,9
venezuela,missoulian.com,9
venezuela,moddb.com,9
venezuela,my995fm.iheart.com,9
venezuela,myanmarnews.net,9
venezuela,mykxlg.com,9
venezuela,napaneeguide.com:443,9
venezuela,nbcsandiego.com,9
venezuela,news4sanantonio.com,9
venezuela,newsindiatimes.com,9
venezuela,newstalkzb.co.nz,9
venezuela,npr.org,9
venezuela,oakdaleleader.com,9
venezuela,pharmacytimes.com,9
venezuela,politicalwire.com,9
venezuela,realitytvworld.com,9
venezuela,reporter.net,9
venezuela,richmondandtwickenhamtimes.co.uk,9
venezuela,rttnews.com,9
venezuela,slashgear.com,9
venezuela,smdailyjournal.com,9
venezuela,smh.com.au,9
venezuela,standardmedia.co.ke,9
venezuela,star967.net,9
venezuela,starlocalmedia.com,9
venezuela,stlouisstar.com,9
venezuela,stockjournal.com.au,9
venezuela,summitdaily.com,9
venezuela,sunny985.iheart.com,9
venezuela,theartsdesk.com,9
venezuela,theaustralian.com.au,9
venezuela,theroot.com,9
venezuela,thesource.com,9
venezuela,thesubtimes.com,9
venezuela,thisdaylive.com:443,9
venezuela,timescall.com,9
venezuela,ttbook.org,9
venezuela,tucson.com,9
venezuela,tvnewscheck.com,9
venezuela,usanetwork.com,9
venezuela,vernonmorningstar.com,9
venezuela,victorharbortimes.com.au,9
venezuela,waco100.iheart.com,9
venezuela,wchstv.com,9
venezuela,whdh.com,9
venezuela,wibc.com,9
venezuela,wjbt.iheart.com,9
venezuela,wltx.com,9
venezuela,worldboxingnews.net,9
venezuela,wrestlezone.com,9
venezuela,wsbt.com,9
venezuela,wtol.com,9
venezuela,wuky.org,9
venezuela,wvik.org,9
venezuela,wvnews.com,9
venezuela,wvtm13.com,9
venezuela,ynetnews.com,9
venezuela,yorknewstimes.com,9
venezuela,z100missoula.com,9
gaza,1045thecat.iheart.com,8
gaza,41nbc.com,8
gaza,941thebeat.iheart.com,8
gaza,953thescore.com,8
gaza,9news.com.au,8
gaza,adn.com,8
gaza,alaskasnewssource.com,8
gaza,arabnews.com,8
gaza,araratadvertiser.com.au,8
gaza,atholdailynews.com,8
gaza,bandt.com.au,8
gaza,barrons.com,8
gaza,basingstokegazette.co.uk,8
gaza,bismarcksmix.iheart.com,8
gaza,bloodhorse.com,8
gaza,bozemandailychronicle.com,8
gaza,brantfordexpositor.ca:443,8
gaza,brisbanetimes.com.au,8
gaza,campusreform.org,8
gaza,canowindranews.com.au,8
gaza,cebudailynews.inquirer.net,8
gaza,cfox.com,8
gaza,channelstv.com,8
gaza,chesterstandard.co.uk,8
gaza,chicago.suntimes.com,8
gaza,classichits1390.iheart.com,8
gaza,cnalifestyle.channelnewsasia.com,8
gaza,cnn.com,8
gaza,courant.com,8
gaza,cubaheadlines.com,8
gaza,dallas.culturemap.com,8
gaza,devdiscourse.com,8
gaza,energy953.com,8
gaza,enfieldindependent.co.uk,8
gaza,eonline.com,8
gaza,exploreseiowa.com,8
gaza,farmweekly.com.au,8
gaza,fool.com,8
gaza,fortmorgantimes.com,8
gaza,foxbaltimore.com,8
gaza,foxwilmington.com,8
gaza,funkytaurusmedia.com,8
gaza,gazetteherald.co.uk,8
gaza,geographicus.com,8
gaza,hits961.iheart.com,8
gaza,hltv.org,8
gaza,hometownregister.com,8
gaza,journalrecord.com,8
gaza,journalstar.com,8
gaza,ketv.com,8
gaza,klaq.com,8
gaza,kolotv.com,8
gaza,kptv.com,8
gaza,kristv.com,8
gaza,ktxs.com,8
gaza,kyma.com,8
gaza,live955.com,8
gaza,lowellsun.com,8
gaza,m.baidu.com,8
gaza,madrock1025.com,8
gaza,makeuseof.com,8
gaza,mexicostar.com,8
gaza,mix1065.iheart.com,8
gaza,mix957.net,8
gaza,mix969.iheart.com,8
gaza,mlive.com,8
gaza,msnbc.com,8
gaza,myb106.com,8
gaza,myjoyonline.com,8
gaza,nbc-2.com,8
gaza,newsradiowkcy.iheart.com,8
gaza,nova.ie,8
gaza,nyasatimes.com,8
gaza,odnako.org,8
gaza,oleantimesherald.com,8
gaza,pembinavalleyonline.com,8
gaza,politicsweb.co.za,8
gaza,rapidcityjournal.com,8
gaza,republicanherald.com,8
gaza,reviewjournal.com,8
gaza,romesentinel.com,8
gaza,scnow.com,8
gaza,semissourian.com,8
gaza,sheknows.com,8
gaza,silive.com,8
gaza,southwalesguardian.co.uk,8
gaza,speedwaymedia.com,8
gaza,sunny985.iheart.com,8
gaza,swimswam.com,8
gaza,syracuse.com,8
gaza,techradar.com,8
gaza,tenterfieldstar.com.au,8
gaza,thenational.scot,8
gaza,thepeninsulaqatar.com,8
gaza,thepeoplesperson.com,8
gaza,thesalemnewsonline.com,8
gaza,thisisoxfordshire.co.uk,8
gaza,today.com,8
gaza,toronto.citynews.ca,8
gaza,trussvilletribune.com,8
gaza,usnews.com,8
gaza,victorharbortimes.com.au,8
gaza,waaytv.com,8
gaza,wcbi.com,8
gaza,winnipegsun.com,8
gaza,wixx.com,8
gaza,wjbq.com,8
gaza,wkms.org,8
gaza,wnaw.com,8
gaza,wnmufm.org,8
gaza,wokq.com,8
gaza,worldtribune.com,8
gaza,wrif.com,8
gaza,wsmv.com,8
gaza,wthr.com,8
gaza,wttf.com,8
gaza,y1025.iheart.com,8
gaza,yourfortdodge.com,8
ukraine,1029now.iheart.com,8
ukraine,973thebullicons.iheart.com,8
ukraine,995theriver.iheart.com,8
ukraine,aei.org,8
ukraine,afr.com,8
ukraine,algemeiner.com,8
ukraine,areawidenews.com,8
ukraine,beloitdailynews.com,8
ukraine,big955chicago.iheart.com,8
ukraine,bigcountry969.com,8
ukraine,bozemandailychronicle.com,8
ukraine,chicago.suntimes.com,8
ukraine,classicrock961.com,8
ukraine,clintonherald.com,8
ukraine,cnn.com,8
ukraine,crn.com.au,8
ukraine,deseret.com,8
ukraine,dispatch.com,8
ukraine,dl-online.com,8
ukraine,english.news.cn,8
ukraine,haitisun.com,8
ukraine,huffpost.com,8
ukraine,insidethegames.biz,8
ukraine,kacu.org,8
ukraine,kelofm.com,8
ukraine,kixcountry929.iheart.com,8
ukraine,koel.com,8
ukraine,kvoa.com,8
ukraine,kzyx.org,8
ukraine,lawofficer.com,8
ukraine,lightreading.com,8
ukraine,localmemphis.com,8
ukraine,mcalesternews.com,8
ukraine,mix929.com,8
ukraine,naija247news.com,8
ukraine,napavalleyregister.com,8
ukraine,nepalnational.com,8
ukraine,newburyportnews.com,8
ukraine,newyorkstatesman.com,8
ukraine,parade.com,8
ukraine,peacefmonline.com,8
ukraine,radio.wpsu.org,8
ukraine,readingchronicle.co.uk,8
ukraine,romseyadvertiser.co.uk,8
ukraine,ross-shirejournal.co.uk,8
ukraine,saharareporters.com,8
ukraine,scnow.com,8
ukraine,sheridanmedia.com,8
ukraine,sidneydailynews.com,8
ukraine,smdailyjournal.com,8
ukraine,sowetanlive.co.za,8
ukraine,sunny999fm.iheart.com,8
ukraine,swindonadvertiser.co.uk,8
ukraine,taiwansun.com,8
ukraine,therealdeal.com,8
ukraine,thewesterlysun.com,8
ukraine,timesunion.com,8
ukraine,twincitiesnewstalk.iheart.com,8
ukraine,updatesnews.com,8
ukraine,valdostadailytimes.com,8
ukraine,virginislandsnewsonline.com,8
ukraine,washingtontimes.com,8
ukraine,wau.org,8
ukraine,wiltsglosstandard.co.uk,8
ukraine,wpsdlocal6.com,8
ukraine,wqad.com,8
ukraine,wtam.iheart.com,8
ukraine,z94.com,8
venezuela,1045thecat.iheart.com,8
venezuela,41nbc.com,8
venezuela,710keel.com,8
venezuela,941thebeat.iheart.com,8
venezuela,953thescore.com,8
venezuela,98kupd.com,8
venezuela,adn.com,8
venezuela,alaskasnewssource.com,8
venezuela,americanbanker.com,8
venezuela,arabnews.com,8
venezuela,arabtimesonline.com,8
venezuela,araratadvertiser.com.au,8
venezuela,atholdailynews.com,8
venezuela,bandt.com.au,8
venezuela,basingstokegazette.co.uk,8
venezuela,bismarcksmix.iheart.com,8
venezuela,bozemandailychronicle.com,8
venezuela,brandonsun.com,8
venezuela,brantfordexpositor.ca:443,8
venezuela,brisbanetimes.com.au,8
venezuela,businessinsider.com,8
venezuela,campusreform.org,8
venezuela,canowindranews.com.au,8
venezuela,cebudailynews.inquirer.net,8
venezuela,cfox.com,8
venezuela,channelstv.com,8
venezuela,chesterstandard.co.uk,8
venezuela,classichits1390.iheart.com,8
venezuela,cnn.com,8
venezuela,countypress.co.uk,8
venezuela,courant.com,8
venezuela,cubaheadlines.com,8
venezuela,denbighshirefreepress.co.uk,8
venezuela,dualshockers.com,8
venezuela,energy953.com,8
venezuela,enfieldindependent.co.uk,8
venezuela,eonline.com,8
venezuela,exploreseiowa.com,8
venezuela,farmweekly.com.au,8
venezuela,financialpost.com,8
venezuela,fortmorgantimes.com,8
venezuela,fox13news.com,8
venezuela,foxbaltimore.com,8
venezuela,foxrochester.com,8
venezuela,gananoquereporter.com:443,8
venezuela,gazetteherald.co.uk,8
venezuela,gdnonline.com:443,8
venezuela,geographicus.com,8
venezuela,glamour.com,8
venezuela,goshennews.com,8
venezuela,govinfosecurity.com,8
venezuela,hiphopdx.com,8
venezuela,hits961.iheart.com,8
venezuela,hltv.org,8
venezuela,hometownregister.com,8
venezuela,journalrecord.com,8
venezuela,journalstar.com,8
venezuela,kaok.com,8
venezuela,ketv.com,8
venezuela,kitchener.ctvnews.ca,8
venezuela,klaq.com,8
venezuela,kpel965.com,8
venezuela,kplctv.com,8
venezuela,kptv.com,8
venezuela,kristv.com,8
venezuela,ktxs.com,8
venezuela,kxrb.com,8
venezuela,literock959.com,8
venezuela,live955.com,8
venezuela,local21news.com,8
venezuela,local3news.com,8
venezuela,madrock1025.com,8
venezuela,majic959.iheart.com,8
venezuela,makeuseof.com,8
venezuela,manilatimes.net,8
venezuela,mercurynews.com,8
venezuela,mexicostar.com,8
venezuela,mix957.net,8
venezuela,mix969.iheart.com,8
venezuela,mixgulfcoast.iheart.com,8
venezuela,montereyherald.com,8
venezuela,msnbc.com,8
venezuela,myb106.com,8
venezuela,myjoyonline.com,8
venezuela,mykisscountry937.com,8
venezuela,nbc-2.com,8
venezuela,newsradiowkcy.iheart.com,8
venezuela,nigerianeye.com,8
venezuela,nova.ie,8
venezuela,nyasatimes.com,8
venezuela,odnako.org,8
venezuela,opinionnigeria.com,8
venezuela,pembinavalleyonline.com,8
venezuela,politicsweb.co.za,8
venezuela,q1043.iheart.com,8
venezuela,rapidcityjournal.com,8
venezuela,republicanherald.com,8
venezuela,romesentinel.com,8
venezuela,scnow.com,8
venezuela,semissourian.com,8
venezuela,sheknows.com,8
venezuela,silive.com,8
venezuela,simcoe.com,8
venezuela,singaporestar.com,8
venezuela,southwalesguardian.co.uk,8
venezuela,speedwaymedia.com,8
venezuela,stratford-herald.com,8
venezuela,stripes.com,8
venezuela,swimswam.com,8
venezuela,techradar.com,8
venezuela,tenterfieldstar.com.au,8
venezuela,the-messenger.com,8
venezuela,thenational.scot,8
venezuela,thepeninsulaqatar.com,8
venezuela,thesalemnewsonline.com,8
venezuela,thesangaiexpress.com,8
venezuela,thisisoxfordshire.co.uk,8
venezuela,toronto.citynews.ca,8
venezuela,trussvilletribune.com,8
venezuela,usnews.com,8
venezuela,warringtonguardian.co.uk,8
venezuela,winnipegsun.com,8
venezuela,wixx.com,8
venezuela,wjbo.iheart.com,8
venezuela,wjbq.com,8
venezuela,wjfw.com,8
venezuela,wlap.iheart.com,8
venezuela,wlsam.com,8
venezuela,wnaw.com,8
venezuela,wnmufm.org,8
venezuela,wokq.com,8
venezuela,world.kbs.co.kr,8
venezuela,worldtribune.com,8
venezuela,wrif.com,8
venezuela,wsmv.com,8
venezuela,wthr.com,8
venezuela,wttf.com,8
venezuela,y1025.iheart.com,8
venezuela,yourfortdodge.com,8
gaza,1049thebeat.com,7
gaza,1057thebull.iheart.com,7
gaza,1061thebullyoungstown.iheart.com,7
gaza,5newsonline.com,7
gaza,921wrou.com,7
gaza,960weli.iheart.com,7
gaza,975now.com,7
gaza,981kvet.iheart.com,7
gaza,981thehawk.com,7
gaza,98kupd.com,7
gaza,acainternational.org,7
gaza,alice955.iheart.com,7
gaza,artnews.com,7
gaza,asia.nikkei.com,7
gaza,autoweek.com,7
gaza,b93.iheart.com,7
gaza,barryanddistrictnews.co.uk,7
gaza,beckersasc.com,7
gaza,begadistrictnews.com.au,7
gaza,big1047.iheart.com,7
gaza,big979.iheart.com,7
gaza,bob949.iheart.com,7
gaza,bracknellnews.co.uk,7
gaza,brazilbusiness.einnews.com,7
gaza,burnhamandhighbridgeweeklynews.co.uk,7
gaza,businessinsider.com,7
gaza,cbs2iowa.com,7
gaza,celebdirtylaundry.com,7
gaza,chardandilminsternews.co.uk,7
gaza,cleveland19.com,7
gaza,clickorlando.com,7
gaza,cool102.iheart.com,7
gaza,cool987fm.com,7
gaza,countytimes.co.uk,7
gaza,dailyvoice.com,7
gaza,dairyherd.com,7
gaza,dandenong.starcommunity.com.au,7
gaza,delcotimes.com,7
gaza,dublincity.ie,7
gaza,duke.fm,7
gaza,echo-news.co.uk,7
gaza,elpasoinc.com,7
gaza,elwakt.com,7
gaza,elystandard.co.uk,7
gaza,en.apa.az,7
gaza,eppingforestguardian.co.uk,7
gaza,europesun.com,7
gaza,everything2.com:443,7
gaza,fool.com.au,7
gaza,fox13memphis.com,7
gaza,fox9.com,7
gaza,foxy99.com,7
gaza,gdnonline.com:443,7
gaza,hackneygazette.co.uk,7
gaza,investopedia.com,7
gaza,itemonline.com,7
gaza,johnogroat-journal.co.uk,7
gaza,journal-advocate.com,7
gaza,jpost.com,7
gaza,k103.iheart.com,7
gaza,kdks.fm,7
gaza,keighleynews.co.uk,7
gaza,kezj.com,7
gaza,kicks99.com,7
gaza,kiss957.iheart.com,7
gaza,kkrq.iheart.com,7
gaza,kkyx.com,7
gaza,kpbs.org,7
gaza,kpcw.org,7
gaza,krmg.com,7
gaza,krwg.org,7
gaza,ktop1490.com,7
gaza,kuow.org,7
gaza,kxlf.com,7
gaza,lbc.co.uk,7
gaza,lifenews.com,7
gaza,localmemphis.com,7
gaza,lonestar995fm.com,7
gaza,metroweekly.com,7
gaza,mix931fm.com,7
gaza,mix941kmxj.com,7
gaza,mix989.iheart.com,7
gaza,mixgulfcoast.iheart.com,7
gaza,mixx993.com,7
gaza,montanarightnow.com,7
gaza,my1035.com,7
gaza,mysouth1061.iheart.com,7
gaza,newcountry1039fm.iheart.com,7
gaza,news-star.com,7
gaza,newsday.com,7
gaza,nigeriasun.com,7
gaza,northislandgazette.com,7
gaza,northwalespioneer.co.uk,7
gaza,northwestmoinfo.com,7
gaza,npr.org,7
gaza,nynganobserver.com.au,7
gaza,nytimes.com,7
gaza,offalyexpress.ie,7
gaza,paherald.sk.ca,7
gaza,patriotla.iheart.com,7
gaza,politico.com,7
gaza,polkio.com,7
gaza,premiumtimesng.com,7
gaza,qvc.com,7
gaza,raisingzona.com,7
gaza,recorderonline.com,7
gaza,rsn.net.au,7
gaza,saultthisweek.com:443,7
gaza,seekingalpha.com,7
gaza,silverandblackpride.com,7
gaza,sookenewsmirror.com,7
gaza,spectator.co.uk,7
gaza,standardmedia.co.ke,7
gaza,sundaymail.co.zw,7
gaza,sunny1063.com,7
gaza,techxplore.com,7
gaza,the42.ie,7
gaza,theathletic.com,7
gaza,thenorthernecho.co.uk,7
gaza,thepinetree.net,7
gaza,therightscoop.com,7
gaza,thewrap.com,7
gaza,tigernet.com,7
gaza,timesofisrael.com,7
gaza,tmz.com,7
gaza,triblive.com,7
gaza,tsn.ca,7
gaza,tvovermind.com,7
gaza,uproxx.com,7
gaza,valleynewslive.com,7
gaza,wect.com,7
gaza,westmichiganstar.iheart.com,7
gaza,wfsb.com,7
gaza,wgni.com,7
gaza,wibqam.com,7
gaza,wlox.com,7
gaza,wmmbam.iheart.com,7
gaza,wutc.org,7
gaza,xtra99.com,7
gaza,yourdemocracy.net,7
ukraine,1013kissfm.iheart.com,7
ukraine,1049bobfm.iheart.com,7
ukraine,600wmtradio.iheart.com,7
ukraine,937thebull.iheart.com,7
ukraine,963starcountry.iheart.com,7
ukraine,benningtonbanner.com,7
ukraine,bizjournals.com,7
ukraine,cagle.com,7
ukraine,columbiamissourian.com,7
ukraine,dailyunion.com,7
ukraine,ecuadortimes.net,7
ukraine,f4wonline.com,7
ukraine,fox29.com,7
ukraine,foxy99.com,7
ukraine,fxstreet.com,7
ukraine,hiawathaworldonline.com,7
ukraine,kake.com,7
ukraine,kingstonthisweek.com,7
ukraine,kksa-am.com,7
ukraine,kmjnow.com,7
ukraine,kuna.net.kw,7
ukraine,kxic.iheart.com,7
ukraine,kyuk.org,7
ukraine,latimes.com,7
ukraine,lawyersweekly.com.au,7
ukraine,my957.com,7
ukraine,newdelhitimes.com,7
ukraine,newsbug.info,7
ukraine,newsday.com,7
ukraine,newsradio1170.iheart.com,7
ukraine,newstalk1280.com,7
ukraine,northkoreatimes.com,7
ukraine,npr.org,7
ukraine,power98fm.com,7
ukraine,powertalk1360.iheart.com,7
ukraine,progress-index.com,7
ukraine,prokerala.com,7
ukraine,pullmanradio.com,7
ukraine,railpage.com.au,7
ukraine,sandiegouniontribune.com,7
ukraine,snntv.com,7
ukraine,starherald.com,7
ukraine,starlocalmedia.com,7
ukraine,swnewsmedia.com,7
ukraine,thearabdailynews.com,7
ukraine,theindependent.com,7
ukraine,theunion.com,7
ukraine,theverge.com,7
ukraine,thv11.com,7
ukraine,timminspress.com,7
ukraine,wandtv.com,7
ukraine,winnipegsun.com,7
ukraine,wlky.com,7
ukraine,wlrn.org,7
ukraine,wmtw.com,7
ukraine,wncw.org,7
ukraine,wtag.iheart.com,7
ukraine,wtol.com,7
ukraine,wvtf.org,7
ukraine,wxpr.org,7
ukraine,y105fm.com,7
venezuela,1049thebeat.com,7
venezuela,1057thebull.iheart.com,7
venezuela,1061thebullyoungstown.iheart.com,7
venezuela,5newsonline.com,7
venezuela,90min.com,7
venezuela,921wrou.com,7
venezuela,960weli.iheart.com,7
venezuela,975now.com,7
venezuela,97x.com,7
venezuela,981kvet.iheart.com,7
venezuela,981thehawk.com,7
venezuela,abc.net.au,7
venezuela,acainternational.org,7
venezuela,alice955.iheart.com,7
venezuela,apr.org,7
venezuela,artnews.com,7
venezuela,asia.nikkei.com,7
venezuela,autoweek.com,7
venezuela,b93.iheart.com,7
venezuela,barryanddistrictnews.co.uk,7
venezuela,bbc.com,7
venezuela,beckersasc.com,7
venezuela,big1047.iheart.com,7
venezuela,big979.iheart.com,7
venezuela,bjpenn.com,7
venezuela,bleacherreport.com,7
venezuela,bob949.iheart.com,7
venezuela,bracknellnews.co.uk,7
venezuela,brazilbusiness.einnews.com,7
venezuela,burnhamandhighbridgeweeklynews.co.uk,7
venezuela,castanetkamloops.net,7
venezuela,cbs2iowa.com,7
venezuela,celebdirtylaundry.com,7
venezuela,cleantechnica.com,7
venezuela,cleveland19.com,7
venezuela,clickorlando.com,7
venezuela,cnaluxury.channelnewsasia.com,7
venezuela,cochranetimespost.ca:443,7
venezuela,cool102.iheart.com,7
venezuela,cool987fm.com,7
venezuela,countytimes.co.uk,7
venezuela,dailyvoice.com,7
venezuela,dairyherd.com,7
venezuela,dandenong.starcommunity.com.au,7
venezuela,dublincity.ie,7
venezuela,duke.fm,7
venezuela,echo-news.co.uk,7
venezuela,elpasoinc.com,7
venezuela,elwakt.com,7
venezuela,elystandard.co.uk,7
venezuela,en.apa.az,7
venezuela,eppingforestguardian.co.uk,7
venezuela,europesun.com,7
venezuela,filmibeat.com,7
venezuela,fool.com.au,7
venezuela,fox13memphis.com,7
venezuela,fox9.com,7
venezuela,foxy99.com,7
venezuela,fremonttribune.com,7
venezuela,hackneygazette.co.uk,7
venezuela,ign.com,7
venezuela,investopedia.com,7
venezuela,irishtimes.com,7
venezuela,itemonline.com,7
venezuela,johnogroat-journal.co.uk,7
venezuela,journal-advocate.com,7
venezuela,k103.iheart.com,7
venezuela,kdks.fm,7
venezuela,keighleynews.co.uk,7
venezuela,kezj.com,7
venezuela,kicks99.com,7
venezuela,kiss957.iheart.com,7
venezuela,kix953.com,7
venezuela,kkrq.iheart.com,7
venezuela,kkyx.com,7
venezuela,kpbs.org,7
venezuela,kpcw.org,7
venezuela,krwg.org,7
venezuela,kuow.org,7
venezuela,kxlf.com,7
venezuela,lbc.co.uk,7
venezuela,lelezard.com,7
venezuela,lifenews.com,7
venezuela,localmemphis.com,7
venezuela,lonestar995fm.com,7
venezuela,macleayargus.com.au,7
venezuela,metroweekly.com,7
venezuela,mix941kmxj.com,7
venezuela,mix989.iheart.com,7
venezuela,mixx993.com,7
venezuela,montanarightnow.com,7
venezuela,my1035.com,7
venezuela,myq1075.com,7
venezuela,mysouth1061.iheart.com,7
venezuela,nbcdfw.com,7
venezuela,newcountry1039fm.iheart.com,7
venezuela,news-star.com,7
venezuela,newsday.com,7
venezuela,nigeriasun.com,7
venezuela,northislandgazette.com,7
venezuela,northwalespioneer.co.uk,7
venezuela,northwestmoinfo.com,7
venezuela,nynganobserver.com.au,7
venezuela,nytimes.com,7
venezuela,offalyexpress.ie,7
venezuela,oregonlive.com,7
venezuela,paherald.sk.ca,7
venezuela,phillytrib.com,7
venezuela,politico.com,7
venezuela,polkio.com,7
venezuela,pressofatlanticcity.com,7
venezuela,progressive-charlestown.com,7
venezuela,qvc.com,7
venezuela,raisingzona.com,7
venezuela,rsn.net.au,7
venezuela,saultthisweek.com:443,7
venezuela,sciencealert.com,7
venezuela,seekingalpha.com,7
venezuela,silverandblackpride.com,7
venezuela,sojo1049.com,7
venezuela,sookenewsmirror.com,7
venezuela,spectator.co.uk,7
venezuela,sundaymail.co.zw,7
venezuela,sunny1063.com,7
venezuela,techxplore.com,7
venezuela,the42.ie,7
venezuela,theathletic.com,7
venezuela,thebeatofthecapital.com,7
venezuela,thenewdaily.com.au,7
venezuela,thenorthernecho.co.uk,7
venezuela,thepinetree.net,7
venezuela,therightscoop.com,7
venezuela,thewrap.com,7
venezuela,tigernet.com,7
venezuela,timesofisrael.com,7
venezuela,triblive.com,7
venezuela,tvovermind.com,7
venezuela,wbng.com,7
venezuela,wect.com,7
venezuela,westmichiganstar.iheart.com,7
venezuela,wfsb.com,7
venezuela,wgni.com,7
venezuela,wibqam.com,7
venezuela,wkbw.com,7
venezuela,wlox.com,7
venezuela,wmmbam.iheart.com,7
venezuela,wsaw.com,7
venezuela,wsslfm.iheart.com,7
venezuela,wutc.org,7
venezuela,xtra99.com,7
venezuela,yorkpress.co.uk,7
venezuela,yourdemocracy.net,7
gaza,1035kissfmboise.com,6
gaza,1057thehawk.com,6
gaza,1069thefox.com,6
gaza,12news.com,6
gaza,1450wkip.iheart.com,6
gaza,90min.com,6
gaza,929tomfm.iheart.com,6
gaza,953thebear.com,6
gaza,961srs.iheart.com,6
gaza,969therock.com,6
gaza,abc11.com,6
gaza,abc15.com,6
gaza,abc7.com,6
gaza,aninews.in,6
gaza,arabtimesonline.com,6
gaza,argentinastar.com,6
gaza,armytimes.com,6
gaza,atlantablackstar.com,6
gaza,bear953.com,6
gaza,behindthesteelcurtain.com,6
gaza,birminghammail.co.uk,6
gaza,bleacherreport.com,6
gaza,bobbybones.iheart.com,6
gaza,boston.com,6
gaza,brandonsun.com,6
gaza,cagesideseats.com,6
gaza,capitalpress.com,6
gaza,castanet.net,6
gaza,charlotteobserver.com,6
gaza,country105.com,6
gaza,dailyheraldtribune.com:443,6
gaza,delawarepublic.org,6
gaza,dundalkdemocrat.ie,6
gaza,fhtimes.com,6
gaza,fm96.com,6
gaza,fox13news.com,6
gaza,fox17online.com,6
gaza,giantbomb.com,6
gaza,gizchina.com,6
gaza,glamour.com,6
gaza,hancinema.net,6
gaza,hanfordsentinel.com,6
gaza,harrowtimes.co.uk,6
gaza,heraldsun.com.au,6
gaza,hits973.com,6
gaza,howtogeek.com,6
gaza,humanevents.com:443,6
gaza,idahostatejournal.com,6
gaza,ign.com,6
gaza,impartialreporter.com,6
gaza,inverness-courier.co.uk,6
gaza,investing.com,6
gaza,jamaicantimes.com,6
gaza,juniorminingnetwork.com,6
gaza,k101fm.net,6
gaza,kbmr.iheart.com,6
gaza,kdux.com,6
gaza,keyw.com,6
gaza,kez999.iheart.com,6
gaza,kfvs12.com,6
gaza,kgmo.com,6
gaza,kgot.iheart.com,6
gaza,khey1380.iheart.com,6
gaza,kiiitv.com,6
gaza,kjzz.org,6
gaza,koolam.com,6
gaza,krny.com,6
gaza,ktbb.com,6
gaza,ktre.com,6
gaza,ktsa.com,6
gaza,kxic.iheart.com,6
gaza,kxly.com,6
gaza,lelezard.com,6
gaza,lex18.com,6
gaza,literock959.com,6
gaza,littleapplepost.com,6
gaza,magic989fm.iheart.com,6
gaza,mdjonline.com,6
gaza,mlb.com,6
gaza,mtdemocrat.com,6
gaza,muscatinejournal.com,6
gaza,muswellbrookchronicle.com.au,6
gaza,mynorthwest.com,6
gaza,napavalleyregister.com,6
gaza,new.irasciblemusings.com,6
gaza,newbusinessethiopia.com,6
gaza,newsbusters.org,6
gaza,newstalk1130.iheart.com,6
gaza,newtelegraphng.com,6
gaza,noozhawk.com,6
gaza,nowtoronto.com,6
gaza,nzcatholic.org.nz,6
gaza,oilprice.com,6
gaza,oregonlive.com,6
gaza,originalfm.com,6
gaza,ottawacitizen.com:443,6
gaza,peacefmonline.com,6
gaza,pennrecord.com,6
gaza,philstar.com,6
gaza,pokernews.com,6
gaza,postandcourier.com,6
gaza,psu.com,6
gaza,q1077.com,6
gaza,radiosunny.iheart.com,6
gaza,real1039fm.iheart.com,6
gaza,reliefweb.int,6
gaza,river105.com,6
gaza,rock937online.com,6
gaza,sanjuanjournal.com,6
gaza,sciencealert.com,6
gaza,sentinelandenterprise.com,6
gaza,simcoe.com,6
gaza,slate.com,6
gaza,solomonstarnews.com,6
gaza,stevivor.com,6
gaza,superherohype.com,6
gaza,syfy.com,6
gaza,techdirt.com,6
gaza,theblaze.com,6
gaza,thegame730am.com,6
gaza,thegamenashville.com,6
gaza,thenationalnews.com,6
gaza,thewhiskeywash.com,6
gaza,timescolonist.com,6
gaza,timesfreepress.com,6
gaza,townandcountrymag.com,6
gaza,trinidadtimes.com,6
gaza,v1011sacramento.iheart.com,6
gaza,wallstreet-online.de,6
gaza,washingtonexaminer.com,6
gaza,waterford-news.ie,6
gaza,wcsx.com,6
gaza,wcvb.com,6
gaza,westernnebraskaobserver.net,6
gaza,wgna.com,6
gaza,whio.com,6
gaza,wjiz.iheart.com,6
gaza,wlip.com,6
gaza,woc1420.iheart.com,6
gaza,wogx.com,6
gaza,world.kbs.co.kr,6
gaza,wsaw.com,6
gaza,wtov9.com,6
gaza,wtvbam.com,6
gaza,wuwm.com,6
gaza,wxow.com,6
gaza,yorkpress.co.uk,6
gaza,z100portland.iheart.com,6
gaza,znsbahamas.com,6
ukraine,1013wnco.iheart.com,6
ukraine,1025thefox.iheart.com,6
ukraine,1041theedge.iheart.com,6
ukraine,1065thebuzz.com,6
ukraine,993thefox.iheart.com,6
ukraine,995qyk.com,6
ukraine,africaleader.com,6
ukraine,alt1073.iheart.com,6
ukraine,americantop40.com,6
ukraine,artfixdaily.com,6
ukraine,arynews.tv,6
ukraine,autosphere.ca,6
ukraine,barrie.ctvnews.ca,6
ukraine,big1059.iheart.com,6
ukraine,brainerddispatch.com,6
ukraine,catholicculture.org,6
ukraine,cbsnews.com,6
ukraine,cmswire.com,6
ukraine,couriernews.com,6
ukraine,dailyindependent.com,6
ukraine,dailypress.com,6
ukraine,dairynewsaustralia.com.au,6
ukraine,dandenong.starcommunity.com.au,6
ukraine,edp24.co.uk,6
ukraine,effinghamradio.com,6
ukraine,enstarz.com,6
ukraine,essence.com,6
ukraine,expressnews.com,6
ukraine,finanznachrichten.de,6
ukraine,forums.appleinsider.com,6
ukraine,getsurrey.co.uk,6
ukraine,glamour.com,6
ukraine,heartfm.ca,6
ukraine,i95rocks.com,6
ukraine,investmentexecutive.com,6
ukraine,iowapublicradio.org,6
ukraine,itwire.com:443,6
ukraine,japantoday.com,6
ukraine,k99country.iheart.com,6
ukraine,kcbx.org,6
ukraine,kclu.org,6
ukraine,kelo.com,6
ukraine,ketr.org,6
ukraine,kiss1067.iheart.com,6
ukraine,klou.iheart.com,6
ukraine,klvi.iheart.com,6
ukraine,kmmsam.com,6
ukraine,kmuw.org,6
ukraine,knau.org,6
ukraine,ksby.com,6
ukraine,ktvz.com,6
ukraine,kvrr.com,6
ukraine,leadertelegram.com,6
ukraine,mailtribune.com,6
ukraine,malaymail.com,6
ukraine,mansfieldnewsjournal.com,6
ukraine,medpagetoday.com,6
ukraine,mycentraloregon.com,6
ukraine,mydailysentinel.com,6
ukraine,mymix945.iheart.com,6
ukraine,nbcnews.com,6
ukraine,news.stlpublicradio.org,6
ukraine,newsdakota.com,6
ukraine,newson6.com,6
ukraine,newsradio710.iheart.com,6
ukraine,newswest9.com,6
ukraine,nigeriasun.com,6
ukraine,njbiz.com,6
ukraine,northernnews.ca,6
ukraine,northwestgeorgianews.com,6
ukraine,orlandosentinel.com,6
ukraine,plymouthherald.co.uk,6
ukraine,politico.com,6
ukraine,power1069fm.com,6
ukraine,power96radio.com,6
ukraine,sen.com.au,6
ukraine,sknvibes.com,6
ukraine,standard-freeholder.com,6
ukraine,thebostonpilot.com,6
ukraine,theconversation.com,6
ukraine,thestarpress.com,6
ukraine,tide1009.com,6
ukraine,tsn.ca,6
ukraine,v100.iheart.com,6
ukraine,veteranstoday.com,6
ukraine,voanews.com,6
ukraine,waateanews.com,6
ukraine,wahoo-ashland-waverly.com,6
ukraine,wbfo.org,6
ukraine,wcyy.com,6
ukraine,wiba.iheart.com,6
ukraine,wibc.com,6
ukraine,wispolitics.com,6
ukraine,wupe.com,6
ukraine,wusfnews.wusf.usf.edu,6
ukraine,wwltv.com,6
ukraine,z103.fm,6
venezuela,1035kissfmboise.com,6
venezuela,1057thehawk.com,6
venezuela,1069thefox.com,6
venezuela,12news.com,6
venezuela,1450wkip.iheart.com,6
venezuela,929tomfm.iheart.com,6
venezuela,961srs.iheart.com,6
venezuela,abc12.com,6
venezuela,abc15.com,6
venezuela,abc7.com,6
venezuela,argentinastar.com,6
venezuela,armytimes.com,6
venezuela,athens-times.com,6
venezuela,atlantablackstar.com,6
venezuela,b1075country.iheart.com,6
venezuela,bear953.com,6
venezuela,behindthesteelcurtain.com,6
venezuela,birminghammail.co.uk,6
venezuela,bobbybones.iheart.com,6
venezuela,boston.com,6
venezuela,cagesideseats.com,6
venezuela,capitalpress.com,6
venezuela,carolinajournal.com,6
venezuela,castanet.net,6
venezuela,charlotteobserver.com,6
venezuela,choteauacantha.com,6
venezuela,clinicaladvisor.com,6
venezuela,cosmeticsandtoiletries.com,6
venezuela,country105.com,6
venezuela,dailyheraldtribune.com:443,6
venezuela,dallasnews.com,6
venezuela,delawarepublic.org,6
venezuela,dglobe.com,6
venezuela,dmnews.com,6
venezuela,dundalkdemocrat.ie,6
venezuela,el-observador.com,6
venezuela,etftrends.com,6
venezuela,fenlandcitizen.co.uk,6
venezuela,fhtimes.com,6
venezuela,fm106.iheart.com,6
venezuela,fm96.com,6
venezuela,fortsaskatchewanrecord.com:443,6
venezuela,foxbusiness.com,6
venezuela,gameranx.com,6
venezuela,giantbomb.com,6
venezuela,gizchina.com,6
venezuela,greekcitytimes.com,6
venezuela,greekreporter.com,6
venezuela,hancinema.net,6
venezuela,hanfordsentinel.com,6
venezuela,herald-zeitung.com,6
venezuela,heraldsun.com.au,6
venezuela,himtimes.com,6
venezuela,howtogeek.com,6
venezuela,humanevents.com:443,6
venezuela,idahostatejournal.com,6
venezuela,impartialreporter.com,6
venezuela,inverness-courier.co.uk,6
venezuela,jamaicantimes.com,6
venezuela,juniorminingnetwork.com,6
venezuela,k101fm.net,6
venezuela,kbmr.iheart.com,6
venezuela,kdux.com,6
venezuela,keyw.com,6
venezuela,kez999.iheart.com,6
venezuela,kfvs12.com,6
venezuela,kgmo.com,6
venezuela,kgot.iheart.com,6
venezuela,khey1380.iheart.com,6
venezuela,kiiitv.com,6
venezuela,kiss108.iheart.com,6
venezuela,kissfmrgv.iheart.com,6
venezuela,kjzz.org,6
venezuela,koolam.com,6
venezuela,krny.com,6
venezuela,ktbb.com,6
venezuela,ktre.com,6
venezuela,ktsa.com,6
venezuela,kxic.iheart.com,6
venezuela,kxly.com,6
venezuela,learningenglish.voanews.com,6
venezuela,lebanondemocrat.com,6
venezuela,legalnewsline.com,6
venezuela,leitrimobserver.ie,6
venezuela,lexch.com,6
venezuela,littleapplepost.com,6
venezuela,magic989fm.iheart.com,6
venezuela,malaymail.com,6
venezuela,marinecorpstimes.com,6
venezuela,marinelink.com,6
venezuela,mdjonline.com,6
venezuela,mix1077.iheart.com,6
venezuela,mlb.com,6
venezuela,modernghana.com,6
venezuela,montreal.ctvnews.ca,6
venezuela,mtdemocrat.com,6
venezuela,muscatinejournal.com,6
venezuela,mynorthwest.com,6
venezuela,napavalleyregister.com,6
venezuela,new.irasciblemusings.com,6
venezuela,newbusinessethiopia.com,6
venezuela,news.sky.com,6
venezuela,newsbusters.org,6
venezuela,newser.com,6
venezuela,newsradio1170.iheart.com,6
venezuela,newstalk1130.iheart.com,6
venezuela,newswise.com,6
venezuela,newtelegraphng.com,6
venezuela,nhl.com,6
venezuela,noozhawk.com,6
venezuela,nowtoronto.com,6
venezuela,nzcatholic.org.nz,6
venezuela,obituaries.starbeacon.com,6
venezuela,oilprice.com,6
venezuela,originalfm.com,6
venezuela,ottawacitizen.com:443,6
venezuela,peacefmonline.com,6
venezuela,pennrecord.com,6
venezuela,philstar.com,6
venezuela,pokernews.com,6
venezuela,portageonline.com,6
venezuela,postandcourier.com,6
venezuela,psu.com,6
venezuela,q1077.com,6
venezuela,q93fm.com,6
venezuela,qconline.com,6
venezuela,radio945fm.iheart.com,6
venezuela,radiosunny.iheart.com,6
venezuela,real1039fm.iheart.com,6
venezuela,rfdtv.com,6
venezuela,river105.com,6
venezuela,rock1067.iheart.com,6
venezuela,rte.ie,6
venezuela,sanjuanjournal.com,6
venezuela,sentinelandenterprise.com,6
venezuela,slate.com,6
venezuela,sleepreviewmag.com,6
venezuela,socialmediatoday.com,6
venezuela,solomonstarnews.com,6
venezuela,speedcafe.com,6
venezuela,stevivor.com,6
venezuela,superherohype.com,6
venezuela,syfy.com,6
venezuela,theblaze.com,6
venezuela,thebrunswicknews.com,6
venezuela,theconversation.com,6
venezuela,thegame730am.com,6
venezuela,thegamenashville.com,6
venezuela,thenationalnews.com,6
venezuela,thewhiskeywash.com,6
venezuela,timescolonist.com,6
venezuela,timesfreepress.com,6
venezuela,timesofsandiego.com,6
venezuela,townandcountrymag.com,6
venezuela,trinidadtimes.com,6
venezuela,upi.com,6
venezuela,us97.iheart.com,6
venezuela,v1011sacramento.iheart.com,6
venezuela,wallstreet-online.de,6
venezuela,washingtonexaminer.com,6
venezuela,waterford-news.ie,6
venezuela,wbckfm.com,6
venezuela,wbt.com,6
venezuela,wcsx.com,6
venezuela,wcvb.com,6
venezuela,wellington.scoop.co.nz,6
venezuela,westernnebraskaobserver.net,6
venezuela,wgna.com,6
venezuela,whio.com,6
venezuela,windsorstar.com:443,6
venezuela,wjiz.iheart.com,6
venezuela,wkqq.iheart.com,6
venezuela,wlip.com,6
venezuela,wogx.com,6
venezuela,wqmf.iheart.com,6
venezuela,wtae.com,6
venezuela,wtoc.com,6
venezuela,wtov9.com,6
venezuela,wtvbam.com,6
venezuela,wuwm.com,6
venezuela,wxow.com,6
venezuela,youralaskalink.com,6
venezuela,z100portland.iheart.com,6
venezuela,znsbahamas.com,6
gaza,101magic.iheart.com,5
gaza,103xonline.iheart.com,5
gaza,1049foxsports.iheart.com,5
gaza,1059thex.iheart.com,5
gaza,1061fmtalk.iheart.com,5
gaza,1063thebear.iheart.com,5
gaza,1077thefox.iheart.com,5
gaza,107jamz.com,5
gaza,107mus.iheart.com,5
gaza,1190kex.iheart.com,5
gaza,1360kktx.iheart.com,5
gaza,1360kmjm.iheart.com,5
gaza,2lt.com.au,5
gaza,55krc.iheart.com,5
gaza,600kcol.iheart.com,5
gaza,600wmtradio.iheart.com,5
gaza,710keel.com,5
gaza,710wor.iheart.com,5
gaza,943wsc.iheart.com,5
gaza,945themoose.com,5
gaza,95rockfm.com,5
gaza,961therocket.iheart.com,5
gaza,969thegame.iheart.com,5
gaza,983thesnake.com,5
gaza,985thecat.iheart.com,5
gaza,987jack.com,5
gaza,98rockme.iheart.com,5
gaza,993thebeat.iheart.com,5
gaza,9news.com,5
gaza,abc.net.au,5
gaza,abc7ny.com,5
gaza,ajc.com,5
gaza,albanyherald.com,5
gaza,americanpress.com,5
gaza,atlantafalcons.com,5
gaza,austinchronicle.com,5
gaza,azfamily.com,5
gaza,b100wobb.iheart.com,5
gaza,b939country.iheart.com,5
gaza,barrie.ctvnews.ca,5
gaza,beach951.com,5
gaza,bmj.com,5
gaza,boingboing.net,5
gaza,briefingwire.com,5
gaza,bruneinews.net,5
gaza,cdapress.com,5
gaza,cfrc.ca,5
gaza,chinaview.cn,5
gaza,chroniclejournal.com,5
gaza,cleantechnica.com,5
gaza,complex.com,5
gaza,dailyherald.com,5
gaza,dailysignal.com,5
gaza,dailytribune.com,5
gaza,digitaljournal.com,5
gaza,discoverestevan.com,5
gaza,dualshockers.com,5
gaza,earthquakenewstoday.com,5
gaza,emmetsburgnews.com,5
gaza,ephotozine.com,5
gaza,evanstonnow.com,5
gaza,fox26houston.com,5
gaza,foxbusiness.com,5
gaza,fun107.com,5
gaza,gameranx.com,5
gaza,global.chinadaily.com.cn,5
gaza,govtech.com,5
gaza,greatbendpost.com,5
gaza,greekreporter.com,5
gaza,guernseypress.com,5
gaza,heraldbulletin.com,5
gaza,hiphopdx.com,5
gaza,homelandsecuritynewswire.com,5
gaza,hot969boston.com,5
gaza,i24news.tv,5
gaza,idahopress.com,5
gaza,investmentexecutive.com,5
gaza,itwire.com,5
gaza,journalgazette.net,5
gaza,k99country.iheart.com,5
gaza,kaok.com,5
gaza,kbco.iheart.com,5
gaza,keyc.com,5
gaza,kfyi.iheart.com,5
gaza,koaa.com,5
gaza,kpel965.com,5
gaza,ktvq.com,5
gaza,kvrr.com,5
gaza,kwbu.org,5
gaza,leighjournal.co.uk,5
gaza,lgbtqnation.com,5
gaza,malaymail.com,5
gaza,mapleridgenews.com,5
gaza,marinecorpstimes.com,5
gaza,marinelink.com,5
gaza,mercurynews.com,5
gaza,miamidolphins.com,5
gaza,mindat.org,5
gaza,miningnews.net,5
gaza,mitchelladvocate.com:443,5
gaza,mmafighting.com,5
gaza,modernghana.com,5
gaza,mtairynews.com,5
gaza,myedmondsnews.com,5
gaza,myk104.com,5
gaza,nbcbayarea.com,5
gaza,newindianexpress.com,5
gaza,news.com.au,5
gaza,news.wfsu.org,5
gaza,news.wgcu.org,5
gaza,newschannel6now.com,5
gaza,newsdzezimbabwe.co.uk,5
gaza,niagarafallsreview.ca,5
gaza,noise11.com,5
gaza,obituaries.mankatofreepress.com,5
gaza,oklahomastar.com,5
gaza,pbs.org,5
gaza,pentictonherald.ca,5
gaza,phandroid.com,5
gaza,phillytrib.com,5
gaza,portsmouth.co.uk,5
gaza,power98fm.com,5
gaza,promptnewsonline.com,5
gaza,q1033.iheart.com,5
gaza,q105fm.iheart.com,5
gaza,rand.org,5
gaza,redstate.com,5
gaza,restaurantnews.com,5
gaza,roscommonherald.ie,5
gaza,samaa.tv,5
gaza,saratogian.com,5
gaza,sdjewishworld.com,5
gaza,shenandoahcountryq102.iheart.com,5
gaza,sheridanmedia.com,5
gaza,sleepreviewmag.com,5
gaza,smdailyjournal.com,5
gaza,southpeacenews.com,5
gaza,star991hawaii.iheart.com,5
gaza,starbeacon.com,5
gaza,starcasm.net,5
gaza,stockjournal.com.au,5
gaza,streetinsider.com,5
gaza,sundayworld.com,5
gaza,swoknews.com,5
gaza,tdtnews.com,5
gaza,theconversation.com,5
gaza,themusic.com.au,5
gaza,thenationonlineng.net,5
gaza,thenews-chronicle.com,5
gaza,therockofrochester.com,5
gaza,thetimesnews.com,5
gaza,theverge.com,5
gaza,tmcnet.com,5
gaza,tnonline.com,5
gaza,topspeed.com,5
gaza,tribune242.com,5
gaza,undertheradarmag.com,5
gaza,upi.com,5
gaza,us97.iheart.com,5
gaza,utne.com,5
gaza,volanteonline.com,5
gaza,wabx.net,5
gaza,waff.com,5
gaza,wbkr.com,5
gaza,wboi.org,5
gaza,wbrc.com,5
gaza,wbur.org,5
gaza,wccq.com,5
gaza,weartv.com,5
gaza,webmd.com,5
gaza,wftw.com,5
gaza,whbl.com,5
gaza,whro.org,5
gaza,wirx.com,5
gaza,wjcw.com,5
gaza,wjfw.com,5
gaza,wksn.com,5
gaza,wlsam.com,5
gaza,wnci.iheart.com,5
gaza,wqmf.iheart.com,5
gaza,wsfa.com,5
gaza,wtag.iheart.com,5
gaza,wunc.org,5
gaza,wyomingnews.com,5
gaza,yumasun.com,5
ukraine,1043theparty.com,5
ukraine,1045theteam.com,5
ukraine,1067theeagle.iheart.com,5
ukraine,106wcod.iheart.com,5
ukraine,10tv.com,5
ukraine,1470wmbd.com,5
ukraine,945wpti.iheart.com,5
ukraine,961kissonline.iheart.com,5
ukraine,997thelake.iheart.com,5
ukraine,advocate.com,5
ukraine,aljazeera.com,5
ukraine,apr.org,5
ukraine,arabnews.com,5
ukraine,arabtimesonline.com,5
ukraine,atlantablackstar.com,5
ukraine,atvtoday.co.uk,5
ukraine,billingsgazette.com,5
ukraine,blabbermouth.net,5
ukraine,campaignbrief.com,5
ukraine,capitalgazette.com,5
ukraine,carrollspaper.com,5
ukraine,channeldayton.iheart.com,5
ukraine,christiantoday.com.au,5
ukraine,ctpost.com,5
ukraine,dailyastorian.com,5
ukraine,dailycitizen.news,5
ukraine,drleonardcoldwell.com,5
ukraine,elle.com,5
ukraine,france24.com,5
ukraine,getreading.co.uk,5
ukraine,globenewswire.com,5
ukraine,harpersbazaar.com,5
ukraine,heralddemocrat.com,5
ukraine,hot967fm.com,5
ukraine,howestreet.com,5
ukraine,independenttribune.com,5
ukraine,indiankanoon.org,5
ukraine,indiatoday.in,5
ukraine,intelligencer.ca,5
ukraine,interfax.com,5
ukraine,it-online.co.za,5
ukraine,jamestownsun.com,5
ukraine,journalgazette.net,5
ukraine,journalrecord.com,5
ukraine,k2radio.com,5
ukraine,kbmr.iheart.com,5
ukraine,kenw.org,5
ukraine,kezj.com,5
ukraine,kickoff.com,5
ukraine,kiwaradio.com,5
ukraine,kniakrls.com,5
ukraine,knixcountry.iheart.com,5
ukraine,knox.villagesoup.com,5
ukraine,knrs.iheart.com,5
ukraine,kool1079.com,5
ukraine,ktvu.com,5
ukraine,kwit.org,5
ukraine,kxrb.com,5
ukraine,madison.com,5
ukraine,magic983.com,5
ukraine,marketbusinessnews.com,5
ukraine,metalunderground.com,5
ukraine,mix973wheeling.iheart.com,5
ukraine,mix977.iheart.com,5
ukraine,ncpa.org,5
ukraine,news.artnet.com,5
ukraine,nrtoday.com,5
ukraine,ohiostandard.com,5
ukraine,oilcity.news,5
ukraine,orlandoweekly.com,5
ukraine,parisguardian.com,5
ukraine,petapixel.com,5
ukraine,phillytrib.com,5
ukraine,police1.com,5
ukraine,postcrescent.com,5
ukraine,premierchristianradio.com,5
ukraine,psychologytoday.com,5
ukraine,purdueexponent.org,5
ukraine,q957.com,5
ukraine,radiousa.com,5
ukraine,real959.iheart.com,5
ukraine,rep-am.com,5
ukraine,reporter-times.com,5
ukraine,rfa.org,5
ukraine,ridgecrestca.com,5
ukraine,rivergrandrapids.com,5
ukraine,rockdalenewtoncitizen.com,5
ukraine,sanantoniopost.com,5
ukraine,science.org,5
ukraine,sfist.com,5
ukraine,sfstation.com,5
ukraine,slate.com,5
ukraine,somerset-kentucky.com,5
ukraine,sputniknews.com,5
ukraine,srilankasource.com,5
ukraine,standardmedia.co.ke,5
ukraine,stltoday.com,5
ukraine,streetinsider.com,5
ukraine,talkradio1059.iheart.com,5
ukraine,talkradio1080.iheart.com,5
ukraine,techcrunch.com,5
ukraine,tennesseedaily.com,5
ukraine,thebig920.iheart.com,5
ukraine,thecourier.co.uk,5
ukraine,thedailybeast.com,5
ukraine,thezimbabwemail.com,5
ukraine,timesgazette.com,5
ukraine,timesreporter.com,5
ukraine,ttrweekly.com,5
ukraine,unmultimedia.org,5
ukraine,vulture.com,5
ukraine,wahpetondailynews.com,5
ukraine,washingtonexaminer.com,5
ukraine,wclk.com,5
ukraine,wcsx.com,5
ukraine,wdrm.iheart.com,5
ukraine,wflafm.iheart.com,5
ukraine,wflapanamacity.iheart.com,5
ukraine,wgci.iheart.com,5
ukraine,wgow.com,5
ukraine,whitecourtstar.com,5
ukraine,whiznews.com,5
ukraine,wild949.iheart.com,5
ukraine,wjbo.iheart.com,5
ukraine,wjfw.com,5
ukraine,worldoil.com,5
ukraine,wrkf.org,5
venezuela,1015hankfm.com,5
venezuela,101magic.iheart.com,5
venezuela,103xonline.iheart.com,5
venezuela,1047kissfm.iheart.com,5
venezuela,1049foxsports.iheart.com,5
venezuela,1059thex.iheart.com,5
venezuela,1061fmtalk.iheart.com,5
venezuela,1063thebear.iheart.com,5
venezuela,1077thefox.iheart.com,5
venezuela,107jamz.com,5
venezuela,1190kex.iheart.com,5
venezuela,1360kmjm.iheart.com,5
venezuela,13wmaz.com,5
venezuela,1430kasi.iheart.com,5
venezuela,2lt.com.au,5
venezuela,600wmtradio.iheart.com,5
venezuela,710wor.iheart.com,5
venezuela,939beat.iheart.com,5
venezuela,943wsc.iheart.com,5
venezuela,945themoose.com,5
venezuela,95rockfm.com,5
venezuela,961therocket.iheart.com,5
venezuela,969thegame.iheart.com,5
venezuela,983thesnake.com,5
venezuela,985thecat.iheart.com,5
venezuela,987jack.com,5
venezuela,993thebeat.iheart.com,5
venezuela,9news.com,5
venezuela,abc13.com,5
venezuela,abc7ny.com,5
venezuela,accountingtoday.com,5
venezuela,agrinews-pubs.com,5
venezuela,albanyherald.com,5
venezuela,americanpress.com,5
venezuela,atlantafalcons.com,5
venezuela,austinchronicle.com,5
venezuela,azfamily.com,5
venezuela,b100wobb.iheart.com,5
venezuela,b939country.iheart.com,5
venezuela,barrie.ctvnews.ca,5
venezuela,beach951.com,5
venezuela,bengals.com,5
venezuela,bluelinestation.com,5
venezuela,bmj.com,5
venezuela,briefingwire.com,5
venezuela,bruneinews.net,5
venezuela,canadianmanufacturing.com,5
venezuela,capeandislands.org,5
venezuela,cbs19.tv,5
venezuela,cdapress.com,5
venezuela,cfrc.ca,5
venezuela,chinaview.cn,5
venezuela,chroniclejournal.com,5
venezuela,complex.com,5
venezuela,cornwallseawaynews.com,5
venezuela,crooksandliars.com,5
venezuela,dailysignal.com,5
venezuela,dailytribune.com,5
venezuela,denverbroncos.com,5
venezuela,digitaljournal.com,5
venezuela,discoverestevan.com,5
venezuela,emmetsburgnews.com,5
venezuela,ephotozine.com,5
venezuela,evanstonnow.com,5
venezuela,file770.com,5
venezuela,fox26houston.com,5
venezuela,fox2detroit.com,5
venezuela,global.chinadaily.com.cn,5
venezuela,gmatclub.com,5
venezuela,govtech.com,5
venezuela,gowatertown.net,5
venezuela,grandforksherald.com,5
venezuela,guelphmercury.com,5
venezuela,haaretz.com,5
venezuela,heraldbulletin.com,5
venezuela,hot1025.iheart.com,5
venezuela,hot969boston.com,5
venezuela,i24news.tv,5
venezuela,idahopress.com,5
venezuela,independentsentinel.com,5
venezuela,investmentexecutive.com,5
venezuela,itwire.com,5
venezuela,iwradio.co.uk,5
venezuela,k99country.iheart.com,5
venezuela,kbco.iheart.com,5
venezuela,keyc.com,5
venezuela,kfyi.iheart.com,5
venezuela,koaa.com,5
venezuela,kool973.com,5
venezuela,ktvq.com,5
venezuela,kvrr.com,5
venezuela,kwbu.org,5
venezuela,leighjournal.co.uk,5
venezuela,lenews.ch,5
venezuela,lgbtqnation.com,5
venezuela,local10.com,5
venezuela,lowkickmma.com,5
venezuela,mapleridgenews.com,5
venezuela,mediapost.com,5
venezuela,messenger-inquirer.com,5
venezuela,messengernewspapers.co.uk,5
venezuela,miamidolphins.com,5
venezuela,mindat.org,5
venezuela,miningnews.net,5
venezuela,mitchelladvocate.com:443,5
venezuela,mmafighting.com,5
venezuela,mtairynews.com,5
venezuela,myedmondsnews.com,5
venezuela,myk104.com,5
venezuela,nesn.com,5
venezuela,newindianexpress.com,5
venezuela,news.antiwar.com,5
venezuela,news.com.au,5
venezuela,news.wfsu.org,5
venezuela,news.wgcu.org,5
venezuela,newschannel6now.com,5
venezuela,newsdzezimbabwe.co.uk,5
venezuela,newsradio1410.iheart.com,5
venezuela,newstalk1049.iheart.com,5
venezuela,niagarafallsreview.ca,5
venezuela,ninersnation.com,5
venezuela,noise11.com,5
venezuela,obituaries.mankatofreepress.com,5
venezuela,obituaries.ncnewsonline.com,5
venezuela,obituaries.times-news.com,5
venezuela,oklahomastar.com,5
venezuela,orlandosentinel.com,5
venezuela,oxfordmail.co.uk,5
venezuela,pbs.org,5
venezuela,pentictonherald.ca,5
venezuela,phandroid.com,5
venezuela,phys.org,5
venezuela,portsmouth.co.uk,5
venezuela,power98fm.com,5
venezuela,promptnewsonline.com,5
venezuela,punknews.org,5
venezuela,q1033.iheart.com,5
venezuela,q105fm.iheart.com,5
venezuela,rand.org,5
venezuela,raptorsrapture.com,5
venezuela,redstate.com,5
venezuela,restaurantnews.com,5
venezuela,roscommonherald.ie,5
venezuela,samaa.tv,5
venezuela,saratogian.com,5
venezuela,sdjewishworld.com,5
venezuela,shenandoahcountryq102.iheart.com,5
venezuela,sheridanmedia.com,5
venezuela,southpeacenews.com,5
venezuela,srilankasource.com,5
venezuela,star991hawaii.iheart.com,5
venezuela,starcasm.net,5
venezuela,streetinsider.com,5
venezuela,sundayworld.com,5
venezuela,swishappeal.com,5
venezuela,swoknews.com,5
venezuela,tdtnews.com,5
venezuela,techcrunch.com,5
venezuela,theadvocate.com,5
venezuela,thecaribbeancamera.com,5
venezuela,themusic.com.au,5
venezuela,thenationonlineng.net,5
venezuela,thenews-chronicle.com,5
venezuela,thepointsguy.com,5
venezuela,therockofrochester.com,5
venezuela,thesudburystar.com:443,5
venezuela,thetimesnews.com,5
venezuela,thewestonmercury.co.uk,5
venezuela,tmcnet.com,5
venezuela,tnonline.com,5
venezuela,topspeed.com,5
venezuela,tribune242.com,5
venezuela,undertheradarmag.com,5
venezuela,utne.com,5
venezuela,volanteonline.com,5
venezuela,wabx.net,5
venezuela,waff.com,5
venezuela,wbkr.com,5
venezuela,wboi.org,5
venezuela,wbrc.com,5
venezuela,wbur.org,5
venezuela,wccq.com,5
venezuela,wdtimes.com,5
venezuela,weatherforddemocrat.com,5
venezuela,webmd.com,5
venezuela,wfmf.iheart.com,5
venezuela,wftw.com,5
venezuela,wham1180.iheart.com,5
venezuela,whbl.com,5
venezuela,whro.org,5
venezuela,wjcw.com,5
venezuela,wksn.com,5
venezuela,wnci.iheart.com,5
venezuela,wtam.iheart.com,5
venezuela,wtop.com,5
venezuela,wunc.org,5
venezuela,wyomingnews.com,5
gaza,1035thebeat.iheart.com,4
gaza,10news.com,4
gaza,1190talkradio.iheart.com,4
gaza,1230thegambler.iheart.com,4
gaza,640wxsm.com,4
gaza,931theborder.ca,4
gaza,937kcountry.com,4
gaza,95ksj.iheart.com,4
gaza,97zokonline.com,4
gaza,995qyk.com,4
gaza,999thepoint.com,4
gaza,allhiphop.com,4
gaza,am-online.com,4
gaza,amnestyusa.org,4
gaza,appenmedia.com,4
gaza,arstechnica.com,4
gaza,asianimage.co.uk,4
gaza,australianageingagenda.com.au,4
gaza,awfulannouncing.com,4
gaza,b98fm.iheart.com,4
gaza,baconsrebellion.com,4
gaza,baltimoresun.com,4
gaza,bangladeshsun.com,4
gaza,belfastlive.co.uk,4
gaza,bengals.com,4
gaza,bgr.com,4
gaza,bigcountry995.com,4
gaza,bigfrog104.com,4
gaza,bigi1079.iheart.com,4
gaza,bigislandnow.com,4
gaza,blackamericaweb.com,4
gaza,bobfm.co.uk,4
gaza,bondbuyer.com,4
gaza,bransontrilakesnews.com,4
gaza,bristolpost.co.uk,4
gaza,brobible.com,4
gaza,brookingsradio.com,4
gaza,brushnewstribune.com,4
gaza,bucksinsider.com,4
gaza,bulgariagazette.com,4
gaza,burntorangenation.com,4
gaza,businessinsider.in,4
gaza,caledonianrecord.com,4
gaza,caribbeanherald.com,4
gaza,caughtoffside.com,4
gaza,cbc.bb,4
gaza,cbs19.tv,4
gaza,chicagotribune.com,4
gaza,chilecomparte.cl,4
gaza,china.org.cn,4
gaza,chroniclelive.co.uk,4
gaza,clutchpoints.com,4
gaza,cnaluxury.channelnewsasia.com,4
gaza,coincommunity.com,4
gaza,con-telegraph.ie,4
gaza,cootamundraherald.com.au,4
gaza,country925.iheart.com,4
gaza,cowboystatedaily.com,4
gaza,crossville-chronicle.com,4
gaza,dailykos.com:443,4
gaza,dailyrecord.co.uk,4
gaza,dailysabah.com,4
gaza,dailytrust.com,4
gaza,dallasnews.com,4
gaza,dglobe.com,4
gaza,duncanbanner.com,4
gaza,durhamregion.com,4
gaza,dynamicbusiness.com,4
gaza,energy.einnews.com,4
gaza,enidnews.com,4
gaza,eou.edu,4
gaza,expressnews.com,4
gaza,fandompost.com,4
gaza,fbherald.com,4
gaza,file770.com,4
gaza,finextra.com,4
gaza,fox5ny.com,4
gaza,fox5vegas.com,4
gaza,foxradiook.com,4
gaza,franklinfavorite.com,4
gaza,fredericknewspost.com,4
gaza,fresnobee.com,4
gaza,giants.com,4
gaza,gigulate.com,4
gaza,gpb.org,4
gaza,greatlakesadvocate.com.au,4
gaza,greekcitytimes.com,4
gaza,grenadachronicle.com,4
gaza,gringogazette.com,4
gaza,groove993.com,4
gaza,guardian.co.tt,4
gaza,hazard-herald.com,4
gaza,hcamag.com,4
gaza,hcplive.com,4
gaza,henryherald.com,4
gaza,hillsborofreepress.com,4
gaza,himtimes.com,4
gaza,hiphopwired.com,4
gaza,hits957.iheart.com,4
gaza,hmbreview.com,4
gaza,hngnews.com,4
gaza,hometownsource.com,4
gaza,hot975fm.com,4
gaza,hubcityradio.com,4
gaza,iafrica.com,4
gaza,in-cumbria.com,4
gaza,insidebitcoins.com,4
gaza,instinctmagazine.com,4
gaza,ipwatchdog.com,4
gaza,irishmirror.ie,4
gaza,jordantimes.com,4
gaza,journal-news.com,4
gaza,journal-topics.com,4
gaza,jox2fm.com,4
gaza,jubileeusa.org,4
gaza,kashmirtimes.com,4
gaza,katc.com,4
gaza,kentuckynewera.com,4
gaza,kenyan-post.com,4
gaza,kevinmd.com,4
gaza,kfm.co.za,4
gaza,kicks1063.com,4
gaza,kingstonthisweek.com:443,4
gaza,kisscasper.com,4
gaza,kisslima.iheart.com,4
gaza,kitv.com,4
gaza,kiwiblog.co.nz,4
gaza,klewtv.com,4
gaza,klin.com,4
gaza,kmaland.com,4
gaza,koka.am,4
gaza,komando.com,4
gaza,koreatimes.co.kr,4
gaza,kpla.com,4
gaza,kplctv.com,4
gaza,kqdy.iheart.com,4
gaza,ksby.com,4
gaza,kscj.com,4
gaza,ksyl.com,4
gaza,kunc.org,4
gaza,lagrandeobserver.com,4
gaza,laurinburgexchange.com,4
gaza,leitrimobserver.ie,4
gaza,litefm.iheart.com,4
gaza,lowkickmma.com,4
gaza,lvb.com,4
gaza,m.lasvegassun.com,4
gaza,majic959.iheart.com,4
gaza,mankatofreepress.com,4
gaza,marketplace.org,4
gaza,masslive.com,4
gaza,mauinow.com,4
gaza,mcalesternews.com,4
gaza,mentalfloss.com,4
gaza,messenger-inquirer.com,4
gaza,mississippivalleypublishing.com,4
gaza,mix1043fm.com,4
gaza,mix981fm.iheart.com,4
gaza,mromagazine.com,4
gaza,myradioplace.com,4
gaza,nba.com,4
gaza,nbc11news.com,4
gaza,nbcsvg.com,4
gaza,newburyportnews.com,4
gaza,news.sky.com,4
gaza,newsletter.co.uk,4
gaza,newsnationnow.com,4
gaza,newsone.com,4
gaza,newspressnow.com,4
gaza,newstalkkit.com,4
gaza,newyorker.com,4
gaza,nhl.com,4
gaza,nhpbs.org,4
gaza,northern-times.co.uk,4
gaza,northernpublicradio.org,4
gaza,northwestgeorgianews.com,4
gaza,obituaries.somerset-kentucky.com,4
gaza,obituaries.thedailystar.com,4
gaza,oklahomacitysun.com,4
gaza,oldies1320.iheart.com,4
gaza,orlandosentinel.com,4
gaza,ottawa.ctvnews.ca,4
gaza,outdoornews.com,4
gaza,pembrokeobserver.com,4
gaza,phys.org,4
gaza,pineandlakes.com,4
gaza,power1051.iheart.com,4
gaza,presspublications.com,4
gaza,punknews.org,4
gaza,q961.com,4
gaza,qconline.com,4
gaza,quadcitiesdaily.com,4
gaza,queerty.com,4
gaza,readingeagle.com,4
gaza,redlandsdailyfacts.com,4
gaza,redwatch.org.au,4
gaza,rentonreporter.com,4
gaza,rep-am.com,4
gaza,restaurantnewsrelease.com,4
gaza,rfdtv.com,4
gaza,riverheadnewsreview.timesreview.com,4
gaza,rockymounttelegram.com,4
gaza,rte.ie,4
gaza,russianradio7.com,4
gaza,rutland-times.co.uk,4
gaza,santafenewmexican.com,4
gaza,science.howstuffworks.com,4
gaza,sfchronicle.com,4
gaza,shorenewsnetwork.com,4
gaza,siouxlandnews.com,4
gaza,somerset-kentucky.com,4
gaza,spartaindependent.com,4
gaza,spec.com.au,4
gaza,srilankasource.com,4
gaza,standard-freeholder.com:443,4
gaza,standardspeaker.com,4
gaza,stupiddope.com,4
gaza,sunny943.com,4
gaza,swnews4u.com,4
gaza,taylorvilledailynews.com,4
gaza,tbnewswatch.com,4
gaza,teamtalk.com,4
gaza,theath.ca,4
gaza,thebeatofthecapital.com,4
gaza,thecaribbeancamera.com,4
gaza,thejournal.ie,4
gaza,thelabradorian.ca,4
gaza,themercury.com.au,4
gaza,thepointsguy.com,4
gaza,theshovel.com.au,4
gaza,thestandard.org.nz,4
gaza,thisislocallondon.co.uk,4
gaza,timesnews.net,4
gaza,tk101.iheart.com,4
gaza,torontotelegraph.com,4
gaza,travelweekly.com.au,4
gaza,tribune.net.ph,4
gaza,tsln.com,4
gaza,ukrainianjournal.com,4
gaza,vermontbiz.com,4
gaza,vogue.com,4
gaza,volcanoes.usgs.gov,4
gaza,wahpetondailynews.com,4
gaza,wataugademocrat.com,4
gaza,wbt.com,4
gaza,wcrz.com,4
gaza,westernweekender.com.au,4
gaza,westmeathexaminer.ie,4
gaza,westmeathindependent.ie,4
gaza,wfnt.com,4
gaza,wftv.com,4
gaza,wfyi.org,4
gaza,wgrd.com,4
gaza,whig.com,4
gaza,whp580.iheart.com,4
gaza,wiba.iheart.com,4
gaza,wmeq.iheart.com,4
gaza,wmrn.iheart.com,4
gaza,wnic.iheart.com,4
gaza,workers.org,4
gaza,wsiu.org,4
gaza,wwd.com,4
gaza,wwno.org,4
gaza,xl93.iheart.com,4
gaza,y100florida.iheart.com,4
gaza,z93hv.iheart.com,4
ukraine,1035thebeat.iheart.com,4
ukraine,1053thefox.iheart.com,4
ukraine,1380kcim.com,4
ukraine,13newsnow.com,4
ukraine,650keni.iheart.com,4
ukraine,933odc.iheart.com,4
ukraine,941zbq.iheart.com,4
ukraine,943jackfm.com,4
ukraine,965bobfm.com,4
ukraine,991wqik.iheart.com,4
ukraine,allaccess.com,4
ukraine,annistonstar.com,4
ukraine,aspendailynews.com,4
ukraine,autoblog.com,4
ukraine,b100quadcities.com,4
ukraine,bartlesvilleradio.com,4
ukraine,basinsradio.com,4
ukraine,bevnet.com,4
ukraine,bigi1079.iheart.com,4
ukraine,bostonmagazine.com,4
ukraine,buckeyecountry943.iheart.com,4
ukraine,business.inquirer.net,4
ukraine,caribjournal.com,4
ukraine,cbs8.com,4
ukraine,chicagobusiness.com,4
ukraine,cityindex.co.uk,4
ukraine,cjvr.com,4
ukraine,coe.int,4
ukraine,communityimpact.com,4
ukraine,conwaydailysun.com,4
ukraine,country1053.ca,4
ukraine,dailyadvance.com,4
ukraine,drbicuspid.com,4
ukraine,dw.com,4
ukraine,easy1350.iheart.com,4
ukraine,en.antaranews.com,4
ukraine,en.vietnamplus.vn,4
ukraine,english.ahram.org.eg,4
ukraine,eweek.com,4
ukraine,fox13news.com,4
ukraine,galvnews.com,4
ukraine,gananoquereporter.com,4
ukraine,gazettextra.com,4
ukraine,geekwire.com,4
ukraine,goupstate.com,4
ukraine,govtech.com,4
ukraine,great98.net,4
ukraine,ground.news,4
ukraine,hometownsource.com,4
ukraine,horsetalk.co.nz,4
ukraine,hot1079.iheart.com,4
ukraine,houstoniamag.com,4
ukraine,hpcwire.com,4
ukraine,impactnottingham.com,4
ukraine,jewishjournal.com,4
ukraine,jhnewsandguide.com,4
ukraine,kelownadailycourier.ca,4
ukraine,kenyastar.com,4
ukraine,kggo.com,4
ukraine,kiss1023.iheart.com,4
ukraine,kitv.com,4
ukraine,kjas.com,4
ukraine,knue.com,4
ukraine,kprr.iheart.com,4
ukraine,krgv.com,4
ukraine,krro.com,4
ukraine,krwg.org,4
ukraine,ksut.org,4
ukraine,kusi.com,4
ukraine,labelsandlabeling.com:443,4
ukraine,laprensalatina.com,4
ukraine,leicestermercury.co.uk,4
ukraine,leinsterleader.ie,4
ukraine,live959.com,4
ukraine,maravipost.com,4
ukraine,maritime-executive.com,4
ukraine,model-engineer.co.uk,4
ukraine,mtpr.org,4
ukraine,mydailytribune.com,4
ukraine,mykisscountry937.com,4
ukraine,natlawreview.com,4
ukraine,nba.com,4
ukraine,ndtv.com,4
ukraine,neonnettle.com,4
ukraine,neowin.net,4
ukraine,neweurope.eu,4
ukraine,newhavenindependent.org,4
ukraine,newsday.co.tt,4
ukraine,nonpareilonline.com,4
ukraine,northern-times.co.uk,4
ukraine,northernirelandnews.com,4
ukraine,nukethefridge.com,4
ukraine,ohnotheydidnt.livejournal.com,4
ukraine,oklahomacitysun.com,4
ukraine,outbreaknewstoday.com,4
ukraine,physiciansweekly.com,4
ukraine,publishersweekly.com:443,4
ukraine,q1043.iheart.com,4
ukraine,radiojamaicanewsonline.com,4
ukraine,redeyeradioshow.com,4
ukraine,registercitizen.com,4
ukraine,rfdtv.com,4
ukraine,richlandsource.com,4
ukraine,sanilacbroadcasting.com,4
ukraine,sarniathisweek.com,4
ukraine,saultthisweek.com,4
ukraine,savejersey.com,4
ukraine,shepherdexpress.com,4
ukraine,telluridenews.com,4
ukraine,theatlantic.com,4
ukraine,thebeatofthecapital.com,4
ukraine,thecentersquare.com,4
ukraine,thenews-chronicle.com,4
ukraine,thenews.com.pk,4
ukraine,thestreet.com,4
ukraine,thesun.co.uk,4
ukraine,thewestmorlandgazette.co.uk,4
ukraine,theworldlink.com,4
ukraine,torontosun.com,4
ukraine,towsonhs.bcps.org,4
ukraine,tpr.org,4
ukraine,truenorthreports.com,4
ukraine,tvnewscheck.com,4
ukraine,tvtechnology.com,4
ukraine,v97fm.iheart.com,4
ukraine,vanguardngr.com,4
ukraine,vermontbiz.com,4
ukraine,wbur.org,4
ukraine,wcnc.com,4
ukraine,wibx950.com,4
ukraine,wirx.com,4
ukraine,wkar.org,4
ukraine,wovk.iheart.com,4
ukraine,wpdh.com,4
ukraine,wsjm.com,4
ukraine,wsus1023.iheart.com,4
ukraine,wtue.iheart.com,4
ukraine,wvrecord.com,4
ukraine,wxxv25.com,4
ukraine,wydaily.com,4
ukraine,wynkcountry.iheart.com,4
ukraine,y95country.com,4
ukraine,yankton.net,4
ukraine,ynetnews.com,4
venezuela,1007wzxl.iheart.com,4
venezuela,1035thebeat.iheart.com,4
venezuela,10news.com,4
venezuela,1190talkradio.iheart.com,4
venezuela,1230thegambler.iheart.com,4
venezuela,640wxsm.com,4
venezuela,931theborder.ca,4
venezuela,937kcountry.com,4
venezuela,94hjy.iheart.com,4
venezuela,95ksj.iheart.com,4
venezuela,969thedogrocks.iheart.com,4
venezuela,97zokonline.com,4
venezuela,995qyk.com,4
venezuela,999thepoint.com,4
venezuela,alipac.us,4
venezuela,allafrica.com,4
venezuela,allhiphop.com,4
venezuela,am-online.com,4
venezuela,amnestyusa.org,4
venezuela,appenmedia.com,4
venezuela,arstechnica.com,4
venezuela,asianimage.co.uk,4
venezuela,australianageingagenda.com.au,4
venezuela,awesome98.com,4
venezuela,awfulannouncing.com,4
venezuela,b95forlife.iheart.com,4
venezuela,b98fm.iheart.com,4
venezuela,baconsrebellion.com,4
venezuela,bangladeshsun.com,4
venezuela,beat1053.iheart.com,4
venezuela,belfastlive.co.uk,4
venezuela,bgr.com,4
venezuela,bigi1079.iheart.com,4
venezuela,bigislandnow.com,4
venezuela,blackamericaweb.com,4
venezuela,blackandteal.com,4
venezuela,bobfm.co.uk,4
venezuela,bondbuyer.com,4
venezuela,bpnews.net,4
venezuela,bransontrilakesnews.com,4
venezuela,bristolpost.co.uk,4
venezuela,brobible.com,4
venezuela,brookingsradio.com,4
venezuela,brushnewstribune.com,4
venezuela,bucksinsider.com,4
venezuela,bulgariagazette.com,4
venezuela,burntorangenation.com,4
venezuela,businessinsider.in,4
venezuela,calgarysun.com,4
venezuela,caribbeanherald.com,4
venezuela,caribjournal.com,4
venezuela,caughtoffside.com,4
venezuela,cbc.bb,4
venezuela,chilecomparte.cl,4
venezuela,china.org.cn,4
venezuela,chroniclelive.co.uk,4
venezuela,clevelandbrowns.com,4
venezuela,clutchpoints.com,4
venezuela,coldlakesun.com:443,4
venezuela,con-telegraph.ie,4
venezuela,cootamundraherald.com.au,4
venezuela,country925.iheart.com,4
venezuela,cowboystatedaily.com,4
venezuela,crossville-chronicle.com,4
venezuela,dailyindependent.com,4
venezuela,dailykos.com:443,4
venezuela,dailyrecord.co.uk,4
venezuela,dailysabah.com,4
venezuela,dailytrust.com,4
venezuela,donegalnews.com,4
venezuela,duncanbanner.com,4
venezuela,durhamregion.com,4
venezuela,dynamicbusiness.com,4
venezuela,energy.einnews.com,4
venezuela,enidnews.com,4
venezuela,eou.edu,4
venezuela,expressnews.com,4
venezuela,film-news.co.uk:443,4
venezuela,finextra.com,4
venezuela,footwearnews.com,4
venezuela,fox5ny.com,4
venezuela,fox5vegas.com,4
venezuela,foxradiook.com,4
venezuela,franklinfavorite.com,4
venezuela,fredericknewspost.com,4
venezuela,fresnobee.com,4
venezuela,giants.com,4
venezuela,gigulate.com,4
venezuela,gpb.org,4
venezuela,greatlakesadvocate.com.au,4
venezuela,grenadachronicle.com,4
venezuela,gringogazette.com,4
venezuela,groove993.com,4
venezuela,guardian.co.tt,4
venezuela,hazard-herald.com,4
venezuela,hcamag.com,4
venezuela,hcplive.com,4
venezuela,healio.com,4
venezuela,hellenicnews.com,4
venezuela,henryherald.com,4
venezuela,highlandcountypress.com,4
venezuela,hillsborofreepress.com,4
venezuela,hits957.iheart.com,4
venezuela,hmbreview.com,4
venezuela,hngnews.com,4
venezuela,hometownsource.com,4
venezuela,hot975fm.com,4
venezuela,hubcityradio.com,4
venezuela,hudsonstarobserver.com,4
venezuela,iafrica.com,4
venezuela,ibtimes.com,4
venezuela,in-cumbria.com,4
venezuela,indy1033.iheart.com,4
venezuela,insidebitcoins.com,4
venezuela,instinctmagazine.com,4
venezuela,ipwatchdog.com,4
venezuela,irishmirror.ie,4
venezuela,jg-tc.com,4
venezuela,jordantimes.com,4
venezuela,journal-news.com,4
venezuela,journal-topics.com,4
venezuela,jox2fm.com,4
venezuela,jubileeusa.org,4
venezuela,kashmirtimes.com,4
venezuela,katc.com,4
venezuela,kentuckynewera.com,4
venezuela,kenyan-post.com,4
venezuela,kevinmd.com,4
venezuela,kfm.co.za,4
venezuela,kfrxfm.com,4
venezuela,kicks1063.com,4
venezuela,kingstonthisweek.com:443,4
venezuela,kisscasper.com,4
venezuela,kisslima.iheart.com,4
venezuela,kitv.com,4
venezuela,kiwiblog.co.nz,4
venezuela,klewtv.com,4
venezuela,klin.com,4
venezuela,kmaland.com,4
venezuela,koka.am,4
venezuela,komando.com,4
venezuela,koreatimes.co.kr,4
venezuela,kpla.com,4
venezuela,kqdy.iheart.com,4
venezuela,krock.com.au,4
venezuela,ksby.com,4
venezuela,kscj.com,4
venezuela,ksyl.com,4
venezuela,kunc.org,4
venezuela,kunm.org,4
venezuela,kwiq.com,4
venezuela,lagrandeobserver.com,4
venezuela,laurinburgexchange.com,4
venezuela,leightonbuzzardonline.co.uk,4
venezuela,litefm.iheart.com,4
venezuela,lvb.com,4
venezuela,m.lasvegassun.com,4
venezuela,magicvalley.com,4
venezuela,mankatofreepress.com,4
venezuela,marketplace.org,4
venezuela,masslive.com,4
venezuela,mauinow.com,4
venezuela,mcalesternews.com,4
venezuela,medicalxpress.com,4
venezuela,mentalfloss.com,4
venezuela,militarytimes.com,4
venezuela,miss103.iheart.com,4
venezuela,mississippivalleypublishing.com,4
venezuela,mix1043fm.com,4
venezuela,mix981fm.iheart.com,4
venezuela,mromagazine.com,4
venezuela,mta.maryland.gov,4
venezuela,myradioplace.com,4
venezuela,naija247news.com,4
venezuela,nba.com,4
venezuela,nbc11news.com,4
venezuela,nbcsvg.com,4
venezuela,ncnewsonline.com,4
venezuela,newburyportnews.com,4
venezuela,news.northeastern.edu,4
venezuela,news18.com,4
venezuela,newsletter.co.uk,4
venezuela,newsnationnow.com,4
venezuela,newsone.com,4
venezuela,newstalkkit.com,4
venezuela,newtownbee.com,4
venezuela,newyorker.com,4
venezuela,nhpbs.org,4
venezuela,northernpublicradio.org,4
venezuela,northwestgeorgianews.com,4
venezuela,obituaries.montgomery-herald.com,4
venezuela,obituaries.somerset-kentucky.com,4
venezuela,obituaries.thedailystar.com,4
venezuela,oklahomacitysun.com,4
venezuela,oldies1320.iheart.com,4
venezuela,ottawa.ctvnews.ca,4
venezuela,ottumwacourier.com,4
venezuela,outdoornews.com,4
venezuela,people.com,4
venezuela,pineandlakes.com,4
venezuela,power1051.iheart.com,4
venezuela,presspublications.com,4
venezuela,pymnts.com,4
venezuela,q961.com,4
venezuela,quadcitiesdaily.com,4
venezuela,queerty.com,4
venezuela,radioiowa.com,4
venezuela,readingeagle.com,4
venezuela,redlandsdailyfacts.com,4
venezuela,redwatch.org.au,4
venezuela,rentonreporter.com,4
venezuela,rep-am.com,4
venezuela,restaurantnewsrelease.com,4
venezuela,riverheadnewsreview.timesreview.com,4
venezuela,rockymounttelegram.com,4
venezuela,russianradio7.com,4
venezuela,rutland-times.co.uk,4
venezuela,santafenewmexican.com,4
venezuela,science.howstuffworks.com,4
venezuela,shorenewsnetwork.com,4
venezuela,siouxlandnews.com,4
venezuela,sitkasentinel.com,4
venezuela,somerset-kentucky.com,4
venezuela,space.com,4
venezuela,spartaindependent.com,4
venezuela,spec.com.au,4
venezuela,standard-freeholder.com:443,4
venezuela,standardspeaker.com,4
venezuela,star105.com,4
venezuela,strategypage.com,4
venezuela,stupiddope.com,4
venezuela,sunny943.com,4
venezuela,sunny99.iheart.com,4
venezuela,swiftcurrentonline.com,4
venezuela,swnews4u.com,4
venezuela,taylorvilledailynews.com,4
venezuela,teamtalk.com,4
venezuela,theath.ca,4
venezuela,thecable.ng,4
venezuela,thejakartapost.com,4
venezuela,thejournal.ie,4
venezuela,thelabradorian.ca,4
venezuela,themercury.com.au,4
venezuela,thenewsnigeria.com.ng,4
venezuela,theprint.in,4
venezuela,theshovel.com.au,4
venezuela,thestandard.org.nz,4
venezuela,theworldlink.com,4
venezuela,thisislocallondon.co.uk,4
venezuela,thurrockgazette.co.uk,4
venezuela,times-news.com,4
venezuela,timesnews.net,4
venezuela,tk101.iheart.com,4
venezuela,torontotelegraph.com,4
venezuela,travelweekly.com.au,4
venezuela,tribune.net.ph,4
venezuela,tsln.com,4
venezuela,ukrainianjournal.com,4
venezuela,vermontbiz.com,4
venezuela,vogue.com,4
venezuela,volcanoes.usgs.gov,4
venezuela,wahpetondailynews.com,4
venezuela,washfm.iheart.com,4
venezuela,wataugademocrat.com,4
venezuela,wbal.com,4
venezuela,wbbq.iheart.com,4
venezuela,wcrz.com,4
venezuela,westernweekender.com.au,4
venezuela,westmeathexaminer.ie,4
venezuela,westmeathindependent.ie,4
venezuela,wfnt.com,4
venezuela,wftv.com,4
venezuela,wfyi.org,4
venezuela,wgrd.com,4
venezuela,wheb.iheart.com,4
venezuela,whig.com,4
venezuela,whp580.iheart.com,4
venezuela,wiba.iheart.com,4
venezuela,wmrn.iheart.com,4
venezuela,wnd.com,4
venezuela,wnic.iheart.com,4
venezuela,workers.org,4
venezuela,wsiltv.com,4
venezuela,wsiu.org,4
venezuela,wsjm.com,4
venezuela,wwd.com,4
venezuela,wwno.org,4
venezuela,wyrk.com,4
venezuela,xl93.iheart.com,4
venezuela,y100florida.iheart.com,4
venezuela,yorkregion.com,4
venezuela,z93hv.iheart.com,4
gaza,1013kissfm.iheart.com,3
gaza,1015thehawk.com,3
gaza,1025thelake.iheart.com,3
gaza,1035kissfm.iheart.com,3
gaza,1039wvbo.com,3
gaza,1061kissfm.iheart.com,3
gaza,1350kman.com,3
gaza,2gb.com,3
gaza,8newsnow.com,3
gaza,931freshradio.ca,3
gaza,933fmthewolf.iheart.com,3
gaza,937thebull.iheart.com,3
gaza,955wtvy.com,3
gaza,975kgkl.com,3
gaza,975wabd.com,3
gaza,97x.com,3
gaza,983try.iheart.com,3
gaza,abc-7.com,3
gaza,abc10up.com,3
gaza,abc13.com,3
gaza,abqjournal.com,3
gaza,accountantsdaily.com.au,3
gaza,advisor.ca,3
gaza,aei.org,3
gaza,aggie96.iheart.com,3
gaza,allure.com,3
gaza,alt1073.iheart.com,3
gaza,app.com.pk,3
gaza,arkansasrazorbacks.com,3
gaza,arrowheadpride.com,3
gaza,as-coa.org,3
gaza,asahi.com,3
gaza,atvtoday.co.uk,3
gaza,b1039.com,3
gaza,b975.com,3
gaza,bangordailynews.com,3
gaza,bankingday.com,3
gaza,baysidenews.com.au,3
gaza,bdcnetwork.com,3
gaza,betanews.com,3
gaza,bhpioneer.com,3
gaza,blackhillsfox.com,3
gaza,blogs.timesofisrael.com,3
gaza,bmmagazine.co.uk,3
gaza,bollywoodhungama.com,3
gaza,bozemanskissfm.com,3
gaza,brookingsregister.com,3
gaza,brooklynvegan.com,3
gaza,browardpalmbeach.com,3
gaza,bubblear.com,3
gaza,buckeyecountry943.iheart.com,3
gaza,business.inquirer.net,3
gaza,canadafreepress.com,3
gaza,caranddriver.com,3
gaza,carolinacoastonline.com,3
gaza,cbr.com,3
gaza,centralchronicle.com,3
gaza,cfweradio.ca,3
gaza,chri.ca,3
gaza,christianitydaily.com:443,3
gaza,chronogram.com,3
gaza,clevelandjewishnews.com,3
gaza,coldlakesun.com:443,3
gaza,comicsbeat.com,3
gaza,concordmonitor.com,3
gaza,conservativehq.com,3
gaza,corsicanadailysun.com,3
gaza,crossrhythms.co.uk,3
gaza,ctpublic.org,3
gaza,dailymaverick.co.za,3
gaza,dailyprincetonian.com,3
gaza,dailythepatriot.com,3
gaza,dayton.binnews.com,3
gaza,decaturdaily.com,3
gaza,decider.com,3
gaza,defence.pk,3
gaza,democratherald.com,3
gaza,discoverairdrie.com,3
gaza,dunfermlinepress.com,3
gaza,eagledayton.com,3
gaza,eagletimes.com,3
gaza,easy93.com,3
gaza,echopress.com,3
gaza,edition.cnn.com,3
gaza,en.as.com,3
gaza,english.elpais.com,3
gaza,english.republika.mk,3
gaza,etftrends.com,3
gaza,ethanolproducer.com,3
gaza,fairviewpost.com:443,3
gaza,fijitimes.com,3
gaza,flaglerlive.com,3
gaza,floridanewswire.com,3
gaza,fm106.iheart.com,3
gaza,fortmcmurraytoday.com:443,3
gaza,fox59.com,3
gaza,foxsportsam1280.iheart.com,3
gaza,gamerevolution.com,3
gaza,gazettelive.co.uk,3
gaza,gillettenewsrecord.com,3
gaza,gizmodo.com,3
gaza,globalcapital.com,3
gaza,governing.com,3
gaza,grantcountybeat.com,3
gaza,gridleyherald.com,3
gaza,hamhigh.co.uk,3
gaza,harrisondaily.com,3
gaza,hauraki.co.nz,3
gaza,heavy.com,3
gaza,henleystandard.co.uk,3
gaza,heraldpalladium.com,3
gaza,hiddenremote.com,3
gaza,hiphopnc.com,3
gaza,hits1061seattle.iheart.com,3
gaza,hot101.com,3
gaza,hot105fm.com,3
gaza,hpcwire.com,3
gaza,hudsoncountyview.com,3
gaza,hudsonstarobserver.com,3
gaza,hurriyetdailynews.com,3
gaza,i98fm.com.au,3
gaza,idahostatesman.com,3
gaza,indianweekender.co.nz,3
gaza,inforum.com,3
gaza,inmaricopa.com,3
gaza,insidehoops.com,3
gaza,interlochenpublicradio.org,3
gaza,intouchweekly.com,3
gaza,iowapublicradio.org,3
gaza,ipowerrichmond.com,3
gaza,irishexaminer.com,3
gaza,irishtimes.com,3
gaza,jamn945.iheart.com,3
gaza,joe.co.uk,3
gaza,justblogbaby.com,3
gaza,kalb.com,3
gaza,kansaspublicradio.org,3
gaza,kark.com,3
gaza,kazu.org,3
gaza,kcentv.com,3
gaza,keanradio.com,3
gaza,kelownadailycourier.ca,3
gaza,keyj.com,3
gaza,kfor.com,3
gaza,kgw.com,3
gaza,kiimfm.com,3
gaza,kiisfm.iheart.com,3
gaza,kiiz.iheart.com,3
gaza,kissrocks.com,3
gaza,kitchener.ctvnews.ca,3
gaza,kix104.iheart.com,3
gaza,kix993.iheart.com,3
gaza,klbjfm.com,3
gaza,klove.com,3
gaza,klur.com,3
gaza,kmch.com,3
gaza,knoxvilledailysun.com,3
gaza,koco.com,3
gaza,kono1011.com,3
gaza,kost1035.iheart.com,3
gaza,krqe.com,3
gaza,krro.com,3
gaza,ksisradio.com,3
gaza,kssn.iheart.com,3
gaza,kwcdcountry.com,3
gaza,kxkx.com,3
gaza,kxy.iheart.com,3
gaza,ladailypost.com,3
gaza,lankaweb.com,3
gaza,lavalnews.ca,3
gaza,localmatters.co.nz,3
gaza,loscerritosnews.net,3
gaza,macaubusiness.com,3
gaza,maciverinstitute.com,3
gaza,mainebiz.biz,3
gaza,mainichi.jp,3
gaza,medpagetoday.com,3
gaza,mexiconewsdaily.com,3
gaza,middleeasteye.net,3
gaza,mix941.com,3
gaza,montereyherald.com,3
gaza,montgomery-herald.com,3
gaza,montreal.ctvnews.ca,3
gaza,moose106.iheart.com,3
gaza,muslimnews.co.uk,3
gaza,mykiss1031.com,3
gaza,mylakelandnow.com,3
gaza,mymagic949.com,3
gaza,myspiritfm.com,3
gaza,mywdia.iheart.com,3
gaza,n4g.com,3
gaza,navytimes.com,3
gaza,ncr-iran.org,3
gaza,neowin.net,3
gaza,news-medical.net,3
gaza,news.az,3
gaza,news.coinupdate.com,3
gaza,news.crossmap.com,3
gaza,news.mit.edu,3
gaza,newser.com,3
gaza,newsobserver.com,3
gaza,nhpr.org,3
gaza,northqueenslandregister.com.au,3
gaza,nystateofpolitics.com,3
gaza,obituaries.heraldbulletin.com,3
gaza,obituaries.ncnewsonline.com,3
gaza,oneindia.com,3
gaza,openpr.com,3
gaza,patch.com,3
gaza,performancedrive.com.au,3
gaza,perthnow.com.au,3
gaza,petapixel.com,3
gaza,phoronix.com,3
gaza,planetf1.com,3
gaza,pleasantonweekly.com,3
gaza,pocket-lint.com,3
gaza,portageonline.com,3
gaza,princegeorgecitizen.com,3
gaza,progressive-charlestown.com,3
gaza,quesnelobserver.com,3
gaza,raiders.com,3
gaza,rfi.fr,3
gaza,rivergrandrapids.com,3
gaza,rock967.iheart.com,3
gaza,royalgazette.com,3
gaza,runthetrap.com,3
gaza,sacurrent.com,3
gaza,sbs.com.au,3
gaza,se933.com,3
gaza,seattletimes.com,3
gaza,sedaliademocrat.com,3
gaza,sflcn.com,3
gaza,shark1053.com,3
gaza,sidneyherald.com,3
gaza,somersetlive.co.uk,3
gaza,southernliving.com,3
gaza,spokesman.com,3
gaza,squatchrocks.com,3
gaza,star945.com,3
gaza,statesboroherald.com,3
gaza,steelers.com,3
gaza,stereoboard.com,3
gaza,strategypage.com,3
gaza,stripes.com,3
gaza,sunny99.iheart.com,3
gaza,sunny999fm.iheart.com,3
gaza,swindonadvertiser.co.uk,3
gaza,swishappeal.com,3
gaza,sydneysun.com,3
gaza,t102.iheart.com,3
gaza,tap.info.tn,3
gaza,techrepublic.com,3
gaza,telegrafi.com,3
gaza,temple-news.com,3
gaza,theage.com.au,3
gaza,thebig98.iheart.com,3
gaza,thecatholicspirit.com,3
gaza,thecitizen.com,3
gaza,thedailycitizen.com,3
gaza,thedailyguardian.net,3
gaza,thefan1075.com,3
gaza,thefranchiseok.com,3
gaza,theifp.ca,3
gaza,theislamicmonthly.com,3
gaza,thekansan.com,3
gaza,themarysue.com,3
gaza,thenewamerican.com,3
gaza,thenewsnigeria.com.ng,3
gaza,theonion.com,3
gaza,theprint.in,3
gaza,thesierraleonetelegraph.com,3
gaza,thesouthafrican.com,3
gaza,thesouthernreporter.co.uk,3
gaza,thestatesman.com,3
gaza,thethaiger.com,3
gaza,timesherald.com,3
gaza,timesleader.com,3
gaza,tmj4.com,3
gaza,tomsguide.com,3
gaza,toucharcade.com,3
gaza,travelpulse.com,3
gaza,tristatehomepage.com,3
gaza,turnto10.com,3
gaza,tweaktown.com,3
gaza,tylerpaper.com,3
gaza,ukiahdailyjournal.com,3
gaza,undeadwalking.com,3
gaza,urbanmilwaukee.com,3
gaza,utv44.com,3
gaza,v1019.com,3
gaza,vaildaily.com,3
gaza,veranda.com,3
gaza,vervetimes.com,3
gaza,vision.org.au,3
gaza,voazimbabwe.com,3
gaza,vtdigger.org,3
gaza,wa1a.com,3
gaza,wallstreetpit.com,3
gaza,washingtoninstitute.org,3
gaza,wbiw.com,3
gaza,wboc.com,3
gaza,wctrib.com,3
gaza,wctv.tv,3
gaza,wellington.scoop.co.nz,3
gaza,wemu.org,3
gaza,westerntelegraph.co.uk,3
gaza,westseattleblog.com,3
gaza,wfhb.org,3
gaza,wflafm.iheart.com,3
gaza,wgnsradio.com,3
gaza,whatsupnewp.com,3
gaza,whitecourtstar.com:443,3
gaza,whyy.org,3
gaza,wiartonecho.com:443,3
gaza,wiod.iheart.com,3
gaza,wiscassetnewspaper.com,3
gaza,wispolitics.com,3
gaza,wkkj.iheart.com,3
gaza,wlap.iheart.com,3
gaza,wmay.com,3
gaza,wmtw.com,3
gaza,woai.iheart.com,3
gaza,worthynews.com,3
gaza,wpoc.iheart.com,3
gaza,wrkf.org,3
gaza,wshu.org,3
gaza,wsvaonline.com,3
gaza,wtkr.com,3
gaza,wuky.org,3
gaza,wwaytv3.com,3
gaza,wyomingnewsnow.tv,3
gaza,wyomingpublicmedia.org,3
gaza,wypr.org,3
gaza,x1015.iheart.com,3
gaza,ynetnews.com,3
gaza,z1035.com,3
gaza,zehabesha.com,3
gaza,zfenglish.com,3
ukraine,1023thebullfm.com,3
ukraine,1025wowcountry.com,3
ukraine,1027kord.com,3
ukraine,13wmaz.com,3
ukraine,720thevoice.iheart.com,3
ukraine,925kissfm.iheart.com,3
ukraine,925wpap.iheart.com,3
ukraine,931themountain.iheart.com,3
ukraine,937thebeathouston.iheart.com,3
ukraine,951zzo.iheart.com,3
ukraine,955thebull.iheart.com,3
ukraine,95kqds.com,3
ukraine,95rockfm.com,3
ukraine,963kissfm.iheart.com,3
ukraine,965thebull.iheart.com,3
ukraine,9news.com.au,3
ukraine,aberdeennews.com,3
ukraine,abqjournal.com,3
ukraine,afaqs.com,3
ukraine,almanacnews.com,3
ukraine,ammoland.com,3
ukraine,apartmenttherapy.com,3
ukraine,appleinsider.com,3
ukraine,arlnow.com,3
ukraine,asbarez.com,3
ukraine,athensmessenger.com,3
ukraine,australianflying.com.au,3
ukraine,avn.com,3
ukraine,azcentral.com,3
ukraine,azmirror.com,3
ukraine,b100wobb.iheart.com,3
ukraine,baltimoreravens.com,3
ukraine,beat1053.iheart.com,3
ukraine,bendbulletin.com,3
ukraine,biblestudytools.com,3
ukraine,bismarcksmix.iheart.com,3
ukraine,bjpenn.com,3
ukraine,blazin1023.com,3
ukraine,bloombergquint.com,3
ukraine,boingboing.net,3
ukraine,buckscountycouriertimes.com,3
ukraine,business-humanrights.org,3
ukraine,ca.finance.yahoo.com,3
ukraine,cafonline.com,3
ukraine,calaverasenterprise.com,3
ukraine,cannabisculture.com,3
ukraine,cavalierdaily.com,3
ukraine,cecildaily.com,3
ukraine,celebdirtylaundry.com,3
ukraine,chieftain.com,3
ukraine,chinookobserver.com,3
ukraine,city-journal.org:443,3
ukraine,classiccountry1070.com,3
ukraine,clutchpoints.com,3
ukraine,cochranetimespost.ca,3
ukraine,combatpress.com,3
ukraine,comicbookmovie.com,3
ukraine,complex.com,3
ukraine,comstocksmag.com,3
ukraine,covers.com,3
ukraine,ctinsider.com,3
ukraine,dailycommercial.com,3
ukraine,dailyherald.com,3
ukraine,darkreading.com,3
ukraine,derbytelegraph.co.uk,3
ukraine,discovermagazine.com,3
ukraine,duluthnewstribune.com,3
ukraine,dvidshub.net,3
ukraine,editorials.voa.gov,3
ukraine,eham.net,3
ukraine,en.vestikavkaza.ru,3
ukraine,english.chosun.com,3
ukraine,epc.eu,3
ukraine,es.noticias.yahoo.com,3
ukraine,everything2.com:443,3
ukraine,expertclick.com,3
ukraine,fijitimes.com,3
ukraine,fitsnews.com,3
ukraine,floridapolitics.com,3
ukraine,fm106.iheart.com,3
ukraine,focusdailynews.com,3
ukraine,forum.onlineopinion.com.au,3
ukraine,forward.com,3
ukraine,fourfourtwo.com,3
ukraine,fox10tv.com,3
ukraine,fox13now.com,3
ukraine,fox26houston.com,3
ukraine,fox4news.com,3
ukraine,fox9.com,3
ukraine,freep.com,3
ukraine,fxempire.com,3
ukraine,gasiantimes.com,3
ukraine,gigulate.com,3
ukraine,glasgowtimes.co.uk,3
ukraine,gothamist.com,3
ukraine,grandforksherald.com,3
ukraine,greekcitytimes.com,3
ukraine,grmdaily.com,3
ukraine,gx94radio.com,3
ukraine,hancinema.net,3
ukraine,hauraki.co.nz,3
ukraine,highlandcountypress.com,3
ukraine,highlandradio.com,3
ukraine,hits957.iheart.com,3
ukraine,hits96.com,3
ukraine,hometownstation.com,3
ukraine,hospitalitydesign.com,3
ukraine,hot975fm.com,3
ukraine,i95rock.com,3
ukraine,ifp.co.in:443,3
ukraine,ilovebobfm.com,3
ukraine,indyweek.com,3
ukraine,info.profind.com,3
ukraine,inklingsnews.com,3
ukraine,insidehpc.com,3
ukraine,insidermonkey.com,3
ukraine,investorschronicle.co.uk,3
ukraine,invezz.com,3
ukraine,israelherald.com,3
ukraine,israelnationalnews.com,3
ukraine,it.notizie.yahoo.com,3
ukraine,janes.com,3
ukraine,jetradio1400.iheart.com,3
ukraine,journalstar.com,3
ukraine,justicenewsflash.com,3
ukraine,k103.iheart.com,3
ukraine,kbat.com,3
ukraine,kdat.com,3
ukraine,kdwb.iheart.com,3
ukraine,keysnews.com,3
ukraine,keyt.com,3
ukraine,kfanplus.iheart.com,3
ukraine,kgot.iheart.com,3
ukraine,kisscincinnati.iheart.com,3
ukraine,kissfm1031.iheart.com,3
ukraine,koolam.com,3
ukraine,kotaku.com.au,3
ukraine,krdo.com,3
ukraine,ksfr.org,3
ukraine,kten.com,3
ukraine,ktok.iheart.com,3
ukraine,kxno.iheart.com,3
ukraine,laosnews.net,3
ukraine,latinfinance.com,3
ukraine,lawstreetmedia.com,3
ukraine,lcsun-news.com,3
ukraine,lebanon-express.com,3
ukraine,libertyballers.com,3
ukraine,lite987.com,3
ukraine,london.ctvnews.ca,3
ukraine,manchestereveningnews.co.uk,3
ukraine,marieclaire.com,3
ukraine,markets.financialcontent.com,3
ukraine,marylandreporter.com,3
ukraine,mashable.com,3
ukraine,mei.edu,3
ukraine,missoulian.com,3
ukraine,mix1033.iheart.com,3
ukraine,mix931.iheart.com,3
ukraine,mix931online.iheart.com,3
ukraine,moose106.iheart.com,3
ukraine,mortgagenewsdaily.com:443,3
ukraine,my103q.iheart.com,3
ukraine,mykix1009.iheart.com,3
ukraine,mymagic989.iheart.com,3
ukraine,myrecordjournal.com,3
ukraine,mysanantonio.com,3
ukraine,nbcbayarea.com,3
ukraine,newgamenetwork.com,3
ukraine,newjerseytelegraph.com,3
ukraine,news.am,3
ukraine,news.cn,3
ukraine,news.mit.edu,3
ukraine,news8000.com,3
ukraine,newscentermaine.com,3
ukraine,newsdzezimbabwe.co.uk,3
ukraine,newstribune.com,3
ukraine,newswatchman.com,3
ukraine,niagara-gazette.com,3
ukraine,northcoastjournal.com,3
ukraine,ohiostatebuckeyes.com,3
ukraine,oilandgas360.com,3
ukraine,oklahomastar.com,3
ukraine,okotoksonline.com,3
ukraine,ottawa.ctvnews.ca,3
ukraine,ottawasun.com,3
ukraine,paloaltoonline.com,3
ukraine,pantagraph.com,3
ukraine,pharostribune.com,3
ukraine,photonicsonline.com,3
ukraine,pnj.com,3
ukraine,providencejournal.com,3
ukraine,q1077.com,3
ukraine,recordnet.com,3
ukraine,rfi.fr,3
ukraine,rigzone.com,3
ukraine,rivercountry.newschannelnebraska.com,3
ukraine,rocketcitynow.com,3
ukraine,rollingstone.com,3
ukraine,rotowire.com,3
ukraine,rough-polished.com,3
ukraine,royalcentral.co.uk,3
ukraine,rrdailyherald.com,3
ukraine,scmp.com,3
ukraine,sina.com.hk,3
ukraine,source.wustl.edu,3
ukraine,spotlightreport.net,3
ukraine,standardnewswire.com,3
ukraine,stgeorgeutah.com,3
ukraine,stripes.com,3
ukraine,stwnewspress.com,3
ukraine,sundaymail.co.zw,3
ukraine,surfky.com,3
ukraine,thebeatstl.iheart.com,3
ukraine,thefederalist.com,3
ukraine,thekat.iheart.com,3
ukraine,therightscoop.com,3
ukraine,theriver973.iheart.com,3
ukraine,thetelegraph.com,3
ukraine,thetimestribune.com,3
ukraine,thewall.fyi,3
ukraine,timesonline.com,3
ukraine,travelawaits.com,3
ukraine,trentonian.ca,3
ukraine,trib.com,3
ukraine,tulsaworld.com,3
ukraine,uniindia.com,3
ukraine,uschamber.com,3
ukraine,utahindependent.com,3
ukraine,vcyamerica.org,3
ukraine,vietnamnet.vn,3
ukraine,voxy.co.nz,3
ukraine,warsawvoice.pl,3
ukraine,washfm.iheart.com,3
ukraine,wbwn.com,3
ukraine,wcfcourier.com,3
ukraine,wfyi.org,3
ukraine,whig.com,3
ukraine,whky.com,3
ukraine,wild1063.iheart.com,3
ukraine,willmarradio.com,3
ukraine,windsorstar.com,3
ukraine,wkml.com,3
ukraine,wmmq.com,3
ukraine,wnci.iheart.com,3
ukraine,wnoe.iheart.com,3
ukraine,woodwardnews.net,3
ukraine,world.kbs.co.kr,3
ukraine,wsbs.com,3
ukraine,wsfl.com,3
ukraine,wtug.com,3
ukraine,wusa9.com,3
ukraine,wuwm.com,3
ukraine,wvnews.com,3
ukraine,wyso.org,3
venezuela,1013kissfm.iheart.com,3
venezuela,1015thehawk.com,3
venezuela,1019therock.com,3
venezuela,1025thelake.iheart.com,3
venezuela,1035kissfm.iheart.com,3
venezuela,1039wvbo.com,3
venezuela,1051kocean.iheart.com,3
venezuela,1061kissfm.iheart.com,3
venezuela,1350kman.com,3
venezuela,2gb.com,3
venezuela,4bu.com.au,3
venezuela,8newsnow.com,3
venezuela,931freshradio.ca,3
venezuela,933fmthewolf.iheart.com,3
venezuela,937kclb.com,3
venezuela,937thebull.iheart.com,3
venezuela,955wtvy.com,3
venezuela,975kgkl.com,3
venezuela,975wabd.com,3
venezuela,977theriver.com,3
venezuela,983try.iheart.com,3
venezuela,abc-7.com,3
venezuela,abc10up.com,3
venezuela,abqjournal.com,3
venezuela,accountantsdaily.com.au,3
venezuela,advisor.ca,3
venezuela,aei.org,3
venezuela,afro.com,3
venezuela,aggie96.iheart.com,3
venezuela,al-awassef.com,3
venezuela,allure.com,3
venezuela,alt1073.iheart.com,3
venezuela,app.com.pk,3
venezuela,archdaily.com,3
venezuela,arkansasrazorbacks.com,3
venezuela,arlnow.com,3
venezuela,arrowheadpride.com,3
venezuela,as-coa.org,3
venezuela,asahi.com,3
venezuela,atlantanewsfirst.com,3
venezuela,atvtoday.co.uk,3
venezuela,avherald.com,3
venezuela,azbigmedia.com,3
venezuela,b1039.com,3
venezuela,b975.com,3
venezuela,bangordailynews.com,3
venezuela,bankingday.com,3
venezuela,baysidenews.com.au,3
venezuela,bdcnetwork.com,3
venezuela,betanews.com,3
venezuela,bevnet.com,3
venezuela,bhpioneer.com,3
venezuela,blackhillsfox.com,3
venezuela,blogs.timesofisrael.com,3
venezuela,bmmagazine.co.uk,3
venezuela,bollywoodhungama.com,3
venezuela,bozemanskissfm.com,3
venezuela,bramptonguardian.com,3
venezuela,brookingsregister.com,3
venezuela,brooklynvegan.com,3
venezuela,browardpalmbeach.com,3
venezuela,bubblear.com,3
venezuela,buckeyecountry1037.iheart.com,3
venezuela,buckeyecountry943.iheart.com,3
venezuela,bulawayo24.com,3
venezuela,business.inquirer.net,3
venezuela,cachevalleydaily.com,3
venezuela,canadafreepress.com,3
venezuela,caranddriver.com,3
venezuela,carolinacoastonline.com,3
venezuela,cbr.com,3
venezuela,centralchronicle.com,3
venezuela,cfweradio.ca,3
venezuela,channeldayton.iheart.com,3
venezuela,chch.com,3
venezuela,chimpreports.com,3
venezuela,chri.ca,3
venezuela,christianitydaily.com:443,3
venezuela,christianpost.com:443,3
venezuela,chronogram.com,3
venezuela,chvnradio.com,3
venezuela,classiccountry957.iheart.com,3
venezuela,clevelandjewishnews.com,3
venezuela,comicsbeat.com,3
venezuela,concordmonitor.com,3
venezuela,conservativehq.com,3
venezuela,corsicanadailysun.com,3
venezuela,crossrhythms.co.uk,3
venezuela,ctpublic.org,3
venezuela,dailymaverick.co.za,3
venezuela,dailymirror.lk,3
venezuela,dailyprincetonian.com,3
venezuela,dailythepatriot.com,3
venezuela,dayton.binnews.com,3
venezuela,decaturdaily.com,3
venezuela,decider.com,3
venezuela,defence.pk,3
venezuela,democratherald.com,3
venezuela,discoverairdrie.com,3
venezuela,dunfermlinepress.com,3
venezuela,dw.com,3
venezuela,eagledayton.com,3
venezuela,eagletimes.com,3
venezuela,echopress.com,3
venezuela,edition.cnn.com,3
venezuela,en.as.com,3
venezuela,english.elpais.com,3
venezuela,english.republika.mk,3
venezuela,ethanolproducer.com,3
venezuela,fairviewpost.com:443,3
venezuela,fijitimes.com,3
venezuela,flaglerlive.com,3
venezuela,floridanewswire.com,3
venezuela,fortmcmurraytoday.com:443,3
venezuela,fox59.com,3
venezuela,foxsportsam1280.iheart.com,3
venezuela,gamerevolution.com,3
venezuela,gazettelive.co.uk,3
venezuela,gillettenewsrecord.com,3
venezuela,gizmodo.com,3
venezuela,globalcapital.com,3
venezuela,golocalprov.com,3
venezuela,goskagit.com,3
venezuela,governing.com,3
venezuela,grantcountybeat.com,3
venezuela,gridleyherald.com,3
venezuela,hamhigh.co.uk,3
venezuela,harrisondaily.com,3
venezuela,hauraki.co.nz,3
venezuela,heavy.com,3
venezuela,hellomagazine.com,3
venezuela,henleystandard.co.uk,3
venezuela,heraldpalladium.com,3
venezuela,hiddenremote.com,3
venezuela,hiphopnc.com,3
venezuela,hits1061seattle.iheart.com,3
venezuela,hot101.com,3
venezuela,hot105fm.com,3
venezuela,housebeautiful.com,3
venezuela,houstonchronicle.com,3
venezuela,hpcwire.com,3
venezuela,hudsoncountyview.com,3
venezuela,hurriyetdailynews.com,3
venezuela,i98fm.com.au,3
venezuela,idahostatesman.com,3
venezuela,independentnews.com,3
venezuela,indianweekender.co.nz,3
venezuela,inforum.com,3
venezuela,inmaricopa.com,3
venezuela,insidehalton.com,3
venezuela,insidehoops.com,3
venezuela,interlochenpublicradio.org,3
venezuela,intouchweekly.com,3
venezuela,iowapublicradio.org,3
venezuela,ipowerrichmond.com,3
venezuela,irishexaminer.com,3
venezuela,jambands.com,3
venezuela,jamn945.iheart.com,3
venezuela,joe.co.uk,3
venezuela,justblogbaby.com,3
venezuela,kalb.com,3
venezuela,kansaspublicradio.org,3
venezuela,kark.com,3
venezuela,kazu.org,3
venezuela,kbnwnews.com,3
venezuela,kcentv.com,3
venezuela,kdminer.com,3
venezuela,keanradio.com,3
venezuela,kelownadailycourier.ca,3
venezuela,keyj.com,3
venezuela,kfor.com,3
venezuela,kgw.com,3
venezuela,kiimfm.com,3
venezuela,kiisfm.iheart.com,3
venezuela,kiiz.iheart.com,3
venezuela,kissrocks.com,3
venezuela,kix104.iheart.com,3
venezuela,kix993.iheart.com,3
venezuela,klbjfm.com,3
venezuela,klove.com,3
venezuela,klur.com,3
venezuela,kmch.com,3
venezuela,knoxvilledailysun.com,3
venezuela,koco.com,3
venezuela,kono1011.com,3
venezuela,kool965.com,3
venezuela,koolfmabilene.com,3
venezuela,kost1035.iheart.com,3
venezuela,krqe.com,3
venezuela,krro.com,3
venezuela,ksisradio.com,3
venezuela,ksla.com,3
venezuela,ksro.com,3
venezuela,kssn.iheart.com,3
venezuela,kstp.com,3
venezuela,kuic.com,3
venezuela,kwcdcountry.com,3
venezuela,kwtx.com,3
venezuela,kxkx.com,3
venezuela,kxy.iheart.com,3
venezuela,kygl.com,3
venezuela,ladailypost.com,3
venezuela,lasvegassun.com,3
venezuela,lavalnews.ca,3
venezuela,leaderlive.co.uk,3
venezuela,lethbridgeherald.com,3
venezuela,localmatters.co.nz,3
venezuela,loscerritosnews.net,3
venezuela,macaubusiness.com,3
venezuela,maciverinstitute.com,3
venezuela,mainebiz.biz,3
venezuela,mainichi.jp,3
venezuela,medpagetoday.com,3
venezuela,mexiconewsdaily.com,3
venezuela,middleeasteye.net,3
venezuela,mix923fm.iheart.com,3
venezuela,mix941.com,3
venezuela,mondovisione.com,3
venezuela,montgomery-herald.com,3
venezuela,moose106.iheart.com,3
venezuela,muskogeephoenix.com,3
venezuela,muslimnews.co.uk,3
venezuela,myaustinminnesota.com,3
venezuela,mycrestonnow.com,3
venezuela,mykiss1031.com,3
venezuela,mylakelandnow.com,3
venezuela,mymagic949.com,3
venezuela,myozarksonline.com,3
venezuela,myspiritfm.com,3
venezuela,mywdia.iheart.com,3
venezuela,n4g.com,3
venezuela,nationalpost.com,3
venezuela,navytimes.com,3
venezuela,ncr-iran.org,3
venezuela,ndtv.com,3
venezuela,neowin.net,3
venezuela,newarkadvertiser.co.uk,3
venezuela,news-medical.net,3
venezuela,news.az,3
venezuela,news.coinupdate.com,3
venezuela,news.crossmap.com,3
venezuela,news.mit.edu,3
venezuela,newsobserver.com,3
venezuela,nhpr.org,3
venezuela,northqueenslandregister.com.au,3
venezuela,nrn.com,3
venezuela,nystateofpolitics.com,3
venezuela,obituaries.goshennews.com,3
venezuela,obituaries.heraldbulletin.com,3
venezuela,obituaries.muskogeephoenix.com,3
venezuela,oneindia.com,3
venezuela,openpr.com,3
venezuela,ottawasun.com,3
venezuela,owensoundsuntimes.com:443,3
venezuela,patch.com,3
venezuela,performancedrive.com.au,3
venezuela,perhamfocus.com,3
venezuela,perthnow.com.au,3
venezuela,petapixel.com,3
venezuela,peterboroughtoday.co.uk,3
venezuela,phoronix.com,3
venezuela,planetf1.com,3
venezuela,pleasantonweekly.com,3
venezuela,pluggedin.com,3
venezuela,pocket-lint.com,3
venezuela,portstephensexaminer.com.au,3
venezuela,princegeorgecitizen.com,3
venezuela,quesnelobserver.com,3
venezuela,raiders.com,3
venezuela,rfi.fr,3
venezuela,rivergrandrapids.com,3
venezuela,rock967.iheart.com,3
venezuela,royalgazette.com,3
venezuela,runthetrap.com,3
venezuela,sabrenoise.com,3
venezuela,sacurrent.com,3
venezuela,sanangelolive.com,3
venezuela,sbs.com.au,3
venezuela,se933.com,3
venezuela,seattletimes.com,3
venezuela,sedaliademocrat.com,3
venezuela,sflcn.com,3
venezuela,shark1053.com,3
venezuela,sidneyherald.com,3
venezuela,sltrib.com,3
venezuela,somersetlive.co.uk,3
venezuela,southernliving.com,3
venezuela,spokesman.com,3
venezuela,spotrac.com,3
venezuela,squatchrocks.com,3
venezuela,star1029.iheart.com,3
venezuela,star945.com,3
venezuela,statesboroherald.com,3
venezuela,steelers.com,3
venezuela,stereoboard.com,3
venezuela,sunny999fm.iheart.com,3
venezuela,swindonadvertiser.co.uk,3
venezuela,sydneysun.com,3
venezuela,t102.iheart.com,3
venezuela,taosnews.com,3
venezuela,tap.info.tn,3
venezuela,tass.com,3
venezuela,techrepublic.com,3
venezuela,telegrafi.com,3
venezuela,temple-news.com,3
venezuela,theadviser.com.au,3
venezuela,theatlantic.com,3
venezuela,thebig98.iheart.com,3
venezuela,thecatholicspirit.com,3
venezuela,thecitizen.com,3
venezuela,thedailycitizen.com,3
venezuela,thedailyguardian.net,3
venezuela,thefan1075.com,3
venezuela,thefranchiseok.com,3
venezuela,theifp.ca,3
venezuela,theislamicmonthly.com,3
venezuela,thekansan.com,3
venezuela,themarysue.com,3
venezuela,thenewamerican.com,3
venezuela,theonion.com,3
venezuela,theridgefieldpress.com,3
venezuela,thesierraleonetelegraph.com,3
venezuela,thesouthafrican.com,3
venezuela,thesouthernreporter.co.uk,3
venezuela,thestatesman.com,3
venezuela,thethaiger.com,3
venezuela,thetruthaboutcars.com,3
venezuela,thoibaotaichinhvietnam.vn,3
venezuela,timesherald.com,3
venezuela,timesleader.com,3
venezuela,tmj4.com,3
venezuela,tomsguide.com,3
venezuela,toucharcade.com,3
venezuela,travelpulse.com,3
venezuela,trentonian.ca:443,3
venezuela,tristatehomepage.com,3
venezuela,tvgrapevine.com,3
venezuela,tweaktown.com,3
venezuela,tylerpaper.com,3
venezuela,ukiahdailyjournal.com,3
venezuela,undeadwalking.com,3
venezuela,urbanmilwaukee.com,3
venezuela,v1019.com,3
venezuela,vaildaily.com,3
venezuela,vegnews.com,3
venezuela,veranda.com,3
venezuela,vervetimes.com,3
venezuela,vision.org.au,3
venezuela,voazimbabwe.com,3
venezuela,voxy.co.nz,3
venezuela,vtdigger.org,3
venezuela,wa1a.com,3
venezuela,wallstreetpit.com,3
venezuela,washingtoninstitute.org,3
venezuela,watchingamerica.com,3
venezuela,wattsupwiththat.com,3
venezuela,wbiw.com,3
venezuela,wbkb11.com,3
venezuela,wboc.com,3
venezuela,wbtv.com,3
venezuela,wctv.tv,3
venezuela,wemu.org,3
venezuela,westerntelegraph.co.uk,3
venezuela,westseattleblog.com,3
venezuela,westword.com,3
venezuela,wfhb.org,3
venezuela,wflafm.iheart.com,3
venezuela,wgnsradio.com,3
venezuela,whatsupnewp.com,3
venezuela,whitecourtstar.com:443,3
venezuela,whyy.org,3
venezuela,wiartonecho.com:443,3
venezuela,wiod.iheart.com,3
venezuela,wiscassetnewspaper.com,3
venezuela,wispolitics.com,3
venezuela,wjon.com,3
venezuela,wkkj.iheart.com,3
venezuela,wmay.com,3
venezuela,wmbfnews.com,3
venezuela,wmtw.com,3
venezuela,woai.iheart.com,3
venezuela,worthynews.com,3
venezuela,wpoc.iheart.com,3
venezuela,wrkf.org,3
venezuela,wrrv.com,3
venezuela,wshu.org,3
venezuela,wsvaonline.com,3
venezuela,wtkr.com,3
venezuela,wtvr.com,3
venezuela,wyomingnewsnow.tv,3
venezuela,wyomingpublicmedia.org,3
venezuela,wypr.org,3
venezuela,x1015.iheart.com,3
venezuela,z1035.com,3
venezuela,zehabesha.com,3
venezuela,zfenglish.com,3
gaza,1003thepeak.iheart.com,2
gaza,1015.iheart.com,2
gaza,1025thefox.iheart.com,2
gaza,102thebear.com,2
gaza,1031wndh.iheart.com,2
gaza,103gbfrocks.com,2
gaza,103jamz.iheart.com,2
gaza,1045thezone.com,2
gaza,1049bobfm.iheart.com,2
gaza,1053hotfm.com,2
gaza,21stcenturywire.com,2
gaza,4bu.com.au,2
gaza,790waeb.iheart.com,2
gaza,919thebend.ca,2
gaza,92qnashville.com,2
gaza,943thepoint.com,2
gaza,955themountain.iheart.com,2
gaza,957thebeat.iheart.com,2
gaza,961jamz.com,2
gaza,961kiss.iheart.com,2
gaza,963bigfm.com,2
gaza,971theeagle.iheart.com,2
gaza,981thebreeze.iheart.com,2
gaza,991kggi.iheart.com,2
gaza,99kisscountry.iheart.com,2
gaza,abajournal.com,2
gaza,abc27.com,2
gaza,accountingtoday.com,2
gaza,actionnewsjax.com,2
gaza,advocate-news.com,2
gaza,advocateanddemocrat.com,2
gaza,adweek.com,2
gaza,afr.com,2
gaza,airliners.net,2
gaza,ajmc.com,2
gaza,ajot.com,2
gaza,akihabaranews.com,2
gaza,al-awassef.com,2
gaza,al-monitor.com,2
gaza,alice1077.com,2
gaza,aliran.com,2
gaza,apartmenttherapy.com,2
gaza,appleinsider.com,2
gaza,applevalleynewsnow.com,2
gaza,archaeology.org,2
gaza,arizonadailyindependent.com,2
gaza,arkansasonline.com,2
gaza,arlnow.com,2
gaza,asianaviation.com,2
gaza,asiaone.com,2
gaza,athensnews.com,2
gaza,awesome98.com,2
gaza,azbigmedia.com,2
gaza,b1027.com,2
gaza,b97fm.iheart.com,2
gaza,babalublog.com,2
gaza,bahamaspress.com,2
gaza,barbadostoday.bb,2
gaza,bartlesvilleradio.com,2
gaza,bbc.com,2
gaza,beaufortcountynow.com,2
gaza,bellevuereporter.com,2
gaza,bendbulletin.com,2
gaza,bgdailynews.com,2
gaza,bigcountry969.com,2
gaza,bigoven.com,2
gaza,biodieselmagazine.com,2
gaza,bismarcktribune.com,2
gaza,blueprint.ng,2
gaza,bmwblog.com,2
gaza,bnd.com,2
gaza,borehamwoodtimes.co.uk,2
gaza,boston25news.com,2
gaza,bostonmagazine.com,2
gaza,boxingnews24.com,2
gaza,breakingdefense.com,2
gaza,britannica.com:443,2
gaza,brownfieldagnews.com,2
gaza,bull1057.iheart.com,2
gaza,bullfrag.com,2
gaza,business.scoop.co.nz,2
gaza,businessden.com,2
gaza,businessworld.in,2
gaza,cachevalleydaily.com,2
gaza,calgarysun.com,2
gaza,californianewswire.com,2
gaza,campaignasia.com:443,2
gaza,carmagazine.co.uk:443,2
gaza,cbs8.com,2
gaza,centralmaine.com,2
gaza,chathamthisweek.com:443,2
gaza,chch.com,2
gaza,cheatsheet.com,2
gaza,chimpreports.com,2
gaza,chippewa.com,2
gaza,chisagocountypress.com,2
gaza,christianpost.com:443,2
gaza,chronicle.lu,2
gaza,chronicleonline.com,2
gaza,chvnradio.com,2
gaza,circleid.com,2
gaza,classichits925.com,2
gaza,clclt.com,2
gaza,clydebankpost.co.uk,2
gaza,cnbc.com,2
gaza,columbustelegram.com,2
gaza,cool925.iheart.com,2
gaza,crisisgroup.org,2
gaza,crooksandliars.com,2
gaza,dailyadvertiser.com.au,2
gaza,dailyddt.com,2
gaza,dailygazette.com,2
gaza,dailymirror.lk,2
gaza,dakotawarcollege.com,2
gaza,danspapers.com,2
gaza,darientimes.com,2
gaza,dawindycity.com,2
gaza,dawnofthedawg.com,2
gaza,dealgenius.com,2
gaza,dealstreetasia.com,2
gaza,derrynow.com,2
gaza,deseret.com,2
gaza,designnews.com,2
gaza,detroitlions.com,2
gaza,dnyuz.com,2
gaza,dominicantoday.com,2
gaza,donegalnews.com,2
gaza,doorcountydailynews.com,2
gaza,dose.ca,2
gaza,dothaneagle.com,2
gaza,drive.com.au,2
gaza,dunyanews.tv,2
gaza,dve.iheart.com,2
gaza,dw.com,2
gaza,echo.net.au,2
gaza,economiccollapsenews.com,2
gaza,economictimes.indiatimes.com,2
gaza,economist.com,2
gaza,effinghamradio.com,2
gaza,electric949.com,2
gaza,elitedaily.com,2
gaza,en.shafaqna.com,2
gaza,enca.com,2
gaza,enewscourier.com,2
gaza,etonline.com,2
gaza,eurekalert.org,2
gaza,events.qns.com,2
gaza,expressandstar.com,2
gaza,falkirkherald.co.uk,2
gaza,famoushookups.com,2
gaza,fark.com,2
gaza,farmersjournal.ie,2
gaza,fbcnews.com.fj,2
gaza,fda.gov,2
gaza,feedstuffs.com,2
gaza,fijivillage.com,2
gaza,filmibeat.com,2
gaza,firerescue1.com:443,2
gaza,firstalert4.com,2
gaza,fltimes.com,2
gaza,formula1.com,2
gaza,fortworthbusiness.com,2
gaza,forums.appleinsider.com,2
gaza,fox21news.com,2
gaza,fox2detroit.com,2
gaza,france24.com,2
gaza,frontpageafricaonline.com,2
gaza,fudzilla.com,2
gaza,galvnews.com,2
gaza,geograph.org.uk,2
gaza,github.com,2
gaza,golocalprov.com,2
gaza,goskagit.com,2
gaza,greensboro.com,2
gaza,gulf104.com,2
gaza,gulfcoastmedia.com,2
gaza,gvnews.com,2
gaza,haaretzdaily.com,2
gaza,hackaday.com,2
gaza,hartenergy.com,2
gaza,healthcarefinancenews.com,2
gaza,hellomagazine.com,2
gaza,herald-zeitung.com,2
gaza,heraldscotland.com,2
gaza,historiccity.com,2
gaza,hometownstation.com,2
gaza,hooversun.com,2
gaza,horseshoeheroes.com,2
gaza,hotelnewsresource.com,2
gaza,hothardware.com,2
gaza,houston.culturemap.com,2
gaza,hpherald.com,2
gaza,hub-4.com,2
gaza,idahocapitalsun.com,2
gaza,ilcittadinoonline.it,2
gaza,indepthnh.org,2
gaza,indiatimes.com,2
gaza,informationng.com,2
gaza,insider.com,2
gaza,insidetheiggles.com,2
gaza,instyle.com,2
gaza,ipswichstar.co.uk,2
gaza,isustudentmedia.com,2
gaza,j-14.com,2
gaza,jamaica-star.com,2
gaza,jamestownsun.com,2
gaza,jamz963.com,2
gaza,jaxdailyrecord.com,2
gaza,jewishtimes.com,2
gaza,johnsoncitypress.com,2
gaza,jonathanturley.org,2
gaza,jowhar.com,2
gaza,kcbd.com,2
gaza,kelo.com,2
gaza,keyt.com,2
gaza,kfanplus.iheart.com,2
gaza,kfmqrock1061.iheart.com,2
gaza,khar590.com,2
gaza,khow.iheart.com,2
gaza,kicdam.com,2
gaza,kicnews.org,2
gaza,kiss-1031.com,2
gaza,kissalbany.iheart.com,2
gaza,kix106.com,2
gaza,kjkj.iheart.com,2
gaza,kkrt.com,2
gaza,kksa-am.com,2
gaza,kniakrls.com,2
gaza,koacolorado.iheart.com,2
gaza,kool965.com,2
gaza,kool973.com,2
gaza,kosi101.com,2
gaza,kowb1290.com,2
gaza,kpig.com,2
gaza,krbe.com,2
gaza,krq.iheart.com,2
gaza,ksenam.com,2
gaza,ksfa860.com,2
gaza,kstp.com,2
gaza,ktvu.com,2
gaza,kuathletics.com,2
gaza,kxnet.com,2
gaza,kz103.iheart.com,2
gaza,la.eater.com,2
gaza,lakeshoreadvance.com:443,2
gaza,lamarledger.com,2
gaza,lasvegassun.com,2
gaza,lebanondemocrat.com,2
gaza,legallyindia.com,2
gaza,lep.co.uk,2
gaza,lexch.com,2
gaza,liberty.edu,2
gaza,limaohio.com,2
gaza,limelightmagazine.com.au,2
gaza,lite96.com,2
gaza,live959.com,2
gaza,livemint.com,2
gaza,livescience.com,2
gaza,londonmercury.com,2
gaza,longisland.com,2
gaza,lostcoastoutpost.com,2
gaza,loudwire.com,2
gaza,mactech.com,2
gaza,malibutimes.com,2
gaza,marylandreporter.com,2
gaza,mashable.com,2
gaza,mcnews.com.au,2
gaza,mediaforfreedom.com,2
gaza,medindia.net,2
gaza,messengernewspapers.co.uk,2
gaza,metro-magazine.com,2
gaza,mewc.org,2
gaza,militarytimes.com,2
gaza,miningjournal.net,2
gaza,mix1049.com.au,2
gaza,mix106radio.com,2
gaza,mix1077.iheart.com,2
gaza,mix965tulsa.com,2
gaza,mixmaine.com,2
gaza,mojo1029.com,2
gaza,moldpres.md,2
gaza,money.usnews.com,2
gaza,montereycountyweekly.com,2
gaza,movies.mxdwn.com,2
gaza,mta.maryland.gov,2
gaza,mykisscountry937.com,2
gaza,mymagic101.iheart.com,2
gaza,myrtlebeachonline.com,2
gaza,namibian.com.na,2
gaza,nasaspaceflight.com,2
gaza,nashfm937.com,2
gaza,nationalinterest.org,2
gaza,nbcmontana.com,2
gaza,ndtv.com,2
gaza,nevadaappeal.com,2
gaza,nevadabusiness.com,2
gaza,news.antiwar.com,2
gaza,news.prairiepublic.org,2
gaza,news.wosu.org,2
gaza,newscentermaine.com,2
gaza,newstalkkgvo.com,2
gaza,nigerianbulletin.com,2
gaza,nigerianeye.com,2
gaza,nj1015.com,2
gaza,nny360.com,2
gaza,normantranscript.com,2
gaza,northcountrypublicradio.org,2
gaza,northernminer.com,2
gaza,northfortmyersneighbor.com,2
gaza,nowgrenada.com,2
gaza,nripress.com,2
gaza,nwnewsnetwork.org,2
gaza,obituaries.enidnews.com,2
gaza,obituaries.starbeacon.com,2
gaza,oilonwhyte.com,2
gaza,onlineopinion.com.au,2
gaza,orangeville.com,2
gaza,orthospinenews.com,2
gaza,people.com,2
gaza,peterboroughtoday.co.uk,2
gaza,pinstripealley.com,2
gaza,plansponsor.com,2
gaza,portstephensexaminer.com.au,2
gaza,postbulletin.com,2
gaza,powerorlando.com,2
gaza,prunderground.com,2
gaza,pulitzercenter.org,2
gaza,purplerow.com,2
gaza,q1043.iheart.com,2
gaza,qns.com,2
gaza,questmag.com,2
gaza,quintenews.com,2
gaza,rador.ro,2
gaza,raptorsrapture.com,2
gaza,rbth.com,2
gaza,realestate.com.au,2
gaza,regina.ctvnews.ca,2
gaza,reporter.net,2
gaza,rexburgstandardjournal.com,2
gaza,richardcrouse.ca,2
gaza,road.cc,2
gaza,rock921.iheart.com,2
gaza,rock94.com,2
gaza,rottentomatoes.com,2
gaza,royalcentral.co.uk,2
gaza,rustonleader.com,2
gaza,rutlandherald.com,2
gaza,sacbee.com,2
gaza,sactownmag.com,2
gaza,saharareporters.com,2
gaza,sanangelolive.com,2
gaza,sawatdeenetwork.com,2
gaza,seaforthhuronexpositor.com:443,2
gaza,shop-eat-surf.com,2
gaza,sixerswire.usatoday.com,2
gaza,socialmediatoday.com,2
gaza,sosradio.net,2
gaza,sott.net,2
gaza,sounderatheart.com,2
gaza,southtahoenow.com,2
gaza,spacedaily.com,2
gaza,spaceref.com,2
gaza,speedway.tucson.com,2
gaza,star941fm.iheart.com,2
gaza,steelerswire.usatoday.com,2
gaza,stgeorgeutah.com,2
gaza,stylecaster.com,2
gaza,sunjournal.com,2
gaza,sunnewsonline.com,2
gaza,tahlequahdailypress.com,2
gaza,taiwannews.com.tw,2
gaza,tampabay.com,2
gaza,tcbmag.com,2
gaza,tctmd.com,2
gaza,tennesseedaily.com,2
gaza,tennesseetitans.com,2
gaza,texarkanagazette.com,2
gaza,texastribune.org,2
gaza,the-messenger.com,2
gaza,theadvocate.com,2
gaza,thearabdailynews.com,2
gaza,theatlantic.com,2
gaza,thebull1017.iheart.com,2
gaza,thecork.ie,2
gaza,thecostaricanews.com,2
gaza,thecourier.co.uk,2
gaza,thecourierexpress.com,2
gaza,thedailynewsonline.com,2
gaza,theeagle.com,2
gaza,thefutoncritic.com,2
gaza,theintercept.com,2
gaza,thejakartapost.com,2
gaza,thejudge13.com,2
gaza,theland.com.au,2
gaza,thelincolnite.co.uk,2
gaza,themedialine.org,2
gaza,theorion.com,2
gaza,thepacket.ca,2
gaza,thepiratescove.us,2
gaza,theportugalnews.com,2
gaza,theriver1059.iheart.com,2
gaza,therocket951.com,2
gaza,thesmokinggun.com,2
gaza,thestar.com,2
gaza,thetelegraphandargus.co.uk,2
gaza,thetrucker.com,2
gaza,theweekender.com,2
gaza,thezone1059.com,2
gaza,thisdaylive.com,2
gaza,thv11.com,2
gaza,timesdaily.com,2
gaza,timeslive.co.za,2
gaza,timesnewspapers.com,2
gaza,timesofsandiego.com,2
gaza,toronto.com,2
gaza,trentonian.ca:443,2
gaza,trentonian.com,2
gaza,tri-cityherald.com,2
gaza,trinidadexpress.com,2
gaza,tulsaworld.com,2
gaza,ucmo.edu,2
gaza,uk.style.yahoo.com,2
gaza,undp.org,2
gaza,union-bulletin.com,2
gaza,universe.byu.edu,2
gaza,unmultimedia.org,2
gaza,upstreamonline.com,2
gaza,us105fm.com,2
gaza,usa.inquirer.net,2
gaza,usmagazine.com,2
gaza,uzmanpara.milliyet.com.tr,2
gaza,vancouversun.com:443,2
gaza,vegnews.com,2
gaza,venturebeat.com,2
gaza,voicenews.com,2
gaza,vox.com,2
gaza,voxy.co.nz,2
gaza,vtcng.com,2
gaza,wach.com,2
gaza,wafb.com,2
gaza,wagmtv.com,2
gaza,wallaceburgcourierpress.com:443,2
gaza,warm1033.com,2
gaza,watchingamerica.com,2
gaza,wattsupwiththat.com,2
gaza,wccftech.com,2
gaza,wclk.com,2
gaza,wcsg.org,2
gaza,wdsd.iheart.com,2
gaza,wdvx.com,2
gaza,weaintgotnohistory.sbnation.com,2
gaza,webpronews.com,2
gaza,weirtondailytimes.com,2
gaza,wenxuecity.com,2
gaza,westfaironline.com,2
gaza,wfxl.com,2
gaza,wgal.com,2
gaza,wgmd.com,2
gaza,wgmz.iheart.com,2
gaza,wgno.com,2
gaza,wgy.iheart.com,2
gaza,whatsnew2day.com,2
gaza,wifr.com,2
gaza,wildcatbluenation.com,2
gaza,wilx.com,2
gaza,winchesterstar.com,2
gaza,wineandspiritsmagazine.com,2
gaza,winnipeg.ctvnews.ca,2
gaza,wiscnews.com,2
gaza,wishtv.com,2
gaza,wjjz.iheart.com,2
gaza,wjlbdetroit.iheart.com,2
gaza,wjtn.com,2
gaza,wkbn.com,2
gaza,wkbw.com,2
gaza,wkrn.com,2
gaza,wktn.com,2
gaza,wltx.com,2
gaza,wlwi.com,2
gaza,wmbr.org,2
gaza,wnep.com,2
gaza,worthplaying.com,2
gaza,wosu.org,2
gaza,wowo.com,2
gaza,wpri.com,2
gaza,wpst.com,2
gaza,wrfi.org,2
gaza,wsbtv.com,2
gaza,wthitv.com,2
gaza,wtmj.com,2
gaza,wtok.com,2
gaza,wtug.com,2
gaza,wtvr.com,2
gaza,wwltv.com,2
gaza,www3.nhk.or.jp,2
gaza,wxfx.com,2
gaza,wyldfm.iheart.com,2
gaza,wzpl.com,2
gaza,y969.iheart.com,2
gaza,yachtingmagazine.com,2
gaza,yogonet.com,2
gaza,z106.iheart.com,2
gaza,z93jamz.com,2
gaza,zennie62blog.com,2
gaza,zrock103.com,2
ukraine,1015thehawk.com,2
ukraine,1019online.com,2
ukraine,101magic.iheart.com,2
ukraine,1021thebull.iheart.com,2
ukraine,102ktra.iheart.com,2
ukraine,1035kissfm.iheart.com,2
ukraine,1035kissfmboise.com,2
ukraine,103wjod.com,2
ukraine,1059therock.iheart.com,2
ukraine,106khq.com,2
ukraine,1075zoofm.com,2
ukraine,1077thefox.iheart.com,2
ukraine,1150kknw.com,2
ukraine,11alive.com,2
ukraine,12news.com,2
ukraine,2paragraphs.com,2
ukraine,41nbc.com,2
ukraine,5280.com,2
ukraine,7thspace.com,2
ukraine,959kissfm.com,2
ukraine,95ksj.iheart.com,2
ukraine,961therocket.iheart.com,2
ukraine,969thekat.iheart.com,2
ukraine,975online.iheart.com,2
ukraine,975wcos.iheart.com,2
ukraine,993thex.com,2
ukraine,99kisscountry.iheart.com,2
ukraine,adsoftheworld.com,2
ukraine,africa-confidential.com,2
ukraine,africa.com,2
ukraine,africanexaminer.com,2
ukraine,aggie96.iheart.com,2
ukraine,al-monitor.com,2
ukraine,alabamanewscenter.com,2
ukraine,alt1045philly.iheart.com,2
ukraine,am-online.com,2
ukraine,anewsa.com,2
ukraine,asahi.com,2
ukraine,autonews.com,2
ukraine,b101.iheart.com,2
ukraine,backpacker.com,2
ukraine,baigenews.kz,2
ukraine,barbadostoday.bb,2
ukraine,battlefordsnow.com,2
ukraine,blackandredunited.com,2
ukraine,bleacherreport.com,2
ukraine,bluebirdbanter.com,2
ukraine,bnamericas.com,2
ukraine,bondbuyer.com,2
ukraine,boston.com,2
ukraine,bpnews.net,2
ukraine,bridgemi.com,2
ukraine,brisbanetimes.com.au,2
ukraine,buffalonews.com,2
ukraine,businessinsurance.com,2
ukraine,ca.news.yahoo.com,2
ukraine,cachevalleydaily.com,2
ukraine,calcoastnews.com,2
ukraine,cardschat.com,2
ukraine,cato.org,2
ukraine,cbs19.tv,2
ukraine,centralmaine.com,2
ukraine,chicagonow.com,2
ukraine,christianpost.com,2
ukraine,clintonnewsrecord.com,2
ukraine,cme.healio.com,2
ukraine,codepink.org,2
ukraine,collive.com,2
ukraine,concordmonitor.com,2
ukraine,country-guide.ca,2
ukraine,country925.iheart.com,2
ukraine,courthousenews.com,2
ukraine,crainsnewyork.com,2
ukraine,cuindependent.com,2
ukraine,cuinsight.com,2
ukraine,daily-journal.com,2
ukraine,dailynorthwestern.com,2
ukraine,dailyprogress.com,2
ukraine,dailytarheel.com,2
ukraine,dealstreetasia.com,2
ukraine,desiblitz.com,2
ukraine,dmagazine.com,2
ukraine,dtnext.in,2
ukraine,edmontonjournal.com,2
ukraine,elledecor.com,2
ukraine,elpasotimes.com,2
ukraine,en.as.com,2
ukraine,en.mercopress.com,2
ukraine,energyintel.com,2
ukraine,english.alaraby.co.uk,2
ukraine,entrepreneur.com,2
ukraine,equibase.com,2
ukraine,extralunchmoney.com,2
ukraine,fairfieldcitizenonline.com,2
ukraine,fairviewpost.com,2
ukraine,financial-planning.com,2
ukraine,finchannel.com,2
ukraine,fltimes.com,2
ukraine,fool.ca,2
ukraine,foundry-planet.com,2
ukraine,fox6now.com,2
ukraine,fox7austin.com,2
ukraine,foxcarolina.com,2
ukraine,foxsports1450.iheart.com,2
ukraine,freightwaves.com,2
ukraine,froggy1003.com,2
ukraine,gardenandgun.com,2
ukraine,geneamusings.com,2
ukraine,genomeweb.com,2
ukraine,georgiarecorder.com,2
ukraine,gillettenewsrecord.com,2
ukraine,gizchina.com,2
ukraine,globalvoices.org,2
ukraine,goerie.com,2
ukraine,govexec.com,2
ukraine,grainews.ca,2
ukraine,gulfnews.com,2
ukraine,gwinnettdailypost.com,2
ukraine,gzeromedia.com,2
ukraine,harrogate-news.co.uk,2
ukraine,hawaii.edu,2
ukraine,heraldtribune.com,2
ukraine,hits1061seattle.iheart.com,2
ukraine,hjnews.com,2
ukraine,hortweek.com,2
ukraine,hot96.com,2
ukraine,hydrocarbonprocessing.com,2
ukraine,hypebeast.com,2
ukraine,image.ie,2
ukraine,imore.com,2
ukraine,impartialreporter.com,2
ukraine,indiancountrytoday.com,2
ukraine,insidelacrosse.com,2
ukraine,intermatwrestle.com,2
ukraine,investmentwatchblog.com,2
ukraine,jamestown.org,2
ukraine,jpost.com,2
ukraine,jtv.com,2
ukraine,justiceinfo.net,2
ukraine,k99fm.iheart.com,2
ukraine,kalw.org,2
ukraine,kase101.iheart.com,2
ukraine,kashcountry1075.iheart.com,2
ukraine,kbpi.iheart.com,2
ukraine,kegl.iheart.com,2
ukraine,kentlive.news,2
ukraine,kfyi.iheart.com,2
ukraine,kissalbany.iheart.com,2
ukraine,klaw.com,2
ukraine,klcc.org,2
ukraine,kmbc.com,2
ukraine,knco.com,2
ukraine,kobi5.com,2
ukraine,koco.com,2
ukraine,kowb1290.com,2
ukraine,kstp.com,2
ukraine,kunc.org,2
ukraine,kvue.com,2
ukraine,kwsn.com,2
ukraine,laist.com,2
ukraine,laramielive.com,2
ukraine,latestly.com,2
ukraine,lawandcrime.com,2
ukraine,leoweekly.com,2
ukraine,libn.com,2
ukraine,livemint.com,2
ukraine,local3news.com,2
ukraine,longbeachstar.com,2
ukraine,macrumors.com,2
ukraine,magnoliareporter.com,2
ukraine,manutd.com,2
ukraine,marca.com,2
ukraine,maribyrnonghobsonsbay.starweekly.com.au,2
ukraine,mauimagazine.net,2
ukraine,meadvilletribune.com,2
ukraine,melfortjournal.com,2
ukraine,merrittherald.com,2
ukraine,michigansthumb.com,2
ukraine,middleeasteye.net,2
ukraine,mixmaine.com,2
ukraine,money.yahoo.com,2
ukraine,muscatinejournal.com,2
ukraine,muskogeephoenix.com,2
ukraine,mutigers.com,2
ukraine,my100fm.iheart.com,2
ukraine,mycouriertribune.com,2
ukraine,mykiss1031.com,2
ukraine,mywdia.iheart.com,2
ukraine,nationalmortgageprofessional.com,2
ukraine,nationalpost.com,2
ukraine,nature.com,2
ukraine,nbcnewyork.com,2
ukraine,newcountry1039fm.iheart.com,2
ukraine,news.antiwar.com,2
ukraine,news.punchjump.com,2
ukraine,newsandstar.co.uk,2
ukraine,newsargus.com,2
ukraine,newsminer.com,2
ukraine,newspressnow.com,2
ukraine,newsradio1470.iheart.com,2
ukraine,newsroom.ucla.edu,2
ukraine,newsroompanama.com,2
ukraine,nigerianeye.com,2
ukraine,nogalesinternational.com,2
ukraine,normantranscript.com,2
ukraine,nuclearstreet.com,2
ukraine,nugget.ca,2
ukraine,nxtmine.com,2
ukraine,oaoa.com,2
ukraine,osubeavers.com,2
ukraine,oversixty.com.au,2
ukraine,owensoundsuntimes.com,2
ukraine,parkrapidsenterprise.com,2
ukraine,pbn.com,2
ukraine,pbs.org,2
ukraine,pdxmonthly.com,2
ukraine,performancedrive.com.au,2
ukraine,pghcitypaper.com,2
ukraine,phys.org,2
ukraine,pikecountycourier.com,2
ukraine,plannedparenthoodaction.org,2
ukraine,plasticsnews.com,2
ukraine,polandsun.com,2
ukraine,popcrush.com,2
ukraine,portsmouth-dailytimes.com,2
ukraine,portsmouth.co.uk,2
ukraine,postandcourier.com,2
ukraine,powderbulksolids.com,2
ukraine,power1009.iheart.com,2
ukraine,poweronline.com,2
ukraine,press-citizen.com,2
ukraine,pro32.ap.org,2
ukraine,proactiveinvestors.com.au,2
ukraine,punknews.org,2
ukraine,registerguard.com,2
ukraine,rejournals.com,2
ukraine,restonnow.com,2
ukraine,reversemortgagedaily.com,2
ukraine,rferl.org,2
ukraine,richardcrouse.ca,2
ukraine,riponpress.com,2
ukraine,rock107mb.iheart.com,2
ukraine,rrstar.com,2
ukraine,runnermag.ca,2
ukraine,sarasotamagazine.com,2
ukraine,savannahnow.com,2
ukraine,scvnews.com,2
ukraine,seacoastcurrent.com,2
ukraine,seenews.com,2
ukraine,shorelinebeacon.com,2
ukraine,simcoereformer.ca,2
ukraine,soapoperadigest.com,2
ukraine,sourcingjournal.com,2
ukraine,southeast.newschannelnebraska.com,2
ukraine,southernminn.com,2
ukraine,southtahoenow.com,2
ukraine,spectrumnews1.com,2
ukraine,standardbredcanada.ca,2
ukraine,statecollege.com,2
ukraine,stevivor.com,2
ukraine,sunjournal.com,2
ukraine,sunriseseniorliving.com,2
ukraine,swtimes.com,2
ukraine,tallahassee.com,2
ukraine,tcpalm.com,2
ukraine,techxplore.com,2
ukraine,tellerreport.com,2
ukraine,tellychakkar.com,2
ukraine,tennessean.com,2
ukraine,thailandnews.net,2
ukraine,theacc.com,2
ukraine,theathletic.com,2
ukraine,theconcordian.com,2
ukraine,thedailynewsonline.com,2
ukraine,theday.com,2
ukraine,theintelligencer.com,2
ukraine,thenewpulsefm.com,2
ukraine,theproducenews.com,2
ukraine,theprogressnews.com,2
ukraine,thesalemnewsonline.com,2
ukraine,thetablet.org,2
ukraine,thetwister.iheart.com,2
ukraine,times-journal.com,2
ukraine,timeshighereducation.com,2
ukraine,tk101.iheart.com,2
ukraine,tolerance.ca,2
ukraine,toronto.ctvnews.ca,2
ukraine,townhall.com,2
ukraine,tribune.com.pk,2
ukraine,tribuneonlineng.com,2
ukraine,tsnn.com,2
ukraine,ubergizmo.com,2
ukraine,uefa.com,2
ukraine,ukrinform.net,2
ukraine,umterps.com,2
ukraine,unionleader.com,2
ukraine,utahbusiness.com,2
ukraine,valleybreeze.com,2
ukraine,waterford-news.ie,2
ukraine,wbhm.org,2
ukraine,wbry.com,2
ukraine,wcol.iheart.com,2
ukraine,wctrib.com,2
ukraine,wcvu.iheart.com,2
ukraine,weareiowa.com,2
ukraine,wemu.org,2
ukraine,westernmassnews.com,2
ukraine,westkentuckystar.com,2
ukraine,wfmf.iheart.com,2
ukraine,wheb.iheart.com,2
ukraine,whopam.com,2
ukraine,winonapost.com,2
ukraine,wionews.com,2
ukraine,wisbusiness.com,2
ukraine,witl.com,2
ukraine,wjbt.iheart.com,2
ukraine,wjon.com,2
ukraine,wjrz.com,2
ukraine,wkbw.com,2
ukraine,wkdzradio.com,2
ukraine,wmgk.com,2
ukraine,wqmf.iheart.com,2
ukraine,wtae.com,2
ukraine,wwaytv3.com,2
ukraine,www2.ljworld.com,2
ukraine,xxlmag.com,2
ukraine,yesmagazine.org,2
ukraine,z100radio.iheart.com,2
ukraine,z943radio.com,2
venezuela,1003thepeak.iheart.com,2
venezuela,1015.iheart.com,2
venezuela,1025kiss.com,2
venezuela,1025thefox.iheart.com,2
venezuela,1029thelake.iheart.com,2
venezuela,102thebear.com,2
venezuela,1031wndh.iheart.com,2
venezuela,103gbfrocks.com,2
venezuela,103jamz.iheart.com,2
venezuela,1045thezone.com,2
venezuela,1049bobfm.iheart.com,2
venezuela,1053hotfm.com,2
venezuela,1150kknw.com,2
venezuela,1460kltc.iheart.com,2
venezuela,21stcenturywire.com,2
venezuela,76crimes.com,2
venezuela,790waeb.iheart.com,2
venezuela,919thebend.ca,2
venezuela,92moose.fm,2
venezuela,92qnashville.com,2
venezuela,945rocks.iheart.com,2
venezuela,955themountain.iheart.com,2
venezuela,957thebeat.iheart.com,2
venezuela,961jamz.com,2
venezuela,961kiss.iheart.com,2
venezuela,963bigfm.com,2
venezuela,965thewalleye.com,2
venezuela,971theeagle.iheart.com,2
venezuela,981thebreeze.iheart.com,2
venezuela,987thebull.com,2
venezuela,991kggi.iheart.com,2
venezuela,99kisscountry.iheart.com,2
venezuela,abajournal.com,2
venezuela,abc27.com,2
venezuela,actionnewsjax.com,2
venezuela,advocate-news.com,2
venezuela,advocateanddemocrat.com,2
venezuela,adweek.com,2
venezuela,afr.com,2
venezuela,airliners.net,2
venezuela,ajmc.com,2
venezuela,ajot.com,2
venezuela,akihabaranews.com,2
venezuela,al-monitor.com,2
venezuela,alice1077.com,2
venezuela,aliran.com,2
venezuela,apartmenttherapy.com,2
venezuela,appleinsider.com,2
venezuela,applevalleynewsnow.com,2
venezuela,archaeology.org,2
venezuela,arizonadailyindependent.com,2
venezuela,arrowheadaddict.com,2
venezuela,asianaviation.com,2
venezuela,asiaone.com,2
venezuela,athensnews.com,2
venezuela,auburnpub.com,2
venezuela,awate.com,2
venezuela,b1027.com,2
venezuela,b93.net,2
venezuela,b97fm.iheart.com,2
venezuela,babalublog.com,2
venezuela,bahamaspress.com,2
venezuela,bankrate.com,2
venezuela,barbadostoday.bb,2
venezuela,bartlesvilleradio.com,2
venezuela,beaufortcountynow.com,2
venezuela,bellevuereporter.com,2
venezuela,bendbulletin.com,2
venezuela,bernews.com,2
venezuela,betakit.com,2
venezuela,bgdailynews.com,2
venezuela,bigcountry969.com,2
venezuela,bigoven.com,2
venezuela,biodieselmagazine.com,2
venezuela,bismarcktribune.com,2
venezuela,blogherald.com,2
venezuela,bloomsbury.com:443,2
venezuela,blueprint.ng,2
venezuela,bmwblog.com,2
venezuela,bnd.com,2
venezuela,borehamwoodtimes.co.uk,2
venezuela,boston25news.com,2
venezuela,bostonmagazine.com,2
venezuela,boxingnews24.com,2
venezuela,breakingdefense.com,2
venezuela,britannica.com:443,2
venezuela,brownfieldagnews.com,2
venezuela,buccaneers.com,2
venezuela,bull1057.iheart.com,2
venezuela,bullfrag.com,2
venezuela,business.scoop.co.nz,2
venezuela,businessden.com,2
venezuela,businessworld.in,2
venezuela,californianewswire.com,2
venezuela,campaignasia.com:443,2
venezuela,carmagazine.co.uk:443,2
venezuela,cbs8.com,2
venezuela,centralmaine.com,2
venezuela,chathamthisweek.com:443,2
venezuela,cheatsheet.com,2
venezuela,chippewa.com,2
venezuela,chisagocountypress.com,2
venezuela,chronicle.lu,2
venezuela,chronicleonline.com,2
venezuela,circleid.com,2
venezuela,cjme.com,2
venezuela,clarkesworldmagazine.com,2
venezuela,classichits925.com,2
venezuela,clclt.com,2
venezuela,clydebankpost.co.uk,2
venezuela,cnbc.com,2
venezuela,coinspeaker.com,2
venezuela,coladaily.com,2
venezuela,columbustelegram.com,2
venezuela,cool925.iheart.com,2
venezuela,crisisgroup.org,2
venezuela,cyprus-mail.com,2
venezuela,dailyadvertiser.com.au,2
venezuela,dailyddt.com,2
venezuela,dailyinterlake.com,2
venezuela,dakotawarcollege.com,2
venezuela,danspapers.com,2
venezuela,darientimes.com,2
venezuela,davidpakman.com,2
venezuela,davisenterprise.com,2
venezuela,dawindycity.com,2
venezuela,dawnofthedawg.com,2
venezuela,dawsonnews.com,2
venezuela,dealgenius.com,2
venezuela,dealstreetasia.com,2
venezuela,derryjournal.com,2
venezuela,derrynow.com,2
venezuela,deseret.com,2
venezuela,designnews.com,2
venezuela,detroitlions.com,2
venezuela,dnyuz.com,2
venezuela,dominicantoday.com,2
venezuela,doorcountydailynews.com,2
venezuela,dose.ca,2
venezuela,dothaneagle.com,2
venezuela,drive.com.au,2
venezuela,dunyanews.tv,2
venezuela,dve.iheart.com,2
venezuela,echo.net.au,2
venezuela,economiccollapsenews.com,2
venezuela,economictimes.indiatimes.com,2
venezuela,economist.com,2
venezuela,effinghamradio.com,2
venezuela,electric949.com,2
venezuela,elitedaily.com,2
venezuela,en.shafaqna.com,2
venezuela,en.trend.az,2
venezuela,enca.com,2
venezuela,enewscourier.com,2
venezuela,etonline.com,2
venezuela,eurekalert.org,2
venezuela,events.longislandpress.com,2
venezuela,events.qns.com,2
venezuela,expressandstar.com,2
venezuela,falkirkherald.co.uk,2
venezuela,famoushookups.com,2
venezuela,fark.com,2
venezuela,farmersjournal.ie,2
venezuela,fbcnews.com.fj,2
venezuela,fda.gov,2
venezuela,feedstuffs.com,2
venezuela,fierce-network.com,2
venezuela,fijivillage.com,2
venezuela,firerescue1.com:443,2
venezuela,firstalert4.com,2
venezuela,firstalert7.com,2
venezuela,fltimes.com,2
venezuela,formula1.com,2
venezuela,fortworthbusiness.com,2
venezuela,forums.appleinsider.com,2
venezuela,fox21news.com,2
venezuela,fox4now.com,2
venezuela,france24.com,2
venezuela,frontpageafricaonline.com,2
venezuela,fudzilla.com,2
venezuela,galvnews.com,2
venezuela,geograph.org.uk,2
venezuela,github.com,2
venezuela,greensboro.com,2
venezuela,gulf104.com,2
venezuela,gulfcoastmedia.com,2
venezuela,gvnews.com,2
venezuela,haaretzdaily.com,2
venezuela,hackaday.com,2
venezuela,harringayonline.com,2
venezuela,hartenergy.com,2
venezuela,healthcarefinancenews.com,2
venezuela,heraldcourier.com,2
venezuela,heraldextra.com,2
venezuela,heraldscotland.com,2
venezuela,heraldstandard.com,2
venezuela,historiccity.com,2
venezuela,hometownstation.com,2
venezuela,hooversun.com,2
venezuela,horseshoeheroes.com,2
venezuela,hot1047.com,2
venezuela,hotelnewsresource.com,2
venezuela,hothardware.com,2
venezuela,houston.culturemap.com,2
venezuela,hpherald.com,2
venezuela,hub-4.com,2
venezuela,hudsonreporter.com,2
venezuela,hyperallergic.com,2
venezuela,idahocapitalsun.com,2
venezuela,ilcittadinoonline.it,2
venezuela,indepthnh.org,2
venezuela,indiatimes.com,2
venezuela,informationng.com,2
venezuela,insidenova.com,2
venezuela,insider.com,2
venezuela,insidetheiggles.com,2
venezuela,instyle.com,2
venezuela,ipolitics.ca,2
venezuela,ipswichstar.co.uk,2
venezuela,isustudentmedia.com,2
venezuela,j-14.com,2
venezuela,jagranjosh.com,2
venezuela,jamaica-star.com,2
venezuela,jamestownsun.com,2
venezuela,jamz963.com,2
venezuela,jaxdailyrecord.com,2
venezuela,jewishtimes.com,2
venezuela,johnsoncitypress.com,2
venezuela,jonathanturley.org,2
venezuela,jowhar.com,2
venezuela,jurist.org,2
venezuela,kcbd.com,2
venezuela,kelo.com,2
venezuela,keyt.com,2
venezuela,kfanplus.iheart.com,2
venezuela,kfmqrock1061.iheart.com,2
venezuela,khar590.com,2
venezuela,khow.iheart.com,2
venezuela,kicdam.com,2
venezuela,kicnews.org,2
venezuela,kingdomfm.co.uk,2
venezuela,kink.fm,2
venezuela,kiss-1031.com,2
venezuela,kissalbany.iheart.com,2
venezuela,kiwaradio.com,2
venezuela,kix106.com,2
venezuela,kjkj.iheart.com,2
venezuela,kkrt.com,2
venezuela,kksa-am.com,2
venezuela,kniakrls.com,2
venezuela,knopnews2.com,2
venezuela,koacolorado.iheart.com,2
venezuela,koel.com,2
venezuela,kosi101.com,2
venezuela,kowb1290.com,2
venezuela,kpig.com,2
venezuela,krbe.com,2
venezuela,krq.iheart.com,2
venezuela,ksenam.com,2
venezuela,ksfa860.com,2
venezuela,ktvu.com,2
venezuela,kuathletics.com,2
venezuela,kxnet.com,2
venezuela,kz103.iheart.com,2
venezuela,la.eater.com,2
venezuela,lakeshoreadvance.com:443,2
venezuela,lamarledger.com,2
venezuela,languagehat.com,2
venezuela,leamingtonobserver.co.uk,2
venezuela,legallyindia.com,2
venezuela,lep.co.uk,2
venezuela,liberty.edu,2
venezuela,limaohio.com,2
venezuela,limelightmagazine.com.au,2
venezuela,lite96.com,2
venezuela,live959.com,2
venezuela,livemint.com,2
venezuela,livescience.com,2
venezuela,londonmercury.com,2
venezuela,longisland.com,2
venezuela,longislandpress.com,2
venezuela,lostcoastoutpost.com,2
venezuela,loudwire.com,2
venezuela,mactech.com,2
venezuela,malibutimes.com,2
venezuela,marylandreporter.com,2
venezuela,mashable.com,2
venezuela,mcnews.com.au,2
venezuela,mediaforfreedom.com,2
venezuela,medindia.net,2
venezuela,metro-magazine.com,2
venezuela,mewc.org,2
venezuela,miamistudent.net,2
venezuela,miningjournal.net,2
venezuela,mix1049.com.au,2
venezuela,mix106radio.com,2
venezuela,mix965tulsa.com,2
venezuela,mixmaine.com,2
venezuela,mojo1029.com,2
venezuela,moldpres.md,2
venezuela,money.usnews.com,2
venezuela,montereycountyweekly.com,2
venezuela,movies.mxdwn.com,2
venezuela,murrayvalleystandard.com.au,2
venezuela,mycariboonow.com,2
venezuela,mymagic101.iheart.com,2
venezuela,myrtlebeachonline.com,2
venezuela,namibian.com.na,2
venezuela,nasaspaceflight.com,2
venezuela,nashfm937.com,2
venezuela,nationalinterest.org,2
venezuela,nevadaappeal.com,2
venezuela,nevadabusiness.com,2
venezuela,newnigerianpolitics.com,2
venezuela,news.delaware.gov,2
venezuela,news.prairiepublic.org,2
venezuela,news.wosu.org,2
venezuela,newscentermaine.com,2
venezuela,newsday.co.zw,2
venezuela,newstalkkgvo.com,2
venezuela,nigerianbulletin.com,2
venezuela,nj1015.com,2
venezuela,nny360.com,2
venezuela,normantranscript.com,2
venezuela,northcountrypublicradio.org,2
venezuela,northernminer.com,2
venezuela,northfortmyersneighbor.com,2
venezuela,nowgrenada.com,2
venezuela,nripress.com,2
venezuela,nwnewsnetwork.org,2
venezuela,obituaries.enidnews.com,2
venezuela,obituaries.niagara-gazette.com,2
venezuela,oilonwhyte.com,2
venezuela,onlineopinion.com.au,2
venezuela,orangeville.com,2
venezuela,orthospinenews.com,2
venezuela,panorama.am,2
venezuela,pinstripealley.com,2
venezuela,plansponsor.com,2
venezuela,portal.rivals.com,2
venezuela,postbulletin.com,2
venezuela,powerorlando.com,2
venezuela,pressdemocrat.com,2
venezuela,prunderground.com,2
venezuela,pulitzercenter.org,2
venezuela,purplerow.com,2
venezuela,qns.com,2
venezuela,questmag.com,2
venezuela,quickcountry.com,2
venezuela,quintenews.com,2
venezuela,rador.ro,2
venezuela,rbth.com,2
venezuela,real959.iheart.com,2
venezuela,realestate.com.au,2
venezuela,regina.ctvnews.ca,2
venezuela,rexburgstandardjournal.com,2
venezuela,richardcrouse.ca,2
venezuela,road.cc,2
venezuela,rock921.iheart.com,2
venezuela,rock94.com,2
venezuela,rottentomatoes.com,2
venezuela,rovrocks.iheart.com,2
venezuela,royalcentral.co.uk,2
venezuela,rustonleader.com,2
venezuela,rutlandherald.com,2
venezuela,sacbee.com,2
venezuela,sactownmag.com,2
venezuela,saharareporters.com,2
venezuela,sanpedrosun.com,2
venezuela,sawatdeenetwork.com,2
venezuela,scarletandgame.com,2
venezuela,seaforthhuronexpositor.com:443,2
venezuela,shop-eat-surf.com,2
venezuela,sixerswire.usatoday.com,2
venezuela,sosradio.net,2
venezuela,sounderatheart.com,2
venezuela,spacedaily.com,2
venezuela,spaceref.com,2
venezuela,speedway.tucson.com,2
venezuela,spoilertv.com,2
venezuela,star941fm.iheart.com,2
venezuela,steelerswire.usatoday.com,2
venezuela,stgeorgeutah.com,2
venezuela,stopthedrugwar.org,2
venezuela,stylecaster.com,2
venezuela,sunjournal.com,2
venezuela,sunnewsonline.com,2
venezuela,surinametimes.com,2
venezuela,tahlequahdailypress.com,2
venezuela,taiwannews.com.tw,2
venezuela,tampabay.com,2
venezuela,tbsnews.net,2
venezuela,tcbmag.com,2
venezuela,tctmd.com,2
venezuela,telecomasia.net,2
venezuela,tennesseedaily.com,2
venezuela,tennesseetitans.com,2
venezuela,texarkanagazette.com,2
venezuela,texastribune.org,2
venezuela,theahl.com,2
venezuela,thearabdailynews.com,2
venezuela,thebull1017.iheart.com,2
venezuela,thebulletin.be,2
venezuela,thecork.ie,2
venezuela,thecostaricanews.com,2
venezuela,thecourier.co.uk,2
venezuela,thecourierexpress.com,2
venezuela,thedailynewsonline.com,2
venezuela,theeagle.com,2
venezuela,thefacts.com,2
venezuela,thefutoncritic.com,2
venezuela,theindependent.com,2
venezuela,theintercept.com,2
venezuela,thejudge13.com,2
venezuela,theland.com.au,2
venezuela,thelincolnite.co.uk,2
venezuela,thelondoner.ca:443,2
venezuela,themedialine.org,2
venezuela,theorion.com,2
venezuela,thepacket.ca,2
venezuela,thepiratescove.us,2
venezuela,theportugalnews.com,2
venezuela,theriver1059.iheart.com,2
venezuela,therocket951.com,2
venezuela,thesmokinggun.com,2
venezuela,thestar.com,2
venezuela,thesun.ie,2
venezuela,thetelegraphandargus.co.uk,2
venezuela,thetimes.com,2
venezuela,thetrucker.com,2
venezuela,thevermilion.com,2
venezuela,theweathernetwork.com,2
venezuela,theweekender.com,2
venezuela,thezone1059.com,2
venezuela,thisdaylive.com,2
venezuela,thv11.com,2
venezuela,timesdaily.com,2
venezuela,timesleader.net,2
venezuela,timeslive.co.za,2
venezuela,timesnewspapers.com,2
venezuela,tivysideadvertiser.co.uk,2
venezuela,toronto.com,2
venezuela,trentonian.com,2
venezuela,tri-cityherald.com,2
venezuela,trinidadexpress.com,2
venezuela,tulsaworld.com,2
venezuela,ucmo.edu,2
venezuela,uexpress.com,2
venezuela,uk.style.yahoo.com,2
venezuela,undp.org,2
venezuela,union-bulletin.com,2
venezuela,universe.byu.edu,2
venezuela,unmultimedia.org,2
venezuela,upstreamonline.com,2
venezuela,us105fm.com,2
venezuela,usa.inquirer.net,2
venezuela,usmagazine.com,2
venezuela,uzmanpara.milliyet.com.tr,2
venezuela,vancouversun.com:443,2
venezuela,venturebeat.com,2
venezuela,vermilionstandard.com:443,2
venezuela,voicenews.com,2
venezuela,voiceonline.com,2
venezuela,vox.com,2
venezuela,vtcng.com,2
venezuela,waateanews.com,2
venezuela,wafb.com,2
venezuela,wagmtv.com,2
venezuela,wakefieldexpress.co.uk,2
venezuela,wallaceburgcourierpress.com:443,2
venezuela,warm1033.com,2
venezuela,wcfcourier.com,2
venezuela,wclk.com,2
venezuela,wcsg.org,2
venezuela,wdsd.iheart.com,2
venezuela,wdvx.com,2
venezuela,weaintgotnohistory.sbnation.com,2
venezuela,webpronews.com,2
venezuela,weirtondailytimes.com,2
venezuela,westfaironline.com,2
venezuela,wfxl.com,2
venezuela,wgal.com,2
venezuela,wgmd.com,2
venezuela,wgmz.iheart.com,2
venezuela,wgno.com,2
venezuela,wgy.iheart.com,2
venezuela,whatsnew2day.com,2
venezuela,wifr.com,2
venezuela,wildcatbluenation.com,2
venezuela,wilsoncountynews.com,2
venezuela,wilx.com,2
venezuela,winchesterstar.com,2
venezuela,wineandspiritsmagazine.com,2
venezuela,winnipeg.ctvnews.ca,2
venezuela,wiscnews.com,2
venezuela,wjcl.com,2
venezuela,wjjz.iheart.com,2
venezuela,wjlbdetroit.iheart.com,2
venezuela,wjtn.com,2
venezuela,wkbn.com,2
venezuela,wkrn.com,2
venezuela,wktn.com,2
venezuela,wlwi.com,2
venezuela,wmbr.org,2
venezuela,wnep.com,2
venezuela,worthplaying.com,2
venezuela,wosu.org,2
venezuela,wowo.com,2
venezuela,wpri.com,2
venezuela,wpst.com,2
venezuela,wrfi.org,2
venezuela,wsbtv.com,2
venezuela,wthitv.com,2
venezuela,wtmj.com,2
venezuela,wtok.com,2
venezuela,wtug.com,2
venezuela,wwltv.com,2
venezuela,www3.nhk.or.jp,2
venezuela,wxfx.com,2
venezuela,wyldfm.iheart.com,2
venezuela,wzpl.com,2
venezuela,y969.iheart.com,2
venezuela,yachtingmagazine.com,2
venezuela,yakimaherald.com,2
venezuela,yogonet.com,2
venezuela,z106.iheart.com,2
venezuela,z93jamz.com,2
venezuela,zennie62blog.com,2
venezuela,zrock103.com,2
gaza,1005thewolf.iheart.com,1
gaza,1029thelake.iheart.com,1
gaza,1033wvyb.com,1
gaza,103weup.com,1
gaza,1041thebeat.iheart.com,1
gaza,1045latinohits.iheart.com,1
gaza,1051kocean.iheart.com,1
gaza,1055thebeat.iheart.com,1
gaza,1057thex.com,1
gaza,1059thebrew.iheart.com,1
gaza,1073rocks.iheart.com,1
gaza,1075thebigbuck.iheart.com,1
gaza,10tv.com,1
gaza,1150wima.iheart.com,1
gaza,13abc.com,1
gaza,13newsnow.com,1
gaza,1620thezone.com,1
gaza,21alivenews.com,1
gaza,247ureports.com,1
gaza,2nm.com.au,1
gaza,38north.org,1
gaza,49ers.com,1
gaza,49erswebzone.com,1
gaza,4bc.com.au,1
gaza,550thezone.iheart.com,1
gaza,620ckrm.com,1
gaza,6abc.com,1
gaza,6pr.com.au,1
gaza,921theticket.com,1
gaza,925rocks.iheart.com,1
gaza,927thevan.com,1
gaza,929thebigdog.iheart.com,1
gaza,92moose.fm,1
gaza,939litefm.iheart.com,1
gaza,945thehawkradio.com,1
gaza,947-star.com,1
gaza,949whom.com,1
gaza,94rock.iheart.com,1
gaza,967kissfm.iheart.com,1
gaza,967stevefm.iheart.com,1
gaza,96krock.com,1
gaza,971doubleq.iheart.com,1
gaza,972mag.com,1
gaza,973thedawg.com,1
gaza,975thevibe.com,1
gaza,97kicksfm.iheart.com,1
gaza,985kissfm.net,1
gaza,995thefox.iheart.com,1
gaza,aardvark.co.nz,1
gaza,abc12.com,1
gaza,abc6onyourside.com,1
gaza,abc7news.com,1
gaza,abcactionnews.com,1
gaza,accessatlanta.com,1
gaza,accessonline.com,1
gaza,actionforex.com,1
gaza,addictedtoquack.com,1
gaza,afloat.ie,1
gaza,afriquesenlutte.org,1
gaza,agcnews.eu,1
gaza,agri-pulse.com,1
gaza,agriland.ie,1
gaza,agweb.com,1
gaza,agweek.com,1
gaza,airdrieecho.com:443,1
gaza,airlinegeeks.com,1
gaza,alaskapublic.org,1
gaza,allafrica.com,1
gaza,allblacks.com,1
gaza,allclassical.org,1
gaza,alleghenymountainradio.org,1
gaza,allgov.com,1
gaza,alligator.org,1
gaza,altaz933.com,1
gaza,ambrosiaforheads.com,1
gaza,americanbazaaronline.com,1
gaza,andina.pe,1
gaza,androidheadlines.com,1
gaza,androidpolice.com,1
gaza,annistonstar.com,1
gaza,ansa.it,1
gaza,apr.org,1
gaza,aps.dz:443,1
gaza,arktimes.com,1
gaza,arnnet.com.au,1
gaza,arrowheadaddict.com,1
gaza,aseaofblue.com,1
gaza,aspenpublicradio.org,1
gaza,au.lifestyle.yahoo.com,1
gaza,auburnvillager.com,1
gaza,austin.culturemap.com,1
gaza,autobodynews.com,1
gaza,autoguide.com,1
gaza,autoremarketing.com,1
gaza,avclub.com,1
gaza,avweb.com,1
gaza,awate.com,1
gaza,awdf.org,1
gaza,azcapitoltimes.com,1
gaza,azdailysun.com,1
gaza,azsnakepit.com,1
gaza,b1073online.iheart.com,1
gaza,b1075country.iheart.com,1
gaza,b98.com,1
gaza,badgerofhonor.com,1
gaza,ballstatedaily.com,1
gaza,banksnews.gr,1
gaza,baptiststandard.com,1
gaza,battlefordsnow.com,1
gaza,bayshorebroadcasting.ca,1
gaza,baystatebanner.com,1
gaza,bbs.clutchfans.net,1
gaza,bcmag.ca,1
gaza,bearingarms.com,1
gaza,bedfordgazette.com,1
gaza,belfastmedia.com,1
gaza,belfasttelegraph.co.uk,1
gaza,bellanaija.com,1
gaza,berkeleydailyplanet.com,1
gaza,big1073.iheart.com,1
gaza,bikeportland.org,1
gaza,billingsgazette.com,1
gaza,billionaire.com,1
gaza,bioprepwatch.com,1
gaza,bjreview.com,1
gaza,bkreader.com,1
gaza,blackheartgoldpants.com,1
gaza,blackoutdallas.com,1
gaza,bleedinggreennation.com,1
gaza,blog.hootsuite.com,1
gaza,blogcritics.org,1
gaza,blogs.webmd.com,1
gaza,blueshirtbanter.com,1
gaza,bnnbloomberg.ca,1
gaza,bobandsheri.com,1
gaza,bocanewsnow.com,1
gaza,boisestatepublicradio.org,1
gaza,bomboradyo.com,1
gaza,boredpanda.com,1
gaza,bovada.lv,1
gaza,brainerddispatch.com,1
gaza,bramptonguardian.com,1
gaza,bravenewcoin.com,1
gaza,bravotv.com,1
gaza,breakingnews.ie,1
gaza,brightsideofthesun.com,1
gaza,brixtonbuzz.com,1
gaza,brooklyneagle.com,1
gaza,bssnews.net,1
gaza,buchtelite.com,1
gaza,buffalobills.com,1
gaza,businessmirror.com.ph,1
gaza,businessnorth.com,1
gaza,businesstraveller.com,1
gaza,buzznet.com,1
gaza,buzztulsa.iheart.com,1
gaza,cadillacnews.com,1
gaza,cambridge-news.co.uk,1
gaza,cambridgeday.com,1
gaza,campaignbrief.com,1
gaza,canadiancattlemen.ca,1
gaza,cantechletter.com,1
gaza,capecod.com,1
gaza,capitolfax.com,1
gaza,capradio.org,1
gaza,cardchronicle.com,1
gaza,caribjournal.com,1
gaza,carloarg02.medium.com,1
gaza,carolinajournal.com,1
gaza,castlegarsource.com,1
gaza,catholicnewsagency.com,1
gaza,cathstan.org,1
gaza,cbs4indy.com,1
gaza,cbs6albany.com,1
gaza,celtsarehere.com,1
gaza,centralwesterndaily.com.au,1
gaza,cfru.ca,1
gaza,cgdev.org,1
gaza,charismanews.com,1
gaza,charlescitypress.com,1
gaza,charlottejewishnews.org,1
gaza,chatelaine.com,1
gaza,chathamdailynews.ca,1
gaza,chennaionline.com,1
gaza,chfi.com,1
gaza,chiangraitimes.com,1
gaza,chicagobears.com,1
gaza,chickashanews.com,1
gaza,chinaaid.org,1
gaza,chinafile.com,1
gaza,chipleybugle.com,1
gaza,chortle.co.uk,1
gaza,christianpost.com,1
gaza,chronofhorse.com,1
gaza,cineuropa.org,1
gaza,cio.com,1
gaza,citybeat.com,1
gaza,citymag.indaily.com.au,1
gaza,cjlo.com,1
gaza,ckuw.ca,1
gaza,ckxsfm.com,1
gaza,clevescene.com,1
gaza,climatechangedispatch.com,1
gaza,clinicaladvisor.com,1
gaza,cltampa.com,1
gaza,cn2.com,1
gaza,cnet.com,1
gaza,cnnphilippines.com,1
gaza,cnynews.com,1
gaza,collingwoodfc.com.au,1
gaza,colombiareports.com,1
gaza,colombogazette.com,1
gaza,coloradopeakpolitics.com,1
gaza,columbiamissourian.com,1
gaza,connecticut.news12.com,1
gaza,consumerelectronicsnet.com,1
gaza,country959.com,1
gaza,county10.com,1
gaza,covers.com,1
gaza,crimeonline.com,1
gaza,cronkitenews.azpbs.org,1
gaza,crosscut.com,1
gaza,cruxnow.com,1
gaza,cryptonews.com,1
gaza,csindy.com,1
gaza,cubbiescrib.com,1
gaza,cuinsight.com,1
gaza,cumnockchronicle.com,1
gaza,curetoday.com,1
gaza,current.org,1
gaza,cyprus-mail.com,1
gaza,daily-journal.com,1
gaza,dailybreeze.com,1
gaza,dailycardinal.com,1
gaza,dailycollegian.com,1
gaza,dailyecho.co.uk,1
gaza,dailyfinland.fi,1
gaza,dailyfx.com,1
gaza,dailyhodl.com,1
gaza,dailyillini.com,1
gaza,dailyinterlake.com,1
gaza,dailyiowan.com,1
gaza,dailylocal.com,1
gaza,dailynewsen.com,1
gaza,dailyorange.com,1
gaza,dailypost.co.uk,1
gaza,dailyprogress.com,1
gaza,dailysach.in,1
gaza,dailytimes.com,1
gaza,dailywire.com,1
gaza,dallasinnovates.com,1
gaza,davidpakman.com,1
gaza,daylightng.com,1
gaza,deccanherald.com,1
gaza,delphosherald.com,1
gaza,demerarawaves.com,1
gaza,developingtelecoms.com,1
gaza,dexerto.com,1
gaza,dhakatribune.com,1
gaza,digbycourier.ca,1
gaza,digitaltrends.com,1
gaza,dmnews.com,1
gaza,dorksideoftheforce.com,1
gaza,downeys.co.uk,1
gaza,dreadcentral.com,1
gaza,drovers.com:443,1
gaza,drumhellermail.com,1
gaza,duvarenglish.com,1
gaza,earth.com,1
gaza,earthlingorgeous.com,1
gaza,eastasiaforum.org,1
gaza,editorial.rottentomatoes.com,1
gaza,efe.com,1
gaza,eff.org,1
gaza,effinghamdailynews.com,1
gaza,effinghamherald.net,1
gaza,elclasificado.com,1
gaza,elperiodiquito.com,1
gaza,empireofthekop.com,1
gaza,ems1.com:443,1
gaza,en.acnnewswire.com,1
gaza,en.ammonnews.net,1
gaza,en.chessbase.com,1
gaza,en.mercopress.com,1
gaza,en.trend.az,1
gaza,en.yna.co.kr,1
gaza,energyintel.com,1
gaza,english.kyodonews.net:443,1
gaza,enviweb.cz,1
gaza,epthinktank.eu,1
gaza,erwinrecord.net,1
gaza,eurogamer.net,1
gaza,euromaidanpress.com,1
gaza,evwind.es,1
gaza,exclaim.ca,1
gaza,expressng.com,1
gaza,extralunchmoney.com,1
gaza,extratime.com,1
gaza,eyeonannapolis.net,1
gaza,fairmontsentinel.com,1
gaza,fansided.com,1
gaza,fashionmagazine.com,1
gaza,fauquiernow.com,1
gaza,fcbarcelona.com,1
gaza,femina.in,1
gaza,fiercebiotech.com,1
gaza,fiercewireless.com,1
gaza,fifetoday.co.uk,1
gaza,fijisun.com.fj,1
gaza,financecolombia.com,1
gaza,financialpost.com,1
gaza,finchannel.com,1
gaza,findbiometrics.com,1
gaza,firerescue1.com,1
gaza,firstalert7.com,1
gaza,fishshell.com,1
gaza,flickeringmyth.com,1
gaza,flightglobal.com,1
gaza,floridapolitics.com,1
gaza,fnarena.com,1
gaza,forcechange.com,1
gaza,ford-trucks.com,1
gaza,foreignaffairs.co.nz,1
gaza,fortbendstar.com,1
gaza,fortune.com,1
gaza,fortworthreport.org,1
gaza,forum.onlineopinion.com.au,1
gaza,fourstateshomepage.com,1
gaza,fox2now.com,1
gaza,fox4kc.com,1
gaza,fox5atlanta.com,1
gaza,fox61.com,1
gaza,fox8.com,1
gaza,foxie105fm.com,1
gaza,foxsports1450.iheart.com,1
gaza,freedom970.com,1
gaza,freepressonline.com,1
gaza,freestonecountytimesonline.com,1
gaza,fromtherumbleseat.com,1
gaza,frontline.thehindu.com,1
gaza,futurecar.com,1
gaza,fxempire.com,1
gaza,gaeliclife.com,1
gaza,gainesvilleregister.com,1
gaza,gambling.com,1
gaza,gamespot.com,1
gaza,gaming.net,1
gaza,gaytimes.co.uk,1
gaza,gazettenet.com,1
gaza,gazettextra.com,1
gaza,gbtribune.com,1
gaza,gcrmag.com,1
gaza,genengnews.com,1
gaza,georgeherald.com,1
gaza,georgetownvoice.com,1
gaza,getsurrey.co.uk,1
gaza,gettysburgtimes.com,1
gaza,ghanafa.org,1
gaza,ghanavibes.com,1
gaza,giornaledibrescia.it,1
gaza,globalhappenings.com,1
gaza,globalnation.inquirer.net,1
gaza,gloucestershirelive.co.uk,1
gaza,goldrushcam.com,1
gaza,gov.uk,1
gaza,gov.vc,1
gaza,greeleytribune.com,1
gaza,greenleft.org.au,1
gaza,grenfellrecord.com.au,1
gaza,greystar.co.nz,1
gaza,gulfnews.ca,1
gaza,gulte.com,1
gaza,haidagwaiiobserver.com,1
gaza,halfwheel.com,1
gaza,hampshirechronicle.co.uk,1
gaza,hardcoregamer.com,1
gaza,hastingstribune.com,1
gaza,havasunews.com,1
gaza,hawaiinewsnow.com,1
gaza,health.usnews.com,1
gaza,hellenicshippingnews.com,1
gaza,henricocitizen.com,1
gaza,heraldcourier.com,1
gaza,heraldonline.com,1
gaza,heraldstandard.com,1
gaza,heraldstaronline.com,1
gaza,highlandstoday.com,1
gaza,historytoday.com,1
gaza,home.howstuffworks.com,1
gaza,homeaccentstoday.com,1
gaza,horseedmedia.net,1
gaza,hot933hits.com,1
gaza,houstonpress.com,1
gaza,houstontexans.com,1
gaza,hulldailymail.co.uk,1
gaza,humanevents.com,1
gaza,humbernews.ca,1
gaza,hyperallergic.com,1
gaza,i95rocks.com,1
gaza,iberkshires.com,1
gaza,iclarified.com,1
gaza,idahoednews.org,1
gaza,ifex.org,1
gaza,ijnet.org,1
gaza,ijpr.org,1
gaza,imore.com,1
gaza,independentaustralia.net,1
gaza,industrialinfo.com,1
gaza,indybay.org,1
gaza,inferse.com,1
gaza,info.scoop.co.nz,1
gaza,inquirer.com,1
gaza,insideselfstorage.com,1
gaza,insidethegames.biz,1
gaza,insightcrime.org,1
gaza,institutionalinvestor.com,1
gaza,insurancebusinessmag.com,1
gaza,insurancejournal.com,1
gaza,intelligencer.ca:443,1
gaza,intomore.com,1
gaza,investors.com,1
gaza,ipcs.org,1
gaza,iri.org,1
gaza,irishamerica.com,1
gaza,irishcentral.com,1
gaza,irishecho.com,1
gaza,islandpacket.com,1
gaza,islandsbusiness.com,1
gaza,itv.com,1
gaza,jaguars.com,1
gaza,jamn1075.iheart.com,1
gaza,japantimes.co.jp,1
gaza,jaysjournal.com,1
gaza,jazz.fm,1
gaza,jdnews.com,1
gaza,jewishchronicle.org,1
gaza,jewishinsider.com,1
gaza,jhnewsandguide.com,1
gaza,jirevwe.github.io,1
gaza,joannenova.com.au,1
gaza,journalismpakistan.com,1
gaza,juneauempire.com,1
gaza,jurist.org,1
gaza,k2radio.com,1
gaza,k96fm.com,1
gaza,kafe.com,1
gaza,kalx.berkeley.edu,1
gaza,kansas.com,1
gaza,kansascity.com,1
gaza,kansascityhomes.com,1
gaza,katt.com,1
gaza,katu.com,1
gaza,kawowo.com,1
gaza,kboo.fm,1
gaza,kbtx.com,1
gaza,kclr96fm.com,1
gaza,kcrg.com,1
gaza,kcur.org,1
gaza,kdal610.com,1
gaza,kdlg.org,1
gaza,kduz.com,1
gaza,kelofm.com,1
gaza,keyzradio.com,1
gaza,kfan.iheart.com,1
gaza,kfm.co.ug,1
gaza,kfmx.com,1
gaza,khq.com,1
gaza,kilgorenewsherald.com,1
gaza,kion546.com,1
gaza,kiow.com,1
gaza,kiplinger.com,1
gaza,kiss981.iheart.com,1
gaza,kisscincinnati.iheart.com,1
gaza,kivitv.com,1
gaza,kizzmyanthia.com,1
gaza,kjas.com,1
gaza,kktv.com,1
gaza,klfy.com,1
gaza,klkntv.com,1
gaza,kmmsam.com,1
gaza,kmuw.org,1
gaza,knbr.com,1
gaza,knopnews2.com,1
gaza,knox.villagesoup.com,1
gaza,knuj.net,1
gaza,koin.com,1
gaza,koreabizwire.com,1
gaza,kotatv.com,1
gaza,kpax.com,1
gaza,kpcnews.com,1
gaza,kpht955.iheart.com,1
gaza,kpq.com,1
gaza,kprr.iheart.com,1
gaza,kq2.com,1
gaza,krcgtv.com,1
gaza,krforadio.com,1
gaza,krone.at,1
gaza,krrq.com,1
gaza,ksjbam.com,1
gaza,ksje.com,1
gaza,ksl.com,1
gaza,kslx.com,1
gaza,ksnblocal4.com,1
gaza,kstatecollegian.com,1
gaza,kswo.com,1
gaza,kten.com,1
gaza,ktep.org,1
gaza,ktnv.com,1
gaza,ktom.iheart.com,1
gaza,ktvz.com,1
gaza,kuam.com,1
gaza,kube933.iheart.com,1
gaza,kuna.net.kw,1
gaza,kusi.com,1
gaza,kuvo.org,1
gaza,kuzz.com,1
gaza,kwin.com,1
gaza,kwsn.com,1
gaza,kxl.com,1
gaza,kxt.org,1
gaza,kyivpost.com,1
gaza,kyuk.org,1
gaza,kzrx921.iheart.com,1
gaza,labmate-online.com,1
gaza,labnews.co.uk,1
gaza,lakecowichangazette.com,1
gaza,lakeexpo.com,1
gaza,latina.com,1
gaza,leaderpost.com:443,1
gaza,legit.ng,1
gaza,lemonde.fr,1
gaza,letsrun.com,1
gaza,lexpansion.lexpress.fr,1
gaza,lgfocus.com.au,1
gaza,lichfieldlive.co.uk,1
gaza,lionsroarnews.com,1
gaza,lite987.com,1
gaza,live5news.com,1
gaza,livingstonenterprise.com,1
gaza,local12.com,1
gaza,locusmag.com,1
gaza,lonestarball.com,1
gaza,longbeachstar.com,1
gaza,louisianaradionetwork.com,1
gaza,lportepilot.ca,1
gaza,lufkindailynews.com,1
gaza,m.aliran.com,1
gaza,madison.com,1
gaza,maitlandmercury.com.au,1
gaza,maizenbrew.com,1
gaza,managingmadrid.com,1
gaza,manchesterinklink.com,1
gaza,manxradio.com,1
gaza,marietta.edu,1
gaza,marketrealist.com,1
gaza,maryvilleforum.com,1
gaza,matadornetwork.com,1
gaza,mauinews.com,1
gaza,mb.com.ph,1
gaza,mckinsey.com,1
gaza,meathchronicle.ie,1
gaza,medium.com,1
gaza,meridian.mi.us,1
gaza,metrojacksonville.com,1
gaza,mexicoledger.com,1
gaza,mfa.gov.tr,1
gaza,mgoblog.com,1
gaza,mhflsentinel.com,1
gaza,miamiherald.com,1
gaza,miamistudent.net,1
gaza,military.com,1
gaza,militaryschool.com,1
gaza,mining-journal.com,1
gaza,mininggazette.com,1
gaza,minnlawyer.com,1
gaza,mitchellrepublic.com,1
gaza,mix923fm.iheart.com,1
gaza,mix97.com,1
gaza,mobihealthnews.com,1
gaza,mobilesyrup.com,1
gaza,morganhilltimes.com,1
gaza,morrowcountysentinel.com,1
gaza,mountaintimes.info,1
gaza,mountvernonnews.com,1
gaza,mpnews.com.au,1
gaza,mprnews.org,1
gaza,msf.org.au,1
gaza,mtstandard.com,1
gaza,mybuckhannon.com,1
gaza,myeaglecountry.com,1
gaza,myhits106.com,1
gaza,mykfan.iheart.com,1
gaza,mylondon.news,1
gaza,mymmanews.com,1
gaza,mypanhandle.com,1
gaza,myparrysoundnow.com,1
gaza,mystateline.com,1
gaza,nasa.gov,1
gaza,nasdaq.com,1
gaza,nashfm100.com,1
gaza,nashfm1025.com,1
gaza,nashfm1065.com,1
gaza,nashvillegab.com,1
gaza,nationalgeographic.com,1
gaza,nationalhogfarmer.com,1
gaza,nationalparkstraveler.org,1
gaza,nationalpost.com,1
gaza,nationaltribune.com.au,1
gaza,nature.com,1
gaza,nbc12.com,1
gaza,nbc24.com,1
gaza,ncregister.com,1
gaza,ndsmcobserver.com,1
gaza,necn.com,1
gaza,nerdist.com,1
gaza,netsdaily.com,1
gaza,newhot997.com,1
gaza,newjerseyglobe.com,1
gaza,newnigerianpolitics.com,1
gaza,news-gazette.com,1
gaza,news-herald.com,1
gaza,news.illinoisstate.edu,1
gaza,news.maritime-network.com,1
gaza,news.punchjump.com,1
gaza,news.rediff.com,1
gaza,news.slashdot.org,1
gaza,news.ucsc.edu,1
gaza,news18.com,1
gaza,newsantaana.com,1
gaza,newscenter1.tv,1
gaza,newsday.co.zw,1
gaza,newsdigest.ng,1
gaza,newsincyprus.com,1
gaza,newsletter.blogs.wesleyan.edu,1
gaza,newson6.com,1
gaza,newsregister.com,1
gaza,newstalkkzrg.com,1
gaza,newworldwriting.net,1
gaza,nfl.com,1
gaza,nflmocks.com,1
gaza,nichegamer.com,1
gaza,njbiz.com,1
gaza,northamptonchron.co.uk,1
gaza,northbaynipissing.com,1
gaza,northernirelandnews.com,1
gaza,northplattebulletin.com,1
gaza,nowthisnews.com,1
gaza,npmjs.com,1
gaza,nrvnews.com,1
gaza,nv1.org,1
gaza,nwadventists.com,1
gaza,nwahomepage.com,1
gaza,nymag.com,1
gaza,nysun.com,1
gaza,nz.news.yahoo.com,1
gaza,oaklandside.org,1
gaza,oanow.com,1
gaza,oas.org,1
gaza,obituaries.chickashanews.com,1
gaza,obituaries.corsicanadailysun.com,1
gaza,obituaries.itemonline.com,1
gaza,obituaries.montgomery-herald.com,1
gaza,obituaries.richmondregister.com,1
gaza,obituaries.stwnewspress.com,1
gaza,observer-reporter.com,1
gaza,observertoday.com,1
gaza,odditycentral.com,1
gaza,ohscanada.com,1
gaza,oit.edu,1
gaza,ojaivalleynews.com,1
gaza,oldvcr.blogspot.com,1
gaza,omanobserver.om,1
gaza,opb.org,1
gaza,opednews.com,1
gaza,opinion.inquirer.net,1
gaza,oregonbusiness.com,1
gaza,oregoncapitalchronicle.com,1
gaza,oregoncatalyst.com,1
gaza,ourquadcities.com,1
gaza,outinperth.com,1
gaza,oxfordmail.co.uk,1
gaza,oxygen.com,1
gaza,paducahsun.com,1
gaza,pakistantelegraph.com,1
gaza,pakistantoday.com.pk,1
gaza,palestinechronicle.com,1
gaza,paloaltoonline.com,1
gaza,panorama.am,1
gaza,parabolicarc.com,1
gaza,parkeschampionpost.com.au,1
gaza,pastemagazine.com,1
gaza,patrickruffini.com,1
gaza,paysonroundup.com,1
gaza,peeblesshirenews.com,1
gaza,peninsuladailynews.com,1
gaza,peoplesdispatch.org,1
gaza,petroleumnews.com,1
gaza,philippinetimes.com,1
gaza,phinphanatic.com,1
gaza,pinkvilla.com,1
gaza,pittnews.com,1
gaza,poetryfoundation.org,1
gaza,polity.org.za,1
gaza,polygon.com,1
gaza,poncacitynews.com,1
gaza,popsugar.com,1
gaza,portal.rivals.com,1
gaza,portlandtribune.com,1
gaza,portpirierecorder.com.au,1
gaza,poundingtherock.com,1
gaza,power1009.iheart.com,1
gaza,power96radio.com,1
gaza,powerlineblog.com,1
gaza,pressdemocrat.com,1
gaza,pressenza.com,1
gaza,pressreleasepoint.com,1
gaza,pridesource.com,1
gaza,primepublishers.com,1
gaza,producer.com,1
gaza,progressiverailroading.com,1
gaza,psdispatch.com,1
gaza,purerock96.com,1
gaza,pushsquare.com,1
gaza,q93fm.com,1
gaza,q957.com,1
gaza,qatar-tribune.com,1
gaza,quadrant.org.au,1
gaza,radaronline.com,1
gaza,radioiowa.com,1
gaza,radiojamaicanewsonline.com,1
gaza,radionigeria.gov.ng,1
gaza,radiotoday.ie,1
gaza,rappler.com,1
gaza,realradio.iheart.com,1
gaza,realtybiznews.com,1
gaza,rejournals.com,1
gaza,rescue.org,1
gaza,revengeofthebirds.com,1
gaza,reviewingthebrew.com,1
gaza,rewind943.com,1
gaza,righto.com,1
gaza,rigzone.com,1
gaza,ringtv.com,1
gaza,ripcityproject.com,1
gaza,rivercountry.newschannelnebraska.com,1
gaza,roadandtrack.com,1
gaza,roanoke.com,1
gaza,robbreport.com,1
gaza,robesonian.com,1
gaza,rock967online.com,1
gaza,rockpapershotgun.com,1
gaza,rollcall.com,1
gaza,rollingstone.com,1
gaza,routesonline.com,1
gaza,rsuradio.com,1
gaza,russianmachineneverbreaks.com,1
gaza,sabareesh.com,1
gaza,sahanjournal.com,1
gaza,sail-world.com,1
gaza,sailingscuttlebutt.com,1
gaza,salinapost.com,1
gaza,saltwire.com,1
gaza,sanantoniomag.com,1
gaza,sanpedrosun.com,1
gaza,savageandwhitten.com,1
gaza,scarlettgatelymoore.dev,1
gaza,scitechdaily.com,1
gaza,scrippsnews.com,1
gaza,serbiananimalsvoice.com,1
gaza,sg.style.yahoo.com,1
gaza,shannonside.ie,1
gaza,shootonline.com,1
gaza,shorelinemedia.net,1
gaza,shtfplan.com,1
gaza,singaporestar.com,1
gaza,sippican.theweektoday.com,1
gaza,sknvibes.com,1
gaza,sltrib.com,1
gaza,sluggerotoole.com,1
gaza,smartcompany.com.au,1
gaza,smmirror.com,1
gaza,smnewsnet.com,1
gaza,south.maine207.org,1
gaza,southerngazette.ca,1
gaza,southernminn.com,1
gaza,southwalesargus.co.uk,1
gaza,speedhunters.com,1
gaza,spirit1053.com,1
gaza,sprucegroveexaminer.com:443,1
gaza,srpressgazette.com,1
gaza,standard.co.uk,1
gaza,star-telegram.com,1
gaza,starobserver.com.au,1
gaza,statejournal.com,1
gaza,statepress.com,1
gaza,steamboatpilot.com,1
gaza,steelersnow.com,1
gaza,steinbachonline.com,1
gaza,stlamerican.com,1
gaza,stokesentinel.co.uk,1
gaza,stopthedrugwar.org,1
gaza,store.ign.com,1
gaza,storystudio.wlwt.com,1
gaza,strategy-business.com,1
gaza,strathroyagedispatch.com:443,1
gaza,stuff.co.nz,1
gaza,stwnewspress.com,1
gaza,sunherald.com,1
gaza,sunny95.com,1
gaza,support.whyy.org,1
gaza,taftmidwaydriller.com,1
gaza,takungpao.com,1
gaza,talkingpointsmemo.com,1
gaza,tampabaysmix.iheart.com,1
gaza,tanzanianewsreports.com,1
gaza,taosnews.com,1
gaza,taskandpurpose.com,1
gaza,tass.com,1
gaza,tbsnews.net,1
gaza,tearaway.co.nz,1
gaza,tech.co,1
gaza,tech.hindustantimes.com,1
gaza,tech.slashdot.org,1
gaza,techcabal.com,1
gaza,techcrunch.com,1
gaza,techspot.com,1
gaza,telegraph.co.uk,1
gaza,teletrader.com,1
gaza,telluridenews.com,1
gaza,tesfanews.net,1
gaza,texomashomepage.com,1
gaza,thatballsouttahere.com,1
gaza,the-independent.com,1
gaza,theadanews.com,1
gaza,theartnewspaper.com,1
gaza,thebeatcolumbia.iheart.com,1
gaza,theblacksheartimes.com,1
gaza,theblast.com,1
gaza,theboar.org,1
gaza,thebostonpilot.com,1
gaza,theboxhouston.com,1
gaza,thebridgenewsng.com,1
gaza,thebrunswicknews.com,1
gaza,thebuckeyeflame.com,1
gaza,thecentersquare.com,1
gaza,thecherokeean.com,1
gaza,thecitizen.co.tz,1
gaza,thecomet.net,1
gaza,thecordovatimes.com,1
gaza,thecounty.me,1
gaza,thecourier.com.au,1
gaza,thecrimson.com,1
gaza,thedailyiberian.com,1
gaza,thedailyreview.com,1
gaza,theelectricgf.com,1
gaza,thefranklinnewspost.com,1
gaza,thegazette.com,1
gaza,thegrio.com,1
gaza,theitem.com,1
gaza,thejetpress.com,1
gaza,thelansingjournal.com,1
gaza,theleadernews.com,1
gaza,themalaysianinsight.com,1
gaza,themandarin.com.au,1
gaza,themaneland.com,1
gaza,themoscowtimes.com,1
gaza,themountainpress.com,1
gaza,themovechannel.com,1
gaza,thenews.coop,1
gaza,thenewsherald.com,1
gaza,thenewsleaders.com,1
gaza,thenewsmarket.com,1
gaza,theolympian.com,1
gaza,thepeterboroughexaminer.com,1
gaza,thepostathens.com,1
gaza,therepublic.com,1
gaza,theroanokestar.com,1
gaza,thesandb.com,1
gaza,thesangaiexpress.com,1
gaza,thesourcefm.co.uk,1
gaza,thestkittsnevisobserver.com,1
gaza,thestranger.com,1
gaza,thesun.ie,1
gaza,thesuntimes.com,1
gaza,thetidenewsonline.com,1
gaza,thetimes-tribune.com,1
gaza,thetruthaboutcars.com,1
gaza,theurbandaily.com,1
gaza,thewave.ca,1
gaza,thewest.com.au,1
gaza,thewhistler.ng,1
gaza,thirdsector.co.uk,1
gaza,thisisanfield.com,1
gaza,thoroughbreddailynews.com,1
gaza,throwback963.iheart.com,1
gaza,ticket760.iheart.com,1
gaza,ticotimes.net,1
gaza,tide1009.com,1
gaza,time.com,1
gaza,times-advocate.com,1
gaza,times.co.nz,1
gaza,timesgazette.com,1
gaza,timesofoman.com,1
gaza,tireball.com,1
gaza,toffeeweb.com,1
gaza,tomshardware.com,1
gaza,tradearabia.com,1
gaza,tradewindsnews.com,1
gaza,travelnoire.com,1
gaza,troyrecord.com,1
gaza,trucknews.com,1
gaza,trustedreviews.com,1
gaza,ttnews.com,1
gaza,tucsonweekly.com,1
gaza,tvline.com,1
gaza,twinsdaily.com,1
gaza,uatrav.com,1
gaza,ukathletics.com,1
gaza,ummid.com,1
gaza,un.org,1
gaza,unhcr.org,1
gaza,universetoday.com,1
gaza,universityofcalifornia.edu,1
gaza,up.edu.ph,1
gaza,uppermichiganssource.com,1
gaza,utahindependent.com,1
gaza,utep.edu,1
gaza,v100.iheart.com,1
gaza,valawyersweekly.com,1
gaza,vanderbilthustler.com,1
gaza,vanguardngr.com,1
gaza,vanityfair.com,1
gaza,vientianetimes.org.la,1
gaza,voaafrique.com,1
gaza,volcanodiscovery.com,1
gaza,von.gov.ng,1
gaza,wabi.tv,1
gaza,wacotrib.com,1
gaza,warm98.com,1
gaza,warsawvoice.pl,1
gaza,washingtonblade.com,1
gaza,wateronline.com,1
gaza,wbal.com,1
gaza,wbckfm.com,1
gaza,wbhm.org,1
gaza,wboy.com,1
gaza,wbsm.com,1
gaza,wbtw.com,1
gaza,wbwn.com,1
gaza,wcpo.com,1
gaza,wcvu.iheart.com,1
gaza,wdasfm.iheart.com,1
gaza,wdel.com,1
gaza,wden.com,1
gaza,wdov.iheart.com,1
gaza,wdzz.com,1
gaza,wearegreenbay.com,1
gaza,wehoville.com,1
gaza,wellandgood.com,1
gaza,westcentralonline.com,1
gaza,westernbulldogs.com.au,1
gaza,westernslopenow.com,1
gaza,westernwheel.ca,1
gaza,westkentuckystar.com,1
gaza,westword.com,1
gaza,wfft.com,1
gaza,wflanews.iheart.com,1
gaza,wfmynews2.com,1
gaza,wgbh.org,1
gaza,wgclradio.com,1
gaza,wgme.com,1
gaza,wgntv.com,1
gaza,whas11.com,1
gaza,whcuradio.com,1
gaza,whli.com,1
gaza,whtimes.co.uk,1
gaza,whvoradio.com,1
gaza,wild1029.com,1
gaza,wild941.com,1
gaza,wild953.com,1
gaza,wildrivers.lostcoastoutpost.com,1
gaza,willamette.edu,1
gaza,wilsoncountynews.com,1
gaza,wimsradio.com,1
gaza,windowscentral.com,1
gaza,wine-searcher.com,1
gaza,winonadailynews.com,1
gaza,witl.com,1
gaza,wiu.edu,1
gaza,wjactv.com,1
gaza,wjbc.com,1
gaza,wjol.com,1
gaza,wkrg.com,1
gaza,wkuf.fm,1
gaza,wkuherald.com,1
gaza,wlos.com,1
gaza,wlrn.org,1
gaza,wmnf.org,1
gaza,wmse.org,1
gaza,wmtram.com,1
gaza,wnct.com,1
gaza,wnewsj.com,1
gaza,wnky.com,1
gaza,wnyc.org,1
gaza,wondradio.com,1
gaza,woodwardnews.net,1
gaza,wordpress.com,1
gaza,workplaceinsight.net,1
gaza,worldcrunch.com,1
gaza,wowktv.com,1
gaza,wpdh.com,1
gaza,wqut.com,1
gaza,wral.com,1
gaza,wreg.com,1
gaza,wrtv.com,1
gaza,wsau.com,1
gaza,wsaz.com,1
gaza,wsoctv.com,1
gaza,wspa.com,1
gaza,wsws.org,1
gaza,wsyr.iheart.com,1
gaza,wtap.com,1
gaza,wtju.net,1
gaza,wtvq.com,1
gaza,wtvy.com,1
gaza,wvgazettemail.com,1
gaza,wvnstv.com,1
gaza,wvua23.com,1
gaza,wvva.com,1
gaza,wwlp.com,1
gaza,wwqq101.com,1
gaza,www2.cbn.com,1
gaza,www2.fundsforngos.org,1
gaza,wxxv25.com,1
gaza,wyso.org,1
gaza,wzzm13.com,1
gaza,xl1067.iheart.com,1
gaza,xxlmag.com,1
gaza,y100.iheart.com,1
gaza,y101hits.com,1
gaza,yachtsandyachting.com,1
gaza,yakimaherald.com,1
gaza,yen.com.gh,1
gaza,yogajournal.com,1
gaza,youralaskalink.com,1
gaza,yourerie.com,1
gaza,yoursourceone.com,1
gaza,z103.fm,1
gaza,z90.com,1
gaza,zimbabwestar.com,1
gaza,zmescience.com,1
ukraine,1025thebull.iheart.com,1
ukraine,103xonline.iheart.com,1
ukraine,1057thebull.iheart.com,1
ukraine,1061fmtalk.iheart.com,1
ukraine,10news.com,1
ukraine,12newsnow.com,1
ukraine,225batonrouge.com,1
ukraine,49erswebzone.com,1
ukraine,620kmns.iheart.com,1
ukraine,91mobiles.com,1
ukraine,939litefm.iheart.com,1
ukraine,949kcmo.com,1
ukraine,953bull.iheart.com,1
ukraine,967theeagle.net,1
ukraine,969thelegend.com,1
ukraine,979kissfm.iheart.com,1
ukraine,a4c.com,1
ukraine,aaas.org,1
ukraine,abc6.com,1
ukraine,abcactionnews.com,1
ukraine,abplive.com,1
ukraine,acainternational.org,1
ukraine,accountingtoday.com,1
ukraine,aclj.org:443,1
ukraine,addictedtoquack.com,1
ukraine,advancedbiofuelsusa.info,1
ukraine,afterellen.com,1
ukraine,agenceurope.eu,1
ukraine,aginfo.net,1
ukraine,agriland.ie,1
ukraine,agupdate.com,1
ukraine,ahdb.org.uk,1
ukraine,aircargoworld.com,1
ukraine,airport-technology.com,1
ukraine,albanyherald.com,1
ukraine,albawaba.com,1
ukraine,allaboutthejersey.com,1
ukraine,alt987fm.iheart.com,1
ukraine,alternet.org,1
ukraine,alumni.berkeley.edu,1
ukraine,am1100theflag.com,1
ukraine,amarujala.com,1
ukraine,amazinavenue.com,1
ukraine,americanbanker.com,1
ukraine,americanbar.org,1
ukraine,americanfreepress.net,1
ukraine,americanmilitarynews.com,1
ukraine,andina.pe,1
ukraine,androidheadlines.com,1
ukraine,aol.co.uk,1
ukraine,appadvice.com,1
ukraine,architectmagazine.com,1
ukraine,arcweb.com,1
ukraine,argusleader.com,1
ukraine,arizonadailyindependent.com,1
ukraine,arkansasbusiness.com,1
ukraine,arkansasonline.com,1
ukraine,arkansasrazorbacks.com,1
ukraine,arlingtonva.us,1
ukraine,armenianweekly.com,1
ukraine,arrl.org,1
ukraine,asia.nikkei.com,1
ukraine,asiapacificreport.nz,1
ukraine,athensreview.com,1
ukraine,athletics.bellarmine.edu,1
ukraine,atholdailynews.com,1
ukraine,atlantamagazine.com,1
ukraine,attheu.utah.edu,1
ukraine,au.finance.yahoo.com,1
ukraine,austinchronicle.com,1
ukraine,auto.hindustantimes.com,1
ukraine,autofinancenews.net,1
ukraine,automationworld.com:443,1
ukraine,aviationweek.com,1
ukraine,axios.com,1
ukraine,azcapitoltimes.com,1
ukraine,b105country.com,1
ukraine,b95radio.iheart.com,1
ukraine,b97fm.iheart.com,1
ukraine,bajanreporter.com,1
ukraine,balkangreenenergynews.com,1
ukraine,ballotpedia.org,1
ukraine,ballstatedaily.com,1
ukraine,baltimoretimes-online.com,1
ukraine,barcablaugranes.com,1
ukraine,barcauniversal.com,1
ukraine,baristanet.com,1
ukraine,bassfan.com,1
ukraine,bates.edu,1
ukraine,bayjournal.com,1
ukraine,bayshorebroadcasting.ca,1
ukraine,beijingbulletin.com,1
ukraine,bendsource.com,1
ukraine,bethesdamagazine.com,1
ukraine,bfmtv.com,1
ukraine,bgdailynews.com,1
ukraine,bhpioneer.com,1
ukraine,big1047.iheart.com,1
ukraine,bikeportland.org,1
ukraine,biomassmagazine.com,1
ukraine,bleedcubbieblue.com,1
ukraine,blockworks.co,1
ukraine,blogtalkradio.com,1
ukraine,bloodyelbow.com,1
ukraine,boisestatepublicradio.org,1
ukraine,bold.dk,1
ukraine,boxinginsider.com,1
ukraine,boxingnewsonline.net,1
ukraine,br.noticias.yahoo.com,1
ukraine,brandonsun.com,1
ukraine,bransontrilakesnews.com,1
ukraine,brimbanknorthwest.starweekly.com.au,1
ukraine,bristolpost.co.uk,1
ukraine,broadwayworld.com,1
ukraine,bronx.news12.com,1
ukraine,buckeyecountry1037.iheart.com,1
ukraine,buffalobulletin.com,1
ukraine,burgundywave.com,1
ukraine,burlingtoncountytimes.com,1
ukraine,businessinsider.com.au,1
ukraine,businessnorth.com,1
ukraine,businessreport.com,1
ukraine,businesstoday.in,1
ukraine,businesswire.com,1
ukraine,buzzfeednews.com,1
ukraine,buzztulsa.iheart.com,1
ukraine,bworldonline.com,1
ukraine,cacm.acm.org,1
ukraine,calgary.ctvnews.ca,1
ukraine,callapple.org,1
ukraine,capenews.net,1
ukraine,carguide.ph,1
ukraine,carlow-nationalist.ie,1
ukraine,carnegieeurope.eu,1
ukraine,catholicnews.com,1
ukraine,catholicsentinel.org,1
ukraine,cbs46.com,1
ukraine,ccboe.com,1
ukraine,cebudailynews.inquirer.net,1
ukraine,celebritynetworth.com,1
ukraine,cha.house.gov,1
ukraine,channel933.iheart.com,1
ukraine,cheknews.ca,1
ukraine,cherokeephoenix.org,1
ukraine,chess.com,1
ukraine,chess24.com,1
ukraine,chicagoparent.com,1
ukraine,china.org.cn,1
ukraine,chortle.co.uk,1
ukraine,christianitytoday.com,1
ukraine,chromjuwelen.com,1
ukraine,chronicle-tribune.com,1
ukraine,chroniclejournal.com,1
ukraine,cincinnati.com,1
ukraine,cio.com,1
ukraine,citizensvoice.com,1
ukraine,citizentribune.com,1
ukraine,city-sentinel.com,1
ukraine,citybeat.com,1
ukraine,cjr.org,1
ukraine,ckua.com,1
ukraine,cmcmarkets.com,1
ukraine,coastalnewstoday.com,1
ukraine,coastfm.co.uk,1
ukraine,codyenterprise.com,1
ukraine,coe.gatech.edu,1
ukraine,cointelegraph.com,1
ukraine,coloradoan.com,1
ukraine,con-telegraph.ie,1
ukraine,connecticut.news12.com,1
ukraine,cool102.iheart.com,1
ukraine,cornwalllive.com,1
ukraine,corrections1.com,1
ukraine,coventrytelegraph.net,1
ukraine,cp24.com,1
ukraine,craigdailypress.com,1
ukraine,cricketaddictor.com,1
ukraine,cronkitenews.azpbs.org,1
ukraine,ctrl.blog,1
ukraine,current.org,1
ukraine,currentargus.com,1
ukraine,dailyecho.co.uk,1
ukraine,dailygazette.com,1
ukraine,dailyheraldtribune.com,1
ukraine,dailysentinel.com,1
ukraine,dailysignal.com,1
ukraine,danburycountry.com,1
ukraine,datebook.sfchronicle.com,1
ukraine,dawn.com,1
ukraine,dc.eater.com,1
ukraine,de.nachrichten.yahoo.com,1
ukraine,deadlinedetroit.com,1
ukraine,dealbreaker.com,1
ukraine,decaturish.com,1
ukraine,defenseone.com,1
ukraine,delawarepublic.org,1
ukraine,demented-21.livejournal.com,1
ukraine,derbyshiretimes.co.uk,1
ukraine,dercuano.github.io,1
ukraine,desmoinesregister.com,1
ukraine,desototimes.com,1
ukraine,detroitlions.com,1
ukraine,detroitnews.com,1
ukraine,devdiscourse.com,1
ukraine,developingtelecoms.com,1
ukraine,dfa.ie,1
ukraine,dglobe.com,1
ukraine,digg.com,1
ukraine,diplomaticourier.com,1
ukraine,dnews.com,1
ukraine,doe.nv.gov,1
ukraine,dovepress.com,1
ukraine,durangoherald.com,1
ukraine,eagletribune.com,1
ukraine,easternherald.com,1
ukraine,eastidahonews.com,1
ukraine,echo-news.co.uk,1
ukraine,eco-business.com,1
ukraine,economictimes.indiatimes.com,1
ukraine,economynext.com,1
ukraine,econotimes.com,1
ukraine,edgelittlerock.iheart.com,1
ukraine,edition.cnn.com,1
ukraine,edition.mv,1
ukraine,eenews.net,1
ukraine,el-observador.com,1
ukraine,elimpulso.com,1
ukraine,elliotlakestandard.ca,1
ukraine,ellsworthamerican.com,1
ukraine,elonnewsnetwork.com,1
ukraine,elpasoinc.com,1
ukraine,elystandard.co.uk,1
ukraine,emarketer.com,1
ukraine,emporiaindependentmessenger.com,1
ukraine,energycentral.com,1
ukraine,energycommerce.house.gov,1
ukraine,english.sta.si,1
ukraine,entsoc.org,1
ukraine,es-us.noticias.yahoo.com,1
ukraine,esquire.com,1
ukraine,eturbonews.com,1
ukraine,eureporter.co,1
ukraine,eurweb.com,1
ukraine,eventbrite.com.au,1
ukraine,everydayhealth.com,1
ukraine,evolutionnews.org,1
ukraine,extratime.com,1
ukraine,famoushookups.com,1
ukraine,fastcompany.com,1
ukraine,fatherly.com,1
ukraine,fau.edu,1
ukraine,fauquiernow.com,1
ukraine,fbcnews.com.fj,1
ukraine,fee.org,1
ukraine,fidayi1948.skyrock.com,1
ukraine,fiddleheadfocus.com,1
ukraine,fieldfisher.com,1
ukraine,fiercebiotech.com,1
ukraine,fiercepharma.com,1
ukraine,fijilive.com,1
ukraine,fijivillage.com,1
ukraine,fin-news.com,1
ukraine,financial-news.co.uk,1
ukraine,financialpost.com,1
ukraine,finra.org,1
ukraine,firerescue1.com:443,1
ukraine,firstshowing.net,1
ukraine,flatlandkc.org,1
ukraine,flipboard.com,1
ukraine,floridagators.com,1
ukraine,floridaphoenix.com,1
ukraine,floridastateparks.org,1
ukraine,fontanaheraldnews.com,1
ukraine,football.london,1
ukraine,football365.com,1
ukraine,foreignaffairs.co.nz,1
ukraine,foreverblueshirts.com,1
ukraine,fortworthbusiness.com,1
ukraine,fosseposse.sbnation.com,1
ukraine,fox2detroit.com,1
ukraine,fox35orlando.com,1
ukraine,fox43.com,1
ukraine,fox5ny.com,1
ukraine,fr.finance.yahoo.com,1
ukraine,frankie.com.au,1
ukraine,freddalzell.com,1
ukraine,freshplaza.com,1
ukraine,froggy999.iheart.com,1
ukraine,futurity.org,1
ukraine,gaapweb.com,1
ukraine,galioninquirer.com,1
ukraine,gamerevolution.com,1
ukraine,gamesindustry.biz:443,1
ukraine,gamespot.com,1
ukraine,gatestoneinstitute.org,1
ukraine,gbc.gi,1
ukraine,gc.cuny.edu,1
ukraine,geograph.org.uk,1
ukraine,georgefm.co.nz,1
ukraine,georgetownvoice.com,1
ukraine,gettysburgtimes.com,1
ukraine,girlslife.com,1
ukraine,github.com,1
ukraine,gleague.nba.com,1
ukraine,globalgenes.org,1
ukraine,gloucestershirelive.co.uk,1
ukraine,gloucestertimes.com,1
ukraine,gmanetwork.com,1
ukraine,gobison.com,1
ukraine,goducks.com,1
ukraine,goldrushcam.com,1
ukraine,goskagit.com,1
ukraine,gov.ie,1
ukraine,gov.ms,1
ukraine,gov.uk,1
ukraine,governing.com,1
ukraine,governor.maryland.gov,1
ukraine,governor.utah.gov,1
ukraine,gp.gov.ua,1
ukraine,gp.org,1
ukraine,grandrapidsmn.com,1
ukraine,greatfallstribune.com,1
ukraine,greatlakesnow.org,1
ukraine,greenevillesun.com,1
ukraine,greensboro.com,1
ukraine,haaretz.com,1
ukraine,hanfordsentinel.com,1
ukraine,headlinestoday.in,1
ukraine,healthitanalytics.com,1
ukraine,hertfordshiremercury.co.uk,1
ukraine,hertsad.co.uk,1
ukraine,hitconsultant.net,1
ukraine,hits961.iheart.com,1
ukraine,hk.sports.yahoo.com,1
ukraine,hollandsentinel.com,1
ukraine,hombre1.com,1
ukraine,hongkongherald.com,1
ukraine,horseandhound.co.uk,1
ukraine,hotabq.iheart.com,1
ukraine,hotelsmag.com,1
ukraine,housingwire.com,1
ukraine,houstontexans.com,1
ukraine,howtogeek.com,1
ukraine,hrexchangenetwork.com,1
ukraine,hudsonriverblue.com,1
ukraine,hudsonstarobserver.com,1
ukraine,hudsonvalleycountry.com,1
ukraine,humanrightsfirst.org,1
ukraine,huskers.com,1
ukraine,i.stuff.co.nz,1
ukraine,ia.acs.org.au,1
ukraine,iamexpat.de,1
ukraine,ifex.org,1
ukraine,ign.com,1
ukraine,iheartradio.ca,1
ukraine,illinoispolicy.org,1
ukraine,iloveqatar.net,1
ukraine,in.investing.com,1
ukraine,independentnews.com,1
ukraine,indianewengland.com,1
ukraine,indycornrows.com,1
ukraine,indystar.com,1
ukraine,inforum.com,1
ukraine,insider.com,1
ukraine,insidernj.com,1
ukraine,institutionalinvestor.com,1
ukraine,investingnews.com,1
ukraine,iol.co.za,1
ukraine,ipsnews.net,1
ukraine,irishamerica.com,1
ukraine,irishexaminer.com,1
ukraine,islingtongazette.co.uk,1
ukraine,itemonline.com,1
ukraine,itwire.com,1
ukraine,jamaica.loopnews.com,1
ukraine,jamn1075.iheart.com,1
ukraine,jamn957.iheart.com,1
ukraine,jaxdailyrecord.com,1
ukraine,jobsite.gcaptain.com,1
ukraine,johnvanderuit.bookslive.co.za,1
ukraine,journal-spectator.com,1
ukraine,jox2fm.com,1
ukraine,juxtapoz.com,1
ukraine,k923.fm,1
ukraine,k945.com,1
ukraine,kansasreflector.com,1
ukraine,karennews.org,1
ukraine,kasu.org,1
ukraine,kbgo.iheart.com,1
ukraine,kbrx.com,1
ukraine,kcalfm.com,1
ukraine,kcck.org,1
ukraine,kcur.org,1
ukraine,keithandthegirl.com,1
ukraine,kens5.com,1
ukraine,ketv.com,1
ukraine,kfan.iheart.com,1
ukraine,kfdi.com,1
ukraine,kffb.com,1
ukraine,kfin.com,1
ukraine,kfox95.com,1
ukraine,kgab.com,1
ukraine,kgbx.iheart.com,1
ukraine,kgoradio.com,1
ukraine,khaama.com,1
ukraine,kiiitv.com,1
ukraine,kion546.com,1
ukraine,kiss1027fm.iheart.com,1
ukraine,kiss108.iheart.com,1
ukraine,kixs.com,1
ukraine,kjrh.com,1
ukraine,kmov.com,1
ukraine,knpr.org,1
ukraine,knsiradio.com,1
ukraine,koaa.com,1
ukraine,kool108.iheart.com,1
ukraine,kosu.org,1
ukraine,krem.com,1
ukraine,krsl.com,1
ukraine,ksam1017.com,1
ukraine,kshb.com,1
ukraine,ksl.com,1
ukraine,ktts.com,1
ukraine,ktvb.com,1
ukraine,kunm.org,1
ukraine,kupbilecik.pl,1
ukraine,kurdistan24.net,1
ukraine,kxt.org,1
ukraine,kxxv.com,1
ukraine,kxy.iheart.com,1
ukraine,kygl.com,1
ukraine,labmanager.com,1
ukraine,ladbible.com,1
ukraine,lagunabeachindy.com,1
ukraine,lajollalight.com,1
ukraine,lake1023.iheart.com,1
ukraine,lakeexpo.com,1
ukraine,lakeshoreadvance.com,1
ukraine,laser1017.iheart.com,1
ukraine,lasvegassun.com,1
ukraine,leaderpost.com,1
ukraine,lebanondemocrat.com,1
ukraine,lenews.ch,1
ukraine,lep.co.uk,1
ukraine,lexology.com,1
ukraine,libyaherald.com,1
ukraine,littleleague.org,1
ukraine,lmtonline.com,1
ukraine,lompocrecord.com,1
ukraine,lonestar925.iheart.com,1
ukraine,longisland.com,1
ukraine,loudersound.com,1
ukraine,lpheralddispatch.com,1
ukraine,luxurytravelmagazine.com,1
ukraine,lvb.com,1
ukraine,macaubusiness.com,1
ukraine,madinamerica.com,1
ukraine,magicvalley.com,1
ukraine,marieclaire.it,1
ukraine,marinelink.com,1
ukraine,marshallnews.com,1
ukraine,massdevice.com,1
ukraine,mcdonoughvoice.com,1
ukraine,mcknights.com,1
ukraine,me.smenet.org,1
ukraine,media.pa.gov,1
ukraine,mediakit.orlandoweekly.com,1
ukraine,medicalxpress.com,1
ukraine,medscape.com,1
ukraine,meed.com,1
ukraine,meltonmoorabool.starweekly.com.au,1
ukraine,mercatornet.com,1
ukraine,messenger-inquirer.com,1
ukraine,miamioh.edu,1
ukraine,michigan.gov,1
ukraine,miningweekly.com,1
ukraine,mintpressnews.com,1
ukraine,misericordia.edu,1
ukraine,mises.org,1
ukraine,mississippivalleypublishing.com,1
ukraine,mitsloan.mit.edu,1
ukraine,mix100.com,1
ukraine,mix1043fm.com,1
ukraine,mix923fm.iheart.com,1
ukraine,mix941kmxj.com,1
ukraine,mix97.com,1
ukraine,mmanews.com,1
ukraine,mobihealthnews.com,1
ukraine,moddb.com,1
ukraine,modernhealthcare.com,1
ukraine,mondotimes.com,1
ukraine,moneymarketing.co.uk,1
ukraine,montrealgazette.com,1
ukraine,moodyonthemarket.com,1
ukraine,morganlewis.com,1
ukraine,morningstar.com,1
ukraine,mortgagestrategy.co.uk,1
ukraine,moultonadvertiser.com,1
ukraine,mountainhomenews.com,1
ukraine,mtexpress.com,1
ukraine,mtlblog.com,1
ukraine,multiplesclerosisnewstoday.com,1
ukraine,mumbrella.com.au,1
ukraine,musicradar.com,1
ukraine,mydallaspost.com,1
ukraine,myeaglecountry.com,1
ukraine,mylondon.news,1
ukraine,mymajic933.com,1
ukraine,mymodernmet.com,1
ukraine,myneworleans.com,1
ukraine,myq1075.com,1
ukraine,myradiolink.com,1
ukraine,myspiritfm.com,1
ukraine,nahl.com,1
ukraine,nashvillescene.com,1
ukraine,nationalgeographic.com,1
ukraine,nationalinterest.org,1
ukraine,naturalresources.house.gov,1
ukraine,naveenbharat.in,1
ukraine,nbcboston.com,1
ukraine,nbcsandiego.com,1
ukraine,nbcwashington.com,1
ukraine,ncnewsonline.com,1
ukraine,ncronline.org,1
ukraine,neoskosmos.com,1
ukraine,newnigerianpolitics.com,1
ukraine,newrepublic.com,1
ukraine,news-expressky.com,1
ukraine,news-journal.com,1
ukraine,news.cgtn.com,1
ukraine,news.cornell.edu,1
ukraine,news.maryland.gov,1
ukraine,news.miami.edu,1
ukraine,news.ohsu.edu,1
ukraine,news.usni.org,1
ukraine,newsbreak.com,1
ukraine,newsecuritybeat.org,1
ukraine,newsitem.com,1
ukraine,newsletter.co.uk,1
ukraine,newsletters.theatlantic.com,1
ukraine,newslj.com,1
ukraine,newsnow.co.uk,1
ukraine,newsregister.com,1
ukraine,newsshooter.com,1
ukraine,newstalkkgvo.com,1
ukraine,newstatesman.com,1
ukraine,newswire.ca,1
ukraine,newswire.lk,1
ukraine,newyorkjets.com,1
ukraine,nhmagazine.com,1
ukraine,nhpr.org,1
ukraine,nj1015.com,1
ukraine,njherald.com,1
ukraine,nola.com,1
ukraine,northern.starweekly.com.au,1
ukraine,northernirelandworld.com,1
ukraine,nottinghampost.com,1
ukraine,nwaonline.com,1
ukraine,nymetroparents.com,1
ukraine,oakridger.com,1
ukraine,obituaries.niagara-gazette.com,1
ukraine,obituaries.somerset-kentucky.com,1
ukraine,obituaries.tribstar.com,1
ukraine,observer.ug,1
ukraine,ocj.com,1
ukraine,oecd.org,1
ukraine,ohchr.org,1
ukraine,ohio.edu,1
ukraine,oireachtas.ie,1
ukraine,oldies935.iheart.com,1
ukraine,opendemocracy.net,1
ukraine,opinion.inquirer.net,1
ukraine,optics.org,1
ukraine,oregonbusiness.com,1
ukraine,oswegocountynewsnow.com,1
ukraine,outtraveler.com,1
ukraine,ovationtv.com,1
ukraine,overdriveonline.com:443,1
ukraine,oversight.house.gov,1
ukraine,pacific.scoop.co.nz,1
ukraine,packers.com,1
ukraine,packworld.com:443,1
ukraine,padailypost.com,1
ukraine,paralympic.org,1
ukraine,pbsfm.org.au,1
ukraine,pctonline.com,1
ukraine,pdx.eater.com,1
ukraine,pewtrusts.org,1
ukraine,pfonline.com:443,1
ukraine,phoenixnewtimes.com,1
ukraine,pineandlakes.com,1
ukraine,pinstripealley.com,1
ukraine,pittsburghmagazine.com,1
ukraine,pl.usembassy.gov,1
ukraine,pmlive.com,1
ukraine,pokernews.com,1
ukraine,politico.eu,1
ukraine,politics.fijitimes.com,1
ukraine,politifact.com,1
ukraine,portcitydaily.com,1
ukraine,powerlineblog.com,1
ukraine,premierguitar.com,1
ukraine,pressdemocrat.com,1
ukraine,presspubs.com,1
ukraine,prismmagazine.ca,1
ukraine,psychologicalscience.org,1
ukraine,publishersweekly.com,1
ukraine,puck.news,1
ukraine,pulse.com.gh,1
ukraine,q13fox.com,1
ukraine,q961.com,1
ukraine,qconline.com,1
ukraine,radioiowa.com,1
ukraine,radiok.org,1
ukraine,railwayage.com,1
ukraine,ramblinwreck.com,1
ukraine,realagriculture.com,1
ukraine,restaurantdive.com,1
ukraine,reviewatlas.com,1
ukraine,rexmd.com,1
ukraine,rgj.com,1
ukraine,richmond.com,1
ukraine,riverfronttimes.com,1
ukraine,rivernewsonline.com,1
ukraine,roymorgan.com,1
ukraine,rtrfm.com.au,1
ukraine,rtvslo.si,1
ukraine,rubbernews.com,1
ukraine,samessenger.com,1
ukraine,saps.gov.za,1
ukraine,satellitetoday.com,1
ukraine,sbnation.com,1
ukraine,sbs.com.au,1
ukraine,schroders.com,1
ukraine,sci-news.com,1
ukraine,science.house.gov,1
ukraine,sciencealert.com,1
ukraine,scienceblogs.com,1
ukraine,sciencebusiness.net,1
ukraine,scroll.in,1
ukraine,seacoastonline.com,1
ukraine,seattlemet.com,1
ukraine,seekingalpha.com,1
ukraine,seventeen.com,1
ukraine,shannonside.ie,1
ukraine,shippingwatch.com:443,1
ukraine,signalscv.com,1
ukraine,singaporestar.com,1
ukraine,siouxcity.iloveadeal.com,1
ukraine,sis.gov.eg,1
ukraine,slamonline.com,1
ukraine,smallcaps.com.au,1
ukraine,smartcompany.com.au,1
ukraine,smartpropertyinvestment.com.au,1
ukraine,smnewsnet.com,1
ukraine,socialnews.xyz,1
ukraine,societyforscience.org,1
ukraine,sootoday.com,1
ukraine,southbendtribune.com,1
ukraine,southcoasttoday.com,1
ukraine,southernenvironment.org,1
ukraine,southwalesargus.co.uk,1
ukraine,spiritofjefferson.com,1
ukraine,spsrasd.info,1
ukraine,spurs-web.com,1
ukraine,star1043.iheart.com,1
ukraine,steelers.com,1
ukraine,stlamerican.com,1
ukraine,stockhead.com.au,1
ukraine,stvincenttimes.com,1
ukraine,sunburymacedonranges.starweekly.com.au,1
ukraine,surfline.com,1
ukraine,sverigesradio.se,1
ukraine,swimswam.com,1
ukraine,swissinfo.ch,1
ukraine,swvatoday.com,1
ukraine,talkingpointsmemo.com,1
ukraine,tass.com,1
ukraine,tctmd.com,1
ukraine,teamspeedkills.com,1
ukraine,tech.hindustantimes.com,1
ukraine,techradar.com,1
ukraine,techwire.net,1
ukraine,texasmonthly.com,1
ukraine,texastribune.org,1
ukraine,theaviationist.com,1
ukraine,thebftonline.com,1
ukraine,theblacksheartimes.com,1
ukraine,thechampaignroom.com,1
ukraine,thecounter.org,1
ukraine,thecounty.me,1
ukraine,thedailyblog.co.nz,1
ukraine,thedailyrecord.com,1
ukraine,thedickinsonpress.com,1
ukraine,thedrum.com,1
ukraine,thegazette.com,1
ukraine,thehorse.com,1
ukraine,thelancet.com,1
ukraine,themalaysianinsight.com,1
ukraine,themiamihurricane.com,1
ukraine,themonthly.com.au,1
ukraine,themountaineer.com,1
ukraine,thenation.com,1
ukraine,theparisnews.com,1
ukraine,thepeninsulaqatar.com,1
ukraine,thepitchkc.com,1
ukraine,theportugalnews.com,1
ukraine,thepulse.org.au,1
ukraine,thequietus.com,1
ukraine,thereminder.com,1
ukraine,thescottishsun.co.uk,1
ukraine,thesetonian.com,1
ukraine,thesheridanpress.com,1
ukraine,thestandard.org.nz,1
ukraine,thetimes-tribune.com,1
ukraine,thevillagereporter.com,1
ukraine,thewalrus.ca,1
ukraine,thinkadvisor.com,1
ukraine,thisisanfield.com,1
ukraine,thisismoney.co.uk,1
ukraine,thomasnet.com,1
ukraine,tigerrag.com,1
ukraine,timeout.com,1
ukraine,timeoutdoha.com,1
ukraine,timescitizen.com,1
ukraine,timesdaily.com,1
ukraine,timesofmalta.com,1
ukraine,tipperarylive.ie,1
ukraine,tiranatimes.com,1
ukraine,tnonline.com,1
ukraine,tomsguide.com,1
ukraine,top5-datingsites.com,1
ukraine,toucharcade.com,1
ukraine,triblive.com,1
ukraine,tribtown.com,1
ukraine,tribune242.com,1
ukraine,trinidadexpress.com,1
ukraine,trtworld.com,1
ukraine,truebluela.com,1
ukraine,ttnews.com,1
ukraine,tucsonlocalmedia.com,1
ukraine,tv6tnt.com,1
ukraine,tw.news.yahoo.com,1
ukraine,ubspectrum.com,1
ukraine,ucnj.org,1
ukraine,ucpress.edu,1
ukraine,ukathletics.com,1
ukraine,ukaviation.news,1
ukraine,und.com,1
ukraine,undercurrentnews.com,1
ukraine,understandingwar.org,1
ukraine,unep.org,1
ukraine,unpo.org,1
ukraine,us.acrofan.com,1
ukraine,usracing.com,1
ukraine,vancouversun.com,1
ukraine,vcstar.com,1
ukraine,venturesafrica.com,1
ukraine,veterans.house.gov,1
ukraine,vg.no,1
ukraine,vgchartz.com,1
ukraine,virginiamercury.com,1
ukraine,virginislandsdailynews.com,1
ukraine,voiceofthevalley.com,1
ukraine,volcanoes.usgs.gov,1
ukraine,vpr.org,1
ukraine,wabe.org,1
ukraine,wadenapj.com,1
ukraine,wakg.com,1
ukraine,wam.ae,1
ukraine,wareable.com,1
ukraine,wateronline.com,1
ukraine,watoday.com.au,1
ukraine,wbal.com,1
ukraine,wbbq.iheart.com,1
ukraine,wbgo.org,1
ukraine,wbjournal.com,1
ukraine,wbrz.com,1
ukraine,wdef.com,1
ukraine,weaintgotnohistory.sbnation.com,1
ukraine,weathernationtv.com,1
ukraine,westmeathindependent.ie,1
ukraine,westmichiganstar.iheart.com,1
ukraine,wfre.com,1
ukraine,wfsu.org,1
ukraine,wgbh.org,1
ukraine,wgil.com,1
ukraine,wgna.com,1
ukraine,wgnsradio.com,1
ukraine,wgrz.com,1
ukraine,whatsnew2day.com,1
ukraine,whitehousedossier.com,1
ukraine,whus.org,1
ukraine,whyy.org,1
ukraine,wiartonecho.com,1
ukraine,wild104.iheart.com,1
ukraine,wimz.com,1
ukraine,wingingitinmotown.com,1
ukraine,winknews.com,1
ukraine,wkfr.com,1
ukraine,wkkj.iheart.com,1
ukraine,wkyufm.org,1
ukraine,wlap.iheart.com,1
ukraine,wlds.com,1
ukraine,wmal.com,1
ukraine,wmar2news.com,1
ukraine,wmubroncos.com,1
ukraine,wnewsj.com,1
ukraine,woodworkingnetwork.com:443,1
ukraine,workboat.com,1
ukraine,wptv.com,1
ukraine,wrtv.com,1
ukraine,wruf.com,1
ukraine,wtak.iheart.com,1
ukraine,wthitv.com,1
ukraine,wthr.com,1
ukraine,wtmj.com,1
ukraine,wtop.com,1
ukraine,wtsp.com,1
ukraine,wunc.org,1
ukraine,wvgazettemail.com,1
ukraine,wvxu.org,1
ukraine,wwe.com,1
ukraine,wwos.nine.com.au,1
ukraine,www1.cbn.com,1
ukraine,www2.staffingindustry.com,1
ukraine,wxxinews.org,1
ukraine,wyff4.com,1
ukraine,wyndham.starweekly.com.au,1
ukraine,y102reading.iheart.com,1
ukraine,yachtingmagazine.com,1
ukraine,yaktrinews.com,1
ukraine,yourdemocracy.net.au,1
ukraine,yourtv.com.au,1
ukraine,z1075.com,1
ukraine,z107fm.iheart.com,1
venezuela,1005thewolf.iheart.com,1
venezuela,1033wvyb.com,1
venezuela,103weup.com,1
venezuela,103wjod.com,1
venezuela,1041thebeat.iheart.com,1
venezuela,1041wdlt.com,1
venezuela,1045latinohits.iheart.com,1
venezuela,1055thebeat.iheart.com,1
venezuela,1057thex.com,1
venezuela,1059thebrew.iheart.com,1
venezuela,1073rocks.iheart.com,1
venezuela,1075thebigbuck.iheart.com,1
venezuela,10tv.com,1
venezuela,1150wima.iheart.com,1
venezuela,13abc.com,1
venezuela,13newsnow.com,1
venezuela,1470kyyw.com,1
venezuela,1620thezone.com,1
venezuela,1nmi.jose947.com,1
venezuela,21alivenews.com,1
venezuela,247ureports.com,1
venezuela,2nm.com.au,1
venezuela,38north.org,1
venezuela,3ba.com.au,1
venezuela,49ers.com,1
venezuela,49erswebzone.com,1
venezuela,4bc.com.au,1
venezuela,550thezone.iheart.com,1
venezuela,560cfos.ca,1
venezuela,620ckrm.com,1
venezuela,6abc.com,1
venezuela,6pr.com.au,1
venezuela,6uy.jose947.com,1
venezuela,781h.jose947.com,1
venezuela,921theticket.com,1
venezuela,925rocks.iheart.com,1
venezuela,927thevan.com,1
venezuela,929thebigdog.iheart.com,1
venezuela,92q.com,1
venezuela,939litefm.iheart.com,1
venezuela,945thehawkradio.com,1
venezuela,947-star.com,1
venezuela,949whom.com,1
venezuela,94rock.iheart.com,1
venezuela,965kvki.com,1
venezuela,967kissfm.iheart.com,1
venezuela,967stevefm.iheart.com,1
venezuela,96krock.com,1
venezuela,971doubleq.iheart.com,1
venezuela,972mag.com,1
venezuela,973thedawg.com,1
venezuela,975thevibe.com,1
venezuela,97kicksfm.iheart.com,1
venezuela,985kissfm.net,1
venezuela,989wclz.com,1
venezuela,995thefox.iheart.com,1
venezuela,9yan.jose947.com,1
venezuela,aardvark.co.nz,1
venezuela,abc6onyourside.com,1
venezuela,abc7news.com,1
venezuela,abcactionnews.com,1
venezuela,accessatlanta.com,1
venezuela,accessonline.com,1
venezuela,actionforex.com,1
venezuela,addictedtoquack.com,1
venezuela,adventistworld.org,1
venezuela,afloat.ie,1
venezuela,afriquesenlutte.org,1
venezuela,agcnews.eu,1
venezuela,agri-pulse.com,1
venezuela,agriland.ie,1
venezuela,agweb.com,1
venezuela,agweek.com,1
venezuela,airdrieecho.com:443,1
venezuela,airlinegeeks.com,1
venezuela,alaskapublic.org,1
venezuela,aleteia.org,1
venezuela,allblacks.com,1
venezuela,allclassical.org,1
venezuela,alleghenymountainradio.org,1
venezuela,allgov.com,1
venezuela,alligator.org,1
venezuela,altaz933.com,1
venezuela,ambrosiaforheads.com,1
venezuela,americanbazaaronline.com,1
venezuela,americanmachinist.com,1
venezuela,americanthinker.com,1
venezuela,andina.pe,1
venezuela,androidheadlines.com,1
venezuela,androidpolice.com,1
venezuela,annistonstar.com,1
venezuela,ansa.it,1
venezuela,aps.dz:443,1
venezuela,argusobserver.com,1
venezuela,arise.tv,1
venezuela,arkansasbusiness.com,1
venezuela,arktimes.com,1
venezuela,arnnet.com.au,1
venezuela,aseaofblue.com,1
venezuela,aspenpublicradio.org,1
venezuela,athleticsnation.com,1
venezuela,atlantadailyworld.com,1
venezuela,au.lifestyle.yahoo.com,1
venezuela,auburnvillager.com,1
venezuela,austin.culturemap.com,1
venezuela,autobodynews.com,1
venezuela,autoguide.com,1
venezuela,autoremarketing.com,1
venezuela,avclub.com,1
venezuela,avweb.com,1
venezuela,awdf.org,1
venezuela,azcapitoltimes.com,1
venezuela,azdailysun.com,1
venezuela,azsnakepit.com,1
venezuela,b1073online.iheart.com,1
venezuela,b3ta.com,1
venezuela,b98.com,1
venezuela,badgerofhonor.com,1
venezuela,balls.ie,1
venezuela,ballstatedaily.com,1
venezuela,banksnews.gr,1
venezuela,baptiststandard.com,1
venezuela,batemansbaypost.com.au,1
venezuela,battlefordsnow.com,1
venezuela,bayshorebroadcasting.ca,1
venezuela,baystatebanner.com,1
venezuela,bbs.clutchfans.net,1
venezuela,bbs.wenxuecity.com,1
venezuela,bcmag.ca,1
venezuela,bearingarms.com,1
venezuela,bedfordgazette.com,1
venezuela,belfastmedia.com,1
venezuela,belfasttelegraph.co.uk,1
venezuela,belgrade-news.com,1
venezuela,bellanaija.com,1
venezuela,berkeleydailyplanet.com,1
venezuela,big1073.iheart.com,1
venezuela,bikeportland.org,1
venezuela,billingsgazette.com,1
venezuela,billionaire.com,1
venezuela,bioprepwatch.com,1
venezuela,biztimes.com,1
venezuela,bjreview.com,1
venezuela,bkreader.com,1
venezuela,blackheartgoldpants.com,1
venezuela,blackoutdallas.com,1
venezuela,bleedinggreennation.com,1
venezuela,bleedingheartland.com,1
venezuela,blog.hootsuite.com,1
venezuela,blogcritics.org,1
venezuela,blogs.webmd.com,1
venezuela,blueshirtbanter.com,1
venezuela,bnnbloomberg.ca,1
venezuela,bobandsheri.com,1
venezuela,bocanewsnow.com,1
venezuela,boisestatepublicradio.org,1
venezuela,bomboradyo.com,1
venezuela,boothbayregister.com:443,1
venezuela,boredpanda.com,1
venezuela,bovada.lv,1
venezuela,bqr.jose947.com,1
venezuela,brainerddispatch.com,1
venezuela,bravenewcoin.com,1
venezuela,bravotv.com,1
venezuela,breakingnews.ie,1
venezuela,brightsideofthesun.com,1
venezuela,brixtonbuzz.com,1
venezuela,brooklyneagle.com,1
venezuela,brownwoodnews.com,1
venezuela,bssnews.net,1
venezuela,buchtelite.com,1
venezuela,buckys5thquarter.com,1
venezuela,buenosairesherald.com,1
venezuela,buffalobills.com,1
venezuela,bundesliga.com,1
venezuela,businessmirror.com.ph,1
venezuela,businessnorth.com,1
venezuela,businesstraveller.com,1
venezuela,buzznet.com,1
venezuela,buzztulsa.iheart.com,1
venezuela,ca.finance.yahoo.com,1
venezuela,cadillacnews.com,1
venezuela,cambridge-news.co.uk,1
venezuela,cambridgeday.com,1
venezuela,campaignbrief.com,1
venezuela,canadiancattlemen.ca,1
venezuela,cantechletter.com,1
venezuela,canyon-news.com,1
venezuela,capecod.com,1
venezuela,capitolfax.com,1
venezuela,capradio.org,1
venezuela,cardchronicle.com,1
venezuela,carloarg02.medium.com,1
venezuela,castlegarsource.com,1
venezuela,catholicnewsagency.com,1
venezuela,catholicsun.org,1
venezuela,cathstan.org,1
venezuela,cavalierdaily.com,1
venezuela,caymannewsservice.com,1
venezuela,cbs4indy.com,1
venezuela,cbs6albany.com,1
venezuela,ccjdigital.com,1
venezuela,celtsarehere.com,1
venezuela,centralwesterndaily.com.au,1
venezuela,cfru.ca,1
venezuela,cgdev.org,1
venezuela,chad.co.uk,1
venezuela,chapelboro.com,1
venezuela,chargers.com,1
venezuela,charismanews.com,1
venezuela,charlescitypress.com,1
venezuela,charlottejewishnews.org,1
venezuela,chatelaine.com,1
venezuela,chathamdailynews.ca,1
venezuela,chathamstartribune.com,1
venezuela,chennaionline.com,1
venezuela,chfi.com,1
venezuela,chiangraitimes.com,1
venezuela,chicagobears.com,1
venezuela,chicagodefender.com,1
venezuela,chickashanews.com,1
venezuela,chinaaid.org,1
venezuela,chinadigitaltimes.net,1
venezuela,chinafile.com,1
venezuela,chipleybugle.com,1
venezuela,chortle.co.uk,1
venezuela,christiannewswire.com,1
venezuela,christianpost.com,1
venezuela,chronofhorse.com,1
venezuela,cineuropa.org,1
venezuela,cio.com,1
venezuela,citybeat.com,1
venezuela,citymag.indaily.com.au,1
venezuela,cjlo.com,1
venezuela,ckuw.ca,1
venezuela,ckxsfm.com,1
venezuela,clevescene.com,1
venezuela,clichemag.com,1
venezuela,climatechangedispatch.com,1
venezuela,cltampa.com,1
venezuela,club937.com,1
venezuela,cn2.com,1
venezuela,cnb.cz,1
venezuela,cnet.com,1
venezuela,cnnphilippines.com,1
venezuela,cnynews.com,1
venezuela,cochranetimes.com:443,1
venezuela,collingwoodfc.com.au,1
venezuela,colombiareports.com,1
venezuela,colombogazette.com,1
venezuela,coloradopeakpolitics.com,1
venezuela,columbiamissourian.com,1
venezuela,commercial-news.com,1
venezuela,connecticut.news12.com,1
venezuela,connexionfrance.com,1
venezuela,constructionequipmentguide.com,1
venezuela,consumerelectronicsnet.com,1
venezuela,country959.com,1
venezuela,county10.com,1
venezuela,covers.com,1
venezuela,cracked.com,1
venezuela,crimeonline.com,1
venezuela,cronkitenews.azpbs.org,1
venezuela,crosscut.com,1
venezuela,cruxnow.com,1
venezuela,cryptonews.com,1
venezuela,csindy.com,1
venezuela,cubbiescrib.com,1
venezuela,cuinsight.com,1
venezuela,cumnockchronicle.com,1
venezuela,curetoday.com,1
venezuela,current.org,1
venezuela,daily-journal.com,1
venezuela,dailybreeze.com,1
venezuela,dailybruin.com,1
venezuela,dailycardinal.com,1
venezuela,dailycollegian.com,1
venezuela,dailydemocrat.com,1
venezuela,dailyecho.co.uk,1
venezuela,dailyfinland.fi,1
venezuela,dailyfx.com,1
venezuela,dailyhodl.com,1
venezuela,dailyillini.com,1
venezuela,dailyiowan.com,1
venezuela,dailylocal.com,1
venezuela,dailynewsen.com,1
venezuela,dailyorange.com,1
venezuela,dailypost.co.uk,1
venezuela,dailyprogress.com,1
venezuela,dailysach.in,1
venezuela,dailytimes.com,1
venezuela,dailywire.com,1
venezuela,dallasinnovates.com,1
venezuela,daylightng.com,1
venezuela,deathpenaltyinfo.org,1
venezuela,deccanherald.com,1
venezuela,delphosherald.com,1
venezuela,demerarawaves.com,1
venezuela,democracynow.org,1
venezuela,destructoid.com,1
venezuela,developingtelecoms.com,1
venezuela,dexerto.com,1
venezuela,dhakatribune.com,1
venezuela,digbycourier.ca,1
venezuela,dissexpress.co.uk,1
venezuela,donegallive.ie,1
venezuela,dorksideoftheforce.com,1
venezuela,downeys.co.uk,1
venezuela,dreadcentral.com,1
venezuela,drovers.com:443,1
venezuela,drtvchannel.com,1
venezuela,drumhellermail.com,1
venezuela,dunkingwithwolves.com,1
venezuela,dutchitchannel.nl,1
venezuela,duvarenglish.com,1
venezuela,eaglesanantonio.com,1
venezuela,earth.com,1
venezuela,earthlingorgeous.com,1
venezuela,eastasiaforum.org,1
venezuela,eastbayri.com,1
venezuela,ecsu.edu,1
venezuela,editorial.rottentomatoes.com,1
venezuela,efe.com,1
venezuela,eff.org,1
venezuela,effinghamdailynews.com,1
venezuela,effinghamherald.net,1
venezuela,elclasificado.com,1
venezuela,elperiodiquito.com,1
venezuela,empireofthekop.com,1
venezuela,ems1.com:443,1
venezuela,en.acnnewswire.com,1
venezuela,en.ammonnews.net,1
venezuela,en.chessbase.com,1
venezuela,en.mercopress.com,1
venezuela,en.yna.co.kr,1
venezuela,energyintel.com,1
venezuela,english.almanar.com.lb,1
venezuela,english.kyodonews.net:443,1
venezuela,english.mathrubhumi.com,1
venezuela,enviweb.cz,1
venezuela,epthinktank.eu,1
venezuela,equibase.com,1
venezuela,erwinrecord.net,1
venezuela,eshm.jose947.com,1
venezuela,essexnewsdaily.com,1
venezuela,eurogamer.net,1
venezuela,euromaidanpress.com,1
venezuela,evwind.es,1
venezuela,exclaim.ca,1
venezuela,expressng.com,1
venezuela,extralunchmoney.com,1
venezuela,extratime.com,1
venezuela,eyeonannapolis.net,1
venezuela,fairmontsentinel.com,1
venezuela,fashionmagazine.com,1
venezuela,fashiontimes.com,1
venezuela,fauquiernow.com,1
venezuela,fcbarcelona.com,1
venezuela,femina.in,1
venezuela,fiercebiotech.com,1
venezuela,fiercewireless.com,1
venezuela,fifetoday.co.uk,1
venezuela,fijisun.com.fj,1
venezuela,filmmakermagazine.com,1
venezuela,financecolombia.com,1
venezuela,financialbuzz.com,1
venezuela,finchannel.com,1
venezuela,findbiometrics.com,1
venezuela,firerescue1.com,1
venezuela,fishshell.com,1
venezuela,fitsnews.com,1
venezuela,flickeringmyth.com,1
venezuela,flightglobal.com,1
venezuela,floridapolitics.com,1
venezuela,fnarena.com,1
venezuela,foodpoisoningbulletin.com,1
venezuela,forcechange.com,1
venezuela,ford-trucks.com,1
venezuela,foreignaffairs.co.nz,1
venezuela,fortbendstar.com,1
venezuela,fortune.com,1
venezuela,fortworthreport.org,1
venezuela,forum.onlineopinion.com.au,1
venezuela,fourstateshomepage.com,1
venezuela,fox2now.com,1
venezuela,fox32chicago.com,1
venezuela,fox4kc.com,1
venezuela,fox4news.com,1
venezuela,fox5atlanta.com,1
venezuela,fox61.com,1
venezuela,fox8.com,1
venezuela,foxie105fm.com,1
venezuela,foxsports1450.iheart.com,1
venezuela,freedom970.com,1
venezuela,freepressonline.com,1
venezuela,freestonecountytimesonline.com,1
venezuela,fromtherumbleseat.com,1
venezuela,frontline.thehindu.com,1
venezuela,futurecar.com,1
venezuela,fxempire.com,1
venezuela,gaeliclife.com,1
venezuela,gainesvilleregister.com,1
venezuela,gambling.com,1
venezuela,gamespot.com,1
venezuela,gaming.net,1
venezuela,gaytimes.co.uk,1
venezuela,gazettenet.com,1
venezuela,gazettextra.com,1
venezuela,gbtribune.com,1
venezuela,gcrmag.com,1
venezuela,genengnews.com,1
venezuela,georgeherald.com,1
venezuela,georgetownvoice.com,1
venezuela,getsurrey.co.uk,1
venezuela,gettysburgtimes.com,1
venezuela,ghanafa.org,1
venezuela,ghanavibes.com,1
venezuela,ghanaweb.com,1
venezuela,giornaledibrescia.it,1
venezuela,gl8.jose947.com,1
venezuela,globalhappenings.com,1
venezuela,globalnation.inquirer.net,1
venezuela,globalreinsurance.com,1
venezuela,gloucestershirelive.co.uk,1
venezuela,gmanetwork.com,1
venezuela,goldrushcam.com,1
venezuela,goracers.com,1
venezuela,gov.uk,1
venezuela,gov.vc,1
venezuela,greeleytribune.com,1
venezuela,greenleft.org.au,1
venezuela,grenfellrecord.com.au,1
venezuela,greystar.co.nz,1
venezuela,grmdaily.com,1
venezuela,gulfnews.ca,1
venezuela,gulte.com,1
venezuela,haidagwaiiobserver.com,1
venezuela,haitiantimes.com,1
venezuela,halfwheel.com,1
venezuela,hampshirechronicle.co.uk,1
venezuela,hardcoregamer.com,1
venezuela,hastingstribune.com,1
venezuela,havasunews.com,1
venezuela,hawaiinewsnow.com,1
venezuela,health.usnews.com,1
venezuela,health.wusf.usf.edu,1
venezuela,hellenicshippingnews.com,1
venezuela,henricocitizen.com,1
venezuela,heraldonline.com,1
venezuela,heraldstaronline.com,1
venezuela,highlandstoday.com,1
venezuela,historytoday.com,1
venezuela,home.howstuffworks.com,1
venezuela,homeaccentstoday.com,1
venezuela,hoopshype.com,1
venezuela,horseedmedia.net,1
venezuela,horsesdaily.com,1
venezuela,hot1079.iheart.com,1
venezuela,hot931.com,1
venezuela,hot933hits.com,1
venezuela,hotspotatl.com,1
venezuela,houstonherald.com,1
venezuela,houstonpress.com,1
venezuela,houstontexans.com,1
venezuela,hulldailymail.co.uk,1
venezuela,humanevents.com,1
venezuela,humbernews.ca,1
venezuela,i7t4.jose947.com,1
venezuela,i95rocks.com,1
venezuela,iberkshires.com,1
venezuela,ibtimes.co.uk,1
venezuela,ibtimes.com.au,1
venezuela,iclarified.com,1
venezuela,idahoednews.org,1
venezuela,ideastream.org,1
venezuela,ifex.org,1
venezuela,ijnet.org,1
venezuela,ijpr.org,1
venezuela,imore.com,1
venezuela,independentaustralia.net,1
venezuela,industrialinfo.com,1
venezuela,industryweek.com,1
venezuela,indybay.org,1
venezuela,inferse.com,1
venezuela,info.scoop.co.nz,1
venezuela,inquirer.com,1
venezuela,insideselfstorage.com,1
venezuela,insidethegames.biz,1
venezuela,insightcrime.org,1
venezuela,institutionalinvestor.com,1
venezuela,insurancebusinessmag.com,1
venezuela,insurancejournal.com,1
venezuela,intelligencer.ca:443,1
venezuela,intomore.com,1
venezuela,investors.com,1
venezuela,ipcs.org,1
venezuela,iri.org,1
venezuela,irishamerica.com,1
venezuela,irishcentral.com,1
venezuela,irishecho.com,1
venezuela,islandpacket.com,1
venezuela,islandsbusiness.com,1
venezuela,itv.com,1
venezuela,jaguars.com,1
venezuela,jalopnik.com,1
venezuela,jamn1075.iheart.com,1
venezuela,japantimes.co.jp,1
venezuela,jaysjournal.com,1
venezuela,jazz.fm,1
venezuela,jdnews.com,1
venezuela,jewishchronicle.org,1
venezuela,jewishinsider.com,1
venezuela,jhnewsandguide.com,1
venezuela,jirevwe.github.io,1
venezuela,joannenova.com.au,1
venezuela,journalismpakistan.com,1
venezuela,juneauempire.com,1
venezuela,k2radio.com,1
venezuela,k96fm.com,1
venezuela,k99.com,1
venezuela,kafe.com,1
venezuela,kalx.berkeley.edu,1
venezuela,kansas.com,1
venezuela,kansascity.com,1
venezuela,kansascityhomes.com,1
venezuela,katt.com,1
venezuela,katu.com,1
venezuela,kawowo.com,1
venezuela,kboo.fm,1
venezuela,kbtx.com,1
venezuela,kclr96fm.com,1
venezuela,kcrg.com,1
venezuela,kcur.org,1
venezuela,kdal610.com,1
venezuela,kdlg.org,1
venezuela,kduz.com,1
venezuela,kelofm.com,1
venezuela,keyzradio.com,1
venezuela,kfan.iheart.com,1
venezuela,kfilradio.com,1
venezuela,kfm.co.ug,1
venezuela,kfmx.com,1
venezuela,khq.com,1
venezuela,kilgorenewsherald.com,1
venezuela,kilkennypeople.ie,1
venezuela,kion546.com,1
venezuela,kiow.com,1
venezuela,kiplinger.com,1
venezuela,kiss981.iheart.com,1
venezuela,kisscincinnati.iheart.com,1
venezuela,kivitv.com,1
venezuela,kizzmyanthia.com,1
venezuela,kjas.com,1
venezuela,kktv.com,1
venezuela,klaw.com,1
venezuela,klfy.com,1
venezuela,klkntv.com,1
venezuela,kmmsam.com,1
venezuela,kmuw.org,1
venezuela,knbr.com,1
venezuela,knox.villagesoup.com,1
venezuela,knuj.net,1
venezuela,koin.com,1
venezuela,koreabizwire.com,1
venezuela,kotatv.com,1
venezuela,kpax.com,1
venezuela,kpcnews.com,1
venezuela,kpht955.iheart.com,1
venezuela,kpq.com,1
venezuela,kprr.iheart.com,1
venezuela,kq2.com,1
venezuela,krcgtv.com,1
venezuela,krforadio.com,1
venezuela,krone.at,1
venezuela,krrq.com,1
venezuela,kshe95.com,1
venezuela,ksjbam.com,1
venezuela,ksje.com,1
venezuela,ksl.com,1
venezuela,kslx.com,1
venezuela,ksnblocal4.com,1
venezuela,kstatecollegian.com,1
venezuela,kswo.com,1
venezuela,ktep.org,1
venezuela,ktnv.com,1
venezuela,ktom.iheart.com,1
venezuela,ktvz.com,1
venezuela,kuam.com,1
venezuela,kube933.iheart.com,1
venezuela,kuna.net.kw,1
venezuela,kusi.com,1
venezuela,kuvo.org,1
venezuela,kuzz.com,1
venezuela,kwin.com,1
venezuela,kwsn.com,1
venezuela,kxl.com,1
venezuela,kxt.org,1
venezuela,kyivpost.com,1
venezuela,kysdc.com,1
venezuela,kyuk.org,1
venezuela,kzrx921.iheart.com,1
venezuela,labelsandlabeling.com:443,1
venezuela,labmate-online.com,1
venezuela,labnews.co.uk,1
venezuela,lake1023.iheart.com,1
venezuela,lakecowichangazette.com,1
venezuela,lakeexpo.com,1
venezuela,lancasterfarming.com,1
venezuela,landrovercary.com,1
venezuela,latina.com,1
venezuela,leaderpost.com:443,1
venezuela,legit.ng,1
venezuela,leicestermercury.co.uk,1
venezuela,lemonde.fr,1
venezuela,letsrun.com,1
venezuela,lexpansion.lexpress.fr,1
venezuela,lgfocus.com.au,1
venezuela,lichfieldlive.co.uk,1
venezuela,lionsroarnews.com,1
venezuela,lite987.com,1
venezuela,liturgy.co.nz,1
venezuela,live5news.com,1
venezuela,livesaildie.com,1
venezuela,livingstonenterprise.com,1
venezuela,locusmag.com,1
venezuela,lonestarball.com,1
venezuela,longbeachstar.com,1
venezuela,louisianaradionetwork.com,1
venezuela,lportepilot.ca,1
venezuela,lufkindailynews.com,1
venezuela,m.aliran.com,1
venezuela,madison.com,1
venezuela,maitlandmercury.com.au,1
venezuela,maizenbrew.com,1
venezuela,malaysiakini.com,1
venezuela,managingmadrid.com,1
venezuela,manchesterinklink.com,1
venezuela,manxradio.com,1
venezuela,marietta.edu,1
venezuela,mariettatimes.com,1
venezuela,marketrealist.com,1
venezuela,maryvilleforum.com,1
venezuela,massachusettsnewswire.com,1
venezuela,matadornetwork.com,1
venezuela,matr.net,1
venezuela,mauinews.com,1
venezuela,mb.com.ph,1
venezuela,mckinsey.com,1
venezuela,meathchronicle.ie,1
venezuela,medium.com,1
venezuela,megatucson.iheart.com,1
venezuela,meridian.mi.us,1
venezuela,metrojacksonville.com,1
venezuela,mexicoledger.com,1
venezuela,mfa.gov.tr,1
venezuela,mgoblog.com,1
venezuela,mhflsentinel.com,1
venezuela,miamiherald.com,1
venezuela,miaminewtimes.com,1
venezuela,military.com,1
venezuela,militaryschool.com,1
venezuela,mining-journal.com,1
venezuela,mininggazette.com,1
venezuela,minnlawyer.com,1
venezuela,missoulacurrent.com,1
venezuela,mitchellrepublic.com,1
venezuela,mix97.com,1
venezuela,mobihealthnews.com,1
venezuela,mobilesyrup.com,1
venezuela,moderndogmagazine.com,1
venezuela,morganhilltimes.com,1
venezuela,morrowcountysentinel.com,1
venezuela,mountaintimes.info,1
venezuela,mountvernonnews.com,1
venezuela,mpnews.com.au,1
venezuela,mprnews.org,1
venezuela,msf.org.au,1
venezuela,mtexpress.com,1
venezuela,mtstandard.com,1
venezuela,mv-voice.com,1
venezuela,mybuckhannon.com,1
venezuela,myeaglecountry.com,1
venezuela,myhits106.com,1
venezuela,mykfan.iheart.com,1
venezuela,mylondon.news,1
venezuela,mymmanews.com,1
venezuela,mypanhandle.com,1
venezuela,myparrysoundnow.com,1
venezuela,mystateline.com,1
venezuela,naijanews.com,1
venezuela,nasa.gov,1
venezuela,nasdaq.com,1
venezuela,nashfm100.com,1
venezuela,nashfm1025.com,1
venezuela,nashfm1065.com,1
venezuela,nashvillegab.com,1
venezuela,nationalgeographic.com,1
venezuela,nationalhogfarmer.com,1
venezuela,nationalparkstraveler.org,1
venezuela,nationaltribune.com.au,1
venezuela,nature.com,1
venezuela,navarrepress.com,1
venezuela,nbc12.com,1
venezuela,nbc24.com,1
venezuela,ncregister.com,1
venezuela,ndsmcobserver.com,1
venezuela,necn.com,1
venezuela,nerdist.com,1
venezuela,netflixlife.com,1
venezuela,netsdaily.com,1
venezuela,newhot997.com,1
venezuela,newjerseyglobe.com,1
venezuela,news-expressky.com,1
venezuela,news-gazette.com,1
venezuela,news.illinoisstate.edu,1
venezuela,news.maritime-network.com,1
venezuela,news.punchjump.com,1
venezuela,news.rediff.com,1
venezuela,news.slashdot.org,1
venezuela,news.ucsc.edu,1
venezuela,newsantaana.com,1
venezuela,newscenter1.tv,1
venezuela,newschannel20.com,1
venezuela,newsdigest.ng,1
venezuela,newsincyprus.com,1
venezuela,newsletter.blogs.wesleyan.edu,1
venezuela,newsminer.com,1
venezuela,newson6.com,1
venezuela,newsregister.com,1
venezuela,newstalkkzrg.com,1
venezuela,newworldwriting.net,1
venezuela,nextbigfuture.com,1
venezuela,nfl.com,1
venezuela,nflmocks.com,1
venezuela,nichegamer.com,1
venezuela,nipawinjournal.com:443,1
venezuela,njbiz.com,1
venezuela,northamptonchron.co.uk,1
venezuela,northbaynipissing.com,1
venezuela,northernirelandnews.com,1
venezuela,northplattebulletin.com,1
venezuela,nowthisnews.com,1
venezuela,npmjs.com,1
venezuela,nrvnews.com,1
venezuela,ntxe-news.com,1
venezuela,nutraingredients-usa.com,1
venezuela,nv1.org,1
venezuela,nwadventists.com,1
venezuela,nwahomepage.com,1
venezuela,nymag.com,1
venezuela,nysun.com,1
venezuela,nz.news.yahoo.com,1
venezuela,oaklandside.org,1
venezuela,oanow.com,1
venezuela,oas.org,1
venezuela,obituaries.chickashanews.com,1
venezuela,obituaries.corsicanadailysun.com,1
venezuela,obituaries.dailyindependent.com,1
venezuela,obituaries.itemonline.com,1
venezuela,obituaries.reporter.net,1
venezuela,obituaries.richmondregister.com,1
venezuela,obituaries.stwnewspress.com,1
venezuela,observer-reporter.com,1
venezuela,observertoday.com,1
venezuela,ocj.com,1
venezuela,odditycentral.com,1
venezuela,oedigital.com,1
venezuela,offtackleempire.com,1
venezuela,ohscanada.com,1
venezuela,oit.edu,1
venezuela,ojaivalleynews.com,1
venezuela,oldvcr.blogspot.com,1
venezuela,omanobserver.om,1
venezuela,opb.org,1
venezuela,opednews.com,1
venezuela,opinion.inquirer.net,1
venezuela,oregonbusiness.com,1
venezuela,oregoncapitalchronicle.com,1
venezuela,oregoncatalyst.com,1
venezuela,ourquadcities.com,1
venezuela,outinperth.com,1
venezuela,oxygen.com,1
venezuela,paducahsun.com,1
venezuela,pakistantelegraph.com,1
venezuela,pakistantoday.com.pk,1
venezuela,palestinechronicle.com,1
venezuela,paloaltoonline.com,1
venezuela,pantip.com,1
venezuela,parabolicarc.com,1
venezuela,parkeschampionpost.com.au,1
venezuela,pastemagazine.com,1
venezuela,patrickruffini.com,1
venezuela,paysonroundup.com,1
venezuela,peeblesshirenews.com,1
venezuela,pembroketoday.ca,1
venezuela,peninsuladailynews.com,1
venezuela,peoplesdispatch.org,1
venezuela,petroleumnews.com,1
venezuela,philippinetimes.com,1
venezuela,phinphanatic.com,1
venezuela,pinkvilla.com,1
venezuela,pittnews.com,1
venezuela,playbill.com,1
venezuela,playstationlifestyle.net,1
venezuela,poetryfoundation.org,1
venezuela,polity.org.za,1
venezuela,polygon.com,1
venezuela,poncacitynews.com,1
venezuela,popsugar.com,1
venezuela,portal.sina.com.hk,1
venezuela,portlandmercury.com,1
venezuela,portlandtribune.com,1
venezuela,portpirierecorder.com.au,1
venezuela,postcourier.com.pg,1
venezuela,poundingtherock.com,1
venezuela,power1009.iheart.com,1
venezuela,power96radio.com,1
venezuela,powerlineblog.com,1
venezuela,pressenza.com,1
venezuela,pressreleasepoint.com,1
venezuela,pressreporter.com,1
venezuela,pridesource.com,1
venezuela,primepublishers.com,1
venezuela,producer.com,1
venezuela,progressiverailroading.com,1
venezuela,prowrestling.net,1
venezuela,prrecordgazette.com:443,1
venezuela,psdispatch.com,1
venezuela,publicnewsservice.org,1
venezuela,publishersweekly.com:443,1
venezuela,purerock96.com,1
venezuela,pushsquare.com,1
venezuela,putnamsentinel.com,1
venezuela,q957.com,1
venezuela,qatar-tribune.com,1
venezuela,qda.jose947.com,1
venezuela,quadrant.org.au,1
venezuela,radaronline.com,1
venezuela,radiojamaicanewsonline.com,1
venezuela,radionigeria.gov.ng,1
venezuela,radiotoday.ie,1
venezuela,rappler.com,1
venezuela,realradio.iheart.com,1
venezuela,realtybiznews.com,1
venezuela,recoilweb.com,1
venezuela,rejournals.com,1
venezuela,reliefweb.int:443,1
venezuela,rescue.org,1
venezuela,revengeofthebirds.com,1
venezuela,reviewingthebrew.com,1
venezuela,rewind943.com,1
venezuela,righto.com,1
venezuela,rigzone.com,1
venezuela,ringtv.com,1
venezuela,ripcityproject.com,1
venezuela,ripcityradio.iheart.com,1
venezuela,rivercountry.newschannelnebraska.com,1
venezuela,rj59.jose947.com,1
venezuela,roadandtrack.com,1
venezuela,roanoke.com,1
venezuela,robbreport.com,1
venezuela,robesonian.com,1
venezuela,rock967online.com,1
venezuela,rockpapershotgun.com,1
venezuela,rollbamaroll.com,1
venezuela,rollcall.com,1
venezuela,rollingout.com,1
venezuela,rollingstone.com,1
venezuela,routesonline.com,1
venezuela,rrr.org.au,1
venezuela,rsuradio.com,1
venezuela,russianmachineneverbreaks.com,1
venezuela,sabareesh.com,1
venezuela,sahanjournal.com,1
venezuela,sail-world.com,1
venezuela,sailingscuttlebutt.com,1
venezuela,salinapost.com,1
venezuela,saltwire.com,1
venezuela,sanantoniomag.com,1
venezuela,sandiegosun.com,1
venezuela,sanilacbroadcasting.com,1
venezuela,savageandwhitten.com,1
venezuela,scarlettgatelymoore.dev,1
venezuela,scitechdaily.com,1
venezuela,scotusblog.com,1
venezuela,scrippsnews.com,1
venezuela,seattleweekly.com,1
venezuela,serbiananimalsvoice.com,1
venezuela,sg.style.yahoo.com,1
venezuela,shannonside.ie,1
venezuela,sherwoodparknews.com:443,1
venezuela,shootonline.com,1
venezuela,shorelinemedia.net,1
venezuela,shtfplan.com,1
venezuela,sicemdawgs.com,1
venezuela,sippican.theweektoday.com,1
venezuela,sknvibes.com,1
venezuela,slcdunk.com,1
venezuela,sluggerotoole.com,1
venezuela,smartcompany.com.au,1
venezuela,smmirror.com,1
venezuela,smnewsnet.com,1
venezuela,soundandvision.com,1
venezuela,south.maine207.org,1
venezuela,southerngazette.ca,1
venezuela,southernminn.com,1
venezuela,southwalesargus.co.uk,1
venezuela,speedhunters.com,1
venezuela,spirit1053.com,1
venezuela,sprucegroveexaminer.com:443,1
venezuela,srpressgazette.com,1
venezuela,standard.co.uk,1
venezuela,star-telegram.com,1
venezuela,starobserver.com.au,1
venezuela,stategazette.com,1
venezuela,statejournal.com,1
venezuela,statepress.com,1
venezuela,steamboatpilot.com,1
venezuela,steelersnow.com,1
venezuela,steinbachonline.com,1
venezuela,stlamerican.com,1
venezuela,stokesentinel.co.uk,1
venezuela,store.ign.com,1
venezuela,storystudio.wlwt.com,1
venezuela,strategy-business.com,1
venezuela,strathroyagedispatch.com:443,1
venezuela,stuff.co.nz,1
venezuela,stwnewspress.com,1
venezuela,sunherald.com,1
venezuela,sunny95.com,1
venezuela,superiortelegram.com,1
venezuela,support.whyy.org,1
venezuela,swiowanewssource.com,1
venezuela,taftmidwaydriller.com,1
venezuela,takungpao.com,1
venezuela,talkingpointsmemo.com,1
venezuela,tampabaysmix.iheart.com,1
venezuela,tanzanianewsreports.com,1
venezuela,taskandpurpose.com,1
venezuela,tearaway.co.nz,1
venezuela,tech.co,1
venezuela,tech.hindustantimes.com,1
venezuela,tech.slashdot.org,1
venezuela,techcabal.com,1
venezuela,techspot.com,1
venezuela,telegraph.co.uk,1
venezuela,teletrader.com,1
venezuela,telluridenews.com,1
venezuela,tesfanews.net,1
venezuela,texasstandard.org,1
venezuela,texomashomepage.com,1
venezuela,textileworld.com,1
venezuela,thatballsouttahere.com,1
venezuela,the-independent.com,1
venezuela,theadanews.com,1
venezuela,thealabamabaptist.org,1
venezuela,theartnewspaper.com,1
venezuela,thebeatcolumbia.iheart.com,1
venezuela,theblacksheartimes.com,1
venezuela,theblast.com,1
venezuela,theboar.org,1
venezuela,thebostonpilot.com,1
venezuela,theboxhouston.com,1
venezuela,thebridgenewsng.com,1
venezuela,thebuckeyeflame.com,1
venezuela,thecentersquare.com,1
venezuela,thecherokeean.com,1
venezuela,thecitizen.co.tz,1
venezuela,thecomet.net,1
venezuela,thecordovatimes.com,1
venezuela,thecounty.me,1
venezuela,thecourier.com.au,1
venezuela,thecrimson.com,1
venezuela,thedailyiberian.com,1
venezuela,thedailymeal.com,1
venezuela,thedailyreview.com,1
venezuela,thediplomat.ro,1
venezuela,theelectricgf.com,1
venezuela,thefranklinnewspost.com,1
venezuela,thegazette.com,1
venezuela,theghanareport.com,1
venezuela,thegrio.com,1
venezuela,theitem.com,1
venezuela,thejetpress.com,1
venezuela,thelansingjournal.com,1
venezuela,theleadernews.com,1
venezuela,themalaysianinsight.com,1
venezuela,themandarin.com.au,1
venezuela,themaneland.com,1
venezuela,themoscowtimes.com,1
venezuela,themountainpress.com,1
venezuela,themovechannel.com,1
venezuela,thenews.coop,1
venezuela,thenewsherald.com,1
venezuela,thenewsleaders.com,1
venezuela,thenewsmarket.com,1
venezuela,theobserver.com,1
venezuela,theolympian.com,1
venezuela,thepeterboroughexaminer.com,1
venezuela,thephoto-news.com,1
venezuela,thepilot.com,1
venezuela,thepostathens.com,1
venezuela,therepublic.com,1
venezuela,theroanokestar.com,1
venezuela,thesandb.com,1
venezuela,thesourcefm.co.uk,1
venezuela,thestandard.co.zw,1
venezuela,thestkittsnevisobserver.com,1
venezuela,thestranger.com,1
venezuela,thesuntimes.com,1
venezuela,thetidenewsonline.com,1
venezuela,thetimes-tribune.com,1
venezuela,theurbandaily.com,1
venezuela,thewave.ca,1
venezuela,thewest.com.au,1
venezuela,thewesterlysun.com,1
venezuela,thewhistler.ng,1
venezuela,thirdsector.co.uk,1
venezuela,thisisanfield.com,1
venezuela,thoroughbreddailynews.com,1
venezuela,throwback963.iheart.com,1
venezuela,thurstontalk.com,1
venezuela,ticket760.iheart.com,1
venezuela,ticotimes.net,1
venezuela,tide1009.com,1
venezuela,time.com,1
venezuela,times-advocate.com,1
venezuela,times.co.nz,1
venezuela,timesgazette.com,1
venezuela,timesofoman.com,1
venezuela,tireball.com,1
venezuela,todayfm.com,1
venezuela,toffeeweb.com,1
venezuela,tomshardware.com,1
venezuela,torontosun.com,1
venezuela,tradearabia.com,1
venezuela,tradewindsnews.com,1
venezuela,travelnoire.com,1
venezuela,tribute.ca,1
venezuela,triplicate.com,1
venezuela,troyrecord.com,1
venezuela,trucknews.com,1
venezuela,trustedreviews.com,1
venezuela,ttnews.com,1
venezuela,tucsonweekly.com,1
venezuela,tvline.com,1
venezuela,twinsdaily.com,1
venezuela,uatrav.com,1
venezuela,udaipurkiran.com,1
venezuela,ukathletics.com,1
venezuela,ummid.com,1
venezuela,un.org,1
venezuela,unhcr.org,1
venezuela,unilad.com,1
venezuela,universetoday.com,1
venezuela,universityofcalifornia.edu,1
venezuela,up.edu.ph,1
venezuela,uppermichiganssource.com,1
venezuela,urbanrealm.com,1
venezuela,utahindependent.com,1
venezuela,utep.edu,1
venezuela,v100.iheart.com,1
venezuela,valawyersweekly.com,1
venezuela,vancouverisawesome.com,1
venezuela,vanderbilthustler.com,1
venezuela,vanguardngr.com,1
venezuela,vanityfair.com,1
venezuela,vientianetimes.org.la,1
venezuela,vikingsterritory.com,1
venezuela,villagevoice.com,1
venezuela,visionmp.com,1
venezuela,voaafrique.com,1
venezuela,volcanodiscovery.com,1
venezuela,von.gov.ng,1
venezuela,wabi.tv,1
venezuela,wacotrib.com,1
venezuela,wakingthered.com,1
venezuela,warm98.com,1
venezuela,warsawvoice.pl,1
venezuela,warwickadvertiser.com,1
venezuela,washingtonblade.com,1
venezuela,washjeff.edu,1
venezuela,wateronline.com,1
venezuela,wbhm.org,1
venezuela,wbls.com,1
venezuela,wboy.com,1
venezuela,wbtw.com,1
venezuela,wbwn.com,1
venezuela,wcpo.com,1
venezuela,wcvu.iheart.com,1
venezuela,wdadradio.com,1
venezuela,wdasfm.iheart.com,1
venezuela,wdel.com,1
venezuela,wden.com,1
venezuela,wdov.iheart.com,1
venezuela,wdzz.com,1
venezuela,wearegreenbay.com,1
venezuela,wehoville.com,1
venezuela,wellandgood.com,1
venezuela,westcentralonline.com,1
venezuela,westernbulldogs.com.au,1
venezuela,westernslopenow.com,1
venezuela,westernwheel.ca,1
venezuela,westkentuckystar.com,1
venezuela,wfft.com,1
venezuela,wflanews.iheart.com,1
venezuela,wfmynews2.com,1
venezuela,wgbh.org,1
venezuela,wgclradio.com,1
venezuela,wgme.com,1
venezuela,wgntv.com,1
venezuela,whcuradio.com,1
venezuela,whli.com,1
venezuela,whtimes.co.uk,1
venezuela,whvoradio.com,1
venezuela,whyallanewsonline.com.au,1
venezuela,wild1029.com,1
venezuela,wild941.com,1
venezuela,wild953.com,1
venezuela,wildrivers.lostcoastoutpost.com,1
venezuela,willamette.edu,1
venezuela,wimsradio.com,1
venezuela,windowscentral.com,1
venezuela,windowstorussia.com,1
venezuela,wine-searcher.com,1
venezuela,winonadailynews.com,1
venezuela,witl.com,1
venezuela,wiu.edu,1
venezuela,wjbc.com,1
venezuela,wjol.com,1
venezuela,wkrg.com,1
venezuela,wkuf.fm,1
venezuela,wkuherald.com,1
venezuela,wlos.com,1
venezuela,wlrn.org,1
venezuela,wmnf.org,1
venezuela,wmse.org,1
venezuela,wmtram.com,1
venezuela,wnct.com,1
venezuela,wnewsj.com,1
venezuela,wnky.com,1
venezuela,wnnj.iheart.com,1
venezuela,wnyc.org,1
venezuela,wondradio.com,1
venezuela,woodwardnews.net,1
venezuela,wordpress.com,1
venezuela,workplaceinsight.net,1
venezuela,worldcrunch.com,1
venezuela,wowktv.com,1
venezuela,wpdh.com,1
venezuela,wqut.com,1
venezuela,wral.com,1
venezuela,wreg.com,1
venezuela,wrgc.com,1
venezuela,wrtv.com,1
venezuela,wsau.com,1
venezuela,wsaz.com,1
venezuela,wsoctv.com,1
venezuela,wspa.com,1
venezuela,wsws.org,1
venezuela,wsyr.iheart.com,1
venezuela,wtap.com,1
venezuela,wtju.net,1
venezuela,wtvq.com,1
venezuela,wtvy.com,1
venezuela,wvgazettemail.com,1
venezuela,wvnstv.com,1
venezuela,wvua23.com,1
venezuela,wvva.com,1
venezuela,wweek.com,1
venezuela,wwlp.com,1
venezuela,wwqq101.com,1
venezuela,www2.cbn.com,1
venezuela,www2.fundsforngos.org,1
venezuela,wxxv25.com,1
venezuela,wyso.org,1
venezuela,wzzm13.com,1
venezuela,xl1067.iheart.com,1
venezuela,xxlmag.com,1
venezuela,y100.iheart.com,1
venezuela,y101hits.com,1
venezuela,yachtsandyachting.com,1
venezuela,yen.com.gh,1
venezuela,yogajournal.com,1
venezuela,yourerie.com,1
venezuela,yoursourceone.com,1
venezuela,z103.fm,1
venezuela,z90.com,1
venezuela,zigwheels.com,1
venezuela,zimbabwestar.com,1
venezuela,zmescience.com,1
