event,domain,tld,iso2,region,macro,role,finance_media,community,state_media,government,military,int_org,validated,actor_type
ukraine,1013kissfm.iheart.com,com,GLOBAL,GLOBAL,GLOBAL,PLATFORM,0,0,0,0,0,0,0,NATIONAL
ukraine,1015thehawk.com,com,GLOBAL,GLOBAL,GLOBAL,PLATFORM,0,0,0,0,0,0,0,NATIONAL
ukraine,101magic.iheart.com,com,GLOBAL,GLOBAL,GLOBAL,PLATFORM,0,0,0,0,0,0,0,NATIONAL
ukraine,1021thebull.iheart.com,com,GLOBAL,GLOBAL,GLOBAL,PLATFORM,0,0,0,0,0,0,0,NATIONAL
ukraine,1043theparty.com,com,GLOBAL,GLOBAL,GLOBAL,PLATFORM,0,0,0,0,0,0,0,NATIONAL
ukraine,1057thehawk.com,com,GLOBAL,GLOBAL,GLOBAL,PLATFORM,0,0,0,0,0,0,0,NATIONAL
ukraine,1150kknw.com,com,GLOBAL,GLOBAL,GLOBAL,PLATFORM,0,0,0,0,0,0,0,NATIONAL
ukraine,1440wgig.iheart.com,com,GLOBAL,GLOBAL,GLOBAL,PLATFORM,0,0,0,0,0,0,0,NATIONAL
ukraine,4029tv.com,com,GLOBAL,GLOBAL,GLOBAL,PLATFORM,0,0,0,0,0,0,0,NATIONAL
ukraine,5280.com,com,GLOBAL,GLOBAL,GLOBAL,PLATFORM,0,0,0,0,0,0,0,NATIONAL
ukraine,91mobiles.com,com,GLOBAL,GLOBAL,GLOBAL,PLATFORM,0,0,0,0,0,0,0,NATIONAL
ukraine,941zbq.iheart.com,com,GLOBAL,GLOBAL,GLOBAL,PLATFORM,0,0,0,0,0,0,0,NATIONAL
ukraine,993thex.com,com,GLOBAL,GLOBAL,GLOBAL,PLATFORM,0,0,0,0,0,0,0,NATIONAL
ukraine,995qyk.com,com,GLOBAL,GLOBAL,GLOBAL,PLATFORM,0,0,0,0,0,0,0,NATIONAL
ukraine,9news.com.au,au,AU,East Asia & Pacific,OTHER,PLATFORM,0,0,0,0,0,0,0,NATIONAL
ukraine,aaas.org,org,GLOBAL,GLOBAL,GLOBAL,PLATFORM,0,0,0,0,0,0,0,NATIONAL
ukraine,abc17news.com,com,GLOBAL,GLOBAL,GLOBAL,PLATFORM,0,0,0,0,0,0,0,NATIONAL
ukraine,abcnews.go.com,com,GLOBAL,GLOBAL,GLOBAL,PLATFORM,0,0,0,0,0,0,0,NATIONAL
ukraine,aberdeennews.com,com,GLOBAL,GLOBAL,GLOBAL,PLATFORM,0,0,0,0,0,0,0,NATIONAL
ukraine,afr.com,com,GLOBAL,GLOBAL,GLOBAL,PLATFORM,0,0,0,0,0,0,0,NATIONAL
ukraine,agenceurope.eu,eu,NA,NA,OTHER,PLATFORM,0,0,0,0,0,0,0,PLATFORM
ukraine,agriland.ie,ie,NA,NA,OTHER,PLATFORM,0,0,0,0,0,0,0,PLATFORM
ukraine,ahdb.org.uk,uk,GB,Europe & Central Asia,OTHER,PLATFORM,0,0,0,0,0,0,0,NATIONAL
ukraine,algemeiner.com,com,GLOBAL,GLOBAL,GLOBAL,PLATFORM,0,0,0,0,0,0,0,NATIONAL
ukraine,alt1073.iheart.com,com,GLOBAL,GLOBAL,GLOBAL,PLATFORM,0,0,0,0,0,0,0,NATIONAL
ukraine,amarujala.com,com,GLOBAL,GLOBAL,GLOBAL,PLATFORM,0,0,0,0,0,0,0,NATIONAL
ukraine,americanfreepress.net,net,GLOBAL,GLOBAL,GLOBAL,PLATFORM,0,0,0,0,0,0,0,NATIONAL
ukraine,andina.pe,pe,NA,NA,OTHER,PLATFORM,0,0,0,0,0,0,0,PLATFORM
ukraine,annistonstar.com,com,GLOBAL,GLOBAL,GLOBAL,PLATFORM,0,0,0,0,0,0,0,NATIONAL
ukraine,aol.com,com,GLOBAL,GLOBAL,GLOBAL,PLATFORM,0,0,0,0,0,0,0,NATIONAL
ukraine,apnews.com,com,GLOBAL,GLOBAL,GLOBAL,PLATFORM,0,0,0,0,0,0,0,NATIONAL
ukraine,arabherald.com,com,GLOBAL,GLOBAL,GLOBAL,PLATFORM,0,0,0,0,0,0,0,NATIONAL
ukraine,arabtimesonline.com,com,GLOBAL,GLOBAL,GLOBAL,PLATFORM,0,0,0,0,0,0,0,NATIONAL
ukraine,architectmagazine.com,com,GLOBAL,GLOBAL,GLOBAL,PLATFORM,0,0,0,0,0,0,0,NATIONAL
ukraine,areawidenews.com,com,GLOBAL,GLOBAL,GLOBAL,PLATFORM,0,0,0,0,0,0,0,NATIONAL
ukraine,article.wn.com,com,GLOBAL,GLOBAL,GLOBAL,PLATFORM,0,0,0,0,0,0,0,NATIONAL
ukraine,athensmessenger.com,com,GLOBAL,GLOBAL,GLOBAL,PLATFORM,0,0,0,0,0,0,0,NATIONAL
ukraine,atlantamagazine.com,com,GLOBAL,GLOBAL,GLOBAL,PLATFORM,0,0,0,0,0,0,0,NATIONAL
ukraine,australiannews.net,net,GLOBAL,GLOBAL,GLOBAL,PLATFORM,0,0,0,0,0,0,0,NATIONAL
ukraine,autoblog.com,com,GLOBAL,GLOBAL,GLOBAL,PLATFORM,0,0,0,0,0,0,0,NATIONAL
ukraine,automationworld.com:443,NA,NA,NA,OTHER,PLATFORM,0,0,0,0,0,0,0,PLATFORM
ukraine,aviationweek.com,com,GLOBAL,GLOBAL,GLOBAL,PLATFORM,0,0,0,0,0,0,0,NATIONAL
ukraine,azcentral.com,com,GLOBAL,GLOBAL,GLOBAL,PLATFORM,0,0,0,0,0,0,0,NATIONAL
ukraine,azdailysun.com,com,GLOBAL,GLOBAL,GLOBAL,PLATFORM,0,0,0,0,0,0,0,NATIONAL
ukraine,azmirror.com,com,GLOBAL,GLOBAL,GLOBAL,PLATFORM,0,0,0,0,0,0,0,NATIONAL
ukraine,bangkokpost.com,com,GLOBAL,GLOBAL,GLOBAL,PLATFORM,0,0,0,0,0,0,0,NATIONAL
ukraine,baristanet.com,com,GLOBAL,GLOBAL,GLOBAL,PLATFORM,0,0,0,0,0,0,0,NATIONAL
ukraine,barryanddistrictnews.co.uk,uk,GB,Europe & Central Asia,OTHER,PLATFORM,0,0,0,0,0,0,0,NATIONAL
ukraine,basingstokegazette.co.uk,uk,GB,Europe & Central Asia,OTHER,PLATFORM,0,0,0,0,0,0,0,NATIONAL
ukraine,beaumontenterprise.com,com,GLOBAL,GLOBAL,GLOBAL,PLATFORM,0,0,0,0,0,0,0,NATIONAL
ukraine,beijingbulletin.com,com,GLOBAL,GLOBAL,GLOBAL,PLATFORM,0,0,0,0,0,0,0,NATIONAL
ukraine,bevnet.com,com,GLOBAL,GLOBAL,GLOBAL,PLATFORM,0,0,0,0,0,0,0,NATIONAL
ukraine,biblestudytools.com,com,GLOBAL,GLOBAL,GLOBAL,PLATFORM,0,0,0,0,0,0,0,NATIONAL
ukraine,bigcountry969.com,com,GLOBAL,GLOBAL,GLOBAL,PLATFORM,0,0,0,0,0,0,0,NATIONAL
ukraine,blazin1023.com,com,GLOBAL,GLOBAL,GLOBAL,PLATFORM,0,0,0,0,0,0,0,NATIONAL
ukraine,boisestatepublicradio.org,org,GLOBAL,GLOBAL,GLOBAL,PLATFORM,0,0,0,0,0,0,0,NATIONAL
ukraine,bostonmagazine.com,com,GLOBAL,GLOBAL,GLOBAL,PLATFORM,0,0,0,0,0,0,0,NATIONAL
ukraine,boxden.com,com,GLOBAL,GLOBAL,GLOBAL,PLATFORM,0,0,0,0,0,0,0,NATIONAL
ukraine,bozemandailychronicle.com,com,GLOBAL,GLOBAL,GLOBAL,PLATFORM,0,0,0,0,0,0,0,NATIONAL
ukraine,br.noticias.yahoo.com,com,GLOBAL,GLOBAL,GLOBAL,PLATFORM,0,0,0,0,0,0,0,NATIONAL
ukraine,bransontrilakesnews.com,com,GLOBAL,GLOBAL,GLOBAL,PLATFORM,0,0,0,0,0,0,0,NATIONAL
ukraine,brisbanetimes.com.au,au,AU,East Asia & Pacific,OTHER,PLATFORM,0,0,0,0,0,0,0,NATIONAL
ukraine,bristolpost.co.uk,uk,GB,Europe & Central Asia,OTHER,PLATFORM,0,0,0,0,0,0,0,NATIONAL
ukraine,buffalonews.com,com,GLOBAL,GLOBAL,GLOBAL,PLATFORM,0,0,0,0,0,0,0,NATIONAL
ukraine,businessinsider.com,com,GLOBAL,GLOBAL,GLOBAL,PLATFORM,1,0,0,0,0,0,1,FIN
ukraine,businessinsider.com.au,au,AU,East Asia & Pacific,OTHER,PLATFORM,0,0,0,0,0,0,0,NATIONAL
ukraine,businesstoday.in,in,IN,South Asia,OTHER,PLATFORM,0,0,0,0,0,0,0,NATIONAL
ukraine,callapple.org,org,GLOBAL,GLOBAL,GLOBAL,PLATFORM,0,0,0,0,0,0,0,NATIONAL
ukraine,carlow-nationalist.ie,ie,NA,NA,OTHER,PLATFORM,0,0,0,0,0,0,0,PLATFORM
ukraine,castanet.net,net,GLOBAL,GLOBAL,GLOBAL,PLATFORM,0,0,0,0,0,0,0,NATIONAL
ukraine,catholicnews.com,com,GLOBAL,GLOBAL,GLOBAL,PLATFORM,0,0,0,0,0,0,0,NATIONAL
ukraine,cbs19.tv,tv,NA,NA,OTHER,PLATFORM,0,0,0,0,0,0,0,PLATFORM
ukraine,cbsnews.com,com,GLOBAL,GLOBAL,GLOBAL,PLATFORM,0,0,0,0,0,0,0,NATIONAL
ukraine,celebdirtylaundry.com,com,GLOBAL,GLOBAL,GLOBAL,PLATFORM,0,0,0,0,0,0,0,NATIONAL
ukraine,cha.house.gov,gov,NA,NA,OTHER,PLATFORM,0,0,0,1,0,0,1,GOV
ukraine,chinadaily.com.cn,cn,CN,East Asia & Pacific,OTHER,PLATFORM,0,0,1,0,0,0,1,STATE
ukraine,chronicleonline.com,com,GLOBAL,GLOBAL,GLOBAL,PLATFORM,0,0,0,0,0,0,0,NATIONAL
ukraine,cnn.com,com,GLOBAL,GLOBAL,GLOBAL,PLATFORM,0,0,0,0,0,0,0,NATIONAL
ukraine,cnsnews.com,com,GLOBAL,GLOBAL,GLOBAL,PLATFORM,0,0,0,0,0,0,0,NATIONAL
ukraine,complex.com,com,GLOBAL,GLOBAL,GLOBAL,PLATFORM,0,0,0,0,0,0,0,NATIONAL
ukraine,conwaydailysun.com,com,GLOBAL,GLOBAL,GLOBAL,PLATFORM,0,0,0,0,0,0,0,NATIONAL
ukraine,crainsnewyork.com,com,GLOBAL,GLOBAL,GLOBAL,PLATFORM,0,0,0,0,0,0,0,NATIONAL
ukraine,ctrl.blog,blog,NA,NA,OTHER,PLATFORM,0,0,0,0,0,0,0,PLATFORM
ukraine,ctvnews.ca,ca,CA,North America,OTHER,PLATFORM,0,0,0,0,0,0,0,NATIONAL
ukraine,currentargus.com,com,GLOBAL,GLOBAL,GLOBAL,PLATFORM,0,0,0,0,0,0,0,NATIONAL
ukraine,dailyhive.com,com,GLOBAL,GLOBAL,GLOBAL,PLATFORM,0,0,0,0,0,0,0,NATIONAL
ukraine,dailymail.co.uk,uk,GB,Europe & Central Asia,OTHER,PLATFORM,0,0,0,0,0,0,0,NATIONAL
ukraine,dailymaverick.co.za,za,ZA,Sub-Saharan Africa,AFRICA,PLATFORM,0,0,0,0,0,0,0,NATIONAL
ukraine,dailynorthwestern.com,com,GLOBAL,GLOBAL,GLOBAL,PLATFORM,0,0,0,0,0,0,0,NATIONAL
ukraine,dailyvoice.com,com,GLOBAL,GLOBAL,GLOBAL,PLATFORM,0,0,0,0,0,0,0,NATIONAL
ukraine,dairynewsaustralia.com.au,au,AU,East Asia & Pacific,OTHER,PLATFORM,0,0,0,0,0,0,0,NATIONAL
ukraine,dercuano.github.io,io,NA,NA,OTHER,PLATFORM,0,0,0,0,0,0,0,PLATFORM
ukraine,deseret.com,com,GLOBAL,GLOBAL,GLOBAL,PLATFORM,0,0,0,0,0,0,0,NATIONAL
ukraine,desototimes.com,com,GLOBAL,GLOBAL,GLOBAL,PLATFORM,0,0,0,0,0,0,0,NATIONAL
ukraine,detroitnews.com,com,GLOBAL,GLOBAL,GLOBAL,PLATFORM,0,0,0,0,0,0,0,NATIONAL
ukraine,developingtelecoms.com,com,GLOBAL,GLOBAL,GLOBAL,PLATFORM,0,0,0,0,0,0,0,NATIONAL
ukraine,digitaljournal.com,com,GLOBAL,GLOBAL,GLOBAL,PLATFORM,0,0,0,0,0,0,0,NATIONAL
ukraine,dl-online.com,com,GLOBAL,GLOBAL,GLOBAL,PLATFORM,0,0,0,0,0,0,0,NATIONAL
ukraine,duluthnewstribune.com,com,GLOBAL,GLOBAL,GLOBAL,PLATFORM,0,0,0,0,0,0,0,NATIONAL
ukraine,dvidshub.net,net,GLOBAL,GLOBAL,GLOBAL,PLATFORM,0,0,0,0,0,0,0,NATIONAL
ukraine,easy1350.iheart.com,com,GLOBAL,GLOBAL,GLOBAL,PLATFORM,0,0,0,0,0,0,0,NATIONAL
ukraine,economist.com,com,GLOBAL,GLOBAL,GLOBAL,PLATFORM,0,0,0,0,0,0,0,NATIONAL
ukraine,ecuadortimes.net,net,GLOBAL,GLOBAL,GLOBAL,PLATFORM,0,0,0,0,0,0,0,NATIONAL
ukraine,elimpulso.com,com,GLOBAL,GLOBAL,GLOBAL,PLATFORM,0,0,0,0,0,0,0,NATIONAL
ukraine,emporiaindependentmessenger.com,com,GLOBAL,GLOBAL,GLOBAL,PLATFORM,0,0,0,0,0,0,0,NATIONAL
ukraine,en.antaranews.com,com,GLOBAL,GLOBAL,GLOBAL,PLATFORM,0,0,0,0,0,0,0,NATIONAL
ukraine,en.vietnamplus.vn,vn,NA,NA,OTHER,PLATFORM,0,0,0,0,0,0,0,PLATFORM
ukraine,energycommerce.house.gov,gov,NA,NA,OTHER,PLATFORM,0,0,0,1,0,0,1,GOV
ukraine,english.ahram.org.eg,eg,EG,Middle East & North Africa,OTHER,PLATFORM,0,0,0,0,0,0,0,NATIONAL
ukraine,espn.com,com,GLOBAL,GLOBAL,GLOBAL,PLATFORM,0,0,0,0,0,0,0,NATIONAL
ukraine,evolutionnews.org,org,GLOBAL,GLOBAL,GLOBAL,PLATFORM,0,0,0,0,0,0,0,NATIONAL
ukraine,farmersjournal.ie,ie,NA,NA,OTHER,PLATFORM,0,0,0,0,0,0,0,PLATFORM
ukraine,fastcompany.com,com,GLOBAL,GLOBAL,GLOBAL,PLATFORM,0,0,0,0,0,0,0,NATIONAL
ukraine,fieldfisher.com,com,GLOBAL,GLOBAL,GLOBAL,PLATFORM,0,0,0,0,0,0,0,NATIONAL
ukraine,finance.yahoo.com,com,GLOBAL,GLOBAL,GLOBAL,PLATFORM,0,0,0,0,0,0,0,NATIONAL
ukraine,financial-planning.com,com,GLOBAL,GLOBAL,GLOBAL,PLATFORM,0,0,0,0,0,0,0,NATIONAL
ukraine,firerescue1.com:443,NA,NA,NA,OTHER,PLATFORM,0,0,0,0,0,0,0,PLATFORM
ukraine,flipboard.com,com,GLOBAL,GLOBAL,GLOBAL,PLATFORM,0,0,0,0,0,0,0,NATIONAL
ukraine,fool.com,com,GLOBAL,GLOBAL,GLOBAL,PLATFORM,0,0,0,0,0,0,0,NATIONAL
ukraine,forbes.com,com,GLOBAL,GLOBAL,GLOBAL,PLATFORM,1,0,0,0,0,0,1,FIN
ukraine,foreignaffairs.co.nz,nz,NZ,East Asia & Pacific,OTHER,PLATFORM,0,0,0,0,0,0,0,NATIONAL
ukraine,forexlive.com,com,GLOBAL,GLOBAL,GLOBAL,PLATFORM,0,0,0,0,0,0,0,NATIONAL
ukraine,forward.com,com,GLOBAL,GLOBAL,GLOBAL,PLATFORM,0,0,0,0,0,0,0,NATIONAL
ukraine,fox10phoenix.com,com,GLOBAL,GLOBAL,GLOBAL,PLATFORM,0,0,0,0,0,0,0,NATIONAL
ukraine,fox10tv.com,com,GLOBAL,GLOBAL,GLOBAL,PLATFORM,0,0,0,0,0,0,0,NATIONAL
ukraine,foxbusiness.com,com,GLOBAL,GLOBAL,GLOBAL,PLATFORM,0,0,0,0,0,0,0,NATIONAL
ukraine,france24.com,com,GLOBAL,GLOBAL,GLOBAL,PLATFORM,0,0,0,0,0,0,0,NATIONAL
ukraine,frankie.com.au,au,AU,East Asia & Pacific,OTHER,PLATFORM,0,0,0,0,0,0,0,NATIONAL
ukraine,freddalzell.com,com,GLOBAL,GLOBAL,GLOBAL,PLATFORM,0,0,0,0,0,0,0,NATIONAL
ukraine,freepressseries.co.uk,uk,GB,Europe & Central Asia,OTHER,PLATFORM,0,0,0,0,0,0,0,NATIONAL
ukraine,gamespot.com,com,GLOBAL,GLOBAL,GLOBAL,PLATFORM,0,0,0,0,0,0,0,NATIONAL
ukraine,gbc.gi,gi,NA,NA,OTHER,PLATFORM,0,0,0,0,0,0,0,PLATFORM
ukraine,gcaptain.com,com,GLOBAL,GLOBAL,GLOBAL,PLATFORM,0,0,0,0,0,0,0,NATIONAL
ukraine,genomeweb.com,com,GLOBAL,GLOBAL,GLOBAL,PLATFORM,0,0,0,0,0,0,0,NATIONAL
ukraine,geograph.org.uk,uk,GB,Europe & Central Asia,OTHER,PLATFORM,0,0,0,0,0,0,0,NATIONAL
ukraine,getsurrey.co.uk,uk,GB,Europe & Central Asia,OTHER,PLATFORM,0,0,0,0,0,0,0,NATIONAL
ukraine,github.com,com,GLOBAL,GLOBAL,GLOBAL,PLATFORM,0,0,0,0,0,0,0,NATIONAL
ukraine,glasgowtimes.co.uk,uk,GB,Europe & Central Asia,OTHER,PLATFORM,0,0,0,0,0,0,0,NATIONAL
ukraine,gleague.nba.com,com,GLOBAL,GLOBAL,GLOBAL,PLATFORM,0,0,0,0,0,0,0,NATIONAL
ukraine,gov.uk,uk,GB,Europe & Central Asia,OTHER,PLATFORM,0,0,0,0,0,0,0,NATIONAL
ukraine,governor.utah.gov,gov,NA,NA,OTHER,PLATFORM,0,0,0,1,0,0,1,GOV
ukraine,greatfallstribune.com,com,GLOBAL,GLOBAL,GLOBAL,PLATFORM,0,0,0,0,0,0,0,NATIONAL
ukraine,greatlakesnow.org,org,GLOBAL,GLOBAL,GLOBAL,PLATFORM,0,0,0,0,0,0,0,NATIONAL
ukraine,ground.news,news,NA,NA,OTHER,PLATFORM,0,0,0,0,0,0,0,PLATFORM
ukraine,haaretz.com,com,GLOBAL,GLOBAL,GLOBAL,PLATFORM,0,0,0,0,0,0,0,NATIONAL
ukraine,hancinema.net,net,GLOBAL,GLOBAL,GLOBAL,PLATFORM,0,0,0,0,0,0,0,NATIONAL
ukraine,headlinestoday.in,in,IN,South Asia,OTHER,PLATFORM,0,0,0,0,0,0,0,NATIONAL
ukraine,herald-review.com,com,GLOBAL,GLOBAL,GLOBAL,PLATFORM,0,0,0,0,0,0,0,NATIONAL
ukraine,hits957.iheart.com,com,GLOBAL,GLOBAL,GLOBAL,PLATFORM,0,0,0,0,0,0,0,NATIONAL
ukraine,home.nzcity.co.nz,nz,NZ,East Asia & Pacific,OTHER,PLATFORM,0,0,0,0,0,0,0,NATIONAL
ukraine,hometownregister.com,com,GLOBAL,GLOBAL,GLOBAL,PLATFORM,0,0,0,0,0,0,0,NATIONAL
ukraine,hospitalitydesign.com,com,GLOBAL,GLOBAL,GLOBAL,PLATFORM,0,0,0,0,0,0,0,NATIONAL
ukraine,hot97.com,com,GLOBAL,GLOBAL,GLOBAL,PLATFORM,0,0,0,0,0,0,0,NATIONAL
ukraine,houstonchronicle.com,com,GLOBAL,GLOBAL,GLOBAL,PLATFORM,0,0,0,0,0,0,0,NATIONAL
ukraine,i95rocks.com,com,GLOBAL,GLOBAL,GLOBAL,PLATFORM,0,0,0,0,0,0,0,NATIONAL
ukraine,impartialreporter.com,com,GLOBAL,GLOBAL,GLOBAL,PLATFORM,0,0,0,0,0,0,0,NATIONAL
ukraine,indiatoday.in,in,IN,South Asia,OTHER,PLATFORM,0,0,0,0,0,0,0,NATIONAL
ukraine,indyweek.com,com,GLOBAL,GLOBAL,GLOBAL,PLATFORM,0,0,0,0,0,0,0,NATIONAL
ukraine,inforum.com,com,GLOBAL,GLOBAL,GLOBAL,PLATFORM,0,0,0,0,0,0,0,NATIONAL
ukraine,insidelacrosse.com,com,GLOBAL,GLOBAL,GLOBAL,PLATFORM,0,0,0,0,0,0,0,NATIONAL
ukraine,insidermonkey.com,com,GLOBAL,GLOBAL,GLOBAL,PLATFORM,0,0,0,0,0,0,0,NATIONAL
ukraine,iowapublicradio.org,org,GLOBAL,GLOBAL,GLOBAL,PLATFORM,0,0,0,0,0,0,0,NATIONAL
ukraine,it.notizie.yahoo.com,com,GLOBAL,GLOBAL,GLOBAL,PLATFORM,0,0,0,0,0,0,0,NATIONAL
ukraine,jamaicaobserver.com,com,GLOBAL,GLOBAL,GLOBAL,PLATFORM,0,0,0,0,0,0,0,NATIONAL
ukraine,jamestownsun.com,com,GLOBAL,GLOBAL,GLOBAL,PLATFORM,0,0,0,0,0,0,0,NATIONAL
ukraine,jhnewsandguide.com,com,GLOBAL,GLOBAL,GLOBAL,PLATFORM,0,0,0,0,0,0,0,NATIONAL
ukraine,jobsite.gcaptain.com,com,GLOBAL,GLOBAL,GLOBAL,PLATFORM,0,0,0,0,0,0,0,NATIONAL
ukraine,k99fm.iheart.com,com,GLOBAL,GLOBAL,GLOBAL,PLATFORM,0,0,0,0,0,0,0,NATIONAL
ukraine,kalw.org,org,GLOBAL,GLOBAL,GLOBAL,PLATFORM,0,0,0,0,0,0,0,NATIONAL
ukraine,kashcountry1075.iheart.com,com,GLOBAL,GLOBAL,GLOBAL,PLATFORM,0,0,0,0,0,0,0,NATIONAL
ukraine,kdrv.com,com,GLOBAL,GLOBAL,GLOBAL,PLATFORM,0,0,0,0,0,0,0,NATIONAL
ukraine,kedm.org,org,GLOBAL,GLOBAL,GLOBAL,PLATFORM,0,0,0,0,0,0,0,NATIONAL
ukraine,kelo.com,com,GLOBAL,GLOBAL,GLOBAL,PLATFORM,0,0,0,0,0,0,0,NATIONAL
ukraine,kentlive.news,news,NA,NA,OTHER,PLATFORM,0,0,0,0,0,0,0,PLATFORM
ukraine,kfyi.iheart.com,com,GLOBAL,GLOBAL,GLOBAL,PLATFORM,0,0,0,0,0,0,0,NATIONAL
ukraine,kgou.org,org,GLOBAL,GLOBAL,GLOBAL,PLATFORM,0,0,0,0,0,0,0,NATIONAL
ukraine,kion546.com,com,GLOBAL,GLOBAL,GLOBAL,PLATFORM,0,0,0,0,0,0,0,NATIONAL
ukraine,kiss1027fm.iheart.com,com,GLOBAL,GLOBAL,GLOBAL,PLATFORM,0,0,0,0,0,0,0,NATIONAL
ukraine,kitchener.ctvnews.ca,ca,CA,North America,OTHER,PLATFORM,0,0,0,0,0,0,0,NATIONAL
ukraine,kitv.com,com,GLOBAL,GLOBAL,GLOBAL,PLATFORM,0,0,0,0,0,0,0,NATIONAL
ukraine,kixs.com,com,GLOBAL,GLOBAL,GLOBAL,PLATFORM,0,0,0,0,0,0,0,NATIONAL
ukraine,kksa-am.com,com,GLOBAL,GLOBAL,GLOBAL,PLATFORM,0,0,0,0,0,0,0,NATIONAL
ukraine,koco.com,com,GLOBAL,GLOBAL,GLOBAL,PLATFORM,0,0,0,0,0,0,0,NATIONAL
ukraine,krsl.com,com,GLOBAL,GLOBAL,GLOBAL,PLATFORM,0,0,0,0,0,0,0,NATIONAL
ukraine,ksam1017.com,com,GLOBAL,GLOBAL,GLOBAL,PLATFORM,0,0,0,0,0,0,0,NATIONAL
ukraine,kuna.net.kw,kw,NA,NA,OTHER,PLATFORM,0,0,0,0,0,0,0,PLATFORM
ukraine,kut.org,org,GLOBAL,GLOBAL,GLOBAL,PLATFORM,0,0,0,0,0,0,0,NATIONAL
ukraine,kvia.com,com,GLOBAL,GLOBAL,GLOBAL,PLATFORM,0,0,0,0,0,0,0,NATIONAL
ukraine,kxxv.com,com,GLOBAL,GLOBAL,GLOBAL,PLATFORM,0,0,0,0,0,0,0,NATIONAL
ukraine,kygl.com,com,GLOBAL,GLOBAL,GLOBAL,PLATFORM,0,0,0,0,0,0,0,NATIONAL
ukraine,labmanager.com,com,GLOBAL,GLOBAL,GLOBAL,PLATFORM,0,0,0,0,0,0,0,NATIONAL
ukraine,lancasteronline.com,com,GLOBAL,GLOBAL,GLOBAL,PLATFORM,0,0,0,0,0,0,0,NATIONAL
ukraine,laosnews.net,net,GLOBAL,GLOBAL,GLOBAL,PLATFORM,0,0,0,0,0,0,0,NATIONAL
ukraine,latimes.com,com,GLOBAL,GLOBAL,GLOBAL,PLATFORM,0,0,0,0,0,0,0,NATIONAL
ukraine,lawandcrime.com,com,GLOBAL,GLOBAL,GLOBAL,PLATFORM,0,0,0,0,0,0,0,NATIONAL
ukraine,lebanon-express.com,com,GLOBAL,GLOBAL,GLOBAL,PLATFORM,0,0,0,0,0,0,0,NATIONAL
ukraine,ledburyreporter.co.uk,uk,GB,Europe & Central Asia,OTHER,PLATFORM,0,0,0,0,0,0,0,NATIONAL
ukraine,leicestermercury.co.uk,uk,GB,Europe & Central Asia,OTHER,PLATFORM,0,0,0,0,0,0,0,NATIONAL
ukraine,leinsterleader.ie,ie,NA,NA,OTHER,PLATFORM,0,0,0,0,0,0,0,PLATFORM
ukraine,lep.co.uk,uk,GB,Europe & Central Asia,OTHER,PLATFORM,0,0,0,0,0,0,0,NATIONAL
ukraine,libn.com,com,GLOBAL,GLOBAL,GLOBAL,PLATFORM,0,0,0,0,0,0,0,NATIONAL
ukraine,lifehacker.com.au,au,AU,East Asia & Pacific,OTHER,PLATFORM,0,0,0,0,0,0,0,NATIONAL
ukraine,livejournal.com,com,GLOBAL,GLOBAL,GLOBAL,PLATFORM,0,0,0,0,0,0,0,NATIONAL
ukraine,liverpoolecho.co.uk,uk,GB,Europe & Central Asia,OTHER,PLATFORM,0,0,0,0,0,0,0,NATIONAL
ukraine,local3news.com,com,GLOBAL,GLOBAL,GLOBAL,PLATFORM,0,0,0,0,0,0,0,NATIONAL
ukraine,longbeachstar.com,com,GLOBAL,GLOBAL,GLOBAL,PLATFORM,0,0,0,0,0,0,0,NATIONAL
ukraine,loudersound.com,com,GLOBAL,GLOBAL,GLOBAL,PLATFORM,0,0,0,0,0,0,0,NATIONAL
ukraine,lse.co.uk,uk,GB,Europe & Central Asia,OTHER,PLATFORM,0,0,0,0,0,0,0,NATIONAL
ukraine,macrobusiness.com.au,au,AU,East Asia & Pacific,OTHER,PLATFORM,0,0,0,0,0,0,0,NATIONAL
ukraine,macrumors.com,com,GLOBAL,GLOBAL,GLOBAL,PLATFORM,0,0,0,0,0,0,0,NATIONAL
ukraine,madison.com,com,GLOBAL,GLOBAL,GLOBAL,PLATFORM,0,0,0,0,0,0,0,NATIONAL
ukraine,maldonandburnhamstandard.co.uk,uk,GB,Europe & Central Asia,OTHER,PLATFORM,0,0,0,0,0,0,0,NATIONAL
ukraine,manchesterjournal.com,com,GLOBAL,GLOBAL,GLOBAL,PLATFORM,0,0,0,0,0,0,0,NATIONAL
ukraine,marieclaire.com,com,GLOBAL,GLOBAL,GLOBAL,PLATFORM,0,0,0,0,0,0,0,NATIONAL
ukraine,markets.businessinsider.com,com,GLOBAL,GLOBAL,GLOBAL,PLATFORM,0,0,0,0,0,0,0,NATIONAL
ukraine,marketwatch.com,com,GLOBAL,GLOBAL,GLOBAL,PLATFORM,1,0,0,0,0,0,1,FIN
ukraine,marshallnews.com,com,GLOBAL,GLOBAL,GLOBAL,PLATFORM,0,0,0,0,0,0,0,NATIONAL
ukraine,mdjonline.com,com,GLOBAL,GLOBAL,GLOBAL,PLATFORM,0,0,0,0,0,0,0,NATIONAL
ukraine,mediaite.com,com,GLOBAL,GLOBAL,GLOBAL,PLATFORM,0,0,0,0,0,0,0,NATIONAL
ukraine,mediakit.orlandoweekly.com,com,GLOBAL,GLOBAL,GLOBAL,PLATFORM,0,0,0,0,0,0,0,NATIONAL
ukraine,medpagetoday.com,com,GLOBAL,GLOBAL,GLOBAL,PLATFORM,0,0,0,0,0,0,0,NATIONAL
ukraine,medscape.com,com,GLOBAL,GLOBAL,GLOBAL,PLATFORM,0,0,0,0,0,0,0,NATIONAL
ukraine,menafn.com,com,GLOBAL,GLOBAL,GLOBAL,PLATFORM,0,0,0,0,0,0,0,NATIONAL
ukraine,mesabitribune.com,com,GLOBAL,GLOBAL,GLOBAL,PLATFORM,0,0,0,0,0,0,0,NATIONAL
ukraine,messenger-inquirer.com,com,GLOBAL,GLOBAL,GLOBAL,PLATFORM,0,0,0,0,0,0,0,NATIONAL
ukraine,mexicostar.com,com,GLOBAL,GLOBAL,GLOBAL,PLATFORM,0,0,0,0,0,0,0,NATIONAL
ukraine,mirror.co.uk,uk,GB,Europe & Central Asia,OTHER,PLATFORM,0,0,0,0,0,0,0,NATIONAL
ukraine,missoulian.com,com,GLOBAL,GLOBAL,GLOBAL,PLATFORM,0,0,0,0,0,0,0,NATIONAL
ukraine,mitsloan.mit.edu,edu,NA,NA,OTHER,PLATFORM,0,0,0,0,0,0,0,PLATFORM
ukraine,moddb.com,com,GLOBAL,GLOBAL,GLOBAL,PLATFORM,0,0,0,0,0,0,0,NATIONAL
ukraine,model-engineer.co.uk,uk,GB,Europe & Central Asia,OTHER,PLATFORM,0,0,0,0,0,0,0,NATIONAL
ukraine,montgomeryadvertiser.com,com,GLOBAL,GLOBAL,GLOBAL,PLATFORM,0,0,0,0,0,0,0,NATIONAL
ukraine,mortgagenewsdaily.com:443,NA,NA,NA,OTHER,PLATFORM,0,0,0,0,0,0,0,PLATFORM
ukraine,moultonadvertiser.com,com,GLOBAL,GLOBAL,GLOBAL,PLATFORM,0,0,0,0,0,0,0,NATIONAL
ukraine,mrt.com,com,GLOBAL,GLOBAL,GLOBAL,PLATFORM,0,0,0,0,0,0,0,NATIONAL
ukraine,msn.com,com,GLOBAL,GLOBAL,GLOBAL,PLATFORM,0,0,0,0,0,0,0,NATIONAL
ukraine,multiplesclerosisnewstoday.com,com,GLOBAL,GLOBAL,GLOBAL,PLATFORM,0,0,0,0,0,0,0,NATIONAL
ukraine,mumbrella.com.au,au,AU,East Asia & Pacific,OTHER,PLATFORM,0,0,0,0,0,0,0,NATIONAL
ukraine,muscatinejournal.com,com,GLOBAL,GLOBAL,GLOBAL,PLATFORM,0,0,0,0,0,0,0,NATIONAL
ukraine,my957.com,com,GLOBAL,GLOBAL,GLOBAL,PLATFORM,0,0,0,0,0,0,0,NATIONAL
ukraine,myneworleans.com,com,GLOBAL,GLOBAL,GLOBAL,PLATFORM,0,0,0,0,0,0,0,NATIONAL
ukraine,mynorthwest.com,com,GLOBAL,GLOBAL,GLOBAL,PLATFORM,0,0,0,0,0,0,0,NATIONAL
ukraine,mynspr.org,org,GLOBAL,GLOBAL,GLOBAL,PLATFORM,0,0,0,0,0,0,0,NATIONAL
ukraine,myplainview.com,com,GLOBAL,GLOBAL,GLOBAL,PLATFORM,0,0,0,0,0,0,0,NATIONAL
ukraine,myrecordjournal.com,com,GLOBAL,GLOBAL,GLOBAL,PLATFORM,0,0,0,0,0,0,0,NATIONAL
ukraine,mysanantonio.com,com,GLOBAL,GLOBAL,GLOBAL,PLATFORM,0,0,0,0,0,0,0,NATIONAL
ukraine,nashvilleherald.com,com,GLOBAL,GLOBAL,GLOBAL,PLATFORM,0,0,0,0,0,0,0,NATIONAL
ukraine,nationnews.com,com,GLOBAL,GLOBAL,GLOBAL,PLATFORM,0,0,0,0,0,0,0,NATIONAL
ukraine,naturalresources.house.gov,gov,NA,NA,OTHER,PLATFORM,0,0,0,1,0,0,1,GOV
ukraine,nature.com,com,GLOBAL,GLOBAL,GLOBAL,PLATFORM,0,0,0,0,0,0,0,NATIONAL
ukraine,nba.com,com,GLOBAL,GLOBAL,GLOBAL,PLATFORM,0,0,0,0,0,0,0,NATIONAL
ukraine,nbcnews.com,com,GLOBAL,GLOBAL,GLOBAL,PLATFORM,0,0,0,0,0,0,0,NATIONAL
ukraine,nbcphiladelphia.com,com,GLOBAL,GLOBAL,GLOBAL,PLATFORM,0,0,0,0,0,0,0,NATIONAL
ukraine,neonnettle.com,com,GLOBAL,GLOBAL,GLOBAL,PLATFORM,0,0,0,0,0,0,0,NATIONAL
ukraine,neoskosmos.com,com,GLOBAL,GLOBAL,GLOBAL,PLATFORM,0,0,0,0,0,0,0,NATIONAL
ukraine,news-expressky.com,com,GLOBAL,GLOBAL,GLOBAL,PLATFORM,0,0,0,0,0,0,0,NATIONAL
ukraine,news.usni.org,org,GLOBAL,GLOBAL,GLOBAL,PLATFORM,0,0,0,0,0,0,0,NATIONAL
ukraine,news.webindia123.com,com,GLOBAL,GLOBAL,GLOBAL,PLATFORM,0,0,0,0,0,0,0,NATIONAL
ukraine,news.yahoo.com,com,GLOBAL,GLOBAL,GLOBAL,PLATFORM,0,0,0,0,0,0,0,NATIONAL
ukraine,newscentermaine.com,com,GLOBAL,GLOBAL,GLOBAL,PLATFORM,0,0,0,0,0,0,0,NATIONAL
ukraine,newsday.co.tt,tt,NA,NA,OTHER,PLATFORM,0,0,0,0,0,0,0,PLATFORM
ukraine,newsecuritybeat.org,org,GLOBAL,GLOBAL,GLOBAL,PLATFORM,0,0,0,0,0,0,0,NATIONAL
ukraine,newstribune.com,com,GLOBAL,GLOBAL,GLOBAL,PLATFORM,0,0,0,0,0,0,0,NATIONAL
ukraine,newsweek.com,com,GLOBAL,GLOBAL,GLOBAL,PLATFORM,0,0,0,0,0,0,0,NATIONAL
ukraine,nhpr.org,org,GLOBAL,GLOBAL,GLOBAL,PLATFORM,0,0,0,0,0,0,0,NATIONAL
ukraine,nhregister.com,com,GLOBAL,GLOBAL,GLOBAL,PLATFORM,0,0,0,0,0,0,0,NATIONAL
ukraine,noozhawk.com,com,GLOBAL,GLOBAL,GLOBAL,PLATFORM,0,0,0,0,0,0,0,NATIONAL
ukraine,northwaleschronicle.co.uk,uk,GB,Europe & Central Asia,OTHER,PLATFORM,0,0,0,0,0,0,0,NATIONAL
ukraine,nwemail.co.uk,uk,GB,Europe & Central Asia,OTHER,PLATFORM,0,0,0,0,0,0,0,NATIONAL
ukraine,nytimes.com,com,GLOBAL,GLOBAL,GLOBAL,PLATFORM,0,0,0,0,0,0,0,NATIONAL
ukraine,oann.com,com,GLOBAL,GLOBAL,GLOBAL,PLATFORM,0,0,0,0,0,0,0,NATIONAL
ukraine,observer.ug,ug,NA,NA,OTHER,PLATFORM,0,0,0,0,0,0,0,PLATFORM
ukraine,ohnotheydidnt.livejournal.com,com,GLOBAL,GLOBAL,GLOBAL,PLATFORM,0,0,0,0,0,0,0,NATIONAL
ukraine,omaha.com,com,GLOBAL,GLOBAL,GLOBAL,PLATFORM,0,0,0,0,0,0,0,NATIONAL
ukraine,opendemocracy.net,net,GLOBAL,GLOBAL,GLOBAL,PLATFORM,0,0,0,0,0,0,0,NATIONAL
ukraine,oregonbusiness.com,com,GLOBAL,GLOBAL,GLOBAL,PLATFORM,0,0,0,0,0,0,0,NATIONAL
ukraine,orlandoweekly.com,com,GLOBAL,GLOBAL,GLOBAL,PLATFORM,0,0,0,0,0,0,0,NATIONAL
ukraine,oswegocountynewsnow.com,com,GLOBAL,GLOBAL,GLOBAL,PLATFORM,0,0,0,0,0,0,0,NATIONAL
ukraine,overdriveonline.com:443,NA,NA,NA,OTHER,PLATFORM,0,0,0,0,0,0,0,PLATFORM
ukraine,oversight.house.gov,gov,NA,NA,OTHER,PLATFORM,0,0,0,1,0,0,1,GOV
ukraine,oversixty.com.au,au,AU,East Asia & Pacific,OTHER,PLATFORM,0,0,0,0,0,0,0,NATIONAL
ukraine,oxfordmail.co.uk,uk,GB,Europe & Central Asia,OTHER,PLATFORM,0,0,0,0,0,0,0,NATIONAL
ukraine,packers.com,com,GLOBAL,GLOBAL,GLOBAL,PLATFORM,0,0,0,0,0,0,0,NATIONAL
ukraine,padailypost.com,com,GLOBAL,GLOBAL,GLOBAL,PLATFORM,0,0,0,0,0,0,0,NATIONAL
ukraine,pantagraph.com,com,GLOBAL,GLOBAL,GLOBAL,PLATFORM,0,0,0,0,0,0,0,NATIONAL
ukraine,patch.com,com,GLOBAL,GLOBAL,GLOBAL,PLATFORM,0,0,0,0,0,0,0,NATIONAL
ukraine,pbs.org,org,GLOBAL,GLOBAL,GLOBAL,PLATFORM,0,0,0,0,0,0,0,NATIONAL
ukraine,pctonline.com,com,GLOBAL,GLOBAL,GLOBAL,PLATFORM,0,0,0,0,0,0,0,NATIONAL
ukraine,pghcitypaper.com,com,GLOBAL,GLOBAL,GLOBAL,PLATFORM,0,0,0,0,0,0,0,NATIONAL
ukraine,pmnewsnigeria.com,com,GLOBAL,GLOBAL,GLOBAL,PLATFORM,0,0,0,0,0,0,0,NATIONAL
ukraine,pokernews.com,com,GLOBAL,GLOBAL,GLOBAL,PLATFORM,0,0,0,0,0,0,0,NATIONAL
ukraine,pollstar.com,com,GLOBAL,GLOBAL,GLOBAL,PLATFORM,0,0,0,0,0,0,0,NATIONAL
ukraine,postandcourier.com,com,GLOBAL,GLOBAL,GLOBAL,PLATFORM,0,0,0,0,0,0,0,NATIONAL
ukraine,postcrescent.com,com,GLOBAL,GLOBAL,GLOBAL,PLATFORM,0,0,0,0,0,0,0,NATIONAL
ukraine,postregister.com,com,GLOBAL,GLOBAL,GLOBAL,PLATFORM,0,0,0,0,0,0,0,NATIONAL
ukraine,power1069fm.com,com,GLOBAL,GLOBAL,GLOBAL,PLATFORM,0,0,0,0,0,0,0,NATIONAL
ukraine,premierchristianradio.com,com,GLOBAL,GLOBAL,GLOBAL,PLATFORM,0,0,0,0,0,0,0,NATIONAL
ukraine,pressandjournal.co.uk,uk,GB,Europe & Central Asia,OTHER,PLATFORM,0,0,0,0,0,0,0,NATIONAL
ukraine,prnewswire.com:443,NA,NA,NA,OTHER,PLATFORM,0,0,0,0,0,0,0,PLATFORM
ukraine,pro32.ap.org,org,GLOBAL,GLOBAL,GLOBAL,PLATFORM,0,0,0,0,0,0,0,NATIONAL
ukraine,proactiveinvestors.com.au,au,AU,East Asia & Pacific,OTHER,PLATFORM,0,0,0,0,0,0,0,NATIONAL
ukraine,progress-index.com,com,GLOBAL,GLOBAL,GLOBAL,PLATFORM,0,0,0,0,0,0,0,NATIONAL
ukraine,puck.news,news,NA,NA,OTHER,PLATFORM,0,0,0,0,0,0,0,PLATFORM
ukraine,punchng.com,com,GLOBAL,GLOBAL,GLOBAL,PLATFORM,0,0,0,0,0,0,0,NATIONAL
ukraine,radiousa.com,com,GLOBAL,GLOBAL,GLOBAL,PLATFORM,0,0,0,0,0,0,0,NATIONAL
ukraine,real959.iheart.com,com,GLOBAL,GLOBAL,GLOBAL,PLATFORM,0,0,0,0,0,0,0,NATIONAL
ukraine,realagriculture.com,com,GLOBAL,GLOBAL,GLOBAL,PLATFORM,0,0,0,0,0,0,0,NATIONAL
ukraine,realitytvworld.com,com,GLOBAL,GLOBAL,GLOBAL,PLATFORM,0,0,0,0,0,0,0,NATIONAL
ukraine,record-eagle.com,com,GLOBAL,GLOBAL,GLOBAL,PLATFORM,0,0,0,0,0,0,0,NATIONAL
ukraine,redeyeradioshow.com,com,GLOBAL,GLOBAL,GLOBAL,PLATFORM,0,0,0,0,0,0,0,NATIONAL
ukraine,reformer.com,com,GLOBAL,GLOBAL,GLOBAL,PLATFORM,0,0,0,0,0,0,0,NATIONAL
ukraine,registercitizen.com,com,GLOBAL,GLOBAL,GLOBAL,PLATFORM,0,0,0,0,0,0,0,NATIONAL
ukraine,reversemortgagedaily.com,com,GLOBAL,GLOBAL,GLOBAL,PLATFORM,0,0,0,0,0,0,0,NATIONAL
ukraine,rfi.fr,fr,FR,Europe & Central Asia,OTHER,PLATFORM,0,0,0,0,0,0,0,NATIONAL
ukraine,richmond.com,com,GLOBAL,GLOBAL,GLOBAL,PLATFORM,0,0,0,0,0,0,0,NATIONAL
ukraine,rivernewsonline.com,com,GLOBAL,GLOBAL,GLOBAL,PLATFORM,0,0,0,0,0,0,0,NATIONAL
ukraine,rnz.co.nz,nz,NZ,East Asia & Pacific,OTHER,PLATFORM,0,0,0,0,0,0,0,NATIONAL
ukraine,rocketcitynow.com,com,GLOBAL,GLOBAL,GLOBAL,PLATFORM,0,0,0,0,0,0,0,NATIONAL
ukraine,romseyadvertiser.co.uk,uk,GB,Europe & Central Asia,OTHER,PLATFORM,0,0,0,0,0,0,0,NATIONAL
ukraine,rough-polished.com,com,GLOBAL,GLOBAL,GLOBAL,PLATFORM,0,0,0,0,0,0,0,NATIONAL
ukraine,royalcentral.co.uk,uk,GB,Europe & Central Asia,OTHER,PLATFORM,0,0,0,0,0,0,0,NATIONAL
ukraine,rrstar.com,com,GLOBAL,GLOBAL,GLOBAL,PLATFORM,0,0,0,0,0,0,0,NATIONAL
ukraine,sci-news.com,com,GLOBAL,GLOBAL,GLOBAL,PLATFORM,0,0,0,0,0,0,0,NATIONAL
ukraine,science.house.gov,gov,NA,NA,OTHER,PLATFORM,0,0,0,1,0,0,1,GOV
ukraine,scmagazine.com,com,GLOBAL,GLOBAL,GLOBAL,PLATFORM,0,0,0,0,0,0,0,NATIONAL
ukraine,scvnews.com,com,GLOBAL,GLOBAL,GLOBAL,PLATFORM,0,0,0,0,0,0,0,NATIONAL
ukraine,seenews.com,com,GLOBAL,GLOBAL,GLOBAL,PLATFORM,0,0,0,0,0,0,0,NATIONAL
ukraine,sfgate.com,com,GLOBAL,GLOBAL,GLOBAL,PLATFORM,0,0,0,0,0,0,0,NATIONAL
ukraine,shepherdexpress.com,com,GLOBAL,GLOBAL,GLOBAL,PLATFORM,0,0,0,0,0,0,0,NATIONAL
ukraine,shorelinebeacon.com,com,GLOBAL,GLOBAL,GLOBAL,PLATFORM,0,0,0,0,0,0,0,NATIONAL
ukraine,si.com,com,GLOBAL,GLOBAL,GLOBAL,PLATFORM,0,0,0,0,0,0,0,NATIONAL
ukraine,sidneydailynews.com,com,GLOBAL,GLOBAL,GLOBAL,PLATFORM,0,0,0,0,0,0,0,NATIONAL
ukraine,siouxcityjournal.com,com,GLOBAL,GLOBAL,GLOBAL,PLATFORM,0,0,0,0,0,0,0,NATIONAL
ukraine,smh.com.au,au,AU,East Asia & Pacific,OTHER,PLATFORM,0,0,0,0,0,0,0,NATIONAL
ukraine,societyforscience.org,org,GLOBAL,GLOBAL,GLOBAL,PLATFORM,0,0,0,0,0,0,0,NATIONAL
ukraine,sojo1049.com,com,GLOBAL,GLOBAL,GLOBAL,PLATFORM,0,0,0,0,0,0,0,NATIONAL
ukraine,somersetcountygazette.co.uk,uk,GB,Europe & Central Asia,OTHER,PLATFORM,0,0,0,0,0,0,0,NATIONAL
ukraine,source.wustl.edu,edu,NA,NA,OTHER,PLATFORM,0,0,0,0,0,0,0,PLATFORM
ukraine,southwalesargus.co.uk,uk,GB,Europe & Central Asia,OTHER,PLATFORM,0,0,0,0,0,0,0,NATIONAL
ukraine,spectrumnews1.com,com,GLOBAL,GLOBAL,GLOBAL,PLATFORM,0,0,0,0,0,0,0,NATIONAL
ukraine,spiritofjefferson.com,com,GLOBAL,GLOBAL,GLOBAL,PLATFORM,0,0,0,0,0,0,0,NATIONAL
ukraine,srilankasource.com,com,GLOBAL,GLOBAL,GLOBAL,PLATFORM,0,0,0,0,0,0,0,NATIONAL
ukraine,stamfordadvocate.com,com,GLOBAL,GLOBAL,GLOBAL,PLATFORM,0,0,0,0,0,0,0,NATIONAL
ukraine,standardmedia.co.ke,ke,NA,NA,OTHER,PLATFORM,0,0,0,0,0,0,0,PLATFORM
ukraine,startribune.com,com,GLOBAL,GLOBAL,GLOBAL,PLATFORM,0,0,0,0,0,0,0,NATIONAL
ukraine,stevivor.com,com,GLOBAL,GLOBAL,GLOBAL,PLATFORM,0,0,0,0,0,0,0,NATIONAL
ukraine,straitstimes.com,com,GLOBAL,GLOBAL,GLOBAL,PLATFORM,0,0,0,0,0,0,0,NATIONAL
ukraine,streetinsider.com,com,GLOBAL,GLOBAL,GLOBAL,PLATFORM,0,0,0,0,0,0,0,NATIONAL
ukraine,stroudnewsandjournal.co.uk,uk,GB,Europe & Central Asia,OTHER,PLATFORM,0,0,0,0,0,0,0,NATIONAL
ukraine,tech.hindustantimes.com,com,GLOBAL,GLOBAL,GLOBAL,PLATFORM,0,0,0,0,0,0,0,NATIONAL
ukraine,techcrunch.com,com,GLOBAL,GLOBAL,GLOBAL,PLATFORM,0,0,0,0,0,0,0,NATIONAL
ukraine,tellerreport.com,com,GLOBAL,GLOBAL,GLOBAL,PLATFORM,0,0,0,0,0,0,0,NATIONAL
ukraine,theadvocate.com,com,GLOBAL,GLOBAL,GLOBAL,PLATFORM,0,0,0,0,0,0,0,NATIONAL
ukraine,theatlantic.com,com,GLOBAL,GLOBAL,GLOBAL,PLATFORM,0,0,0,0,0,0,0,NATIONAL
ukraine,thecourier.co.uk,uk,GB,Europe & Central Asia,OTHER,PLATFORM,0,0,0,0,0,0,0,NATIONAL
ukraine,thedailyblog.co.nz,nz,NZ,East Asia & Pacific,OTHER,PLATFORM,0,0,0,0,0,0,0,NATIONAL
ukraine,thedenverchannel.com,com,GLOBAL,GLOBAL,GLOBAL,PLATFORM,0,0,0,0,0,0,0,NATIONAL
ukraine,theguardian.com,com,GLOBAL,GLOBAL,GLOBAL,PLATFORM,0,0,0,0,0,0,0,NATIONAL
ukraine,thehill.com,com,GLOBAL,GLOBAL,GLOBAL,PLATFORM,0,0,0,0,0,0,0,NATIONAL
ukraine,thehour.com,com,GLOBAL,GLOBAL,GLOBAL,PLATFORM,0,0,0,0,0,0,0,NATIONAL
ukraine,thelancet.com,com,GLOBAL,GLOBAL,GLOBAL,PLATFORM,0,0,0,0,0,0,0,NATIONAL
ukraine,thenationonlineng.net,net,GLOBAL,GLOBAL,GLOBAL,PLATFORM,0,0,0,0,0,0,0,NATIONAL
ukraine,theprogressnews.com,com,GLOBAL,GLOBAL,GLOBAL,PLATFORM,0,0,0,0,0,0,0,NATIONAL
ukraine,thestar.com.my,my,NA,NA,OTHER,PLATFORM,0,0,0,0,0,0,0,PLATFORM
ukraine,thesun.co.uk,uk,GB,Europe & Central Asia,OTHER,PLATFORM,0,0,0,0,0,0,0,NATIONAL
ukraine,thetelegraph.com,com,GLOBAL,GLOBAL,GLOBAL,PLATFORM,0,0,0,0,0,0,0,NATIONAL
ukraine,thisdaylive.com,com,GLOBAL,GLOBAL,GLOBAL,PLATFORM,0,0,0,0,0,0,0,NATIONAL
ukraine,tide1009.com,com,GLOBAL,GLOBAL,GLOBAL,PLATFORM,0,0,0,0,0,0,0,NATIONAL
ukraine,timesdaily.com,com,GLOBAL,GLOBAL,GLOBAL,PLATFORM,0,0,0,0,0,0,0,NATIONAL
ukraine,timesofindia.indiatimes.com,com,GLOBAL,GLOBAL,GLOBAL,PLATFORM,0,0,0,0,0,0,0,NATIONAL
ukraine,timesunion.com,com,GLOBAL,GLOBAL,GLOBAL,PLATFORM,0,0,0,0,0,0,0,NATIONAL
ukraine,tipperarylive.ie,ie,NA,NA,OTHER,PLATFORM,0,0,0,0,0,0,0,PLATFORM
ukraine,tnonline.com,com,GLOBAL,GLOBAL,GLOBAL,PLATFORM,0,0,0,0,0,0,0,NATIONAL
ukraine,torontotelegraph.com,com,GLOBAL,GLOBAL,GLOBAL,PLATFORM,0,0,0,0,0,0,0,NATIONAL
ukraine,triblive.com,com,GLOBAL,GLOBAL,GLOBAL,PLATFORM,0,0,0,0,0,0,0,NATIONAL
ukraine,tsn.ca,ca,CA,North America,OTHER,PLATFORM,0,0,0,0,0,0,0,NATIONAL
ukraine,ttnews.com,com,GLOBAL,GLOBAL,GLOBAL,PLATFORM,0,0,0,0,0,0,0,NATIONAL
ukraine,tucson.com,com,GLOBAL,GLOBAL,GLOBAL,PLATFORM,0,0,0,0,0,0,0,NATIONAL
ukraine,tulsaworld.com,com,GLOBAL,GLOBAL,GLOBAL,PLATFORM,0,0,0,0,0,0,0,NATIONAL
ukraine,uniindia.com,com,GLOBAL,GLOBAL,GLOBAL,PLATFORM,0,0,0,0,0,0,0,NATIONAL
ukraine,unionleader.com,com,GLOBAL,GLOBAL,GLOBAL,PLATFORM,0,0,0,0,0,0,0,NATIONAL
ukraine,uschamber.com,com,GLOBAL,GLOBAL,GLOBAL,PLATFORM,0,0,0,0,0,0,0,NATIONAL
ukraine,utahbusiness.com,com,GLOBAL,GLOBAL,GLOBAL,PLATFORM,0,0,0,0,0,0,0,NATIONAL
ukraine,valdostadailytimes.com,com,GLOBAL,GLOBAL,GLOBAL,PLATFORM,0,0,0,0,0,0,0,NATIONAL
ukraine,vcstar.com,com,GLOBAL,GLOBAL,GLOBAL,PLATFORM,0,0,0,0,0,0,0,NATIONAL
ukraine,vermontbiz.com,com,GLOBAL,GLOBAL,GLOBAL,PLATFORM,0,0,0,0,0,0,0,NATIONAL
ukraine,veterans.house.gov,gov,NA,NA,OTHER,PLATFORM,0,0,0,1,0,0,1,GOV
ukraine,veteranstoday.com,com,GLOBAL,GLOBAL,GLOBAL,PLATFORM,0,0,0,0,0,0,0,NATIONAL
ukraine,vladtv.com,com,GLOBAL,GLOBAL,GLOBAL,PLATFORM,0,0,0,0,0,0,0,NATIONAL
ukraine,voiceofthevalley.com,com,GLOBAL,GLOBAL,GLOBAL,PLATFORM,0,0,0,0,0,0,0,NATIONAL
ukraine,voxy.co.nz,nz,NZ,East Asia & Pacific,OTHER,PLATFORM,0,0,0,0,0,0,0,NATIONAL
ukraine,wabe.org,org,GLOBAL,GLOBAL,GLOBAL,PLATFORM,0,0,0,0,0,0,0,NATIONAL
ukraine,wacotrib.com,com,GLOBAL,GLOBAL,GLOBAL,PLATFORM,0,0,0,0,0,0,0,NATIONAL
ukraine,wallstreet-online.de,de,DE,Europe & Central Asia,OTHER,PLATFORM,0,0,0,0,0,0,0,NATIONAL
ukraine,wam.ae,ae,NA,NA,OTHER,PLATFORM,0,0,0,0,0,0,0,PLATFORM
ukraine,warringtonguardian.co.uk,uk,GB,Europe & Central Asia,OTHER,PLATFORM,0,0,0,0,0,0,0,NATIONAL
ukraine,washingtonexaminer.com,com,GLOBAL,GLOBAL,GLOBAL,PLATFORM,0,0,0,0,0,0,0,NATIONAL
ukraine,washingtonpost.com,com,GLOBAL,GLOBAL,GLOBAL,PLATFORM,0,0,0,0,0,0,0,NATIONAL
ukraine,waterford-news.ie,ie,NA,NA,OTHER,PLATFORM,0,0,0,0,0,0,0,PLATFORM
ukraine,wateronline.com,com,GLOBAL,GLOBAL,GLOBAL,PLATFORM,0,0,0,0,0,0,0,NATIONAL
ukraine,wbir.com,com,GLOBAL,GLOBAL,GLOBAL,PLATFORM,0,0,0,0,0,0,0,NATIONAL
ukraine,wboc.com,com,GLOBAL,GLOBAL,GLOBAL,PLATFORM,0,0,0,0,0,0,0,NATIONAL
ukraine,wbur.org,org,GLOBAL,GLOBAL,GLOBAL,PLATFORM,0,0,0,0,0,0,0,NATIONAL
ukraine,wcfcourier.com,com,GLOBAL,GLOBAL,GLOBAL,PLATFORM,0,0,0,0,0,0,0,NATIONAL
ukraine,wcyy.com,com,GLOBAL,GLOBAL,GLOBAL,PLATFORM,0,0,0,0,0,0,0,NATIONAL
ukraine,wdrm.iheart.com,com,GLOBAL,GLOBAL,GLOBAL,PLATFORM,0,0,0,0,0,0,0,NATIONAL
ukraine,wdsu.com,com,GLOBAL,GLOBAL,GLOBAL,PLATFORM,0,0,0,0,0,0,0,NATIONAL
ukraine,wemu.org,org,GLOBAL,GLOBAL,GLOBAL,PLATFORM,0,0,0,0,0,0,0,NATIONAL
ukraine,wesa.fm,fm,NA,NA,OTHER,PLATFORM,0,0,0,0,0,0,0,PLATFORM
ukraine,wfaa.com,com,GLOBAL,GLOBAL,GLOBAL,PLATFORM,0,0,0,0,0,0,0,NATIONAL
ukraine,wflafm.iheart.com,com,GLOBAL,GLOBAL,GLOBAL,PLATFORM,0,0,0,0,0,0,0,NATIONAL
ukraine,wfmz.com,com,GLOBAL,GLOBAL,GLOBAL,PLATFORM,0,0,0,0,0,0,0,NATIONAL
ukraine,wgow.com,com,GLOBAL,GLOBAL,GLOBAL,PLATFORM,0,0,0,0,0,0,0,NATIONAL
ukraine,whig.com,com,GLOBAL,GLOBAL,GLOBAL,PLATFORM,0,0,0,0,0,0,0,NATIONAL
ukraine,wifc.com,com,GLOBAL,GLOBAL,GLOBAL,PLATFORM,0,0,0,0,0,0,0,NATIONAL
ukraine,wild104.iheart.com,com,GLOBAL,GLOBAL,GLOBAL,PLATFORM,0,0,0,0,0,0,0,NATIONAL
ukraine,willistonherald.com,com,GLOBAL,GLOBAL,GLOBAL,PLATFORM,0,0,0,0,0,0,0,NATIONAL
ukraine,wiod.iheart.com,com,GLOBAL,GLOBAL,GLOBAL,PLATFORM,0,0,0,0,0,0,0,NATIONAL
ukraine,wkml.com,com,GLOBAL,GLOBAL,GLOBAL,PLATFORM,0,0,0,0,0,0,0,NATIONAL
ukraine,wltx.com,com,GLOBAL,GLOBAL,GLOBAL,PLATFORM,0,0,0,0,0,0,0,NATIONAL
ukraine,wlwt.com,com,GLOBAL,GLOBAL,GLOBAL,PLATFORM,0,0,0,0,0,0,0,NATIONAL
ukraine,wmar2news.com,com,GLOBAL,GLOBAL,GLOBAL,PLATFORM,0,0,0,0,0,0,0,NATIONAL
ukraine,wmgk.com,com,GLOBAL,GLOBAL,GLOBAL,PLATFORM,0,0,0,0,0,0,0,NATIONAL
ukraine,wnep.com,com,GLOBAL,GLOBAL,GLOBAL,PLATFORM,0,0,0,0,0,0,0,NATIONAL
ukraine,woai.iheart.com,com,GLOBAL,GLOBAL,GLOBAL,PLATFORM,0,0,0,0,0,0,0,NATIONAL
ukraine,woodradio.iheart.com,com,GLOBAL,GLOBAL,GLOBAL,PLATFORM,0,0,0,0,0,0,0,NATIONAL
ukraine,woodwardnews.net,net,GLOBAL,GLOBAL,GLOBAL,PLATFORM,0,0,0,0,0,0,0,NATIONAL
ukraine,wpdh.com,com,GLOBAL,GLOBAL,GLOBAL,PLATFORM,0,0,0,0,0,0,0,NATIONAL
ukraine,wrkf.org,org,GLOBAL,GLOBAL,GLOBAL,PLATFORM,0,0,0,0,0,0,0,NATIONAL
ukraine,wsau.com,com,GLOBAL,GLOBAL,GLOBAL,PLATFORM,0,0,0,0,0,0,0,NATIONAL
ukraine,wsbs.com,com,GLOBAL,GLOBAL,GLOBAL,PLATFORM,0,0,0,0,0,0,0,NATIONAL
ukraine,wsfl.com,com,GLOBAL,GLOBAL,GLOBAL,PLATFORM,0,0,0,0,0,0,0,NATIONAL
ukraine,wtae.com,com,GLOBAL,GLOBAL,GLOBAL,PLATFORM,0,0,0,0,0,0,0,NATIONAL
ukraine,wthitv.com,com,GLOBAL,GLOBAL,GLOBAL,PLATFORM,0,0,0,0,0,0,0,NATIONAL
ukraine,wtol.com,com,GLOBAL,GLOBAL,GLOBAL,PLATFORM,0,0,0,0,0,0,0,NATIONAL
ukraine,wuwm.com,com,GLOBAL,GLOBAL,GLOBAL,PLATFORM,0,0,0,0,0,0,0,NATIONAL
ukraine,wwltv.com,com,GLOBAL,GLOBAL,GLOBAL,PLATFORM,0,0,0,0,0,0,0,NATIONAL
ukraine,wyht.iheart.com,com,GLOBAL,GLOBAL,GLOBAL,PLATFORM,0,0,0,0,0,0,0,NATIONAL
ukraine,y95country.com,com,GLOBAL,GLOBAL,GLOBAL,PLATFORM,0,0,0,0,0,0,0,NATIONAL
ukraine,yachtingmagazine.com,com,GLOBAL,GLOBAL,GLOBAL,PLATFORM,0,0,0,0,0,0,0,NATIONAL
ukraine,yahoo.com,com,GLOBAL,GLOBAL,GLOBAL,PLATFORM,0,0,0,0,0,0,0,NATIONAL
ukraine,yaktrinews.com,com,GLOBAL,GLOBAL,GLOBAL,PLATFORM,0,0,0,0,0,0,0,NATIONAL
ukraine,yeovilexpress.co.uk,uk,GB,Europe & Central Asia,OTHER,PLATFORM,0,0,0,0,0,0,0,NATIONAL
ukraine,yesmagazine.org,org,GLOBAL,GLOBAL,GLOBAL,PLATFORM,0,0,0,0,0,0,0,NATIONAL
ukraine,ynetnews.com,com,GLOBAL,GLOBAL,GLOBAL,PLATFORM,0,0,0,0,0,0,0,NATIONAL
ukraine,yourdemocracy.net.au,au,AU,East Asia & Pacific,OTHER,PLATFORM,0,0,0,0,0,0,0,NATIONAL
ukraine,yourlocalguardian.co.uk,uk,GB,Europe & Central Asia,OTHER,PLATFORM,0,0,0,0,0,0,0,NATIONAL
ukraine,zerohedge.com,com,GLOBAL,GLOBAL,GLOBAL,PLATFORM,0,0,0,0,0,0,0,NATIONAL
ukraine,1035thebeat.iheart.com,com,GLOBAL,GLOBAL,GLOBAL,PLATFORM,0,0,0,0,0,0,0,NATIONAL
ukraine,1051thewolf.iheart.com,com,GLOBAL,GLOBAL,GLOBAL,PLATFORM,0,0,0,0,0,0,0,NATIONAL
ukraine,10tv.com,com,GLOBAL,GLOBAL,GLOBAL,PLATFORM,0,0,0,0,0,0,0,NATIONAL
ukraine,13newsnow.com,com,GLOBAL,GLOBAL,GLOBAL,PLATFORM,0,0,0,0,0,0,0,NATIONAL
ukraine,2gb.com,com,GLOBAL,GLOBAL,GLOBAL,PLATFORM,0,0,0,0,0,0,0,NATIONAL
ukraine,49erswebzone.com,com,GLOBAL,GLOBAL,GLOBAL,PLATFORM,0,0,0,0,0,0,0,NATIONAL
ukraine,5newsonline.com,com,GLOBAL,GLOBAL,GLOBAL,PLATFORM,0,0,0,0,0,0,0,NATIONAL
ukraine,600wmtradio.iheart.com,com,GLOBAL,GLOBAL,GLOBAL,PLATFORM,0,0,0,0,0,0,0,NATIONAL
ukraine,925wpap.iheart.com,com,GLOBAL,GLOBAL,GLOBAL,PLATFORM,0,0,0,0,0,0,0,NATIONAL
ukraine,937thebull.iheart.com,com,GLOBAL,GLOBAL,GLOBAL,PLATFORM,0,0,0,0,0,0,0,NATIONAL
ukraine,965thebull.iheart.com,com,GLOBAL,GLOBAL,GLOBAL,PLATFORM,0,0,0,0,0,0,0,NATIONAL
ukraine,9and10news.com,com,GLOBAL,GLOBAL,GLOBAL,PLATFORM,0,0,0,0,0,0,0,NATIONAL
ukraine,9news.com,com,GLOBAL,GLOBAL,GLOBAL,PLATFORM,0,0,0,0,0,0,0,NATIONAL
ukraine,accesswdun.com,com,GLOBAL,GLOBAL,GLOBAL,PLATFORM,0,0,0,0,0,0,0,NATIONAL
ukraine,africanexaminer.com,com,GLOBAL,GLOBAL,GLOBAL,PLATFORM,0,0,0,0,0,0,0,NATIONAL
ukraine,al-monitor.com,com,GLOBAL,GLOBAL,GLOBAL,PLATFORM,0,0,0,0,0,0,0,NATIONAL
ukraine,albawaba.com,com,GLOBAL,GLOBAL,GLOBAL,PLATFORM,0,0,0,0,0,0,0,NATIONAL
ukraine,aljazeera.com,com,GLOBAL,GLOBAL,GLOBAL,PLATFORM,0,0,0,0,0,0,0,NATIONAL
ukraine,americanmilitarynews.com,com,GLOBAL,GLOBAL,GLOBAL,PLATFORM,0,0,0,0,0,0,0,NATIONAL
ukraine,appadvice.com,com,GLOBAL,GLOBAL,GLOBAL,PLATFORM,0,0,0,0,0,0,0,NATIONAL
ukraine,arlingtonva.us,us,US,North America,OTHER,PLATFORM,0,0,0,0,0,0,0,NATIONAL
ukraine,artfixdaily.com,com,GLOBAL,GLOBAL,GLOBAL,PLATFORM,0,0,0,0,0,0,0,NATIONAL
ukraine,arynews.tv,tv,NA,NA,OTHER,PLATFORM,0,0,0,0,0,0,0,PLATFORM
ukraine,asia.nikkei.com,com,GLOBAL,GLOBAL,GLOBAL,PLATFORM,0,0,0,0,0,0,0,NATIONAL
ukraine,atholdailynews.com,com,GLOBAL,GLOBAL,GLOBAL,PLATFORM,0,0,0,0,0,0,0,NATIONAL
ukraine,au.finance.yahoo.com,com,GLOBAL,GLOBAL,GLOBAL,PLATFORM,0,0,0,0,0,0,0,NATIONAL
ukraine,australianflying.com.au,au,AU,East Asia & Pacific,OTHER,PLATFORM,0,0,0,0,0,0,0,NATIONAL
ukraine,autonews.com,com,GLOBAL,GLOBAL,GLOBAL,PLATFORM,0,0,0,0,0,0,0,NATIONAL
ukraine,azerbaijannews.net,net,GLOBAL,GLOBAL,GLOBAL,PLATFORM,0,0,0,0,0,0,0,NATIONAL
ukraine,b100wobb.iheart.com,com,GLOBAL,GLOBAL,GLOBAL,PLATFORM,0,0,0,0,0,0,0,NATIONAL
ukraine,backpacker.com,com,GLOBAL,GLOBAL,GLOBAL,PLATFORM,0,0,0,0,0,0,0,NATIONAL
ukraine,balkangreenenergynews.com,com,GLOBAL,GLOBAL,GLOBAL,PLATFORM,0,0,0,0,0,0,0,NATIONAL
ukraine,baltimoretimes-online.com,com,GLOBAL,GLOBAL,GLOBAL,PLATFORM,0,0,0,0,0,0,0,NATIONAL
ukraine,bendsource.com,com,GLOBAL,GLOBAL,GLOBAL,PLATFORM,0,0,0,0,0,0,0,NATIONAL
ukraine,benningtonbanner.com,com,GLOBAL,GLOBAL,GLOBAL,PLATFORM,0,0,0,0,0,0,0,NATIONAL
ukraine,bethesdamagazine.com,com,GLOBAL,GLOBAL,GLOBAL,PLATFORM,0,0,0,0,0,0,0,NATIONAL
ukraine,bigi1079.iheart.com,com,GLOBAL,GLOBAL,GLOBAL,PLATFORM,0,0,0,0,0,0,0,NATIONAL
ukraine,bignewsnetwork.com,com,GLOBAL,GLOBAL,GLOBAL,PLATFORM,0,0,0,0,0,0,0,NATIONAL
ukraine,bleedingcool.com,com,GLOBAL,GLOBAL,GLOBAL,PLATFORM,0,0,0,0,0,0,0,NATIONAL
ukraine,bloombergquint.com,com,GLOBAL,GLOBAL,GLOBAL,PLATFORM,0,0,0,0,0,0,0,NATIONAL
ukraine,bnnbloomberg.ca,ca,CA,North America,OTHER,PLATFORM,0,0,0,0,0,0,0,NATIONAL
ukraine,bordertelegraph.com,com,GLOBAL,GLOBAL,GLOBAL,PLATFORM,0,0,0,0,0,0,0,NATIONAL
ukraine,bpnews.net,net,GLOBAL,GLOBAL,GLOBAL,PLATFORM,0,0,0,0,0,0,0,NATIONAL
ukraine,buckeyecountry943.iheart.com,com,GLOBAL,GLOBAL,GLOBAL,PLATFORM,0,0,0,0,0,0,0,NATIONAL
ukraine,burlingtoncountytimes.com,com,GLOBAL,GLOBAL,GLOBAL,PLATFORM,0,0,0,0,0,0,0,NATIONAL
ukraine,ca.finance.yahoo.com,com,GLOBAL,GLOBAL,GLOBAL,PLATFORM,0,0,0,0,0,0,0,NATIONAL
ukraine,cachevalleydaily.com,com,GLOBAL,GLOBAL,GLOBAL,PLATFORM,0,0,0,0,0,0,0,NATIONAL
ukraine,caledonianrecord.com,com,GLOBAL,GLOBAL,GLOBAL,PLATFORM,0,0,0,0,0,0,0,NATIONAL
ukraine,cambodiantimes.com,com,GLOBAL,GLOBAL,GLOBAL,PLATFORM,0,0,0,0,0,0,0,NATIONAL
ukraine,capenews.net,net,GLOBAL,GLOBAL,GLOBAL,PLATFORM,0,0,0,0,0,0,0,NATIONAL
ukraine,carnegieeurope.eu,eu,NA,NA,OTHER,PLATFORM,0,0,0,0,0,0,0,PLATFORM
ukraine,cbc.ca,ca,CA,North America,OTHER,PLATFORM,0,0,0,0,0,0,0,NATIONAL
ukraine,channel933.iheart.com,com,GLOBAL,GLOBAL,GLOBAL,PLATFORM,0,0,0,0,0,0,0,NATIONAL
ukraine,cherokeephoenix.org,org,GLOBAL,GLOBAL,GLOBAL,PLATFORM,0,0,0,0,0,0,0,NATIONAL
ukraine,chesterstandard.co.uk,uk,GB,Europe & Central Asia,OTHER,PLATFORM,0,0,0,0,0,0,0,NATIONAL
ukraine,chicago.suntimes.com,com,GLOBAL,GLOBAL,GLOBAL,PLATFORM,0,0,0,0,0,0,0,NATIONAL
ukraine,chinookobserver.com,com,GLOBAL,GLOBAL,GLOBAL,PLATFORM,0,0,0,0,0,0,0,NATIONAL
ukraine,chron.com,com,GLOBAL,GLOBAL,GLOBAL,PLATFORM,0,0,0,0,0,0,0,NATIONAL
ukraine,cio.com,com,GLOBAL,GLOBAL,GLOBAL,PLATFORM,0,0,0,0,0,0,0,NATIONAL
ukraine,cityindex.co.uk,uk,GB,Europe & Central Asia,OTHER,PLATFORM,0,0,0,0,0,0,0,NATIONAL
ukraine,ckua.com,com,GLOBAL,GLOBAL,GLOBAL,PLATFORM,0,0,0,0,0,0,0,NATIONAL
ukraine,classicrock961.com,com,GLOBAL,GLOBAL,GLOBAL,PLATFORM,0,0,0,0,0,0,0,NATIONAL
ukraine,clevelandstar.com,com,GLOBAL,GLOBAL,GLOBAL,PLATFORM,0,0,0,0,0,0,0,NATIONAL
ukraine,clintonherald.com,com,GLOBAL,GLOBAL,GLOBAL,PLATFORM,0,0,0,0,0,0,0,NATIONAL
ukraine,clutchpoints.com,com,GLOBAL,GLOBAL,GLOBAL,PLATFORM,0,0,0,0,0,0,0,NATIONAL
ukraine,coe.int,int,NA,NA,OTHER,PLATFORM,0,0,0,0,0,0,0,PLATFORM
ukraine,coincommunity.com,com,GLOBAL,GLOBAL,GLOBAL,PLATFORM,0,0,0,0,0,0,0,NATIONAL
ukraine,columbiamissourian.com,com,GLOBAL,GLOBAL,GLOBAL,PLATFORM,0,0,0,0,0,0,0,NATIONAL
ukraine,columbian.com,com,GLOBAL,GLOBAL,GLOBAL,PLATFORM,0,0,0,0,0,0,0,NATIONAL
ukraine,country-guide.ca,ca,CA,North America,OTHER,PLATFORM,0,0,0,0,0,0,0,NATIONAL
ukraine,covers.com,com,GLOBAL,GLOBAL,GLOBAL,PLATFORM,0,0,0,0,0,0,0,NATIONAL
ukraine,crn.com,com,GLOBAL,GLOBAL,GLOBAL,PLATFORM,0,0,0,0,0,0,0,NATIONAL
ukraine,csmonitor.com,com,GLOBAL,GLOBAL,GLOBAL,PLATFORM,0,0,0,0,0,0,0,NATIONAL
ukraine,ctpost.com,com,GLOBAL,GLOBAL,GLOBAL,PLATFORM,0,0,0,0,0,0,0,NATIONAL
ukraine,dailyprogress.com,com,GLOBAL,GLOBAL,GLOBAL,PLATFORM,0,0,0,0,0,0,0,NATIONAL
ukraine,dailyrecord.co.uk,uk,GB,Europe & Central Asia,OTHER,PLATFORM,0,0,0,0,0,0,0,NATIONAL
ukraine,dailysignal.com,com,GLOBAL,GLOBAL,GLOBAL,PLATFORM,0,0,0,0,0,0,0,NATIONAL
ukraine,dawn.com,com,GLOBAL,GLOBAL,GLOBAL,PLATFORM,0,0,0,0,0,0,0,NATIONAL
ukraine,demented-21.livejournal.com,com,GLOBAL,GLOBAL,GLOBAL,PLATFORM,0,0,0,0,0,0,0,NATIONAL
ukraine,diplomaticourier.com,com,GLOBAL,GLOBAL,GLOBAL,PLATFORM,0,0,0,0,0,0,0,NATIONAL
ukraine,dtnext.in,in,IN,South Asia,OTHER,PLATFORM,0,0,0,0,0,0,0,NATIONAL
ukraine,dudleynews.co.uk,uk,GB,Europe & Central Asia,OTHER,PLATFORM,0,0,0,0,0,0,0,NATIONAL
ukraine,dunfermlinepress.com,com,GLOBAL,GLOBAL,GLOBAL,PLATFORM,0,0,0,0,0,0,0,NATIONAL
ukraine,dw.com,com,GLOBAL,GLOBAL,GLOBAL,PLATFORM,0,0,0,0,0,0,0,NATIONAL
ukraine,eagletribune.com,com,GLOBAL,GLOBAL,GLOBAL,PLATFORM,0,0,0,0,0,0,0,NATIONAL
ukraine,ealingtimes.co.uk,uk,GB,Europe & Central Asia,OTHER,PLATFORM,0,0,0,0,0,0,0,NATIONAL
ukraine,economynext.com,com,GLOBAL,GLOBAL,GLOBAL,PLATFORM,0,0,0,0,0,0,0,NATIONAL
ukraine,edmontonjournal.com,com,GLOBAL,GLOBAL,GLOBAL,PLATFORM,0,0,0,0,0,0,0,NATIONAL
ukraine,energeticcity.ca,ca,CA,North America,OTHER,PLATFORM,0,0,0,0,0,0,0,NATIONAL
ukraine,english.alaraby.co.uk,uk,GB,Europe & Central Asia,OTHER,PLATFORM,0,0,0,0,0,0,0,NATIONAL
ukraine,english.chosun.com,com,GLOBAL,GLOBAL,GLOBAL,PLATFORM,0,0,0,0,0,0,0,NATIONAL
ukraine,english.sta.si,si,NA,NA,OTHER,PLATFORM,0,0,0,0,0,0,0,PLATFORM
ukraine,epc.eu,eu,NA,NA,OTHER,PLATFORM,0,0,0,0,0,0,0,PLATFORM
ukraine,es-us.noticias.yahoo.com,com,GLOBAL,GLOBAL,GLOBAL,PLATFORM,0,0,0,0,0,0,0,NATIONAL
ukraine,essence.com,com,GLOBAL,GLOBAL,GLOBAL,PLATFORM,0,0,0,0,0,0,0,NATIONAL
ukraine,etftrends.com,com,GLOBAL,GLOBAL,GLOBAL,PLATFORM,0,0,0,0,0,0,0,NATIONAL
ukraine,everydayhealth.com,com,GLOBAL,GLOBAL,GLOBAL,PLATFORM,0,0,0,0,0,0,0,NATIONAL
ukraine,f4wonline.com,com,GLOBAL,GLOBAL,GLOBAL,PLATFORM,0,0,0,0,0,0,0,NATIONAL
ukraine,fiercebiotech.com,com,GLOBAL,GLOBAL,GLOBAL,PLATFORM,0,0,0,0,0,0,0,NATIONAL
ukraine,fiercepharma.com,com,GLOBAL,GLOBAL,GLOBAL,PLATFORM,0,0,0,0,0,0,0,NATIONAL
ukraine,fijilive.com,com,GLOBAL,GLOBAL,GLOBAL,PLATFORM,0,0,0,0,0,0,0,NATIONAL
ukraine,firstshowing.net,net,GLOBAL,GLOBAL,GLOBAL,PLATFORM,0,0,0,0,0,0,0,NATIONAL
ukraine,floridaphoenix.com,com,GLOBAL,GLOBAL,GLOBAL,PLATFORM,0,0,0,0,0,0,0,NATIONAL
ukraine,floridastateparks.org,org,GLOBAL,GLOBAL,GLOBAL,PLATFORM,0,0,0,0,0,0,0,NATIONAL
ukraine,fltimes.com,com,GLOBAL,GLOBAL,GLOBAL,PLATFORM,0,0,0,0,0,0,0,NATIONAL
ukraine,forum.onlineopinion.com.au,au,AU,East Asia & Pacific,OTHER,PLATFORM,0,0,0,0,0,0,0,NATIONAL
ukraine,fosseposse.sbnation.com,com,GLOBAL,GLOBAL,GLOBAL,PLATFORM,0,0,0,0,0,0,0,NATIONAL
ukraine,fox26houston.com,com,GLOBAL,GLOBAL,GLOBAL,PLATFORM,0,0,0,0,0,0,0,NATIONAL
ukraine,fox6now.com,com,GLOBAL,GLOBAL,GLOBAL,PLATFORM,0,0,0,0,0,0,0,NATIONAL
ukraine,foxnews.com,com,GLOBAL,GLOBAL,GLOBAL,PLATFORM,0,0,0,0,0,0,0,NATIONAL
ukraine,foxy99.com,com,GLOBAL,GLOBAL,GLOBAL,PLATFORM,0,0,0,0,0,0,0,NATIONAL
ukraine,funkytaurusmedia.com,com,GLOBAL,GLOBAL,GLOBAL,PLATFORM,0,0,0,0,0,0,0,NATIONAL
ukraine,futurity.org,org,GLOBAL,GLOBAL,GLOBAL,PLATFORM,0,0,0,0,0,0,0,NATIONAL
ukraine,fxstreet.com,com,GLOBAL,GLOBAL,GLOBAL,PLATFORM,0,0,0,0,0,0,0,NATIONAL
ukraine,gamerevolution.com,com,GLOBAL,GLOBAL,GLOBAL,PLATFORM,0,0,0,0,0,0,0,NATIONAL
ukraine,gasiantimes.com,com,GLOBAL,GLOBAL,GLOBAL,PLATFORM,0,0,0,0,0,0,0,NATIONAL
ukraine,gazette.com,com,GLOBAL,GLOBAL,GLOBAL,PLATFORM,0,0,0,0,0,0,0,NATIONAL
ukraine,gazetteseries.co.uk,uk,GB,Europe & Central Asia,OTHER,PLATFORM,0,0,0,0,0,0,0,NATIONAL
ukraine,gc.cuny.edu,edu,NA,NA,OTHER,PLATFORM,0,0,0,0,0,0,0,PLATFORM
ukraine,go955.com,com,GLOBAL,GLOBAL,GLOBAL,PLATFORM,0,0,0,0,0,0,0,NATIONAL
ukraine,goodhousekeeping.com,com,GLOBAL,GLOBAL,GLOBAL,PLATFORM,0,0,0,0,0,0,0,NATIONAL
ukraine,govexec.com,com,GLOBAL,GLOBAL,GLOBAL,PLATFORM,0,0,0,0,0,0,0,NATIONAL
ukraine,great98.net,net,GLOBAL,GLOBAL,GLOBAL,PLATFORM,0,0,0,0,0,0,0,NATIONAL
ukraine,herald.co.zw,zw,NA,NA,OTHER,PLATFORM,0,0,0,0,0,0,0,PLATFORM
ukraine,heraldseries.co.uk,uk,GB,Europe & Central Asia,OTHER,PLATFORM,0,0,0,0,0,0,0,NATIONAL
ukraine,hjnews.com,com,GLOBAL,GLOBAL,GLOBAL,PLATFORM,0,0,0,0,0,0,0,NATIONAL
ukraine,hometownsource.com,com,GLOBAL,GLOBAL,GLOBAL,PLATFORM,0,0,0,0,0,0,0,NATIONAL
ukraine,hortweek.com,com,GLOBAL,GLOBAL,GLOBAL,PLATFORM,0,0,0,0,0,0,0,NATIONAL
ukraine,hot967fm.com,com,GLOBAL,GLOBAL,GLOBAL,PLATFORM,0,0,0,0,0,0,0,NATIONAL
ukraine,hotabq.iheart.com,com,GLOBAL,GLOBAL,GLOBAL,PLATFORM,0,0,0,0,0,0,0,NATIONAL
ukraine,hotelsmag.com,com,GLOBAL,GLOBAL,GLOBAL,PLATFORM,0,0,0,0,0,0,0,NATIONAL
ukraine,hpcwire.com,com,GLOBAL,GLOBAL,GLOBAL,PLATFORM,0,0,0,0,0,0,0,NATIONAL
ukraine,humanrightsfirst.org,org,GLOBAL,GLOBAL,GLOBAL,PLATFORM,0,0,0,0,0,0,0,NATIONAL
ukraine,ign.com,com,GLOBAL,GLOBAL,GLOBAL,PLATFORM,0,0,0,0,0,0,0,NATIONAL
ukraine,ilovebobfm.com,com,GLOBAL,GLOBAL,GLOBAL,PLATFORM,0,0,0,0,0,0,0,NATIONAL
ukraine,iloveqatar.net,net,GLOBAL,GLOBAL,GLOBAL,PLATFORM,0,0,0,0,0,0,0,NATIONAL
ukraine,independentnews.com,com,GLOBAL,GLOBAL,GLOBAL,PLATFORM,0,0,0,0,0,0,0,NATIONAL
ukraine,indiancountrytoday.com,com,GLOBAL,GLOBAL,GLOBAL,PLATFORM,0,0,0,0,0,0,0,NATIONAL
ukraine,indiankanoon.org,org,GLOBAL,GLOBAL,GLOBAL,PLATFORM,0,0,0,0,0,0,0,NATIONAL
ukraine,info.profind.com,com,GLOBAL,GLOBAL,GLOBAL,PLATFORM,0,0,0,0,0,0,0,NATIONAL
ukraine,investing.com,com,GLOBAL,GLOBAL,GLOBAL,PLATFORM,0,0,0,0,0,0,0,NATIONAL
ukraine,investmentexecutive.com,com,GLOBAL,GLOBAL,GLOBAL,PLATFORM,0,0,0,0,0,0,0,NATIONAL
ukraine,investors.com,com,GLOBAL,GLOBAL,GLOBAL,PLATFORM,0,0,0,0,0,0,0,NATIONAL
ukraine,invezz.com,com,GLOBAL,GLOBAL,GLOBAL,PLATFORM,0,0,0,0,0,0,0,NATIONAL
ukraine,irishmirror.ie,ie,NA,NA,OTHER,PLATFORM,0,0,0,0,0,0,0,PLATFORM
ukraine,irishtimes.com,com,GLOBAL,GLOBAL,GLOBAL,PLATFORM,0,0,0,0,0,0,0,NATIONAL
ukraine,jamestown.org,org,GLOBAL,GLOBAL,GLOBAL,PLATFORM,0,0,0,0,0,0,0,NATIONAL
ukraine,joplinglobe.com,com,GLOBAL,GLOBAL,GLOBAL,PLATFORM,0,0,0,0,0,0,0,NATIONAL
ukraine,justjaredjr.com,com,GLOBAL,GLOBAL,GLOBAL,PLATFORM,0,0,0,0,0,0,0,NATIONAL
ukraine,k99country.iheart.com,com,GLOBAL,GLOBAL,GLOBAL,PLATFORM,0,0,0,0,0,0,0,NATIONAL
ukraine,kbgo.iheart.com,com,GLOBAL,GLOBAL,GLOBAL,PLATFORM,0,0,0,0,0,0,0,NATIONAL
ukraine,kbpi.iheart.com,com,GLOBAL,GLOBAL,GLOBAL,PLATFORM,0,0,0,0,0,0,0,NATIONAL
ukraine,kegl.iheart.com,com,GLOBAL,GLOBAL,GLOBAL,PLATFORM,0,0,0,0,0,0,0,NATIONAL
ukraine,kesq.com,com,GLOBAL,GLOBAL,GLOBAL,PLATFORM,0,0,0,0,0,0,0,NATIONAL
ukraine,keysnews.com,com,GLOBAL,GLOBAL,GLOBAL,PLATFORM,0,0,0,0,0,0,0,NATIONAL
ukraine,kffb.com,com,GLOBAL,GLOBAL,GLOBAL,PLATFORM,0,0,0,0,0,0,0,NATIONAL
ukraine,kgoradio.com,com,GLOBAL,GLOBAL,GLOBAL,PLATFORM,0,0,0,0,0,0,0,NATIONAL
ukraine,kisscincinnati.iheart.com,com,GLOBAL,GLOBAL,GLOBAL,PLATFORM,0,0,0,0,0,0,0,NATIONAL
ukraine,klvi.iheart.com,com,GLOBAL,GLOBAL,GLOBAL,PLATFORM,0,0,0,0,0,0,0,NATIONAL
ukraine,knue.com,com,GLOBAL,GLOBAL,GLOBAL,PLATFORM,0,0,0,0,0,0,0,NATIONAL
ukraine,koaa.com,com,GLOBAL,GLOBAL,GLOBAL,PLATFORM,0,0,0,0,0,0,0,NATIONAL
ukraine,koel.com,com,GLOBAL,GLOBAL,GLOBAL,PLATFORM,0,0,0,0,0,0,0,NATIONAL
ukraine,krro.com,com,GLOBAL,GLOBAL,GLOBAL,PLATFORM,0,0,0,0,0,0,0,NATIONAL
ukraine,ksmu.org,org,GLOBAL,GLOBAL,GLOBAL,PLATFORM,0,0,0,0,0,0,0,NATIONAL
ukraine,kunc.org,org,GLOBAL,GLOBAL,GLOBAL,PLATFORM,0,0,0,0,0,0,0,NATIONAL
ukraine,kxic.iheart.com,com,GLOBAL,GLOBAL,GLOBAL,PLATFORM,0,0,0,0,0,0,0,NATIONAL
ukraine,kxrb.com,com,GLOBAL,GLOBAL,GLOBAL,PLATFORM,0,0,0,0,0,0,0,NATIONAL
ukraine,kyuk.org,org,GLOBAL,GLOBAL,GLOBAL,PLATFORM,0,0,0,0,0,0,0,NATIONAL
ukraine,lacrossetribune.com,com,GLOBAL,GLOBAL,GLOBAL,PLATFORM,0,0,0,0,0,0,0,NATIONAL
ukraine,lajollalight.com,com,GLOBAL,GLOBAL,GLOBAL,PLATFORM,0,0,0,0,0,0,0,NATIONAL
ukraine,latestly.com,com,GLOBAL,GLOBAL,GLOBAL,PLATFORM,0,0,0,0,0,0,0,NATIONAL
ukraine,lawstreetmedia.com,com,GLOBAL,GLOBAL,GLOBAL,PLATFORM,0,0,0,0,0,0,0,NATIONAL
ukraine,lawyersweekly.com.au,au,AU,East Asia & Pacific,OTHER,PLATFORM,0,0,0,0,0,0,0,NATIONAL
ukraine,leadertelegram.com,com,GLOBAL,GLOBAL,GLOBAL,PLATFORM,0,0,0,0,0,0,0,NATIONAL
ukraine,lenews.ch,ch,NA,NA,OTHER,PLATFORM,0,0,0,0,0,0,0,PLATFORM
ukraine,lexology.com,com,GLOBAL,GLOBAL,GLOBAL,PLATFORM,0,0,0,0,0,0,0,NATIONAL
ukraine,localmemphis.com,com,GLOBAL,GLOBAL,GLOBAL,PLATFORM,0,0,0,0,0,0,0,NATIONAL
ukraine,localnews8.com,com,GLOBAL,GLOBAL,GLOBAL,PLATFORM,0,0,0,0,0,0,0,NATIONAL
ukraine,london.ctvnews.ca,ca,CA,North America,OTHER,PLATFORM,0,0,0,0,0,0,0,NATIONAL
ukraine,macaubusiness.com,com,GLOBAL,GLOBAL,GLOBAL,PLATFORM,0,0,0,0,0,0,0,NATIONAL
ukraine,magnoliareporter.com,com,GLOBAL,GLOBAL,GLOBAL,PLATFORM,0,0,0,0,0,0,0,NATIONAL
ukraine,marca.com,com,GLOBAL,GLOBAL,GLOBAL,PLATFORM,0,0,0,0,0,0,0,NATIONAL
ukraine,marketscreener.com,com,GLOBAL,GLOBAL,GLOBAL,PLATFORM,0,0,0,0,0,0,0,NATIONAL
ukraine,marylandreporter.com,com,GLOBAL,GLOBAL,GLOBAL,PLATFORM,0,0,0,0,0,0,0,NATIONAL
ukraine,mb.com.ph,ph,NA,NA,OTHER,PLATFORM,0,0,0,0,0,0,0,PLATFORM
ukraine,mcalesternews.com,com,GLOBAL,GLOBAL,GLOBAL,PLATFORM,0,0,0,0,0,0,0,NATIONAL
ukraine,mcknights.com,com,GLOBAL,GLOBAL,GLOBAL,PLATFORM,0,0,0,0,0,0,0,NATIONAL
ukraine,meed.com,com,GLOBAL,GLOBAL,GLOBAL,PLATFORM,0,0,0,0,0,0,0,NATIONAL
ukraine,metalunderground.com,com,GLOBAL,GLOBAL,GLOBAL,PLATFORM,0,0,0,0,0,0,0,NATIONAL
ukraine,middletownpress.com,com,GLOBAL,GLOBAL,GLOBAL,PLATFORM,0,0,0,0,0,0,0,NATIONAL
ukraine,mintpressnews.com,com,GLOBAL,GLOBAL,GLOBAL,PLATFORM,0,0,0,0,0,0,0,NATIONAL
ukraine,miragenews.com,com,GLOBAL,GLOBAL,GLOBAL,PLATFORM,0,0,0,0,0,0,0,NATIONAL
ukraine,mises.org,org,GLOBAL,GLOBAL,GLOBAL,PLATFORM,0,0,0,0,0,0,0,NATIONAL
ukraine,mitchellrepublic.com,com,GLOBAL,GLOBAL,GLOBAL,PLATFORM,0,0,0,0,0,0,0,NATIONAL
ukraine,mix941kmxj.com,com,GLOBAL,GLOBAL,GLOBAL,PLATFORM,0,0,0,0,0,0,0,NATIONAL
ukraine,montrealgazette.com,com,GLOBAL,GLOBAL,GLOBAL,PLATFORM,0,0,0,0,0,0,0,NATIONAL
ukraine,mtexpress.com,com,GLOBAL,GLOBAL,GLOBAL,PLATFORM,0,0,0,0,0,0,0,NATIONAL
ukraine,musicradar.com,com,GLOBAL,GLOBAL,GLOBAL,PLATFORM,0,0,0,0,0,0,0,NATIONAL
ukraine,mycouriertribune.com,com,GLOBAL,GLOBAL,GLOBAL,PLATFORM,0,0,0,0,0,0,0,NATIONAL
ukraine,mymagic989.iheart.com,com,GLOBAL,GLOBAL,GLOBAL,PLATFORM,0,0,0,0,0,0,0,NATIONAL
ukraine,mymotherlode.com,com,GLOBAL,GLOBAL,GLOBAL,PLATFORM,0,0,0,0,0,0,0,NATIONAL
ukraine,mynbc5.com,com,GLOBAL,GLOBAL,GLOBAL,PLATFORM,0,0,0,0,0,0,0,NATIONAL
ukraine,nairaland.com,com,GLOBAL,GLOBAL,GLOBAL,PLATFORM,0,0,0,0,0,0,0,NATIONAL
ukraine,napavalleyregister.com,com,GLOBAL,GLOBAL,GLOBAL,PLATFORM,0,0,0,0,0,0,0,NATIONAL
ukraine,nationalmortgageprofessional.com,com,GLOBAL,GLOBAL,GLOBAL,PLATFORM,0,0,0,0,0,0,0,NATIONAL
ukraine,nationalpost.com,com,GLOBAL,GLOBAL,GLOBAL,PLATFORM,0,0,0,0,0,0,0,NATIONAL
ukraine,natlawreview.com,com,GLOBAL,GLOBAL,GLOBAL,PLATFORM,0,0,0,0,0,0,0,NATIONAL
ukraine,naveenbharat.in,in,IN,South Asia,OTHER,PLATFORM,0,0,0,0,0,0,0,NATIONAL
ukraine,nbcmiami.com,com,GLOBAL,GLOBAL,GLOBAL,PLATFORM,0,0,0,0,0,0,0,NATIONAL
ukraine,nbcrightnow.com,com,GLOBAL,GLOBAL,GLOBAL,PLATFORM,0,0,0,0,0,0,0,NATIONAL
ukraine,ncnewsonline.com,com,GLOBAL,GLOBAL,GLOBAL,PLATFORM,0,0,0,0,0,0,0,NATIONAL
ukraine,ncronline.org,org,GLOBAL,GLOBAL,GLOBAL,PLATFORM,0,0,0,0,0,0,0,NATIONAL
ukraine,nepalnational.com,com,GLOBAL,GLOBAL,GLOBAL,PLATFORM,0,0,0,0,0,0,0,NATIONAL
ukraine,newdelhitimes.com,com,GLOBAL,GLOBAL,GLOBAL,PLATFORM,0,0,0,0,0,0,0,NATIONAL
ukraine,newhot997.com,com,GLOBAL,GLOBAL,GLOBAL,PLATFORM,0,0,0,0,0,0,0,NATIONAL
ukraine,news-medical.net,net,GLOBAL,GLOBAL,GLOBAL,PLATFORM,0,0,0,0,0,0,0,NATIONAL
ukraine,news.cn,cn,CN,East Asia & Pacific,OTHER,PLATFORM,0,0,0,0,0,0,0,NATIONAL
ukraine,news.miami.edu,edu,NA,NA,OTHER,PLATFORM,0,0,0,0,0,0,0,PLATFORM
ukraine,newsbreak.com,com,GLOBAL,GLOBAL,GLOBAL,PLATFORM,0,0,0,0,0,0,0,NATIONAL
ukraine,newspressnow.com,com,GLOBAL,GLOBAL,GLOBAL,PLATFORM,0,0,0,0,0,0,0,NATIONAL
ukraine,newsradio1170.iheart.com,com,GLOBAL,GLOBAL,GLOBAL,PLATFORM,0,0,0,0,0,0,0,NATIONAL
ukraine,newsradiowkcy.iheart.com,com,GLOBAL,GLOBAL,GLOBAL,PLATFORM,0,0,0,0,0,0,0,NATIONAL
ukraine,newsroom.ucla.edu,edu,NA,NA,OTHER,PLATFORM,0,0,0,0,0,0,0,PLATFORM
ukraine,newstimes.com,com,GLOBAL,GLOBAL,GLOBAL,PLATFORM,0,0,0,0,0,0,0,NATIONAL
ukraine,newyorkjets.com,com,GLOBAL,GLOBAL,GLOBAL,PLATFORM,0,0,0,0,0,0,0,NATIONAL
ukraine,nhmagazine.com,com,GLOBAL,GLOBAL,GLOBAL,PLATFORM,0,0,0,0,0,0,0,NATIONAL
ukraine,niagara-gazette.com,com,GLOBAL,GLOBAL,GLOBAL,PLATFORM,0,0,0,0,0,0,0,NATIONAL
ukraine,nigeriasun.com,com,GLOBAL,GLOBAL,GLOBAL,PLATFORM,0,0,0,0,0,0,0,NATIONAL
ukraine,nogalesinternational.com,com,GLOBAL,GLOBAL,GLOBAL,PLATFORM,0,0,0,0,0,0,0,NATIONAL
ukraine,normantranscript.com,com,GLOBAL,GLOBAL,GLOBAL,PLATFORM,0,0,0,0,0,0,0,NATIONAL
ukraine,northcountrypublicradio.org,org,GLOBAL,GLOBAL,GLOBAL,PLATFORM,0,0,0,0,0,0,0,NATIONAL
ukraine,northernirelandnews.com,com,GLOBAL,GLOBAL,GLOBAL,PLATFORM,0,0,0,0,0,0,0,NATIONAL
ukraine,northernnews.ca,ca,CA,North America,OTHER,PLATFORM,0,0,0,0,0,0,0,NATIONAL
ukraine,npr.org,org,GLOBAL,GLOBAL,GLOBAL,PLATFORM,0,0,0,0,0,0,0,NATIONAL
ukraine,nrtoday.com,com,GLOBAL,GLOBAL,GLOBAL,PLATFORM,0,0,0,0,0,0,0,NATIONAL
ukraine,nuclearstreet.com,com,GLOBAL,GLOBAL,GLOBAL,PLATFORM,0,0,0,0,0,0,0,NATIONAL
ukraine,nwitimes.com,com,GLOBAL,GLOBAL,GLOBAL,PLATFORM,0,0,0,0,0,0,0,NATIONAL
ukraine,oakridger.com,com,GLOBAL,GLOBAL,GLOBAL,PLATFORM,0,0,0,0,0,0,0,NATIONAL
ukraine,obituaries.niagara-gazette.com,com,GLOBAL,GLOBAL,GLOBAL,PLATFORM,0,0,0,0,0,0,0,NATIONAL
ukraine,ocj.com,com,GLOBAL,GLOBAL,GLOBAL,PLATFORM,0,0,0,0,0,0,0,NATIONAL
ukraine,orlandosentinel.com,com,GLOBAL,GLOBAL,GLOBAL,PLATFORM,0,0,0,0,0,0,0,NATIONAL
ukraine,outtraveler.com,com,GLOBAL,GLOBAL,GLOBAL,PLATFORM,0,0,0,0,0,0,0,NATIONAL
ukraine,pdxmonthly.com,com,GLOBAL,GLOBAL,GLOBAL,PLATFORM,0,0,0,0,0,0,0,NATIONAL
ukraine,peacefmonline.com,com,GLOBAL,GLOBAL,GLOBAL,PLATFORM,0,0,0,0,0,0,0,NATIONAL
ukraine,penarthtimes.co.uk,uk,GB,Europe & Central Asia,OTHER,PLATFORM,0,0,0,0,0,0,0,NATIONAL
ukraine,pentictonherald.ca,ca,CA,North America,OTHER,PLATFORM,0,0,0,0,0,0,0,NATIONAL
ukraine,performancedrive.com.au,au,AU,East Asia & Pacific,OTHER,PLATFORM,0,0,0,0,0,0,0,NATIONAL
ukraine,phoenixnewtimes.com,com,GLOBAL,GLOBAL,GLOBAL,PLATFORM,0,0,0,0,0,0,0,NATIONAL
ukraine,physiciansweekly.com,com,GLOBAL,GLOBAL,GLOBAL,PLATFORM,0,0,0,0,0,0,0,NATIONAL
ukraine,pittsburghmagazine.com,com,GLOBAL,GLOBAL,GLOBAL,PLATFORM,0,0,0,0,0,0,0,NATIONAL
ukraine,polandsun.com,com,GLOBAL,GLOBAL,GLOBAL,PLATFORM,0,0,0,0,0,0,0,NATIONAL
ukraine,premierguitar.com,com,GLOBAL,GLOBAL,GLOBAL,PLATFORM,0,0,0,0,0,0,0,NATIONAL
ukraine,prokerala.com,com,GLOBAL,GLOBAL,GLOBAL,PLATFORM,0,0,0,0,0,0,0,NATIONAL
ukraine,psychologytoday.com,com,GLOBAL,GLOBAL,GLOBAL,PLATFORM,0,0,0,0,0,0,0,NATIONAL
ukraine,publicradiotulsa.org,org,GLOBAL,GLOBAL,GLOBAL,PLATFORM,0,0,0,0,0,0,0,NATIONAL
ukraine,publishersweekly.com,com,GLOBAL,GLOBAL,GLOBAL,PLATFORM,0,0,0,0,0,0,0,NATIONAL
ukraine,publishersweekly.com:443,NA,NA,NA,OTHER,PLATFORM,0,0,0,0,0,0,0,PLATFORM
ukraine,pullmanradio.com,com,GLOBAL,GLOBAL,GLOBAL,PLATFORM,0,0,0,0,0,0,0,NATIONAL
ukraine,qatar-tribune.com,com,GLOBAL,GLOBAL,GLOBAL,PLATFORM,0,0,0,0,0,0,0,NATIONAL
ukraine,qctimes.com,com,GLOBAL,GLOBAL,GLOBAL,PLATFORM,0,0,0,0,0,0,0,NATIONAL
ukraine,readingchronicle.co.uk,uk,GB,Europe & Central Asia,OTHER,PLATFORM,0,0,0,0,0,0,0,NATIONAL
ukraine,restonnow.com,com,GLOBAL,GLOBAL,GLOBAL,PLATFORM,0,0,0,0,0,0,0,NATIONAL
ukraine,reviewatlas.com,com,GLOBAL,GLOBAL,GLOBAL,PLATFORM,0,0,0,0,0,0,0,NATIONAL
ukraine,rfa.org,org,GLOBAL,GLOBAL,GLOBAL,PLATFORM,0,0,0,0,0,0,0,NATIONAL
ukraine,rferl.org,org,GLOBAL,GLOBAL,GLOBAL,PLATFORM,0,0,0,0,0,0,0,NATIONAL
ukraine,ridgecrestca.com,com,GLOBAL,GLOBAL,GLOBAL,PLATFORM,0,0,0,0,0,0,0,NATIONAL
ukraine,rivercountry.newschannelnebraska.com,com,GLOBAL,GLOBAL,GLOBAL,PLATFORM,0,0,0,0,0,0,0,NATIONAL
ukraine,savannahnow.com,com,GLOBAL,GLOBAL,GLOBAL,PLATFORM,0,0,0,0,0,0,0,NATIONAL
ukraine,sbnation.com,com,GLOBAL,GLOBAL,GLOBAL,PLATFORM,0,0,0,0,0,0,0,NATIONAL
ukraine,scnow.com,com,GLOBAL,GLOBAL,GLOBAL,PLATFORM,0,0,0,0,0,0,0,NATIONAL
ukraine,seattlepi.com,com,GLOBAL,GLOBAL,GLOBAL,PLATFORM,0,0,0,0,0,0,0,NATIONAL
ukraine,seventeen.com,com,GLOBAL,GLOBAL,GLOBAL,PLATFORM,0,0,0,0,0,0,0,NATIONAL
ukraine,sfchronicle.com,com,GLOBAL,GLOBAL,GLOBAL,PLATFORM,0,0,0,0,0,0,0,NATIONAL
ukraine,shippingwatch.com:443,NA,NA,NA,OTHER,PLATFORM,0,0,0,0,0,0,0,PLATFORM
ukraine,sina.com.hk,hk,NA,NA,OTHER,PLATFORM,0,0,0,0,0,0,0,PLATFORM
ukraine,snopes.com,com,GLOBAL,GLOBAL,GLOBAL,PLATFORM,0,0,0,0,0,0,0,NATIONAL
ukraine,southeast.newschannelnebraska.com,com,GLOBAL,GLOBAL,GLOBAL,PLATFORM,0,0,0,0,0,0,0,NATIONAL
ukraine,star1043.iheart.com,com,GLOBAL,GLOBAL,GLOBAL,PLATFORM,0,0,0,0,0,0,0,NATIONAL
ukraine,starherald.com,com,GLOBAL,GLOBAL,GLOBAL,PLATFORM,0,0,0,0,0,0,0,NATIONAL
ukraine,stripes.com,com,GLOBAL,GLOBAL,GLOBAL,PLATFORM,0,0,0,0,0,0,0,NATIONAL
ukraine,stuff.co.nz,nz,NZ,East Asia & Pacific,OTHER,PLATFORM,0,0,0,0,0,0,0,NATIONAL
ukraine,surreycomet.co.uk,uk,GB,Europe & Central Asia,OTHER,PLATFORM,0,0,0,0,0,0,0,NATIONAL
ukraine,sverigesradio.se,se,NA,NA,OTHER,PLATFORM,0,0,0,0,0,0,0,PLATFORM
ukraine,tcpalm.com,com,GLOBAL,GLOBAL,GLOBAL,PLATFORM,0,0,0,0,0,0,0,NATIONAL
ukraine,techtimes.com,com,GLOBAL,GLOBAL,GLOBAL,PLATFORM,0,0,0,0,0,0,0,NATIONAL
ukraine,thebeatstl.iheart.com,com,GLOBAL,GLOBAL,GLOBAL,PLATFORM,0,0,0,0,0,0,0,NATIONAL
ukraine,thecentersquare.com,com,GLOBAL,GLOBAL,GLOBAL,PLATFORM,0,0,0,0,0,0,0,NATIONAL
ukraine,thechampaignroom.com,com,GLOBAL,GLOBAL,GLOBAL,PLATFORM,0,0,0,0,0,0,0,NATIONAL
ukraine,thedailyrecord.com,com,GLOBAL,GLOBAL,GLOBAL,PLATFORM,0,0,0,0,0,0,0,NATIONAL
ukraine,thedrum.com,com,GLOBAL,GLOBAL,GLOBAL,PLATFORM,0,0,0,0,0,0,0,NATIONAL
ukraine,themalaysianinsight.com,com,GLOBAL,GLOBAL,GLOBAL,PLATFORM,0,0,0,0,0,0,0,NATIONAL
ukraine,themonthly.com.au,au,AU,East Asia & Pacific,OTHER,PLATFORM,0,0,0,0,0,0,0,NATIONAL
ukraine,thenewpulsefm.com,com,GLOBAL,GLOBAL,GLOBAL,PLATFORM,0,0,0,0,0,0,0,NATIONAL
ukraine,thenews.com.pk,pk,NA,NA,OTHER,PLATFORM,0,0,0,0,0,0,0,PLATFORM
ukraine,theriver1059.iheart.com,com,GLOBAL,GLOBAL,GLOBAL,PLATFORM,0,0,0,0,0,0,0,NATIONAL
ukraine,thesetonian.com,com,GLOBAL,GLOBAL,GLOBAL,PLATFORM,0,0,0,0,0,0,0,NATIONAL
ukraine,thetimestribune.com,com,GLOBAL,GLOBAL,GLOBAL,PLATFORM,0,0,0,0,0,0,0,NATIONAL
ukraine,thisismoney.co.uk,uk,GB,Europe & Central Asia,OTHER,PLATFORM,0,0,0,0,0,0,0,NATIONAL
ukraine,thomasnet.com,com,GLOBAL,GLOBAL,GLOBAL,PLATFORM,0,0,0,0,0,0,0,NATIONAL
ukraine,timescitizen.com,com,GLOBAL,GLOBAL,GLOBAL,PLATFORM,0,0,0,0,0,0,0,NATIONAL
ukraine,toronto.ctvnews.ca,ca,CA,North America,OTHER,PLATFORM,0,0,0,0,0,0,0,NATIONAL
ukraine,ttrweekly.com,com,GLOBAL,GLOBAL,GLOBAL,PLATFORM,0,0,0,0,0,0,0,NATIONAL
ukraine,tucsonlocalmedia.com,com,GLOBAL,GLOBAL,GLOBAL,PLATFORM,0,0,0,0,0,0,0,NATIONAL
ukraine,ukathletics.com,com,GLOBAL,GLOBAL,GLOBAL,PLATFORM,0,0,0,0,0,0,0,NATIONAL
ukraine,umterps.com,com,GLOBAL,GLOBAL,GLOBAL,PLATFORM,0,0,0,0,0,0,0,NATIONAL
ukraine,usatoday.com,com,GLOBAL,GLOBAL,GLOBAL,PLATFORM,0,0,0,0,0,0,0,NATIONAL
ukraine,vgchartz.com,com,GLOBAL,GLOBAL,GLOBAL,PLATFORM,0,0,0,0,0,0,0,NATIONAL
ukraine,virginiamercury.com,com,GLOBAL,GLOBAL,GLOBAL,PLATFORM,0,0,0,0,0,0,0,NATIONAL
ukraine,volcanoes.usgs.gov,gov,NA,NA,OTHER,PLATFORM,0,0,0,1,0,0,1,GOV
ukraine,warsawvoice.pl,pl,PL,Europe & Central Asia,OTHER,PLATFORM,0,0,0,0,0,0,0,NATIONAL
ukraine,washingtontimes.com,com,GLOBAL,GLOBAL,GLOBAL,PLATFORM,0,0,0,0,0,0,0,NATIONAL
ukraine,wbaltv.com,com,GLOBAL,GLOBAL,GLOBAL,PLATFORM,0,0,0,0,0,0,0,NATIONAL
ukraine,wbex.iheart.com,com,GLOBAL,GLOBAL,GLOBAL,PLATFORM,0,0,0,0,0,0,0,NATIONAL
ukraine,wbhm.org,org,GLOBAL,GLOBAL,GLOBAL,PLATFORM,0,0,0,0,0,0,0,NATIONAL
ukraine,weaa.org,org,GLOBAL,GLOBAL,GLOBAL,PLATFORM,0,0,0,0,0,0,0,NATIONAL
ukraine,weareiowa.com,com,GLOBAL,GLOBAL,GLOBAL,PLATFORM,0,0,0,0,0,0,0,NATIONAL
ukraine,westernmassnews.com,com,GLOBAL,GLOBAL,GLOBAL,PLATFORM,0,0,0,0,0,0,0,NATIONAL
ukraine,wfmf.iheart.com,com,GLOBAL,GLOBAL,GLOBAL,PLATFORM,0,0,0,0,0,0,0,NATIONAL
ukraine,whitecourtstar.com,com,GLOBAL,GLOBAL,GLOBAL,PLATFORM,0,0,0,0,0,0,0,NATIONAL
ukraine,whopam.com,com,GLOBAL,GLOBAL,GLOBAL,PLATFORM,0,0,0,0,0,0,0,NATIONAL
ukraine,wibc.com,com,GLOBAL,GLOBAL,GLOBAL,PLATFORM,0,0,0,0,0,0,0,NATIONAL
ukraine,wicz.com,com,GLOBAL,GLOBAL,GLOBAL,PLATFORM,0,0,0,0,0,0,0,NATIONAL
ukraine,wiltshiretimes.co.uk,uk,GB,Europe & Central Asia,OTHER,PLATFORM,0,0,0,0,0,0,0,NATIONAL
ukraine,wimbledonguardian.co.uk,uk,GB,Europe & Central Asia,OTHER,PLATFORM,0,0,0,0,0,0,0,NATIONAL
ukraine,winnipegsun.com,com,GLOBAL,GLOBAL,GLOBAL,PLATFORM,0,0,0,0,0,0,0,NATIONAL
ukraine,wisn.com,com,GLOBAL,GLOBAL,GLOBAL,PLATFORM,0,0,0,0,0,0,0,NATIONAL
ukraine,wkbw.com,com,GLOBAL,GLOBAL,GLOBAL,PLATFORM,0,0,0,0,0,0,0,NATIONAL
ukraine,wkfr.com,com,GLOBAL,GLOBAL,GLOBAL,PLATFORM,0,0,0,0,0,0,0,NATIONAL
ukraine,wmanfm.iheart.com,com,GLOBAL,GLOBAL,GLOBAL,PLATFORM,0,0,0,0,0,0,0,NATIONAL
ukraine,wovk.iheart.com,com,GLOBAL,GLOBAL,GLOBAL,PLATFORM,0,0,0,0,0,0,0,NATIONAL
ukraine,wral.com,com,GLOBAL,GLOBAL,GLOBAL,PLATFORM,0,0,0,0,0,0,0,NATIONAL
ukraine,wsfcam.iheart.com,com,GLOBAL,GLOBAL,GLOBAL,PLATFORM,0,0,0,0,0,0,0,NATIONAL
ukraine,wsjm.com,com,GLOBAL,GLOBAL,GLOBAL,PLATFORM,0,0,0,0,0,0,0,NATIONAL
ukraine,wtag.iheart.com,com,GLOBAL,GLOBAL,GLOBAL,PLATFORM,0,0,0,0,0,0,0,NATIONAL
ukraine,wtak.iheart.com,com,GLOBAL,GLOBAL,GLOBAL,PLATFORM,0,0,0,0,0,0,0,NATIONAL
ukraine,wusa9.com,com,GLOBAL,GLOBAL,GLOBAL,PLATFORM,0,0,0,0,0,0,0,NATIONAL
ukraine,wvgazettemail.com,com,GLOBAL,GLOBAL,GLOBAL,PLATFORM,0,0,0,0,0,0,0,NATIONAL
ukraine,wvnews.com,com,GLOBAL,GLOBAL,GLOBAL,PLATFORM,0,0,0,0,0,0,0,NATIONAL
ukraine,wvxu.org,org,GLOBAL,GLOBAL,GLOBAL,PLATFORM,0,0,0,0,0,0,0,NATIONAL
ukraine,www2.ljworld.com,com,GLOBAL,GLOBAL,GLOBAL,PLATFORM,0,0,0,0,0,0,0,NATIONAL
ukraine,wxpr.org,org,GLOBAL,GLOBAL,GLOBAL,PLATFORM,0,0,0,0,0,0,0,NATIONAL
ukraine,wxxv25.com,com,GLOBAL,GLOBAL,GLOBAL,PLATFORM,0,0,0,0,0,0,0,NATIONAL
ukraine,xxlmag.com,com,GLOBAL,GLOBAL,GLOBAL,PLATFORM,0,0,0,0,0,0,0,NATIONAL
ukraine,y102reading.iheart.com,com,GLOBAL,GLOBAL,GLOBAL,PLATFORM,0,0,0,0,0,0,0,NATIONAL
ukraine,12newsnow.com,com,GLOBAL,GLOBAL,GLOBAL,PLATFORM,0,0,0,0,0,0,0,NATIONAL
ukraine,13wmaz.com,com,GLOBAL,GLOBAL,GLOBAL,PLATFORM,0,0,0,0,0,0,0,NATIONAL
ukraine,41nbc.com,com,GLOBAL,GLOBAL,GLOBAL,PLATFORM,0,0,0,0,0,0,0,NATIONAL
ukraine,925kissfm.iheart.com,com,GLOBAL,GLOBAL,GLOBAL,PLATFORM,0,0,0,0,0,0,0,NATIONAL
ukraine,939litefm.iheart.com,com,GLOBAL,GLOBAL,GLOBAL,PLATFORM,0,0,0,0,0,0,0,NATIONAL
ukraine,949kcmo.com,com,GLOBAL,GLOBAL,GLOBAL,PLATFORM,0,0,0,0,0,0,0,NATIONAL
ukraine,961therocket.iheart.com,com,GLOBAL,GLOBAL,GLOBAL,PLATFORM,0,0,0,0,0,0,0,NATIONAL
ukraine,963starcountry.iheart.com,com,GLOBAL,GLOBAL,GLOBAL,PLATFORM,0,0,0,0,0,0,0,NATIONAL
ukraine,973thebullicons.iheart.com,com,GLOBAL,GLOBAL,GLOBAL,PLATFORM,0,0,0,0,0,0,0,NATIONAL
ukraine,975online.iheart.com,com,GLOBAL,GLOBAL,GLOBAL,PLATFORM,0,0,0,0,0,0,0,NATIONAL
ukraine,a4c.com,com,GLOBAL,GLOBAL,GLOBAL,PLATFORM,0,0,0,0,0,0,0,NATIONAL
ukraine,abc6.com,com,GLOBAL,GLOBAL,GLOBAL,PLATFORM,0,0,0,0,0,0,0,NATIONAL
ukraine,aclj.org:443,NA,NA,NA,OTHER,PLATFORM,0,0,0,0,0,0,0,PLATFORM
ukraine,advancedbiofuelsusa.info,info,GLOBAL,GLOBAL,GLOBAL,PLATFORM,0,0,0,0,0,0,0,NATIONAL
ukraine,africa.com,com,GLOBAL,GLOBAL,GLOBAL,PLATFORM,0,0,0,0,0,0,0,NATIONAL
ukraine,afterellen.com,com,GLOBAL,GLOBAL,GLOBAL,PLATFORM,0,0,0,0,0,0,0,NATIONAL
ukraine,aggie96.iheart.com,com,GLOBAL,GLOBAL,GLOBAL,PLATFORM,0,0,0,0,0,0,0,NATIONAL
ukraine,aginfo.net,net,GLOBAL,GLOBAL,GLOBAL,PLATFORM,0,0,0,0,0,0,0,NATIONAL
ukraine,allaccess.com,com,GLOBAL,GLOBAL,GLOBAL,PLATFORM,0,0,0,0,0,0,0,NATIONAL
ukraine,americantop40.com,com,GLOBAL,GLOBAL,GLOBAL,PLATFORM,0,0,0,0,0,0,0,NATIONAL
ukraine,animenewsnetwork.com,com,GLOBAL,GLOBAL,GLOBAL,PLATFORM,0,0,0,0,0,0,0,NATIONAL
ukraine,aol.co.uk,uk,GB,Europe & Central Asia,OTHER,PLATFORM,0,0,0,0,0,0,0,NATIONAL
ukraine,asiapacificreport.nz,nz,NZ,East Asia & Pacific,OTHER,PLATFORM,0,0,0,0,0,0,0,NATIONAL
ukraine,b100quadcities.com,com,GLOBAL,GLOBAL,GLOBAL,PLATFORM,0,0,0,0,0,0,0,NATIONAL
ukraine,b93radio.com,com,GLOBAL,GLOBAL,GLOBAL,PLATFORM,0,0,0,0,0,0,0,NATIONAL
ukraine,bbc.co.uk,uk,GB,Europe & Central Asia,OTHER,PLATFORM,0,0,0,0,0,0,0,NATIONAL
ukraine,bbc.com,com,GLOBAL,GLOBAL,GLOBAL,PLATFORM,0,0,0,0,0,0,0,NATIONAL
ukraine,beatricedailysun.com,com,GLOBAL,GLOBAL,GLOBAL,PLATFORM,0,0,0,0,0,0,0,NATIONAL
ukraine,beloitdailynews.com,com,GLOBAL,GLOBAL,GLOBAL,PLATFORM,0,0,0,0,0,0,0,NATIONAL
ukraine,bhpioneer.com,com,GLOBAL,GLOBAL,GLOBAL,PLATFORM,0,0,0,0,0,0,0,NATIONAL
ukraine,bikeportland.org,org,GLOBAL,GLOBAL,GLOBAL,PLATFORM,0,0,0,0,0,0,0,NATIONAL
ukraine,bizjournals.com,com,GLOBAL,GLOBAL,GLOBAL,PLATFORM,0,0,0,0,0,0,0,NATIONAL
ukraine,bjpenn.com,com,GLOBAL,GLOBAL,GLOBAL,PLATFORM,0,0,0,0,0,0,0,NATIONAL
ukraine,blabbermouth.net,net,GLOBAL,GLOBAL,GLOBAL,PLATFORM,0,0,0,0,0,0,0,NATIONAL
ukraine,blackandredunited.com,com,GLOBAL,GLOBAL,GLOBAL,PLATFORM,0,0,0,0,0,0,0,NATIONAL
ukraine,bluebirdbanter.com,com,GLOBAL,GLOBAL,GLOBAL,PLATFORM,0,0,0,0,0,0,0,NATIONAL
ukraine,bnamericas.com,com,GLOBAL,GLOBAL,GLOBAL,PLATFORM,0,0,0,0,0,0,0,NATIONAL
ukraine,bondbuyer.com,com,GLOBAL,GLOBAL,GLOBAL,PLATFORM,0,0,0,0,0,0,0,NATIONAL
ukraine,brandonsun.com,com,GLOBAL,GLOBAL,GLOBAL,PLATFORM,0,0,0,0,0,0,0,NATIONAL
ukraine,buckeyecountry1037.iheart.com,com,GLOBAL,GLOBAL,GLOBAL,PLATFORM,0,0,0,0,0,0,0,NATIONAL
ukraine,business-humanrights.org,org,GLOBAL,GLOBAL,GLOBAL,PLATFORM,0,0,0,0,0,0,0,NATIONAL
ukraine,businessinsurance.com,com,GLOBAL,GLOBAL,GLOBAL,PLATFORM,0,0,0,0,0,0,0,NATIONAL
ukraine,buzzfeednews.com,com,GLOBAL,GLOBAL,GLOBAL,PLATFORM,0,0,0,0,0,0,0,NATIONAL
ukraine,buzztulsa.iheart.com,com,GLOBAL,GLOBAL,GLOBAL,PLATFORM,0,0,0,0,0,0,0,NATIONAL
ukraine,calcoastnews.com,com,GLOBAL,GLOBAL,GLOBAL,PLATFORM,0,0,0,0,0,0,0,NATIONAL
ukraine,calgary.ctvnews.ca,ca,CA,North America,OTHER,PLATFORM,0,0,0,0,0,0,0,NATIONAL
ukraine,cambridge-news.co.uk,uk,GB,Europe & Central Asia,OTHER,PLATFORM,0,0,0,0,0,0,0,NATIONAL
ukraine,carscoops.com,com,GLOBAL,GLOBAL,GLOBAL,PLATFORM,0,0,0,0,0,0,0,NATIONAL
ukraine,chess24.com,com,GLOBAL,GLOBAL,GLOBAL,PLATFORM,0,0,0,0,0,0,0,NATIONAL
ukraine,christianitytoday.com,com,GLOBAL,GLOBAL,GLOBAL,PLATFORM,0,0,0,0,0,0,0,NATIONAL
ukraine,cincinnati.com,com,GLOBAL,GLOBAL,GLOBAL,PLATFORM,0,0,0,0,0,0,0,NATIONAL
ukraine,citizentribune.com,com,GLOBAL,GLOBAL,GLOBAL,PLATFORM,0,0,0,0,0,0,0,NATIONAL
ukraine,city-journal.org:443,NA,NA,NA,OTHER,PLATFORM,0,0,0,0,0,0,0,PLATFORM
ukraine,classichits1390.iheart.com,com,GLOBAL,GLOBAL,GLOBAL,PLATFORM,0,0,0,0,0,0,0,NATIONAL
ukraine,coloradoan.com,com,GLOBAL,GLOBAL,GLOBAL,PLATFORM,0,0,0,0,0,0,0,NATIONAL
ukraine,combatpress.com,com,GLOBAL,GLOBAL,GLOBAL,PLATFORM,0,0,0,0,0,0,0,NATIONAL
ukraine,comicbookmovie.com,com,GLOBAL,GLOBAL,GLOBAL,PLATFORM,0,0,0,0,0,0,0,NATIONAL
ukraine,country925.iheart.com,com,GLOBAL,GLOBAL,GLOBAL,PLATFORM,0,0,0,0,0,0,0,NATIONAL
ukraine,cricketaddictor.com,com,GLOBAL,GLOBAL,GLOBAL,PLATFORM,0,0,0,0,0,0,0,NATIONAL
ukraine,cuindependent.com,com,GLOBAL,GLOBAL,GLOBAL,PLATFORM,0,0,0,0,0,0,0,NATIONAL
ukraine,dailyastorian.com,com,GLOBAL,GLOBAL,GLOBAL,PLATFORM,0,0,0,0,0,0,0,NATIONAL
ukraine,dailycitizen.news,news,NA,NA,OTHER,PLATFORM,0,0,0,0,0,0,0,PLATFORM
ukraine,dailyrepublic.com,com,GLOBAL,GLOBAL,GLOBAL,PLATFORM,0,0,0,0,0,0,0,NATIONAL
ukraine,dc.eater.com,com,GLOBAL,GLOBAL,GLOBAL,PLATFORM,0,0,0,0,0,0,0,NATIONAL
ukraine,dealbreaker.com,com,GLOBAL,GLOBAL,GLOBAL,PLATFORM,0,0,0,0,0,0,0,NATIONAL
ukraine,democratherald.com,com,GLOBAL,GLOBAL,GLOBAL,PLATFORM,0,0,0,0,0,0,0,NATIONAL
ukraine,desiblitz.com,com,GLOBAL,GLOBAL,GLOBAL,PLATFORM,0,0,0,0,0,0,0,NATIONAL
ukraine,detroitlions.com,com,GLOBAL,GLOBAL,GLOBAL,PLATFORM,0,0,0,0,0,0,0,NATIONAL
ukraine,durangoherald.com,com,GLOBAL,GLOBAL,GLOBAL,PLATFORM,0,0,0,0,0,0,0,NATIONAL
ukraine,eastidahonews.com,com,GLOBAL,GLOBAL,GLOBAL,PLATFORM,0,0,0,0,0,0,0,NATIONAL
ukraine,echopress.com,com,GLOBAL,GLOBAL,GLOBAL,PLATFORM,0,0,0,0,0,0,0,NATIONAL
ukraine,emarketer.com,com,GLOBAL,GLOBAL,GLOBAL,PLATFORM,0,0,0,0,0,0,0,NATIONAL
ukraine,en.mercopress.com,com,GLOBAL,GLOBAL,GLOBAL,PLATFORM,0,0,0,0,0,0,0,NATIONAL
ukraine,endocrinologyadvisor.com,com,GLOBAL,GLOBAL,GLOBAL,PLATFORM,0,0,0,0,0,0,0,NATIONAL
ukraine,english.news.cn,cn,CN,East Asia & Pacific,OTHER,PLATFORM,0,0,0,0,0,0,0,NATIONAL
ukraine,eventbrite.com.au,au,AU,East Asia & Pacific,OTHER,PLATFORM,0,0,0,0,0,0,0,NATIONAL
ukraine,everything2.com:443,NA,NA,NA,OTHER,PLATFORM,0,0,0,0,0,0,0,PLATFORM
ukraine,expressnews.com,com,GLOBAL,GLOBAL,GLOBAL,PLATFORM,0,0,0,0,0,0,0,NATIONAL
ukraine,extratime.com,com,GLOBAL,GLOBAL,GLOBAL,PLATFORM,0,0,0,0,0,0,0,NATIONAL
ukraine,fauquiernow.com,com,GLOBAL,GLOBAL,GLOBAL,PLATFORM,0,0,0,0,0,0,0,NATIONAL
ukraine,fiddleheadfocus.com,com,GLOBAL,GLOBAL,GLOBAL,PLATFORM,0,0,0,0,0,0,0,NATIONAL
ukraine,fijitimes.com,com,GLOBAL,GLOBAL,GLOBAL,PLATFORM,0,0,0,0,0,0,0,NATIONAL
ukraine,fin-news.com,com,GLOBAL,GLOBAL,GLOBAL,PLATFORM,0,0,0,0,0,0,0,NATIONAL
ukraine,finanznachrichten.de,de,DE,Europe & Central Asia,OTHER,PLATFORM,0,0,0,0,0,0,0,NATIONAL
ukraine,fontanaheraldnews.com,com,GLOBAL,GLOBAL,GLOBAL,PLATFORM,0,0,0,0,0,0,0,NATIONAL
ukraine,football365.com,com,GLOBAL,GLOBAL,GLOBAL,PLATFORM,0,0,0,0,0,0,0,NATIONAL
ukraine,fox29.com,com,GLOBAL,GLOBAL,GLOBAL,PLATFORM,0,0,0,0,0,0,0,NATIONAL
ukraine,galioninquirer.com,com,GLOBAL,GLOBAL,GLOBAL,PLATFORM,0,0,0,0,0,0,0,NATIONAL
ukraine,gamesindustry.biz:443,NA,NA,NA,OTHER,PLATFORM,0,0,0,0,0,0,0,PLATFORM
ukraine,gatestoneinstitute.org,org,GLOBAL,GLOBAL,GLOBAL,PLATFORM,0,0,0,0,0,0,0,NATIONAL
ukraine,gillettenewsrecord.com,com,GLOBAL,GLOBAL,GLOBAL,PLATFORM,0,0,0,0,0,0,0,NATIONAL
ukraine,goupstate.com,com,GLOBAL,GLOBAL,GLOBAL,PLATFORM,0,0,0,0,0,0,0,NATIONAL
ukraine,gov.ms,ms,NA,NA,OTHER,PLATFORM,0,0,0,0,0,0,0,PLATFORM
ukraine,govtech.com,com,GLOBAL,GLOBAL,GLOBAL,PLATFORM,0,0,0,0,0,0,0,NATIONAL
ukraine,grainews.ca,ca,CA,North America,OTHER,PLATFORM,0,0,0,0,0,0,0,NATIONAL
ukraine,grandforksherald.com,com,GLOBAL,GLOBAL,GLOBAL,PLATFORM,0,0,0,0,0,0,0,NATIONAL
ukraine,grandrapidsmn.com,com,GLOBAL,GLOBAL,GLOBAL,PLATFORM,0,0,0,0,0,0,0,NATIONAL
ukraine,greekcitytimes.com,com,GLOBAL,GLOBAL,GLOBAL,PLATFORM,0,0,0,0,0,0,0,NATIONAL
ukraine,greensboro.com,com,GLOBAL,GLOBAL,GLOBAL,PLATFORM,0,0,0,0,0,0,0,NATIONAL
ukraine,gzeromedia.com,com,GLOBAL,GLOBAL,GLOBAL,PLATFORM,0,0,0,0,0,0,0,NATIONAL
ukraine,hiawathaworldonline.com,com,GLOBAL,GLOBAL,GLOBAL,PLATFORM,0,0,0,0,0,0,0,NATIONAL
ukraine,hot975fm.com,com,GLOBAL,GLOBAL,GLOBAL,PLATFORM,0,0,0,0,0,0,0,NATIONAL
ukraine,howestreet.com,com,GLOBAL,GLOBAL,GLOBAL,PLATFORM,0,0,0,0,0,0,0,NATIONAL
ukraine,huffpost.com,com,GLOBAL,GLOBAL,GLOBAL,PLATFORM,0,0,0,0,0,0,0,NATIONAL
ukraine,ifex.org,org,GLOBAL,GLOBAL,GLOBAL,PLATFORM,0,0,0,0,0,0,0,NATIONAL
ukraine,ifp.co.in:443,NA,NA,NA,OTHER,PLATFORM,0,0,0,0,0,0,0,PLATFORM
ukraine,impactnottingham.com,com,GLOBAL,GLOBAL,GLOBAL,PLATFORM,0,0,0,0,0,0,0,NATIONAL
ukraine,in.investing.com,com,GLOBAL,GLOBAL,GLOBAL,PLATFORM,0,0,0,0,0,0,0,NATIONAL
ukraine,insider.com,com,GLOBAL,GLOBAL,GLOBAL,PLATFORM,0,0,0,0,0,0,0,NATIONAL
ukraine,jacksonprogress-argus.com,com,GLOBAL,GLOBAL,GLOBAL,PLATFORM,0,0,0,0,0,0,0,NATIONAL
ukraine,jdsupra.com,com,GLOBAL,GLOBAL,GLOBAL,PLATFORM,0,0,0,0,0,0,0,NATIONAL
ukraine,jewishjournal.com,com,GLOBAL,GLOBAL,GLOBAL,PLATFORM,0,0,0,0,0,0,0,NATIONAL
ukraine,journalrecord.com,com,GLOBAL,GLOBAL,GLOBAL,PLATFORM,0,0,0,0,0,0,0,NATIONAL
ukraine,journalstar.com,com,GLOBAL,GLOBAL,GLOBAL,PLATFORM,0,0,0,0,0,0,0,NATIONAL
ukraine,k103.iheart.com,com,GLOBAL,GLOBAL,GLOBAL,PLATFORM,0,0,0,0,0,0,0,NATIONAL
ukraine,k2radio.com,com,GLOBAL,GLOBAL,GLOBAL,PLATFORM,0,0,0,0,0,0,0,NATIONAL
ukraine,kare11.com,com,GLOBAL,GLOBAL,GLOBAL,PLATFORM,0,0,0,0,0,0,0,NATIONAL
ukraine,kcck.org,org,GLOBAL,GLOBAL,GLOBAL,PLATFORM,0,0,0,0,0,0,0,NATIONAL
ukraine,kcur.org,org,GLOBAL,GLOBAL,GLOBAL,PLATFORM,0,0,0,0,0,0,0,NATIONAL
ukraine,kdwb.iheart.com,com,GLOBAL,GLOBAL,GLOBAL,PLATFORM,0,0,0,0,0,0,0,NATIONAL
ukraine,kens5.com,com,GLOBAL,GLOBAL,GLOBAL,PLATFORM,0,0,0,0,0,0,0,NATIONAL
ukraine,keyt.com,com,GLOBAL,GLOBAL,GLOBAL,PLATFORM,0,0,0,0,0,0,0,NATIONAL
ukraine,kgab.com,com,GLOBAL,GLOBAL,GLOBAL,PLATFORM,0,0,0,0,0,0,0,NATIONAL
ukraine,kgot.iheart.com,com,GLOBAL,GLOBAL,GLOBAL,PLATFORM,0,0,0,0,0,0,0,NATIONAL
ukraine,khaama.com,com,GLOBAL,GLOBAL,GLOBAL,PLATFORM,0,0,0,0,0,0,0,NATIONAL
ukraine,khou.com,com,GLOBAL,GLOBAL,GLOBAL,PLATFORM,0,0,0,0,0,0,0,NATIONAL
ukraine,kiiitv.com,com,GLOBAL,GLOBAL,GLOBAL,PLATFORM,0,0,0,0,0,0,0,NATIONAL
ukraine,king5.com,com,GLOBAL,GLOBAL,GLOBAL,PLATFORM,0,0,0,0,0,0,0,NATIONAL
ukraine,kingstonthisweek.com,com,GLOBAL,GLOBAL,GLOBAL,PLATFORM,0,0,0,0,0,0,0,NATIONAL
ukraine,kiss1023.iheart.com,com,GLOBAL,GLOBAL,GLOBAL,PLATFORM,0,0,0,0,0,0,0,NATIONAL
ukraine,kiwaradio.com,com,GLOBAL,GLOBAL,GLOBAL,PLATFORM,0,0,0,0,0,0,0,NATIONAL
ukraine,kjas.com,com,GLOBAL,GLOBAL,GLOBAL,PLATFORM,0,0,0,0,0,0,0,NATIONAL
ukraine,klcc.org,org,GLOBAL,GLOBAL,GLOBAL,PLATFORM,0,0,0,0,0,0,0,NATIONAL
ukraine,klkntv.com,com,GLOBAL,GLOBAL,GLOBAL,PLATFORM,0,0,0,0,0,0,0,NATIONAL
ukraine,kmmsam.com,com,GLOBAL,GLOBAL,GLOBAL,PLATFORM,0,0,0,0,0,0,0,NATIONAL
ukraine,kmuw.org,org,GLOBAL,GLOBAL,GLOBAL,PLATFORM,0,0,0,0,0,0,0,NATIONAL
ukraine,knau.org,org,GLOBAL,GLOBAL,GLOBAL,PLATFORM,0,0,0,0,0,0,0,NATIONAL
ukraine,knixcountry.iheart.com,com,GLOBAL,GLOBAL,GLOBAL,PLATFORM,0,0,0,0,0,0,0,NATIONAL
ukraine,knsiradio.com,com,GLOBAL,GLOBAL,GLOBAL,PLATFORM,0,0,0,0,0,0,0,NATIONAL
ukraine,kool108.iheart.com,com,GLOBAL,GLOBAL,GLOBAL,PLATFORM,0,0,0,0,0,0,0,NATIONAL
ukraine,kpvi.com,com,GLOBAL,GLOBAL,GLOBAL,PLATFORM,0,0,0,0,0,0,0,NATIONAL
ukraine,ksdk.com,com,GLOBAL,GLOBAL,GLOBAL,PLATFORM,0,0,0,0,0,0,0,NATIONAL
ukraine,kvue.com,com,GLOBAL,GLOBAL,GLOBAL,PLATFORM,0,0,0,0,0,0,0,NATIONAL
ukraine,kwit.org,org,GLOBAL,GLOBAL,GLOBAL,PLATFORM,0,0,0,0,0,0,0,NATIONAL
ukraine,kxly.com,com,GLOBAL,GLOBAL,GLOBAL,PLATFORM,0,0,0,0,0,0,0,NATIONAL
ukraine,kxno.iheart.com,com,GLOBAL,GLOBAL,GLOBAL,PLATFORM,0,0,0,0,0,0,0,NATIONAL
ukraine,lake1023.iheart.com,com,GLOBAL,GLOBAL,GLOBAL,PLATFORM,0,0,0,0,0,0,0,NATIONAL
ukraine,laramielive.com,com,GLOBAL,GLOBAL,GLOBAL,PLATFORM,0,0,0,0,0,0,0,NATIONAL
ukraine,lasvegassun.com,com,GLOBAL,GLOBAL,GLOBAL,PLATFORM,0,0,0,0,0,0,0,NATIONAL
ukraine,livemint.com,com,GLOBAL,GLOBAL,GLOBAL,PLATFORM,0,0,0,0,0,0,0,NATIONAL
ukraine,manutd.com,com,GLOBAL,GLOBAL,GLOBAL,PLATFORM,0,0,0,0,0,0,0,NATIONAL
ukraine,maritime-executive.com,com,GLOBAL,GLOBAL,GLOBAL,PLATFORM,0,0,0,0,0,0,0,NATIONAL
ukraine,marketbusinessnews.com,com,GLOBAL,GLOBAL,GLOBAL,PLATFORM,0,0,0,0,0,0,0,NATIONAL
ukraine,mix931online.iheart.com,com,GLOBAL,GLOBAL,GLOBAL,PLATFORM,0,0,0,0,0,0,0,NATIONAL
ukraine,mmanews.com,com,GLOBAL,GLOBAL,GLOBAL,PLATFORM,0,0,0,0,0,0,0,NATIONAL
ukraine,mtlblog.com,com,GLOBAL,GLOBAL,GLOBAL,PLATFORM,0,0,0,0,0,0,0,NATIONAL
ukraine,my100fm.iheart.com,com,GLOBAL,GLOBAL,GLOBAL,PLATFORM,0,0,0,0,0,0,0,NATIONAL
ukraine,mydallaspost.com,com,GLOBAL,GLOBAL,GLOBAL,PLATFORM,0,0,0,0,0,0,0,NATIONAL
ukraine,mywdia.iheart.com,com,GLOBAL,GLOBAL,GLOBAL,PLATFORM,0,0,0,0,0,0,0,NATIONAL
ukraine,nahl.com,com,GLOBAL,GLOBAL,GLOBAL,PLATFORM,0,0,0,0,0,0,0,NATIONAL
ukraine,naija247news.com,com,GLOBAL,GLOBAL,GLOBAL,PLATFORM,0,0,0,0,0,0,0,NATIONAL
ukraine,nbcboston.com,com,GLOBAL,GLOBAL,GLOBAL,PLATFORM,0,0,0,0,0,0,0,NATIONAL
ukraine,nbcdfw.com,com,GLOBAL,GLOBAL,GLOBAL,PLATFORM,0,0,0,0,0,0,0,NATIONAL
ukraine,nbclosangeles.com,com,GLOBAL,GLOBAL,GLOBAL,PLATFORM,0,0,0,0,0,0,0,NATIONAL
ukraine,newburyportnews.com,com,GLOBAL,GLOBAL,GLOBAL,PLATFORM,0,0,0,0,0,0,0,NATIONAL
ukraine,newgamenetwork.com,com,GLOBAL,GLOBAL,GLOBAL,PLATFORM,0,0,0,0,0,0,0,NATIONAL
ukraine,news.am,am,NA,NA,OTHER,PLATFORM,0,0,0,0,0,0,0,PLATFORM
ukraine,newsletter.co.uk,uk,GB,Europe & Central Asia,OTHER,PLATFORM,0,0,0,0,0,0,0,NATIONAL
ukraine,newsnow.co.uk,uk,GB,Europe & Central Asia,OTHER,PLATFORM,0,0,0,0,0,0,0,NATIONAL
ukraine,newstalk1280.com,com,GLOBAL,GLOBAL,GLOBAL,PLATFORM,0,0,0,0,0,0,0,NATIONAL
ukraine,newstalkzb.co.nz,nz,NZ,East Asia & Pacific,OTHER,PLATFORM,0,0,0,0,0,0,0,NATIONAL
ukraine,newswest9.com,com,GLOBAL,GLOBAL,GLOBAL,PLATFORM,0,0,0,0,0,0,0,NATIONAL
ukraine,nj1015.com,com,GLOBAL,GLOBAL,GLOBAL,PLATFORM,0,0,0,0,0,0,0,NATIONAL
ukraine,northcoastjournal.com,com,GLOBAL,GLOBAL,GLOBAL,PLATFORM,0,0,0,0,0,0,0,NATIONAL
ukraine,nukethefridge.com,com,GLOBAL,GLOBAL,GLOBAL,PLATFORM,0,0,0,0,0,0,0,NATIONAL
ukraine,oilcity.news,news,NA,NA,OTHER,PLATFORM,0,0,0,0,0,0,0,PLATFORM
ukraine,optics.org,org,GLOBAL,GLOBAL,GLOBAL,PLATFORM,0,0,0,0,0,0,0,NATIONAL
ukraine,ottawa.ctvnews.ca,ca,CA,North America,OTHER,PLATFORM,0,0,0,0,0,0,0,NATIONAL
ukraine,politico.com,com,GLOBAL,GLOBAL,GLOBAL,PLATFORM,0,0,0,0,0,0,0,NATIONAL
ukraine,postbulletin.com,com,GLOBAL,GLOBAL,GLOBAL,PLATFORM,0,0,0,0,0,0,0,NATIONAL
ukraine,power1009.iheart.com,com,GLOBAL,GLOBAL,GLOBAL,PLATFORM,0,0,0,0,0,0,0,NATIONAL
ukraine,pressdemocrat.com,com,GLOBAL,GLOBAL,GLOBAL,PLATFORM,0,0,0,0,0,0,0,NATIONAL
ukraine,pressherald.com,com,GLOBAL,GLOBAL,GLOBAL,PLATFORM,0,0,0,0,0,0,0,NATIONAL
ukraine,providencejournal.com,com,GLOBAL,GLOBAL,GLOBAL,PLATFORM,0,0,0,0,0,0,0,NATIONAL
ukraine,q13fox.com,com,GLOBAL,GLOBAL,GLOBAL,PLATFORM,0,0,0,0,0,0,0,NATIONAL
ukraine,restaurantdive.com,com,GLOBAL,GLOBAL,GLOBAL,PLATFORM,0,0,0,0,0,0,0,NATIONAL
ukraine,richardcrouse.ca,ca,CA,North America,OTHER,PLATFORM,0,0,0,0,0,0,0,NATIONAL
ukraine,ross-shirejournal.co.uk,uk,GB,Europe & Central Asia,OTHER,PLATFORM,0,0,0,0,0,0,0,NATIONAL
ukraine,rtvslo.si,si,NA,NA,OTHER,PLATFORM,0,0,0,0,0,0,0,PLATFORM
ukraine,runnermag.ca,ca,CA,North America,OTHER,PLATFORM,0,0,0,0,0,0,0,NATIONAL
ukraine,sarniathisweek.com,com,GLOBAL,GLOBAL,GLOBAL,PLATFORM,0,0,0,0,0,0,0,NATIONAL
ukraine,sciencealert.com,com,GLOBAL,GLOBAL,GLOBAL,PLATFORM,0,0,0,0,0,0,0,NATIONAL
ukraine,seacoastcurrent.com,com,GLOBAL,GLOBAL,GLOBAL,PLATFORM,0,0,0,0,0,0,0,NATIONAL
ukraine,seekingalpha.com,com,GLOBAL,GLOBAL,GLOBAL,PLATFORM,1,0,0,0,0,0,1,FIN
ukraine,sen.com.au,au,AU,East Asia & Pacific,OTHER,PLATFORM,0,0,0,0,0,0,0,NATIONAL
ukraine,sheridanmedia.com,com,GLOBAL,GLOBAL,GLOBAL,PLATFORM,0,0,0,0,0,0,0,NATIONAL
ukraine,socialnews.xyz,xyz,NA,NA,OTHER,PLATFORM,0,0,0,0,0,0,0,PLATFORM
ukraine,spsrasd.info,info,GLOBAL,GLOBAL,GLOBAL,PLATFORM,0,0,0,0,0,0,0,NATIONAL
ukraine,star941fm.iheart.com,com,GLOBAL,GLOBAL,GLOBAL,PLATFORM,0,0,0,0,0,0,0,NATIONAL
ukraine,steelers.com,com,GLOBAL,GLOBAL,GLOBAL,PLATFORM,0,0,0,0,0,0,0,NATIONAL
ukraine,stlamerican.com,com,GLOBAL,GLOBAL,GLOBAL,PLATFORM,0,0,0,0,0,0,0,NATIONAL
ukraine,stltoday.com,com,GLOBAL,GLOBAL,GLOBAL,PLATFORM,0,0,0,0,0,0,0,NATIONAL
ukraine,stwnewspress.com,com,GLOBAL,GLOBAL,GLOBAL,PLATFORM,0,0,0,0,0,0,0,NATIONAL
ukraine,sunjournal.com,com,GLOBAL,GLOBAL,GLOBAL,PLATFORM,0,0,0,0,0,0,0,NATIONAL
ukraine,swindonadvertiser.co.uk,uk,GB,Europe & Central Asia,OTHER,PLATFORM,0,0,0,0,0,0,0,NATIONAL
ukraine,tctmd.com,com,GLOBAL,GLOBAL,GLOBAL,PLATFORM,0,0,0,0,0,0,0,NATIONAL
ukraine,telegraph.co.uk,uk,GB,Europe & Central Asia,OTHER,PLATFORM,0,0,0,0,0,0,0,NATIONAL
ukraine,theage.com.au,au,AU,East Asia & Pacific,OTHER,PLATFORM,0,0,0,0,0,0,0,NATIONAL
ukraine,theaviationist.com,com,GLOBAL,GLOBAL,GLOBAL,PLATFORM,0,0,0,0,0,0,0,NATIONAL
ukraine,thecounter.org,org,GLOBAL,GLOBAL,GLOBAL,PLATFORM,0,0,0,0,0,0,0,NATIONAL
ukraine,theday.com,com,GLOBAL,GLOBAL,GLOBAL,PLATFORM,0,0,0,0,0,0,0,NATIONAL
ukraine,thedickinsonpress.com,com,GLOBAL,GLOBAL,GLOBAL,PLATFORM,0,0,0,0,0,0,0,NATIONAL
ukraine,theportugalnews.com,com,GLOBAL,GLOBAL,GLOBAL,PLATFORM,0,0,0,0,0,0,0,NATIONAL
ukraine,thesheridanpress.com,com,GLOBAL,GLOBAL,GLOBAL,PLATFORM,0,0,0,0,0,0,0,NATIONAL
ukraine,thestandard.org.nz,nz,NZ,East Asia & Pacific,OTHER,PLATFORM,0,0,0,0,0,0,0,NATIONAL
ukraine,theverge.com,com,GLOBAL,GLOBAL,GLOBAL,PLATFORM,0,0,0,0,0,0,0,NATIONAL
ukraine,thezimbabwemail.com,com,GLOBAL,GLOBAL,GLOBAL,PLATFORM,0,0,0,0,0,0,0,NATIONAL
ukraine,times-journal.com,com,GLOBAL,GLOBAL,GLOBAL,PLATFORM,0,0,0,0,0,0,0,NATIONAL
ukraine,timesonline.com,com,GLOBAL,GLOBAL,GLOBAL,PLATFORM,0,0,0,0,0,0,0,NATIONAL
ukraine,trinidadexpress.com,com,GLOBAL,GLOBAL,GLOBAL,PLATFORM,0,0,0,0,0,0,0,NATIONAL
ukraine,tsnn.com,com,GLOBAL,GLOBAL,GLOBAL,PLATFORM,0,0,0,0,0,0,0,NATIONAL
ukraine,tvnewscheck.com,com,GLOBAL,GLOBAL,GLOBAL,PLATFORM,0,0,0,0,0,0,0,NATIONAL
ukraine,tw.news.yahoo.com,com,GLOBAL,GLOBAL,GLOBAL,PLATFORM,0,0,0,0,0,0,0,NATIONAL
ukraine,ucpress.edu,edu,NA,NA,OTHER,PLATFORM,0,0,0,0,0,0,0,PLATFORM
ukraine,vanguardngr.com,com,GLOBAL,GLOBAL,GLOBAL,PLATFORM,0,0,0,0,0,0,0,NATIONAL
ukraine,voanews.com,com,GLOBAL,GLOBAL,GLOBAL,PLATFORM,0,0,0,0,0,0,0,NATIONAL
ukraine,wahoo-ashland-waverly.com,com,GLOBAL,GLOBAL,GLOBAL,PLATFORM,0,0,0,0,0,0,0,NATIONAL
ukraine,walesonline.co.uk,uk,GB,Europe & Central Asia,OTHER,PLATFORM,0,0,0,0,0,0,0,NATIONAL
ukraine,wandsworthguardian.co.uk,uk,GB,Europe & Central Asia,OTHER,PLATFORM,0,0,0,0,0,0,0,NATIONAL
ukraine,wbbq.iheart.com,com,GLOBAL,GLOBAL,GLOBAL,PLATFORM,0,0,0,0,0,0,0,NATIONAL
ukraine,wctrib.com,com,GLOBAL,GLOBAL,GLOBAL,PLATFORM,0,0,0,0,0,0,0,NATIONAL
ukraine,westcentralsbest.com,com,GLOBAL,GLOBAL,GLOBAL,PLATFORM,0,0,0,0,0,0,0,NATIONAL
ukraine,wiltsglosstandard.co.uk,uk,GB,Europe & Central Asia,OTHER,PLATFORM,0,0,0,0,0,0,0,NATIONAL
ukraine,windsorstar.com,com,GLOBAL,GLOBAL,GLOBAL,PLATFORM,0,0,0,0,0,0,0,NATIONAL
ukraine,witl.com,com,GLOBAL,GLOBAL,GLOBAL,PLATFORM,0,0,0,0,0,0,0,NATIONAL
ukraine,wjbt.iheart.com,com,GLOBAL,GLOBAL,GLOBAL,PLATFORM,0,0,0,0,0,0,0,NATIONAL
ukraine,wmeq.iheart.com,com,GLOBAL,GLOBAL,GLOBAL,PLATFORM,0,0,0,0,0,0,0,NATIONAL
ukraine,wmtw.com,com,GLOBAL,GLOBAL,GLOBAL,PLATFORM,0,0,0,0,0,0,0,NATIONAL
ukraine,wnewsj.com,com,GLOBAL,GLOBAL,GLOBAL,PLATFORM,0,0,0,0,0,0,0,NATIONAL
ukraine,wobm.com,com,GLOBAL,GLOBAL,GLOBAL,PLATFORM,0,0,0,0,0,0,0,NATIONAL
ukraine,worldoil.com,com,GLOBAL,GLOBAL,GLOBAL,PLATFORM,0,0,0,0,0,0,0,NATIONAL
ukraine,wqmf.iheart.com,com,GLOBAL,GLOBAL,GLOBAL,PLATFORM,0,0,0,0,0,0,0,NATIONAL
ukraine,wtvr.com,com,GLOBAL,GLOBAL,GLOBAL,PLATFORM,0,0,0,0,0,0,0,NATIONAL
ukraine,wusfnews.wusf.usf.edu,edu,NA,NA,OTHER,PLATFORM,0,0,0,0,0,0,0,PLATFORM
ukraine,wwaytv3.com,com,GLOBAL,GLOBAL,GLOBAL,PLATFORM,0,0,0,0,0,0,0,NATIONAL
ukraine,x1071.com,com,GLOBAL,GLOBAL,GLOBAL,PLATFORM,0,0,0,0,0,0,0,NATIONAL
ukraine,yankton.net,net,GLOBAL,GLOBAL,GLOBAL,PLATFORM,0,0,0,0,0,0,0,NATIONAL
ukraine,yourtv.com.au,au,AU,East Asia & Pacific,OTHER,PLATFORM,0,0,0,0,0,0,0,NATIONAL
ukraine,1061fmtalk.iheart.com,com,GLOBAL,GLOBAL,GLOBAL,PLATFORM,0,0,0,0,0,0,0,NATIONAL
ukraine,2paragraphs.com,com,GLOBAL,GLOBAL,GLOBAL,PLATFORM,0,0,0,0,0,0,0,NATIONAL
ukraine,7thspace.com,com,GLOBAL,GLOBAL,GLOBAL,PLATFORM,0,0,0,0,0,0,0,NATIONAL
ukraine,953bull.iheart.com,com,GLOBAL,GLOBAL,GLOBAL,PLATFORM,0,0,0,0,0,0,0,NATIONAL
ukraine,961srs.iheart.com,com,GLOBAL,GLOBAL,GLOBAL,PLATFORM,0,0,0,0,0,0,0,NATIONAL
ukraine,997thelake.iheart.com,com,GLOBAL,GLOBAL,GLOBAL,PLATFORM,0,0,0,0,0,0,0,NATIONAL
ukraine,abplive.com,com,GLOBAL,GLOBAL,GLOBAL,PLATFORM,0,0,0,0,0,0,0,NATIONAL
ukraine,africaleader.com,com,GLOBAL,GLOBAL,GLOBAL,PLATFORM,0,0,0,0,0,0,0,NATIONAL
ukraine,anewsa.com,com,GLOBAL,GLOBAL,GLOBAL,PLATFORM,0,0,0,0,0,0,0,NATIONAL
ukraine,asahi.com,com,GLOBAL,GLOBAL,GLOBAL,PLATFORM,0,0,0,0,0,0,0,NATIONAL
ukraine,athensreview.com,com,GLOBAL,GLOBAL,GLOBAL,PLATFORM,0,0,0,0,0,0,0,NATIONAL
ukraine,azbigmedia.com,com,GLOBAL,GLOBAL,GLOBAL,PLATFORM,0,0,0,0,0,0,0,NATIONAL
ukraine,barcauniversal.com,com,GLOBAL,GLOBAL,GLOBAL,PLATFORM,0,0,0,0,0,0,0,NATIONAL
ukraine,bayshorebroadcasting.ca,ca,CA,North America,OTHER,PLATFORM,0,0,0,0,0,0,0,NATIONAL
ukraine,bendbulletin.com,com,GLOBAL,GLOBAL,GLOBAL,PLATFORM,0,0,0,0,0,0,0,NATIONAL
ukraine,biztoc.com,com,GLOBAL,GLOBAL,GLOBAL,PLATFORM,0,0,0,0,0,0,0,NATIONAL
ukraine,borehamwoodtimes.co.uk,uk,GB,Europe & Central Asia,OTHER,PLATFORM,0,0,0,0,0,0,0,NATIONAL
ukraine,boxingnewsonline.net,net,GLOBAL,GLOBAL,GLOBAL,PLATFORM,0,0,0,0,0,0,0,NATIONAL
ukraine,bwog.com,com,GLOBAL,GLOBAL,GLOBAL,PLATFORM,0,0,0,0,0,0,0,NATIONAL
ukraine,chortle.co.uk,uk,GB,Europe & Central Asia,OTHER,PLATFORM,0,0,0,0,0,0,0,NATIONAL
ukraine,citizensvoice.com,com,GLOBAL,GLOBAL,GLOBAL,PLATFORM,0,0,0,0,0,0,0,NATIONAL
ukraine,cornwalllive.com,com,GLOBAL,GLOBAL,GLOBAL,PLATFORM,0,0,0,0,0,0,0,NATIONAL
ukraine,echo-news.co.uk,uk,GB,Europe & Central Asia,OTHER,PLATFORM,0,0,0,0,0,0,0,NATIONAL
ukraine,eham.net,net,GLOBAL,GLOBAL,GLOBAL,PLATFORM,0,0,0,0,0,0,0,NATIONAL
ukraine,equibase.com,com,GLOBAL,GLOBAL,GLOBAL,PLATFORM,0,0,0,0,0,0,0,NATIONAL
ukraine,fairfieldcitizenonline.com,com,GLOBAL,GLOBAL,GLOBAL,PLATFORM,0,0,0,0,0,0,0,NATIONAL
ukraine,forums.appleinsider.com,com,GLOBAL,GLOBAL,GLOBAL,PLATFORM,0,0,0,0,0,0,0,NATIONAL
ukraine,fox4news.com,com,GLOBAL,GLOBAL,GLOBAL,PLATFORM,0,0,0,0,0,0,0,NATIONAL
ukraine,foxsports1450.iheart.com,com,GLOBAL,GLOBAL,GLOBAL,PLATFORM,0,0,0,0,0,0,0,NATIONAL
ukraine,gaapweb.com,com,GLOBAL,GLOBAL,GLOBAL,PLATFORM,0,0,0,0,0,0,0,NATIONAL
ukraine,gazettextra.com,com,GLOBAL,GLOBAL,GLOBAL,PLATFORM,0,0,0,0,0,0,0,NATIONAL
ukraine,globalvoices.org,org,GLOBAL,GLOBAL,GLOBAL,PLATFORM,0,0,0,0,0,0,0,NATIONAL
ukraine,gloucestershirelive.co.uk,uk,GB,Europe & Central Asia,OTHER,PLATFORM,0,0,0,0,0,0,0,NATIONAL
ukraine,greenevillesun.com,com,GLOBAL,GLOBAL,GLOBAL,PLATFORM,0,0,0,0,0,0,0,NATIONAL
ukraine,haitisun.com,com,GLOBAL,GLOBAL,GLOBAL,PLATFORM,0,0,0,0,0,0,0,NATIONAL
ukraine,healio.com,com,GLOBAL,GLOBAL,GLOBAL,PLATFORM,0,0,0,0,0,0,0,NATIONAL
ukraine,highlandcountypress.com,com,GLOBAL,GLOBAL,GLOBAL,PLATFORM,0,0,0,0,0,0,0,NATIONAL
ukraine,hot96.com,com,GLOBAL,GLOBAL,GLOBAL,PLATFORM,0,0,0,0,0,0,0,NATIONAL
ukraine,hudsonvalleycountry.com,com,GLOBAL,GLOBAL,GLOBAL,PLATFORM,0,0,0,0,0,0,0,NATIONAL
ukraine,huskers.com,com,GLOBAL,GLOBAL,GLOBAL,PLATFORM,0,0,0,0,0,0,0,NATIONAL
ukraine,imore.com,com,GLOBAL,GLOBAL,GLOBAL,PLATFORM,0,0,0,0,0,0,0,NATIONAL
ukraine,independenttribune.com,com,GLOBAL,GLOBAL,GLOBAL,PLATFORM,0,0,0,0,0,0,0,NATIONAL
ukraine,insidethegames.biz,biz,GLOBAL,GLOBAL,GLOBAL,PLATFORM,0,0,0,0,0,0,0,NATIONAL
ukraine,investmentwatchblog.com,com,GLOBAL,GLOBAL,GLOBAL,PLATFORM,0,0,0,0,0,0,0,NATIONAL
ukraine,jpost.com,com,GLOBAL,GLOBAL,GLOBAL,PLATFORM,0,0,0,0,0,0,0,NATIONAL
ukraine,kake.com,com,GLOBAL,GLOBAL,GLOBAL,PLATFORM,0,0,0,0,0,0,0,NATIONAL
ukraine,keighleynews.co.uk,uk,GB,Europe & Central Asia,OTHER,PLATFORM,0,0,0,0,0,0,0,NATIONAL
ukraine,kickoff.com,com,GLOBAL,GLOBAL,GLOBAL,PLATFORM,0,0,0,0,0,0,0,NATIONAL
ukraine,kmov.com,com,GLOBAL,GLOBAL,GLOBAL,PLATFORM,0,0,0,0,0,0,0,NATIONAL
ukraine,krem.com,com,GLOBAL,GLOBAL,GLOBAL,PLATFORM,0,0,0,0,0,0,0,NATIONAL
ukraine,ktbs.com,com,GLOBAL,GLOBAL,GLOBAL,PLATFORM,0,0,0,0,0,0,0,NATIONAL
ukraine,lakegenevanews.net,net,GLOBAL,GLOBAL,GLOBAL,PLATFORM,0,0,0,0,0,0,0,NATIONAL
ukraine,laser1017.iheart.com,com,GLOBAL,GLOBAL,GLOBAL,PLATFORM,0,0,0,0,0,0,0,NATIONAL
ukraine,leighjournal.co.uk,uk,GB,Europe & Central Asia,OTHER,PLATFORM,0,0,0,0,0,0,0,NATIONAL
ukraine,longisland.com,com,GLOBAL,GLOBAL,GLOBAL,PLATFORM,0,0,0,0,0,0,0,NATIONAL
ukraine,luxurytravelmagazine.com,com,GLOBAL,GLOBAL,GLOBAL,PLATFORM,0,0,0,0,0,0,0,NATIONAL
ukraine,malaymail.com,com,GLOBAL,GLOBAL,GLOBAL,PLATFORM,0,0,0,0,0,0,0,NATIONAL
ukraine,manchestereveningnews.co.uk,uk,GB,Europe & Central Asia,OTHER,PLATFORM,0,0,0,0,0,0,0,NATIONAL
ukraine,mashable.com,com,GLOBAL,GLOBAL,GLOBAL,PLATFORM,0,0,0,0,0,0,0,NATIONAL
ukraine,media.pa.gov,gov,NA,NA,OTHER,PLATFORM,0,0,0,1,0,0,1,GOV
ukraine,messengernewspapers.co.uk,uk,GB,Europe & Central Asia,OTHER,PLATFORM,0,0,0,0,0,0,0,NATIONAL
ukraine,ndtv.com,com,GLOBAL,GLOBAL,GLOBAL,PLATFORM,0,0,0,0,0,0,0,NATIONAL
ukraine,newjerseytelegraph.com,com,GLOBAL,GLOBAL,GLOBAL,PLATFORM,0,0,0,0,0,0,0,NATIONAL
ukraine,newson6.com,com,GLOBAL,GLOBAL,GLOBAL,PLATFORM,0,0,0,0,0,0,0,NATIONAL
ukraine,newsradio1470.iheart.com,com,GLOBAL,GLOBAL,GLOBAL,PLATFORM,0,0,0,0,0,0,0,NATIONAL
ukraine,newsroompanama.com,com,GLOBAL,GLOBAL,GLOBAL,PLATFORM,0,0,0,0,0,0,0,NATIONAL
ukraine,nola.com,com,GLOBAL,GLOBAL,GLOBAL,PLATFORM,0,0,0,0,0,0,0,NATIONAL
ukraine,northwalespioneer.co.uk,uk,GB,Europe & Central Asia,OTHER,PLATFORM,0,0,0,0,0,0,0,NATIONAL
ukraine,nwaonline.com,com,GLOBAL,GLOBAL,GLOBAL,PLATFORM,0,0,0,0,0,0,0,NATIONAL
ukraine,onenewspage.com,com,GLOBAL,GLOBAL,GLOBAL,PLATFORM,0,0,0,0,0,0,0,NATIONAL
ukraine,opinion.inquirer.net,net,GLOBAL,GLOBAL,GLOBAL,PLATFORM,0,0,0,0,0,0,0,NATIONAL
ukraine,owensoundsuntimes.com,com,GLOBAL,GLOBAL,GLOBAL,PLATFORM,0,0,0,0,0,0,0,NATIONAL
ukraine,peeblesshirenews.com,com,GLOBAL,GLOBAL,GLOBAL,PLATFORM,0,0,0,0,0,0,0,NATIONAL
ukraine,purdueexponent.org,org,GLOBAL,GLOBAL,GLOBAL,PLATFORM,0,0,0,0,0,0,0,NATIONAL
ukraine,q961.com,com,GLOBAL,GLOBAL,GLOBAL,PLATFORM,0,0,0,0,0,0,0,NATIONAL
ukraine,riponpress.com,com,GLOBAL,GLOBAL,GLOBAL,PLATFORM,0,0,0,0,0,0,0,NATIONAL
ukraine,rotowire.com,com,GLOBAL,GLOBAL,GLOBAL,PLATFORM,0,0,0,0,0,0,0,NATIONAL
ukraine,sanantoniopost.com,com,GLOBAL,GLOBAL,GLOBAL,PLATFORM,0,0,0,0,0,0,0,NATIONAL
ukraine,scmp.com,com,GLOBAL,GLOBAL,GLOBAL,PLATFORM,0,0,0,0,0,0,0,NATIONAL
ukraine,sfstation.com,com,GLOBAL,GLOBAL,GLOBAL,PLATFORM,0,0,0,0,0,0,0,NATIONAL
ukraine,smdailyjournal.com,com,GLOBAL,GLOBAL,GLOBAL,PLATFORM,0,0,0,0,0,0,0,NATIONAL
ukraine,spurs-web.com,com,GLOBAL,GLOBAL,GLOBAL,PLATFORM,0,0,0,0,0,0,0,NATIONAL
ukraine,stgeorgeutah.com,com,GLOBAL,GLOBAL,GLOBAL,PLATFORM,0,0,0,0,0,0,0,NATIONAL
ukraine,stvincenttimes.com,com,GLOBAL,GLOBAL,GLOBAL,PLATFORM,0,0,0,0,0,0,0,NATIONAL
ukraine,sundaymail.co.zw,zw,NA,NA,OTHER,PLATFORM,0,0,0,0,0,0,0,PLATFORM
ukraine,surfky.com,com,GLOBAL,GLOBAL,GLOBAL,PLATFORM,0,0,0,0,0,0,0,NATIONAL
ukraine,taiwannews.com.tw,tw,NA,NA,OTHER,PLATFORM,0,0,0,0,0,0,0,PLATFORM
ukraine,tellychakkar.com,com,GLOBAL,GLOBAL,GLOBAL,PLATFORM,0,0,0,0,0,0,0,NATIONAL
ukraine,theacc.com,com,GLOBAL,GLOBAL,GLOBAL,PLATFORM,0,0,0,0,0,0,0,NATIONAL
ukraine,thebftonline.com,com,GLOBAL,GLOBAL,GLOBAL,PLATFORM,0,0,0,0,0,0,0,NATIONAL
ukraine,theepochtimes.com,com,GLOBAL,GLOBAL,GLOBAL,PLATFORM,0,0,0,0,0,0,0,NATIONAL
ukraine,themountaineer.com,com,GLOBAL,GLOBAL,GLOBAL,PLATFORM,0,0,0,0,0,0,0,NATIONAL
ukraine,thenews-chronicle.com,com,GLOBAL,GLOBAL,GLOBAL,PLATFORM,0,0,0,0,0,0,0,NATIONAL
ukraine,thenorthernecho.co.uk,uk,GB,Europe & Central Asia,OTHER,PLATFORM,0,0,0,0,0,0,0,NATIONAL
ukraine,thestarpress.com,com,GLOBAL,GLOBAL,GLOBAL,PLATFORM,0,0,0,0,0,0,0,NATIONAL
ukraine,timeshighereducation.com,com,GLOBAL,GLOBAL,GLOBAL,PLATFORM,0,0,0,0,0,0,0,NATIONAL
ukraine,timminspress.com,com,GLOBAL,GLOBAL,GLOBAL,PLATFORM,0,0,0,0,0,0,0,NATIONAL
ukraine,tiranatimes.com,com,GLOBAL,GLOBAL,GLOBAL,PLATFORM,0,0,0,0,0,0,0,NATIONAL
ukraine,tribune.com.pk,pk,NA,NA,OTHER,PLATFORM,0,0,0,0,0,0,0,PLATFORM
ukraine,twincitiesnewstalk.iheart.com,com,GLOBAL,GLOBAL,GLOBAL,PLATFORM,0,0,0,0,0,0,0,NATIONAL
ukraine,vancouversun.com,com,GLOBAL,GLOBAL,GLOBAL,PLATFORM,0,0,0,0,0,0,0,NATIONAL
ukraine,vg.no,no,NA,NA,OTHER,PLATFORM,0,0,0,0,0,0,0,PLATFORM
ukraine,vietnamnet.vn,vn,NA,NA,OTHER,PLATFORM,0,0,0,0,0,0,0,PLATFORM
ukraine,virginislandsnewsonline.com,com,GLOBAL,GLOBAL,GLOBAL,PLATFORM,0,0,0,0,0,0,0,NATIONAL
ukraine,washingtontimes.com:443,NA,NA,NA,OTHER,PLATFORM,0,0,0,0,0,0,0,PLATFORM
ukraine,wbjournal.com,com,GLOBAL,GLOBAL,GLOBAL,PLATFORM,0,0,0,0,0,0,0,NATIONAL
ukraine,westkentuckystar.com,com,GLOBAL,GLOBAL,GLOBAL,PLATFORM,0,0,0,0,0,0,0,NATIONAL
ukraine,wingingitinmotown.com,com,GLOBAL,GLOBAL,GLOBAL,PLATFORM,0,0,0,0,0,0,0,NATIONAL
ukraine,wlap.iheart.com,com,GLOBAL,GLOBAL,GLOBAL,PLATFORM,0,0,0,0,0,0,0,NATIONAL
ukraine,wmubroncos.com,com,GLOBAL,GLOBAL,GLOBAL,PLATFORM,0,0,0,0,0,0,0,NATIONAL
ukraine,wtma.com,com,GLOBAL,GLOBAL,GLOBAL,PLATFORM,0,0,0,0,0,0,0,NATIONAL
ukraine,wwos.nine.com.au,au,AU,East Asia & Pacific,OTHER,PLATFORM,0,0,0,0,0,0,0,NATIONAL
ukraine,wyff4.com,com,GLOBAL,GLOBAL,GLOBAL,PLATFORM,0,0,0,0,0,0,0,NATIONAL
ukraine,103xonline.iheart.com,com,GLOBAL,GLOBAL,GLOBAL,PLATFORM,0,0,0,0,0,0,0,NATIONAL
ukraine,1041theedge.iheart.com,com,GLOBAL,GLOBAL,GLOBAL,PLATFORM,0,0,0,0,0,0,0,NATIONAL
ukraine,12news.com,com,GLOBAL,GLOBAL,GLOBAL,PLATFORM,0,0,0,0,0,0,0,NATIONAL
ukraine,650keni.iheart.com,com,GLOBAL,GLOBAL,GLOBAL,PLATFORM,0,0,0,0,0,0,0,NATIONAL
ukraine,700wlw.iheart.com,com,GLOBAL,GLOBAL,GLOBAL,PLATFORM,0,0,0,0,0,0,0,NATIONAL
ukraine,720thevoice.iheart.com,com,GLOBAL,GLOBAL,GLOBAL,PLATFORM,0,0,0,0,0,0,0,NATIONAL
ukraine,931themountain.iheart.com,com,GLOBAL,GLOBAL,GLOBAL,PLATFORM,0,0,0,0,0,0,0,NATIONAL
ukraine,979kissfm.iheart.com,com,GLOBAL,GLOBAL,GLOBAL,PLATFORM,0,0,0,0,0,0,0,NATIONAL
ukraine,afaqs.com,com,GLOBAL,GLOBAL,GLOBAL,PLATFORM,0,0,0,0,0,0,0,NATIONAL
ukraine,albanyherald.com,com,GLOBAL,GLOBAL,GLOBAL,PLATFORM,0,0,0,0,0,0,0,NATIONAL
ukraine,alt1045philly.iheart.com,com,GLOBAL,GLOBAL,GLOBAL,PLATFORM,0,0,0,0,0,0,0,NATIONAL
ukraine,appleinsider.com,com,GLOBAL,GLOBAL,GLOBAL,PLATFORM,0,0,0,0,0,0,0,NATIONAL
ukraine,arabnews.com,com,GLOBAL,GLOBAL,GLOBAL,PLATFORM,0,0,1,0,0,0,1,STATE
ukraine,b105country.com,com,GLOBAL,GLOBAL,GLOBAL,PLATFORM,0,0,0,0,0,0,0,NATIONAL
ukraine,barbadostoday.bb,bb,NA,NA,OTHER,PLATFORM,0,0,0,0,0,0,0,PLATFORM
ukraine,bold.dk,dk,NA,NA,OTHER,PLATFORM,0,0,0,0,0,0,0,PLATFORM
ukraine,business.inquirer.net,net,GLOBAL,GLOBAL,GLOBAL,PLATFORM,0,0,0,0,0,0,0,NATIONAL
ukraine,cafonline.com,com,GLOBAL,GLOBAL,GLOBAL,PLATFORM,0,0,0,0,0,0,0,NATIONAL
ukraine,cairnspost.com.au,au,AU,East Asia & Pacific,OTHER,PLATFORM,0,0,0,0,0,0,0,NATIONAL
ukraine,chess.com,com,GLOBAL,GLOBAL,GLOBAL,PLATFORM,0,0,0,0,0,0,0,NATIONAL
ukraine,connecticut.news12.com,com,GLOBAL,GLOBAL,GLOBAL,PLATFORM,0,0,0,0,0,0,0,NATIONAL
ukraine,cotswoldjournal.co.uk,uk,GB,Europe & Central Asia,OTHER,PLATFORM,0,0,0,0,0,0,0,NATIONAL
ukraine,datebook.sfchronicle.com,com,GLOBAL,GLOBAL,GLOBAL,PLATFORM,0,0,0,0,0,0,0,NATIONAL
ukraine,digitalspy.com,com,GLOBAL,GLOBAL,GLOBAL,PLATFORM,0,0,0,0,0,0,0,NATIONAL
ukraine,dispatch.com,com,GLOBAL,GLOBAL,GLOBAL,PLATFORM,0,0,0,0,0,0,0,NATIONAL
ukraine,economictimes.indiatimes.com,com,GLOBAL,GLOBAL,GLOBAL,PLATFORM,0,0,0,0,0,0,0,NATIONAL
ukraine,edition.cnn.com,com,GLOBAL,GLOBAL,GLOBAL,PLATFORM,0,0,0,0,0,0,0,NATIONAL
ukraine,edp24.co.uk,uk,GB,Europe & Central Asia,OTHER,PLATFORM,0,0,0,0,0,0,0,NATIONAL
ukraine,es.noticias.yahoo.com,com,GLOBAL,GLOBAL,GLOBAL,PLATFORM,0,0,0,0,0,0,0,NATIONAL
ukraine,famoushookups.com,com,GLOBAL,GLOBAL,GLOBAL,PLATFORM,0,0,0,0,0,0,0,NATIONAL
ukraine,financialpost.com,com,GLOBAL,GLOBAL,GLOBAL,PLATFORM,0,0,0,0,0,0,0,NATIONAL
ukraine,fox17online.com,com,GLOBAL,GLOBAL,GLOBAL,PLATFORM,0,0,0,0,0,0,0,NATIONAL
ukraine,fr.finance.yahoo.com,com,GLOBAL,GLOBAL,GLOBAL,PLATFORM,0,0,0,0,0,0,0,NATIONAL
ukraine,geneamusings.com,com,GLOBAL,GLOBAL,GLOBAL,PLATFORM,0,0,0,0,0,0,0,NATIONAL
ukraine,georgefm.co.nz,nz,NZ,East Asia & Pacific,OTHER,PLATFORM,0,0,0,0,0,0,0,NATIONAL
ukraine,georgetownvoice.com,com,GLOBAL,GLOBAL,GLOBAL,PLATFORM,0,0,0,0,0,0,0,NATIONAL
ukraine,getreading.co.uk,uk,GB,Europe & Central Asia,OTHER,PLATFORM,0,0,0,0,0,0,0,NATIONAL
ukraine,gettysburgtimes.com,com,GLOBAL,GLOBAL,GLOBAL,PLATFORM,0,0,0,0,0,0,0,NATIONAL
ukraine,gigulate.com,com,GLOBAL,GLOBAL,GLOBAL,PLATFORM,0,0,0,0,0,0,0,NATIONAL
ukraine,girlslife.com,com,GLOBAL,GLOBAL,GLOBAL,PLATFORM,0,0,0,0,0,0,0,NATIONAL
ukraine,gizchina.com,com,GLOBAL,GLOBAL,GLOBAL,PLATFORM,0,0,0,0,0,0,0,NATIONAL
ukraine,goerie.com,com,GLOBAL,GLOBAL,GLOBAL,PLATFORM,0,0,0,0,0,0,0,NATIONAL
ukraine,hauraki.co.nz,nz,NZ,East Asia & Pacific,OTHER,PLATFORM,0,0,0,0,0,0,0,NATIONAL
ukraine,hk.sports.yahoo.com,com,GLOBAL,GLOBAL,GLOBAL,PLATFORM,0,0,0,0,0,0,0,NATIONAL
ukraine,hometownstation.com,com,GLOBAL,GLOBAL,GLOBAL,PLATFORM,0,0,0,0,0,0,0,NATIONAL
ukraine,hypebeast.com,com,GLOBAL,GLOBAL,GLOBAL,PLATFORM,0,0,0,0,0,0,0,NATIONAL
ukraine,indiagazette.com,com,GLOBAL,GLOBAL,GLOBAL,PLATFORM,0,0,0,0,0,0,0,NATIONAL
ukraine,indycornrows.com,com,GLOBAL,GLOBAL,GLOBAL,PLATFORM,0,0,0,0,0,0,0,NATIONAL
ukraine,intermatwrestle.com,com,GLOBAL,GLOBAL,GLOBAL,PLATFORM,0,0,0,0,0,0,0,NATIONAL
ukraine,irvinetimes.com,com,GLOBAL,GLOBAL,GLOBAL,PLATFORM,0,0,0,0,0,0,0,NATIONAL
ukraine,japantoday.com,com,GLOBAL,GLOBAL,GLOBAL,PLATFORM,0,0,0,0,0,0,0,NATIONAL
ukraine,jox2fm.com,com,GLOBAL,GLOBAL,GLOBAL,PLATFORM,0,0,0,0,0,0,0,NATIONAL
ukraine,jtv.com,com,GLOBAL,GLOBAL,GLOBAL,PLATFORM,0,0,0,0,0,0,0,NATIONAL
ukraine,kdat.com,com,GLOBAL,GLOBAL,GLOBAL,PLATFORM,0,0,0,0,0,0,0,NATIONAL
ukraine,kdhnews.com,com,GLOBAL,GLOBAL,GLOBAL,PLATFORM,0,0,0,0,0,0,0,NATIONAL
ukraine,kggo.com,com,GLOBAL,GLOBAL,GLOBAL,PLATFORM,0,0,0,0,0,0,0,NATIONAL
ukraine,klaw.com,com,GLOBAL,GLOBAL,GLOBAL,PLATFORM,0,0,0,0,0,0,0,NATIONAL
ukraine,kotaku.com.au,au,AU,East Asia & Pacific,OTHER,PLATFORM,0,0,0,0,0,0,0,NATIONAL
ukraine,kpfa.org,org,GLOBAL,GLOBAL,GLOBAL,PLATFORM,0,0,0,0,0,0,0,NATIONAL
ukraine,ktts.com,com,GLOBAL,GLOBAL,GLOBAL,PLATFORM,0,0,0,0,0,0,0,NATIONAL
ukraine,kurdistan24.net,net,GLOBAL,GLOBAL,GLOBAL,PLATFORM,0,0,0,0,0,0,0,NATIONAL
ukraine,kusi.com,com,GLOBAL,GLOBAL,GLOBAL,PLATFORM,0,0,0,0,0,0,0,NATIONAL
ukraine,lebanondemocrat.com,com,GLOBAL,GLOBAL,GLOBAL,PLATFORM,0,0,0,0,0,0,0,NATIONAL
ukraine,lonestar925.iheart.com,com,GLOBAL,GLOBAL,GLOBAL,PLATFORM,0,0,0,0,0,0,0,NATIONAL
ukraine,me.smenet.org,org,GLOBAL,GLOBAL,GLOBAL,PLATFORM,0,0,0,0,0,0,0,NATIONAL
ukraine,milfordmercury.co.uk,uk,GB,Europe & Central Asia,OTHER,PLATFORM,0,0,0,0,0,0,0,NATIONAL
ukraine,mix100.com,com,GLOBAL,GLOBAL,GLOBAL,PLATFORM,0,0,0,0,0,0,0,NATIONAL
ukraine,mix1043fm.com,com,GLOBAL,GLOBAL,GLOBAL,PLATFORM,0,0,0,0,0,0,0,NATIONAL
ukraine,moneymarketing.co.uk,uk,GB,Europe & Central Asia,OTHER,PLATFORM,0,0,0,0,0,0,0,NATIONAL
ukraine,nationalinterest.org,org,GLOBAL,GLOBAL,GLOBAL,PLATFORM,0,0,0,0,0,0,0,NATIONAL
ukraine,nbcbayarea.com,com,GLOBAL,GLOBAL,GLOBAL,PLATFORM,0,0,0,0,0,0,0,NATIONAL
ukraine,ncadvertiser.com,com,GLOBAL,GLOBAL,GLOBAL,PLATFORM,0,0,0,0,0,0,0,NATIONAL
ukraine,newhavenindependent.org,org,GLOBAL,GLOBAL,GLOBAL,PLATFORM,0,0,0,0,0,0,0,NATIONAL
ukraine,news8000.com,com,GLOBAL,GLOBAL,GLOBAL,PLATFORM,0,0,0,0,0,0,0,NATIONAL
ukraine,newsday.com,com,GLOBAL,GLOBAL,GLOBAL,PLATFORM,0,0,0,0,0,0,0,NATIONAL
ukraine,newyorkstatesman.com,com,GLOBAL,GLOBAL,GLOBAL,PLATFORM,0,0,0,0,0,0,0,NATIONAL
ukraine,nintendolife.com,com,GLOBAL,GLOBAL,GLOBAL,PLATFORM,0,0,0,0,0,0,0,NATIONAL
ukraine,northernirelandworld.com,com,GLOBAL,GLOBAL,GLOBAL,PLATFORM,0,0,0,0,0,0,0,NATIONAL
ukraine,northwestgeorgianews.com,com,GLOBAL,GLOBAL,GLOBAL,PLATFORM,0,0,0,0,0,0,0,NATIONAL
ukraine,oireachtas.ie,ie,NA,NA,OTHER,PLATFORM,0,0,0,0,0,0,0,PLATFORM
ukraine,oklahomacitysun.com,com,GLOBAL,GLOBAL,GLOBAL,PLATFORM,0,0,0,0,0,0,0,NATIONAL
ukraine,pmlive.com,com,GLOBAL,GLOBAL,GLOBAL,PLATFORM,0,0,0,0,0,0,0,NATIONAL
ukraine,punknews.org,org,GLOBAL,GLOBAL,GLOBAL,PLATFORM,0,0,0,0,0,0,0,NATIONAL
ukraine,sarasotamagazine.com,com,GLOBAL,GLOBAL,GLOBAL,PLATFORM,0,0,0,0,0,0,0,NATIONAL
ukraine,scienceblogs.com,com,GLOBAL,GLOBAL,GLOBAL,PLATFORM,0,0,0,0,0,0,0,NATIONAL
ukraine,sciencebusiness.net,net,GLOBAL,GLOBAL,GLOBAL,PLATFORM,0,0,0,0,0,0,0,NATIONAL
ukraine,scroll.in,in,IN,South Asia,OTHER,PLATFORM,0,0,0,0,0,0,0,NATIONAL
ukraine,sknvibes.com,com,GLOBAL,GLOBAL,GLOBAL,PLATFORM,0,0,0,0,0,0,0,NATIONAL
ukraine,sloveniatimes.com,com,GLOBAL,GLOBAL,GLOBAL,PLATFORM,0,0,0,0,0,0,0,NATIONAL
ukraine,sott.net,net,GLOBAL,GLOBAL,GLOBAL,PLATFORM,0,0,0,0,0,0,0,NATIONAL
ukraine,southbendtribune.com,com,GLOBAL,GLOBAL,GLOBAL,PLATFORM,0,0,0,0,0,0,0,NATIONAL
ukraine,southernenvironment.org,org,GLOBAL,GLOBAL,GLOBAL,PLATFORM,0,0,0,0,0,0,0,NATIONAL
ukraine,spotlightreport.net,net,GLOBAL,GLOBAL,GLOBAL,PLATFORM,0,0,0,0,0,0,0,NATIONAL
ukraine,stockhead.com.au,au,AU,East Asia & Pacific,OTHER,PLATFORM,0,0,0,0,0,0,0,NATIONAL
ukraine,swissinfo.ch,ch,NA,NA,OTHER,PLATFORM,0,0,0,0,0,0,0,PLATFORM
ukraine,tennesseedaily.com,com,GLOBAL,GLOBAL,GLOBAL,PLATFORM,0,0,0,0,0,0,0,NATIONAL
ukraine,theblacksheartimes.com,com,GLOBAL,GLOBAL,GLOBAL,PLATFORM,0,0,0,0,0,0,0,NATIONAL
ukraine,thedailybeast.com,com,GLOBAL,GLOBAL,GLOBAL,PLATFORM,0,0,0,0,0,0,0,NATIONAL
ukraine,themiamihurricane.com,com,GLOBAL,GLOBAL,GLOBAL,PLATFORM,0,0,0,0,0,0,0,NATIONAL
ukraine,thetottenhamindependent.co.uk,uk,GB,Europe & Central Asia,OTHER,PLATFORM,0,0,0,0,0,0,0,NATIONAL
ukraine,timesofmalta.com,com,GLOBAL,GLOBAL,GLOBAL,PLATFORM,0,0,0,0,0,0,0,NATIONAL
ukraine,titansradio.com,com,GLOBAL,GLOBAL,GLOBAL,PLATFORM,0,0,0,0,0,0,0,NATIONAL
ukraine,tivysideadvertiser.co.uk,uk,GB,Europe & Central Asia,OTHER,PLATFORM,0,0,0,0,0,0,0,NATIONAL
ukraine,tk101.iheart.com,com,GLOBAL,GLOBAL,GLOBAL,PLATFORM,0,0,0,0,0,0,0,NATIONAL
ukraine,tpr.org,org,GLOBAL,GLOBAL,GLOBAL,PLATFORM,0,0,0,0,0,0,0,NATIONAL
ukraine,ubspectrum.com,com,GLOBAL,GLOBAL,GLOBAL,PLATFORM,0,0,0,0,0,0,0,NATIONAL
ukraine,updatesnews.com,com,GLOBAL,GLOBAL,GLOBAL,PLATFORM,0,0,0,0,0,0,0,NATIONAL
ukraine,waateanews.com,com,GLOBAL,GLOBAL,GLOBAL,PLATFORM,0,0,0,0,0,0,0,NATIONAL
ukraine,wamc.org,org,GLOBAL,GLOBAL,GLOBAL,PLATFORM,0,0,0,0,0,0,0,NATIONAL
ukraine,washfm.iheart.com,com,GLOBAL,GLOBAL,GLOBAL,PLATFORM,0,0,0,0,0,0,0,NATIONAL
ukraine,weathernationtv.com,com,GLOBAL,GLOBAL,GLOBAL,PLATFORM,0,0,0,0,0,0,0,NATIONAL
ukraine,westmeathindependent.ie,ie,NA,NA,OTHER,PLATFORM,0,0,0,0,0,0,0,PLATFORM
ukraine,wftw.com,com,GLOBAL,GLOBAL,GLOBAL,PLATFORM,0,0,0,0,0,0,0,NATIONAL
ukraine,whp580.iheart.com,com,GLOBAL,GLOBAL,GLOBAL,PLATFORM,0,0,0,0,0,0,0,NATIONAL
ukraine,wionews.com,com,GLOBAL,GLOBAL,GLOBAL,PLATFORM,0,0,0,0,0,0,0,NATIONAL
ukraine,wlds.com,com,GLOBAL,GLOBAL,GLOBAL,PLATFORM,0,0,0,0,0,0,0,NATIONAL
ukraine,world.kbs.co.kr,kr,KR,East Asia & Pacific,OTHER,PLATFORM,0,0,0,0,0,0,0,NATIONAL
ukraine,wpsdlocal6.com,com,GLOBAL,GLOBAL,GLOBAL,PLATFORM,0,0,0,0,0,0,0,NATIONAL
ukraine,wrno.iheart.com,com,GLOBAL,GLOBAL,GLOBAL,PLATFORM,0,0,0,0,0,0,0,NATIONAL
ukraine,wyso.org,org,GLOBAL,GLOBAL,GLOBAL,PLATFORM,0,0,0,0,0,0,0,NATIONAL
ukraine,yorkpress.co.uk,uk,GB,Europe & Central Asia,OTHER,PLATFORM,0,0,0,0,0,0,0,NATIONAL
ukraine,z100radio.iheart.com,com,GLOBAL,GLOBAL,GLOBAL,PLATFORM,0,0,0,0,0,0,0,NATIONAL
ukraine,1025wowcountry.com,com,GLOBAL,GLOBAL,GLOBAL,PLATFORM,0,0,0,0,0,0,0,NATIONAL
ukraine,103wjod.com,com,GLOBAL,GLOBAL,GLOBAL,PLATFORM,0,0,0,0,0,0,0,NATIONAL
ukraine,1057thebull.iheart.com,com,GLOBAL,GLOBAL,GLOBAL,PLATFORM,0,0,0,0,0,0,0,NATIONAL
ukraine,929nin.com,com,GLOBAL,GLOBAL,GLOBAL,PLATFORM,0,0,0,0,0,0,0,NATIONAL
ukraine,95kqds.com,com,GLOBAL,GLOBAL,GLOBAL,PLATFORM,0,0,0,0,0,0,0,NATIONAL
ukraine,95ksj.iheart.com,com,GLOBAL,GLOBAL,GLOBAL,PLATFORM,0,0,0,0,0,0,0,NATIONAL
ukraine,95rockfm.com,com,GLOBAL,GLOBAL,GLOBAL,PLATFORM,0,0,0,0,0,0,0,NATIONAL
ukraine,963theblaze.com,com,GLOBAL,GLOBAL,GLOBAL,PLATFORM,0,0,0,0,0,0,0,NATIONAL
ukraine,993thefox.iheart.com,com,GLOBAL,GLOBAL,GLOBAL,PLATFORM,0,0,0,0,0,0,0,NATIONAL
ukraine,abcactionnews.com,com,GLOBAL,GLOBAL,GLOBAL,PLATFORM,0,0,0,0,0,0,0,NATIONAL
ukraine,africa-confidential.com,com,GLOBAL,GLOBAL,GLOBAL,PLATFORM,0,0,0,0,0,0,0,NATIONAL
ukraine,allaboutthejersey.com,com,GLOBAL,GLOBAL,GLOBAL,PLATFORM,0,0,0,0,0,0,0,NATIONAL
ukraine,alternet.org,org,GLOBAL,GLOBAL,GLOBAL,PLATFORM,0,0,0,0,0,0,0,NATIONAL
ukraine,am-online.com,com,GLOBAL,GLOBAL,GLOBAL,PLATFORM,0,0,0,0,0,0,0,NATIONAL
ukraine,americanbanker.com,com,GLOBAL,GLOBAL,GLOBAL,PLATFORM,0,0,0,0,0,0,0,NATIONAL
ukraine,ammoland.com,com,GLOBAL,GLOBAL,GLOBAL,PLATFORM,0,0,0,0,0,0,0,NATIONAL
ukraine,arcweb.com,com,GLOBAL,GLOBAL,GLOBAL,PLATFORM,0,0,0,0,0,0,0,NATIONAL
ukraine,arkansasbusiness.com,com,GLOBAL,GLOBAL,GLOBAL,PLATFORM,0,0,0,0,0,0,0,NATIONAL
ukraine,arkansasrazorbacks.com,com,GLOBAL,GLOBAL,GLOBAL,PLATFORM,0,0,0,0,0,0,0,NATIONAL
ukraine,aspendailynews.com,com,GLOBAL,GLOBAL,GLOBAL,PLATFORM,0,0,0,0,0,0,0,NATIONAL
ukraine,awfulannouncing.com,com,GLOBAL,GLOBAL,GLOBAL,PLATFORM,0,0,0,0,0,0,0,NATIONAL
ukraine,ballotpedia.org,org,GLOBAL,GLOBAL,GLOBAL,PLATFORM,0,0,0,0,0,0,0,NATIONAL
ukraine,baltimorestar.com,com,GLOBAL,GLOBAL,GLOBAL,PLATFORM,0,0,0,0,0,0,0,NATIONAL
ukraine,battlefordsnow.com,com,GLOBAL,GLOBAL,GLOBAL,PLATFORM,0,0,0,0,0,0,0,NATIONAL
ukraine,billingsgazette.com,com,GLOBAL,GLOBAL,GLOBAL,PLATFORM,0,0,0,0,0,0,0,NATIONAL
ukraine,bloodyelbow.com,com,GLOBAL,GLOBAL,GLOBAL,PLATFORM,0,0,0,0,0,0,0,NATIONAL
ukraine,bostonstar.com,com,GLOBAL,GLOBAL,GLOBAL,PLATFORM,0,0,0,0,0,0,0,NATIONAL
ukraine,businessnorth.com,com,GLOBAL,GLOBAL,GLOBAL,PLATFORM,0,0,0,0,0,0,0,NATIONAL
ukraine,businessreport.com,com,GLOBAL,GLOBAL,GLOBAL,PLATFORM,0,0,0,0,0,0,0,NATIONAL
ukraine,businesswire.com,com,GLOBAL,GLOBAL,GLOBAL,PLATFORM,0,0,0,0,0,0,0,NATIONAL
ukraine,bworldonline.com,com,GLOBAL,GLOBAL,GLOBAL,PLATFORM,0,0,0,0,0,0,0,NATIONAL
ukraine,cagle.com,com,GLOBAL,GLOBAL,GLOBAL,PLATFORM,0,0,0,0,0,0,0,NATIONAL
ukraine,capradio.org,org,GLOBAL,GLOBAL,GLOBAL,PLATFORM,0,0,0,0,0,0,0,NATIONAL
ukraine,cardschat.com,com,GLOBAL,GLOBAL,GLOBAL,PLATFORM,0,0,0,0,0,0,0,NATIONAL
ukraine,catcountry1073.com,com,GLOBAL,GLOBAL,GLOBAL,PLATFORM,0,0,0,0,0,0,0,NATIONAL
ukraine,cbs46.com,com,GLOBAL,GLOBAL,GLOBAL,PLATFORM,0,0,0,0,0,0,0,NATIONAL
ukraine,cbs8.com,com,GLOBAL,GLOBAL,GLOBAL,PLATFORM,0,0,0,0,0,0,0,NATIONAL
ukraine,channeldayton.iheart.com,com,GLOBAL,GLOBAL,GLOBAL,PLATFORM,0,0,0,0,0,0,0,NATIONAL
ukraine,chicagobusiness.com,com,GLOBAL,GLOBAL,GLOBAL,PLATFORM,0,0,0,0,0,0,0,NATIONAL
ukraine,chicagoparent.com,com,GLOBAL,GLOBAL,GLOBAL,PLATFORM,0,0,0,0,0,0,0,NATIONAL
ukraine,chieftain.com,com,GLOBAL,GLOBAL,GLOBAL,PLATFORM,0,0,0,0,0,0,0,NATIONAL
ukraine,christiantoday.com.au,au,AU,East Asia & Pacific,OTHER,PLATFORM,0,0,0,0,0,0,0,NATIONAL
ukraine,cjr.org,org,GLOBAL,GLOBAL,GLOBAL,PLATFORM,0,0,0,0,0,0,0,NATIONAL
ukraine,cjvr.com,com,GLOBAL,GLOBAL,GLOBAL,PLATFORM,0,0,0,0,0,0,0,NATIONAL
ukraine,classiccountry1070.com,com,GLOBAL,GLOBAL,GLOBAL,PLATFORM,0,0,0,0,0,0,0,NATIONAL
ukraine,cmcmarkets.com,com,GLOBAL,GLOBAL,GLOBAL,PLATFORM,0,0,0,0,0,0,0,NATIONAL
ukraine,cmswire.com,com,GLOBAL,GLOBAL,GLOBAL,PLATFORM,0,0,0,0,0,0,0,NATIONAL
ukraine,coastfm.co.uk,uk,GB,Europe & Central Asia,OTHER,PLATFORM,0,0,0,0,0,0,0,NATIONAL
ukraine,codyenterprise.com,com,GLOBAL,GLOBAL,GLOBAL,PLATFORM,0,0,0,0,0,0,0,NATIONAL
ukraine,communityimpact.com,com,GLOBAL,GLOBAL,GLOBAL,PLATFORM,0,0,0,0,0,0,0,NATIONAL
ukraine,comstocksmag.com,com,GLOBAL,GLOBAL,GLOBAL,PLATFORM,0,0,0,0,0,0,0,NATIONAL
ukraine,concordmonitor.com,com,GLOBAL,GLOBAL,GLOBAL,PLATFORM,0,0,0,0,0,0,0,NATIONAL
ukraine,cool102.iheart.com,com,GLOBAL,GLOBAL,GLOBAL,PLATFORM,0,0,0,0,0,0,0,NATIONAL
ukraine,cp24.com,com,GLOBAL,GLOBAL,GLOBAL,PLATFORM,0,0,0,0,0,0,0,NATIONAL
ukraine,cronkitenews.azpbs.org,org,GLOBAL,GLOBAL,GLOBAL,PLATFORM,0,0,0,0,0,0,0,NATIONAL
ukraine,dagblog.com,com,GLOBAL,GLOBAL,GLOBAL,PLATFORM,0,0,0,0,0,0,0,NATIONAL
ukraine,dailyecho.co.uk,uk,GB,Europe & Central Asia,OTHER,PLATFORM,0,0,0,0,0,0,0,NATIONAL
ukraine,dailygazette.com,com,GLOBAL,GLOBAL,GLOBAL,PLATFORM,0,0,0,0,0,0,0,NATIONAL
ukraine,dailyherald.com,com,GLOBAL,GLOBAL,GLOBAL,PLATFORM,0,0,0,0,0,0,0,NATIONAL
ukraine,dailyheraldtribune.com,com,GLOBAL,GLOBAL,GLOBAL,PLATFORM,0,0,0,0,0,0,0,NATIONAL
ukraine,deadlinedetroit.com,com,GLOBAL,GLOBAL,GLOBAL,PLATFORM,0,0,0,0,0,0,0,NATIONAL
ukraine,dfa.ie,ie,NA,NA,OTHER,PLATFORM,0,0,0,0,0,0,0,PLATFORM
ukraine,dglobe.com,com,GLOBAL,GLOBAL,GLOBAL,PLATFORM,0,0,0,0,0,0,0,NATIONAL
ukraine,digg.com,com,GLOBAL,GLOBAL,GLOBAL,PLATFORM,0,0,0,0,0,0,0,NATIONAL
ukraine,discovermagazine.com,com,GLOBAL,GLOBAL,GLOBAL,PLATFORM,0,0,0,0,0,0,0,NATIONAL
ukraine,drleonardcoldwell.com,com,GLOBAL,GLOBAL,GLOBAL,PLATFORM,0,0,0,0,0,0,0,NATIONAL
ukraine,eco-business.com,com,GLOBAL,GLOBAL,GLOBAL,PLATFORM,0,0,0,0,0,0,0,NATIONAL
ukraine,econotimes.com,com,GLOBAL,GLOBAL,GLOBAL,PLATFORM,0,0,0,0,0,0,0,NATIONAL
ukraine,edition.mv,mv,NA,NA,OTHER,PLATFORM,0,0,0,0,0,0,0,PLATFORM
ukraine,editorials.voa.gov,gov,NA,NA,OTHER,PLATFORM,0,0,0,1,0,0,1,GOV
ukraine,elle.com,com,GLOBAL,GLOBAL,GLOBAL,PLATFORM,0,0,0,0,0,0,0,NATIONAL
ukraine,elpasoinc.com,com,GLOBAL,GLOBAL,GLOBAL,PLATFORM,0,0,0,0,0,0,0,NATIONAL
ukraine,elpasotimes.com,com,GLOBAL,GLOBAL,GLOBAL,PLATFORM,0,0,0,0,0,0,0,NATIONAL
ukraine,esquire.com,com,GLOBAL,GLOBAL,GLOBAL,PLATFORM,0,0,0,0,0,0,0,NATIONAL
ukraine,eweek.com,com,GLOBAL,GLOBAL,GLOBAL,PLATFORM,0,0,0,0,0,0,0,NATIONAL
ukraine,finra.org,org,GLOBAL,GLOBAL,GLOBAL,PLATFORM,0,0,0,0,0,0,0,NATIONAL
ukraine,fitsnews.com,com,GLOBAL,GLOBAL,GLOBAL,PLATFORM,0,0,0,0,0,0,0,NATIONAL
ukraine,flatlandkc.org,org,GLOBAL,GLOBAL,GLOBAL,PLATFORM,0,0,0,0,0,0,0,NATIONAL
ukraine,floridapolitics.com,com,GLOBAL,GLOBAL,GLOBAL,PLATFORM,0,0,0,0,0,0,0,NATIONAL
ukraine,fool.ca,ca,CA,North America,OTHER,PLATFORM,0,0,0,0,0,0,0,NATIONAL
ukraine,fortworthbusiness.com,com,GLOBAL,GLOBAL,GLOBAL,PLATFORM,0,0,0,0,0,0,0,NATIONAL
ukraine,fox13news.com,com,GLOBAL,GLOBAL,GLOBAL,PLATFORM,0,0,0,0,0,0,0,NATIONAL
ukraine,fox5ny.com,com,GLOBAL,GLOBAL,GLOBAL,PLATFORM,0,0,0,0,0,0,0,NATIONAL
ukraine,fox7austin.com,com,GLOBAL,GLOBAL,GLOBAL,PLATFORM,0,0,0,0,0,0,0,NATIONAL
ukraine,foxcarolina.com,com,GLOBAL,GLOBAL,GLOBAL,PLATFORM,0,0,0,0,0,0,0,NATIONAL
ukraine,freep.com,com,GLOBAL,GLOBAL,GLOBAL,PLATFORM,0,0,0,0,0,0,0,NATIONAL
ukraine,gazettenet.com,com,GLOBAL,GLOBAL,GLOBAL,PLATFORM,0,0,0,0,0,0,0,NATIONAL
ukraine,gothamist.com,com,GLOBAL,GLOBAL,GLOBAL,PLATFORM,0,0,0,0,0,0,0,NATIONAL
ukraine,governing.com,com,GLOBAL,GLOBAL,GLOBAL,PLATFORM,0,0,0,0,0,0,0,NATIONAL
ukraine,gulfnews.com,com,GLOBAL,GLOBAL,GLOBAL,PLATFORM,0,0,0,0,0,0,0,NATIONAL
ukraine,gwinnettdailypost.com,com,GLOBAL,GLOBAL,GLOBAL,PLATFORM,0,0,0,0,0,0,0,NATIONAL
ukraine,harpersbazaar.com,com,GLOBAL,GLOBAL,GLOBAL,PLATFORM,0,0,0,0,0,0,0,NATIONAL
ukraine,heartfm.ca,ca,CA,North America,OTHER,PLATFORM,0,0,0,0,0,0,0,NATIONAL
ukraine,heralddemocrat.com,com,GLOBAL,GLOBAL,GLOBAL,PLATFORM,0,0,0,0,0,0,0,NATIONAL
ukraine,hertfordshiremercury.co.uk,uk,GB,Europe & Central Asia,OTHER,PLATFORM,0,0,0,0,0,0,0,NATIONAL
ukraine,hngnews.com,com,GLOBAL,GLOBAL,GLOBAL,PLATFORM,0,0,0,0,0,0,0,NATIONAL
ukraine,hot1079.iheart.com,com,GLOBAL,GLOBAL,GLOBAL,PLATFORM,0,0,0,0,0,0,0,NATIONAL
ukraine,houstoniamag.com,com,GLOBAL,GLOBAL,GLOBAL,PLATFORM,0,0,0,0,0,0,0,NATIONAL
ukraine,houstontexans.com,com,GLOBAL,GLOBAL,GLOBAL,PLATFORM,0,0,0,0,0,0,0,NATIONAL
ukraine,ia.acs.org.au,au,AU,East Asia & Pacific,OTHER,PLATFORM,0,0,0,0,0,0,0,NATIONAL
ukraine,illinoispolicy.org,org,GLOBAL,GLOBAL,GLOBAL,PLATFORM,0,0,0,0,0,0,0,NATIONAL
ukraine,image.ie,ie,NA,NA,OTHER,PLATFORM,0,0,0,0,0,0,0,PLATFORM
ukraine,indystar.com,com,GLOBAL,GLOBAL,GLOBAL,PLATFORM,0,0,0,0,0,0,0,NATIONAL
ukraine,insidehpc.com,com,GLOBAL,GLOBAL,GLOBAL,PLATFORM,0,0,0,0,0,0,0,NATIONAL
ukraine,irishexaminer.com,com,GLOBAL,GLOBAL,GLOBAL,PLATFORM,0,0,0,0,0,0,0,NATIONAL
ukraine,israelnationalnews.com,com,GLOBAL,GLOBAL,GLOBAL,PLATFORM,0,0,0,0,0,0,0,NATIONAL
ukraine,justiceinfo.net,net,GLOBAL,GLOBAL,GLOBAL,PLATFORM,0,0,0,0,0,0,0,NATIONAL
ukraine,justicenewsflash.com,com,GLOBAL,GLOBAL,GLOBAL,PLATFORM,0,0,0,0,0,0,0,NATIONAL
ukraine,k945.com,com,GLOBAL,GLOBAL,GLOBAL,PLATFORM,0,0,0,0,0,0,0,NATIONAL
ukraine,kacu.org,org,GLOBAL,GLOBAL,GLOBAL,PLATFORM,0,0,0,0,0,0,0,NATIONAL
ukraine,kbmr.iheart.com,com,GLOBAL,GLOBAL,GLOBAL,PLATFORM,0,0,0,0,0,0,0,NATIONAL
ukraine,kclu.org,org,GLOBAL,GLOBAL,GLOBAL,PLATFORM,0,0,0,0,0,0,0,NATIONAL
ukraine,kelofm.com,com,GLOBAL,GLOBAL,GLOBAL,PLATFORM,0,0,0,0,0,0,0,NATIONAL
ukraine,ketr.org,org,GLOBAL,GLOBAL,GLOBAL,PLATFORM,0,0,0,0,0,0,0,NATIONAL
ukraine,kfox95.com,com,GLOBAL,GLOBAL,GLOBAL,PLATFORM,0,0,0,0,0,0,0,NATIONAL
ukraine,kgbx.iheart.com,com,GLOBAL,GLOBAL,GLOBAL,PLATFORM,0,0,0,0,0,0,0,NATIONAL
ukraine,klif.com,com,GLOBAL,GLOBAL,GLOBAL,PLATFORM,0,0,0,0,0,0,0,NATIONAL
ukraine,klou.iheart.com,com,GLOBAL,GLOBAL,GLOBAL,PLATFORM,0,0,0,0,0,0,0,NATIONAL
ukraine,kmaj1440.com,com,GLOBAL,GLOBAL,GLOBAL,PLATFORM,0,0,0,0,0,0,0,NATIONAL
ukraine,kmbc.com,com,GLOBAL,GLOBAL,GLOBAL,PLATFORM,0,0,0,0,0,0,0,NATIONAL
ukraine,kniakrls.com,com,GLOBAL,GLOBAL,GLOBAL,PLATFORM,0,0,0,0,0,0,0,NATIONAL
ukraine,knox.villagesoup.com,com,GLOBAL,GLOBAL,GLOBAL,PLATFORM,0,0,0,0,0,0,0,NATIONAL
ukraine,knpr.org,org,GLOBAL,GLOBAL,GLOBAL,PLATFORM,0,0,0,0,0,0,0,NATIONAL
ukraine,komu.com,com,GLOBAL,GLOBAL,GLOBAL,PLATFORM,0,0,0,0,0,0,0,NATIONAL
ukraine,kool1079.com,com,GLOBAL,GLOBAL,GLOBAL,PLATFORM,0,0,0,0,0,0,0,NATIONAL
ukraine,krgv.com,com,GLOBAL,GLOBAL,GLOBAL,PLATFORM,0,0,0,0,0,0,0,NATIONAL
ukraine,ksfr.org,org,GLOBAL,GLOBAL,GLOBAL,PLATFORM,0,0,0,0,0,0,0,NATIONAL
ukraine,kunm.org,org,GLOBAL,GLOBAL,GLOBAL,PLATFORM,0,0,0,0,0,0,0,NATIONAL
ukraine,ladbible.com,com,GLOBAL,GLOBAL,GLOBAL,PLATFORM,0,0,0,0,0,0,0,NATIONAL
ukraine,lagunabeachindy.com,com,GLOBAL,GLOBAL,GLOBAL,PLATFORM,0,0,0,0,0,0,0,NATIONAL
ukraine,latinfinance.com,com,GLOBAL,GLOBAL,GLOBAL,PLATFORM,0,0,0,0,0,0,0,NATIONAL
ukraine,lawofficer.com,com,GLOBAL,GLOBAL,GLOBAL,PLATFORM,0,0,0,0,0,0,0,NATIONAL
ukraine,lightreading.com,com,GLOBAL,GLOBAL,GLOBAL,PLATFORM,0,0,0,0,0,0,0,NATIONAL
ukraine,lpheralddispatch.com,com,GLOBAL,GLOBAL,GLOBAL,PLATFORM,0,0,0,0,0,0,0,NATIONAL
ukraine,mix973wheeling.iheart.com,com,GLOBAL,GLOBAL,GLOBAL,PLATFORM,0,0,0,0,0,0,0,NATIONAL
ukraine,mobihealthnews.com,com,GLOBAL,GLOBAL,GLOBAL,PLATFORM,0,0,0,0,0,0,0,NATIONAL
ukraine,moodyonthemarket.com,com,GLOBAL,GLOBAL,GLOBAL,PLATFORM,0,0,0,0,0,0,0,NATIONAL
ukraine,morganlewis.com,com,GLOBAL,GLOBAL,GLOBAL,PLATFORM,0,0,0,0,0,0,0,NATIONAL
ukraine,morningstar.com,com,GLOBAL,GLOBAL,GLOBAL,PLATFORM,0,0,0,0,0,0,0,NATIONAL
ukraine,mutigers.com,com,GLOBAL,GLOBAL,GLOBAL,PLATFORM,0,0,0,0,0,0,0,NATIONAL
ukraine,mycountry955.com,com,GLOBAL,GLOBAL,GLOBAL,PLATFORM,0,0,0,0,0,0,0,NATIONAL
ukraine,mylondon.news,news,NA,NA,OTHER,PLATFORM,0,0,0,0,0,0,0,PLATFORM
ukraine,myq1075.com,com,GLOBAL,GLOBAL,GLOBAL,PLATFORM,0,0,0,0,0,0,0,NATIONAL
ukraine,nationalgeographic.com,com,GLOBAL,GLOBAL,GLOBAL,PLATFORM,0,0,0,0,0,0,0,NATIONAL
ukraine,nbcnewyork.com,com,GLOBAL,GLOBAL,GLOBAL,PLATFORM,0,0,0,0,0,0,0,NATIONAL
ukraine,newrepublic.com,com,GLOBAL,GLOBAL,GLOBAL,PLATFORM,0,0,0,0,0,0,0,NATIONAL
ukraine,news-gazette.com,com,GLOBAL,GLOBAL,GLOBAL,PLATFORM,0,0,0,0,0,0,0,NATIONAL
ukraine,news-journal.com,com,GLOBAL,GLOBAL,GLOBAL,PLATFORM,0,0,0,0,0,0,0,NATIONAL
ukraine,news.com.au,au,AU,East Asia & Pacific,OTHER,PLATFORM,0,0,0,0,0,0,0,NATIONAL
ukraine,news.mit.edu,edu,NA,NA,OTHER,PLATFORM,0,0,0,0,0,0,0,PLATFORM
ukraine,newsandstar.co.uk,uk,GB,Europe & Central Asia,OTHER,PLATFORM,0,0,0,0,0,0,0,NATIONAL
ukraine,newsbug.info,info,GLOBAL,GLOBAL,GLOBAL,PLATFORM,0,0,0,0,0,0,0,NATIONAL
ukraine,newsradio910wltp.iheart.com,com,GLOBAL,GLOBAL,GLOBAL,PLATFORM,0,0,0,0,0,0,0,NATIONAL
ukraine,newstalkkgvo.com,com,GLOBAL,GLOBAL,GLOBAL,PLATFORM,0,0,0,0,0,0,0,NATIONAL
ukraine,nigerianeye.com,com,GLOBAL,GLOBAL,GLOBAL,PLATFORM,0,0,0,0,0,0,0,NATIONAL
ukraine,nonpareilonline.com,com,GLOBAL,GLOBAL,GLOBAL,PLATFORM,0,0,0,0,0,0,0,NATIONAL
ukraine,nugget.ca,ca,CA,North America,OTHER,PLATFORM,0,0,0,0,0,0,0,NATIONAL
ukraine,nxtmine.com,com,GLOBAL,GLOBAL,GLOBAL,PLATFORM,0,0,0,0,0,0,0,NATIONAL
ukraine,oskaloosa.com,com,GLOBAL,GLOBAL,GLOBAL,PLATFORM,0,0,0,0,0,0,0,NATIONAL
ukraine,ourmidland.com,com,GLOBAL,GLOBAL,GLOBAL,PLATFORM,0,0,0,0,0,0,0,NATIONAL
ukraine,plannedparenthoodaction.org,org,GLOBAL,GLOBAL,GLOBAL,PLATFORM,0,0,0,0,0,0,0,NATIONAL
ukraine,plymouthherald.co.uk,uk,GB,Europe & Central Asia,OTHER,PLATFORM,0,0,0,0,0,0,0,NATIONAL
ukraine,politico.eu,eu,NA,NA,OTHER,PLATFORM,0,0,0,0,0,0,0,PLATFORM
ukraine,politics.fijitimes.com,com,GLOBAL,GLOBAL,GLOBAL,PLATFORM,0,0,0,0,0,0,0,NATIONAL
ukraine,politifact.com,com,GLOBAL,GLOBAL,GLOBAL,PLATFORM,0,0,0,0,0,0,0,NATIONAL
ukraine,portcitydaily.com,com,GLOBAL,GLOBAL,GLOBAL,PLATFORM,0,0,0,0,0,0,0,NATIONAL
ukraine,power98fm.com,com,GLOBAL,GLOBAL,GLOBAL,PLATFORM,0,0,0,0,0,0,0,NATIONAL
ukraine,powertalk1360.iheart.com,com,GLOBAL,GLOBAL,GLOBAL,PLATFORM,0,0,0,0,0,0,0,NATIONAL
ukraine,prnewswire.com,com,GLOBAL,GLOBAL,GLOBAL,PLATFORM,0,0,0,0,0,0,0,NATIONAL
ukraine,psychologicalscience.org,org,GLOBAL,GLOBAL,GLOBAL,PLATFORM,0,0,0,0,0,0,0,NATIONAL
ukraine,q1077.com,com,GLOBAL,GLOBAL,GLOBAL,PLATFORM,0,0,0,0,0,0,0,NATIONAL
ukraine,q957.com,com,GLOBAL,GLOBAL,GLOBAL,PLATFORM,0,0,0,0,0,0,0,NATIONAL
ukraine,qconline.com,com,GLOBAL,GLOBAL,GLOBAL,PLATFORM,0,0,0,0,0,0,0,NATIONAL
ukraine,radiok.org,org,GLOBAL,GLOBAL,GLOBAL,PLATFORM,0,0,0,0,0,0,0,NATIONAL
ukraine,recorder.com,com,GLOBAL,GLOBAL,GLOBAL,PLATFORM,0,0,0,0,0,0,0,NATIONAL
ukraine,rivergrandrapids.com,com,GLOBAL,GLOBAL,GLOBAL,PLATFORM,0,0,0,0,0,0,0,NATIONAL
ukraine,roymorgan.com,com,GLOBAL,GLOBAL,GLOBAL,PLATFORM,0,0,0,0,0,0,0,NATIONAL
ukraine,rtrfm.com.au,au,AU,East Asia & Pacific,OTHER,PLATFORM,0,0,0,0,0,0,0,NATIONAL
ukraine,saharareporters.com,com,GLOBAL,GLOBAL,GLOBAL,PLATFORM,0,0,0,0,0,0,0,NATIONAL
ukraine,samessenger.com,com,GLOBAL,GLOBAL,GLOBAL,PLATFORM,0,0,0,0,0,0,0,NATIONAL
ukraine,sandiegouniontribune.com,com,GLOBAL,GLOBAL,GLOBAL,PLATFORM,0,0,0,0,0,0,0,NATIONAL
ukraine,sanilacbroadcasting.com,com,GLOBAL,GLOBAL,GLOBAL,PLATFORM,0,0,0,0,0,0,0,NATIONAL
ukraine,savejersey.com,com,GLOBAL,GLOBAL,GLOBAL,PLATFORM,0,0,0,0,0,0,0,NATIONAL
ukraine,sbs.com.au,au,AU,East Asia & Pacific,OTHER,PLATFORM,0,0,0,0,0,0,0,NATIONAL
ukraine,schroders.com,com,GLOBAL,GLOBAL,GLOBAL,PLATFORM,0,0,0,0,0,0,0,NATIONAL
ukraine,simcoereformer.ca,ca,CA,North America,OTHER,PLATFORM,0,0,0,0,0,0,0,NATIONAL
ukraine,siouxcity.iloveadeal.com,com,GLOBAL,GLOBAL,GLOBAL,PLATFORM,0,0,0,0,0,0,0,NATIONAL
ukraine,sis.gov.eg,eg,EG,Middle East & North Africa,OTHER,PLATFORM,0,0,0,0,0,0,0,NATIONAL
ukraine,smartpropertyinvestment.com.au,au,AU,East Asia & Pacific,OTHER,PLATFORM,0,0,0,0,0,0,0,NATIONAL
ukraine,somerset-kentucky.com,com,GLOBAL,GLOBAL,GLOBAL,PLATFORM,0,0,0,0,0,0,0,NATIONAL
ukraine,sourcingjournal.com,com,GLOBAL,GLOBAL,GLOBAL,PLATFORM,0,0,0,0,0,0,0,NATIONAL
ukraine,sowetanlive.co.za,za,ZA,Sub-Saharan Africa,AFRICA,PLATFORM,0,0,0,0,0,0,0,NATIONAL
ukraine,starlocalmedia.com,com,GLOBAL,GLOBAL,GLOBAL,PLATFORM,0,0,0,0,0,0,0,NATIONAL
ukraine,surfline.com,com,GLOBAL,GLOBAL,GLOBAL,PLATFORM,0,0,0,0,0,0,0,NATIONAL
ukraine,tallahassee.com,com,GLOBAL,GLOBAL,GLOBAL,PLATFORM,0,0,0,0,0,0,0,NATIONAL
ukraine,tass.com,com,GLOBAL,GLOBAL,GLOBAL,PLATFORM,0,0,1,0,0,0,1,STATE
ukraine,techradar.com,com,GLOBAL,GLOBAL,GLOBAL,PLATFORM,0,0,0,0,0,0,0,NATIONAL
ukraine,telluridenews.com,com,GLOBAL,GLOBAL,GLOBAL,PLATFORM,0,0,0,0,0,0,0,NATIONAL
ukraine,tennessean.com,com,GLOBAL,GLOBAL,GLOBAL,PLATFORM,0,0,0,0,0,0,0,NATIONAL
ukraine,thailandnews.net,net,GLOBAL,GLOBAL,GLOBAL,PLATFORM,0,0,0,0,0,0,0,NATIONAL
ukraine,theathletic.com,com,GLOBAL,GLOBAL,GLOBAL,PLATFORM,0,0,0,0,0,0,0,NATIONAL
ukraine,theconcordian.com,com,GLOBAL,GLOBAL,GLOBAL,PLATFORM,0,0,0,0,0,0,0,NATIONAL
ukraine,theconversation.com,com,GLOBAL,GLOBAL,GLOBAL,PLATFORM,0,0,0,0,0,0,0,NATIONAL
ukraine,thegazette.com,com,GLOBAL,GLOBAL,GLOBAL,PLATFORM,0,0,0,0,0,0,0,NATIONAL
ukraine,theproducenews.com,com,GLOBAL,GLOBAL,GLOBAL,PLATFORM,0,0,0,0,0,0,0,NATIONAL
ukraine,therealdeal.com,com,GLOBAL,GLOBAL,GLOBAL,PLATFORM,0,0,0,0,0,0,0,NATIONAL
ukraine,thestreet.com,com,GLOBAL,GLOBAL,GLOBAL,PLATFORM,0,0,0,0,0,0,0,NATIONAL
ukraine,thetandd.com,com,GLOBAL,GLOBAL,GLOBAL,PLATFORM,0,0,0,0,0,0,0,NATIONAL
ukraine,thinkadvisor.com,com,GLOBAL,GLOBAL,GLOBAL,PLATFORM,0,0,0,0,0,0,0,NATIONAL
ukraine,townhall.com,com,GLOBAL,GLOBAL,GLOBAL,PLATFORM,0,0,0,0,0,0,0,NATIONAL
ukraine,travelawaits.com,com,GLOBAL,GLOBAL,GLOBAL,PLATFORM,0,0,0,0,0,0,0,NATIONAL
ukraine,trib.com,com,GLOBAL,GLOBAL,GLOBAL,PLATFORM,0,0,0,0,0,0,0,NATIONAL
ukraine,tribune242.com,com,GLOBAL,GLOBAL,GLOBAL,PLATFORM,0,0,0,0,0,0,0,NATIONAL
ukraine,truenorthreports.com,com,GLOBAL,GLOBAL,GLOBAL,PLATFORM,0,0,0,0,0,0,0,NATIONAL
ukraine,tvtechnology.com,com,GLOBAL,GLOBAL,GLOBAL,PLATFORM,0,0,0,0,0,0,0,NATIONAL
ukraine,twitchy.com,com,GLOBAL,GLOBAL,GLOBAL,PLATFORM,0,0,0,0,0,0,0,NATIONAL
ukraine,ubergizmo.com,com,GLOBAL,GLOBAL,GLOBAL,PLATFORM,0,0,0,0,0,0,0,NATIONAL
ukraine,unionrecorder.com,com,GLOBAL,GLOBAL,GLOBAL,PLATFORM,0,0,0,0,0,0,0,NATIONAL
ukraine,unpo.org,org,GLOBAL,GLOBAL,GLOBAL,PLATFORM,0,0,0,0,0,0,0,NATIONAL
ukraine,us105fm.com,com,GLOBAL,GLOBAL,GLOBAL,PLATFORM,0,0,0,0,0,0,0,NATIONAL
ukraine,usracing.com,com,GLOBAL,GLOBAL,GLOBAL,PLATFORM,0,0,0,0,0,0,0,NATIONAL
ukraine,vulture.com,com,GLOBAL,GLOBAL,GLOBAL,PLATFORM,0,0,0,0,0,0,0,NATIONAL
ukraine,wareable.com,com,GLOBAL,GLOBAL,GLOBAL,PLATFORM,0,0,0,0,0,0,0,NATIONAL
ukraine,wbbjtv.com,com,GLOBAL,GLOBAL,GLOBAL,PLATFORM,0,0,0,0,0,0,0,NATIONAL
ukraine,wbfo.org,org,GLOBAL,GLOBAL,GLOBAL,PLATFORM,0,0,0,0,0,0,0,NATIONAL
ukraine,wclk.com,com,GLOBAL,GLOBAL,GLOBAL,PLATFORM,0,0,0,0,0,0,0,NATIONAL
ukraine,wdef.com,com,GLOBAL,GLOBAL,GLOBAL,PLATFORM,0,0,0,0,0,0,0,NATIONAL
ukraine,westmichiganstar.iheart.com,com,GLOBAL,GLOBAL,GLOBAL,PLATFORM,0,0,0,0,0,0,0,NATIONAL
ukraine,wfdd.org,org,GLOBAL,GLOBAL,GLOBAL,PLATFORM,0,0,0,0,0,0,0,NATIONAL
ukraine,wfre.com,com,GLOBAL,GLOBAL,GLOBAL,PLATFORM,0,0,0,0,0,0,0,NATIONAL
ukraine,whatsnew2day.com,com,GLOBAL,GLOBAL,GLOBAL,PLATFORM,0,0,0,0,0,0,0,NATIONAL
ukraine,whec.com,com,GLOBAL,GLOBAL,GLOBAL,PLATFORM,0,0,0,0,0,0,0,NATIONAL
ukraine,whky.com,com,GLOBAL,GLOBAL,GLOBAL,PLATFORM,0,0,0,0,0,0,0,NATIONAL
ukraine,whus.org,org,GLOBAL,GLOBAL,GLOBAL,PLATFORM,0,0,0,0,0,0,0,NATIONAL
ukraine,wishtv.com,com,GLOBAL,GLOBAL,GLOBAL,PLATFORM,0,0,0,0,0,0,0,NATIONAL
ukraine,wjfw.com,com,GLOBAL,GLOBAL,GLOBAL,PLATFORM,0,0,0,0,0,0,0,NATIONAL
ukraine,wlky.com,com,GLOBAL,GLOBAL,GLOBAL,PLATFORM,0,0,0,0,0,0,0,NATIONAL
ukraine,wrtv.com,com,GLOBAL,GLOBAL,GLOBAL,PLATFORM,0,0,0,0,0,0,0,NATIONAL
ukraine,wsus1023.iheart.com,com,GLOBAL,GLOBAL,GLOBAL,PLATFORM,0,0,0,0,0,0,0,NATIONAL
ukraine,wthr.com,com,GLOBAL,GLOBAL,GLOBAL,PLATFORM,0,0,0,0,0,0,0,NATIONAL
ukraine,wtug.com,com,GLOBAL,GLOBAL,GLOBAL,PLATFORM,0,0,0,0,0,0,0,NATIONAL
ukraine,wvrecord.com,com,GLOBAL,GLOBAL,GLOBAL,PLATFORM,0,0,0,0,0,0,0,NATIONAL
ukraine,wwnc.iheart.com,com,GLOBAL,GLOBAL,GLOBAL,PLATFORM,0,0,0,0,0,0,0,NATIONAL
ukraine,www1.cbn.com,com,GLOBAL,GLOBAL,GLOBAL,PLATFORM,0,0,0,0,0,0,0,NATIONAL
ukraine,wxerfm.com,com,GLOBAL,GLOBAL,GLOBAL,PLATFORM,0,0,0,0,0,0,0,NATIONAL
ukraine,xinhuanet.com,com,GLOBAL,GLOBAL,GLOBAL,PLATFORM,0,0,1,0,0,0,1,STATE
ukraine,ypradio.org,org,GLOBAL,GLOBAL,GLOBAL,PLATFORM,0,0,0,0,0,0,0,NATIONAL
ukraine,102ktra.iheart.com,com,GLOBAL,GLOBAL,GLOBAL,PLATFORM,0,0,0,0,0,0,0,NATIONAL
ukraine,1035kissfm.iheart.com,com,GLOBAL,GLOBAL,GLOBAL,PLATFORM,0,0,0,0,0,0,0,NATIONAL
ukraine,1065thebuzz.com,com,GLOBAL,GLOBAL,GLOBAL,PLATFORM,0,0,0,0,0,0,0,NATIONAL
ukraine,1067theeagle.iheart.com,com,GLOBAL,GLOBAL,GLOBAL,PLATFORM,0,0,0,0,0,0,0,NATIONAL
ukraine,1075zoofm.com,com,GLOBAL,GLOBAL,GLOBAL,PLATFORM,0,0,0,0,0,0,0,NATIONAL
ukraine,11alive.com,com,GLOBAL,GLOBAL,GLOBAL,PLATFORM,0,0,0,0,0,0,0,NATIONAL
ukraine,937thebeathouston.iheart.com,com,GLOBAL,GLOBAL,GLOBAL,PLATFORM,0,0,0,0,0,0,0,NATIONAL
ukraine,951zzo.iheart.com,com,GLOBAL,GLOBAL,GLOBAL,PLATFORM,0,0,0,0,0,0,0,NATIONAL
ukraine,963kklz.com,com,GLOBAL,GLOBAL,GLOBAL,PLATFORM,0,0,0,0,0,0,0,NATIONAL
ukraine,969thekat.iheart.com,com,GLOBAL,GLOBAL,GLOBAL,PLATFORM,0,0,0,0,0,0,0,NATIONAL
ukraine,99kisscountry.iheart.com,com,GLOBAL,GLOBAL,GLOBAL,PLATFORM,0,0,0,0,0,0,0,NATIONAL
ukraine,abqjournal.com,com,GLOBAL,GLOBAL,GLOBAL,PLATFORM,0,0,0,0,0,0,0,NATIONAL
ukraine,advisor.ca,ca,CA,North America,OTHER,PLATFORM,0,0,0,0,0,0,0,NATIONAL
ukraine,alumni.berkeley.edu,edu,NA,NA,OTHER,PLATFORM,0,0,0,0,0,0,0,PLATFORM
ukraine,am1100theflag.com,com,GLOBAL,GLOBAL,GLOBAL,PLATFORM,0,0,0,0,0,0,0,NATIONAL
ukraine,amazinavenue.com,com,GLOBAL,GLOBAL,GLOBAL,PLATFORM,0,0,0,0,0,0,0,NATIONAL
ukraine,americanbar.org,org,GLOBAL,GLOBAL,GLOBAL,PLATFORM,0,0,0,0,0,0,0,NATIONAL
ukraine,androidheadlines.com,com,GLOBAL,GLOBAL,GLOBAL,PLATFORM,0,0,0,0,0,0,0,NATIONAL
ukraine,apartmenttherapy.com,com,GLOBAL,GLOBAL,GLOBAL,PLATFORM,0,0,0,0,0,0,0,NATIONAL
ukraine,arlnow.com,com,GLOBAL,GLOBAL,GLOBAL,PLATFORM,0,0,0,0,0,0,0,NATIONAL
ukraine,auto.hindustantimes.com,com,GLOBAL,GLOBAL,GLOBAL,PLATFORM,0,0,0,0,0,0,0,NATIONAL
ukraine,azcapitoltimes.com,com,GLOBAL,GLOBAL,GLOBAL,PLATFORM,0,0,0,0,0,0,0,NATIONAL
ukraine,b101.iheart.com,com,GLOBAL,GLOBAL,GLOBAL,PLATFORM,0,0,0,0,0,0,0,NATIONAL
ukraine,bajanreporter.com,com,GLOBAL,GLOBAL,GLOBAL,PLATFORM,0,0,0,0,0,0,0,NATIONAL
ukraine,basinsradio.com,com,GLOBAL,GLOBAL,GLOBAL,PLATFORM,0,0,0,0,0,0,0,NATIONAL
ukraine,bayjournal.com,com,GLOBAL,GLOBAL,GLOBAL,PLATFORM,0,0,0,0,0,0,0,NATIONAL
ukraine,bearingarms.com,com,GLOBAL,GLOBAL,GLOBAL,PLATFORM,0,0,0,0,0,0,0,NATIONAL
ukraine,bfmtv.com,com,GLOBAL,GLOBAL,GLOBAL,PLATFORM,0,0,0,0,0,0,0,NATIONAL
ukraine,big1059.iheart.com,com,GLOBAL,GLOBAL,GLOBAL,PLATFORM,0,0,0,0,0,0,0,NATIONAL
ukraine,boston.com,com,GLOBAL,GLOBAL,GLOBAL,PLATFORM,0,0,0,0,0,0,0,NATIONAL
ukraine,breitbart.com,com,GLOBAL,GLOBAL,GLOBAL,PLATFORM,0,0,0,0,0,0,0,NATIONAL
ukraine,bronx.news12.com,com,GLOBAL,GLOBAL,GLOBAL,PLATFORM,0,0,0,0,0,0,0,NATIONAL
ukraine,cacm.acm.org,org,GLOBAL,GLOBAL,GLOBAL,PLATFORM,0,0,0,0,0,0,0,NATIONAL
ukraine,carrollspaper.com,com,GLOBAL,GLOBAL,GLOBAL,PLATFORM,0,0,0,0,0,0,0,NATIONAL
ukraine,ccboe.com,com,GLOBAL,GLOBAL,GLOBAL,PLATFORM,0,0,0,0,0,0,0,NATIONAL
ukraine,ccenterdispatch.com,com,GLOBAL,GLOBAL,GLOBAL,PLATFORM,0,0,0,0,0,0,0,NATIONAL
ukraine,cecildaily.com,com,GLOBAL,GLOBAL,GLOBAL,PLATFORM,0,0,0,0,0,0,0,NATIONAL
ukraine,chattanoogan.com,com,GLOBAL,GLOBAL,GLOBAL,PLATFORM,0,0,0,0,0,0,0,NATIONAL
ukraine,chromjuwelen.com,com,GLOBAL,GLOBAL,GLOBAL,PLATFORM,0,0,0,0,0,0,0,NATIONAL
ukraine,coastalradio.ca,ca,CA,North America,OTHER,PLATFORM,0,0,0,0,0,0,0,NATIONAL
ukraine,coe.gatech.edu,edu,NA,NA,OTHER,PLATFORM,0,0,0,0,0,0,0,PLATFORM
ukraine,cointelegraph.com,com,GLOBAL,GLOBAL,GLOBAL,PLATFORM,0,0,0,0,0,0,0,NATIONAL
ukraine,collive.com,com,GLOBAL,GLOBAL,GLOBAL,PLATFORM,0,0,0,0,0,0,0,NATIONAL
ukraine,corrections1.com,com,GLOBAL,GLOBAL,GLOBAL,PLATFORM,0,0,0,0,0,0,0,NATIONAL
ukraine,country1053.ca,ca,CA,North America,OTHER,PLATFORM,0,0,0,0,0,0,0,NATIONAL
ukraine,coventrytelegraph.net,net,GLOBAL,GLOBAL,GLOBAL,PLATFORM,0,0,0,0,0,0,0,NATIONAL
ukraine,craigdailypress.com,com,GLOBAL,GLOBAL,GLOBAL,PLATFORM,0,0,0,0,0,0,0,NATIONAL
ukraine,cuinsight.com,com,GLOBAL,GLOBAL,GLOBAL,PLATFORM,0,0,0,0,0,0,0,NATIONAL
ukraine,current.org,org,GLOBAL,GLOBAL,GLOBAL,PLATFORM,0,0,0,0,0,0,0,NATIONAL
ukraine,dandenong.starcommunity.com.au,au,AU,East Asia & Pacific,OTHER,PLATFORM,0,0,0,0,0,0,0,NATIONAL
ukraine,de.nachrichten.yahoo.com,com,GLOBAL,GLOBAL,GLOBAL,PLATFORM,0,0,0,0,0,0,0,NATIONAL
ukraine,dealstreetasia.com,com,GLOBAL,GLOBAL,GLOBAL,PLATFORM,0,0,0,0,0,0,0,NATIONAL
ukraine,derbyshiretimes.co.uk,uk,GB,Europe & Central Asia,OTHER,PLATFORM,0,0,0,0,0,0,0,NATIONAL
ukraine,doe.nv.gov,gov,NA,NA,OTHER,PLATFORM,0,0,0,1,0,0,1,GOV
ukraine,edgelittlerock.iheart.com,com,GLOBAL,GLOBAL,GLOBAL,PLATFORM,0,0,0,0,0,0,0,NATIONAL
ukraine,elliotlakestandard.ca,ca,CA,North America,OTHER,PLATFORM,0,0,0,0,0,0,0,NATIONAL
ukraine,elystandard.co.uk,uk,GB,Europe & Central Asia,OTHER,PLATFORM,0,0,0,0,0,0,0,NATIONAL
ukraine,en.interfax.com.ua,ua,UA,Europe & Central Asia,OTHER,PLATFORM,0,0,0,0,0,0,0,NATIONAL
ukraine,energycentral.com,com,GLOBAL,GLOBAL,GLOBAL,PLATFORM,0,0,0,0,0,0,0,NATIONAL
ukraine,enstarz.com,com,GLOBAL,GLOBAL,GLOBAL,PLATFORM,0,0,0,0,0,0,0,NATIONAL
ukraine,entrepreneur.com,com,GLOBAL,GLOBAL,GLOBAL,PLATFORM,0,0,0,0,0,0,0,NATIONAL
ukraine,entsoc.org,org,GLOBAL,GLOBAL,GLOBAL,PLATFORM,0,0,0,0,0,0,0,NATIONAL
ukraine,fairviewpost.com,com,GLOBAL,GLOBAL,GLOBAL,PLATFORM,0,0,0,0,0,0,0,NATIONAL
ukraine,fatherly.com,com,GLOBAL,GLOBAL,GLOBAL,PLATFORM,0,0,0,0,0,0,0,NATIONAL
ukraine,finchannel.com,com,GLOBAL,GLOBAL,GLOBAL,PLATFORM,0,0,0,0,0,0,0,NATIONAL
ukraine,firstcoastnews.com,com,GLOBAL,GLOBAL,GLOBAL,PLATFORM,0,0,0,0,0,0,0,NATIONAL
ukraine,fm106.iheart.com,com,GLOBAL,GLOBAL,GLOBAL,PLATFORM,0,0,0,0,0,0,0,NATIONAL
ukraine,fox13now.com,com,GLOBAL,GLOBAL,GLOBAL,PLATFORM,0,0,0,0,0,0,0,NATIONAL
ukraine,fox43.com,com,GLOBAL,GLOBAL,GLOBAL,PLATFORM,0,0,0,0,0,0,0,NATIONAL
ukraine,freshplaza.com,com,GLOBAL,GLOBAL,GLOBAL,PLATFORM,0,0,0,0,0,0,0,NATIONAL
ukraine,fxempire.com,com,GLOBAL,GLOBAL,GLOBAL,PLATFORM,0,0,0,0,0,0,0,NATIONAL
ukraine,gananoquereporter.com,com,GLOBAL,GLOBAL,GLOBAL,PLATFORM,0,0,0,0,0,0,0,NATIONAL
ukraine,gmanetwork.com,com,GLOBAL,GLOBAL,GLOBAL,PLATFORM,0,0,0,0,0,0,0,NATIONAL
ukraine,gobankingrates.com,com,GLOBAL,GLOBAL,GLOBAL,PLATFORM,0,0,0,0,0,0,0,NATIONAL
ukraine,governor.maryland.gov,gov,NA,NA,OTHER,PLATFORM,0,0,0,1,0,0,1,GOV
ukraine,healthleadersmedia.com,com,GLOBAL,GLOBAL,GLOBAL,PLATFORM,0,0,0,0,0,0,0,NATIONAL
ukraine,heraldtribune.com,com,GLOBAL,GLOBAL,GLOBAL,PLATFORM,0,0,0,0,0,0,0,NATIONAL
ukraine,hitconsultant.net,net,GLOBAL,GLOBAL,GLOBAL,PLATFORM,0,0,0,0,0,0,0,NATIONAL
ukraine,hits1061seattle.iheart.com,com,GLOBAL,GLOBAL,GLOBAL,PLATFORM,0,0,0,0,0,0,0,NATIONAL
ukraine,hollandsentinel.com,com,GLOBAL,GLOBAL,GLOBAL,PLATFORM,0,0,0,0,0,0,0,NATIONAL
ukraine,hot1047.com,com,GLOBAL,GLOBAL,GLOBAL,PLATFORM,0,0,0,0,0,0,0,NATIONAL
ukraine,hrexchangenetwork.com,com,GLOBAL,GLOBAL,GLOBAL,PLATFORM,0,0,0,0,0,0,0,NATIONAL
ukraine,hudsonriverblue.com,com,GLOBAL,GLOBAL,GLOBAL,PLATFORM,0,0,0,0,0,0,0,NATIONAL
ukraine,hudsonstarobserver.com,com,GLOBAL,GLOBAL,GLOBAL,PLATFORM,0,0,0,0,0,0,0,NATIONAL
ukraine,hudsonvalley360.com,com,GLOBAL,GLOBAL,GLOBAL,PLATFORM,0,0,0,0,0,0,0,NATIONAL
ukraine,i95rock.com,com,GLOBAL,GLOBAL,GLOBAL,PLATFORM,0,0,0,0,0,0,0,NATIONAL
ukraine,ifiberone.com,com,GLOBAL,GLOBAL,GLOBAL,PLATFORM,0,0,0,0,0,0,0,NATIONAL
ukraine,iheartradio.ca,ca,CA,North America,OTHER,PLATFORM,0,0,0,0,0,0,0,NATIONAL
ukraine,inklingsnews.com,com,GLOBAL,GLOBAL,GLOBAL,PLATFORM,0,0,0,0,0,0,0,NATIONAL
ukraine,intelligencer.ca,ca,CA,North America,OTHER,PLATFORM,0,0,0,0,0,0,0,NATIONAL
ukraine,interfax.com,com,GLOBAL,GLOBAL,GLOBAL,PLATFORM,0,0,0,0,0,0,0,NATIONAL
ukraine,investingnews.com,com,GLOBAL,GLOBAL,GLOBAL,PLATFORM,0,0,0,0,0,0,0,NATIONAL
ukraine,investorschronicle.co.uk,uk,GB,Europe & Central Asia,OTHER,PLATFORM,0,0,0,0,0,0,0,NATIONAL
ukraine,island.lk,lk,NA,NA,OTHER,PLATFORM,0,0,0,0,0,0,0,PLATFORM
ukraine,itemonline.com,com,GLOBAL,GLOBAL,GLOBAL,PLATFORM,0,0,0,0,0,0,0,NATIONAL
ukraine,jaxdailyrecord.com,com,GLOBAL,GLOBAL,GLOBAL,PLATFORM,0,0,0,0,0,0,0,NATIONAL
ukraine,kase101.iheart.com,com,GLOBAL,GLOBAL,GLOBAL,PLATFORM,0,0,0,0,0,0,0,NATIONAL
ukraine,kbrx.com,com,GLOBAL,GLOBAL,GLOBAL,PLATFORM,0,0,0,0,0,0,0,NATIONAL
ukraine,kelownadailycourier.ca,ca,CA,North America,OTHER,PLATFORM,0,0,0,0,0,0,0,NATIONAL
ukraine,kenyastar.com,com,GLOBAL,GLOBAL,GLOBAL,PLATFORM,0,0,0,0,0,0,0,NATIONAL
ukraine,kfin.com,com,GLOBAL,GLOBAL,GLOBAL,PLATFORM,0,0,0,0,0,0,0,NATIONAL
ukraine,kiss1067.iheart.com,com,GLOBAL,GLOBAL,GLOBAL,PLATFORM,0,0,0,0,0,0,0,NATIONAL
ukraine,kissalbany.iheart.com,com,GLOBAL,GLOBAL,GLOBAL,PLATFORM,0,0,0,0,0,0,0,NATIONAL
ukraine,kissfm1031.iheart.com,com,GLOBAL,GLOBAL,GLOBAL,PLATFORM,0,0,0,0,0,0,0,NATIONAL
ukraine,koat.com,com,GLOBAL,GLOBAL,GLOBAL,PLATFORM,0,0,0,0,0,0,0,NATIONAL
ukraine,koolam.com,com,GLOBAL,GLOBAL,GLOBAL,PLATFORM,0,0,0,0,0,0,0,NATIONAL
ukraine,kpbs.org,org,GLOBAL,GLOBAL,GLOBAL,PLATFORM,0,0,0,0,0,0,0,NATIONAL
ukraine,ksby.com,com,GLOBAL,GLOBAL,GLOBAL,PLATFORM,0,0,0,0,0,0,0,NATIONAL
ukraine,kshb.com,com,GLOBAL,GLOBAL,GLOBAL,PLATFORM,0,0,0,0,0,0,0,NATIONAL
ukraine,ktvz.com,com,GLOBAL,GLOBAL,GLOBAL,PLATFORM,0,0,0,0,0,0,0,NATIONAL
ukraine,kvrr.com,com,GLOBAL,GLOBAL,GLOBAL,PLATFORM,0,0,0,0,0,0,0,NATIONAL
ukraine,leaderpost.com,com,GLOBAL,GLOBAL,GLOBAL,PLATFORM,0,0,0,0,0,0,0,NATIONAL
ukraine,lite987.com,com,GLOBAL,GLOBAL,GLOBAL,PLATFORM,0,0,0,0,0,0,0,NATIONAL
ukraine,ludlowadvertiser.co.uk,uk,GB,Europe & Central Asia,OTHER,PLATFORM,0,0,0,0,0,0,0,NATIONAL
ukraine,magicvalley.com,com,GLOBAL,GLOBAL,GLOBAL,PLATFORM,0,0,0,0,0,0,0,NATIONAL
ukraine,markets.financialcontent.com,com,GLOBAL,GLOBAL,GLOBAL,PLATFORM,0,0,0,0,0,0,0,NATIONAL
ukraine,mcdonoughvoice.com,com,GLOBAL,GLOBAL,GLOBAL,PLATFORM,0,0,0,0,0,0,0,NATIONAL
ukraine,middleeasteye.net,net,GLOBAL,GLOBAL,GLOBAL,PLATFORM,0,0,0,0,0,0,0,NATIONAL
ukraine,mix1033.iheart.com,com,GLOBAL,GLOBAL,GLOBAL,PLATFORM,0,0,0,0,0,0,0,NATIONAL
ukraine,mix97.com,com,GLOBAL,GLOBAL,GLOBAL,PLATFORM,0,0,0,0,0,0,0,NATIONAL
ukraine,mixmaine.com,com,GLOBAL,GLOBAL,GLOBAL,PLATFORM,0,0,0,0,0,0,0,NATIONAL
ukraine,money.yahoo.com,com,GLOBAL,GLOBAL,GLOBAL,PLATFORM,0,0,0,0,0,0,0,NATIONAL
ukraine,monstersandcritics.com,com,GLOBAL,GLOBAL,GLOBAL,PLATFORM,0,0,0,0,0,0,0,NATIONAL
ukraine,montreal.ctvnews.ca,ca,CA,North America,OTHER,PLATFORM,0,0,0,0,0,0,0,NATIONAL
ukraine,moose106.iheart.com,com,GLOBAL,GLOBAL,GLOBAL,PLATFORM,0,0,0,0,0,0,0,NATIONAL
ukraine,mortgagestrategy.co.uk,uk,GB,Europe & Central Asia,OTHER,PLATFORM,0,0,0,0,0,0,0,NATIONAL
ukraine,mountainhomenews.com,com,GLOBAL,GLOBAL,GLOBAL,PLATFORM,0,0,0,0,0,0,0,NATIONAL
ukraine,mtpr.org,org,GLOBAL,GLOBAL,GLOBAL,PLATFORM,0,0,0,0,0,0,0,NATIONAL
ukraine,my103q.iheart.com,com,GLOBAL,GLOBAL,GLOBAL,PLATFORM,0,0,0,0,0,0,0,NATIONAL
ukraine,mycentraloregon.com,com,GLOBAL,GLOBAL,GLOBAL,PLATFORM,0,0,0,0,0,0,0,NATIONAL
ukraine,mydailytribune.com,com,GLOBAL,GLOBAL,GLOBAL,PLATFORM,0,0,0,0,0,0,0,NATIONAL
ukraine,myjournalcourier.com,com,GLOBAL,GLOBAL,GLOBAL,PLATFORM,0,0,0,0,0,0,0,NATIONAL
ukraine,mymix945.iheart.com,com,GLOBAL,GLOBAL,GLOBAL,PLATFORM,0,0,0,0,0,0,0,NATIONAL
ukraine,mymodernmet.com,com,GLOBAL,GLOBAL,GLOBAL,PLATFORM,0,0,0,0,0,0,0,NATIONAL
ukraine,nbcwashington.com,com,GLOBAL,GLOBAL,GLOBAL,PLATFORM,0,0,0,0,0,0,0,NATIONAL
ukraine,ncpa.org,org,GLOBAL,GLOBAL,GLOBAL,PLATFORM,0,0,0,0,0,0,0,NATIONAL
ukraine,news.cornell.edu,edu,NA,NA,OTHER,PLATFORM,0,0,0,0,0,0,0,PLATFORM
ukraine,news.maryland.gov,gov,NA,NA,OTHER,PLATFORM,0,0,0,1,0,0,1,GOV
ukraine,news.softpedia.com,com,GLOBAL,GLOBAL,GLOBAL,PLATFORM,0,0,0,0,0,0,0,NATIONAL
ukraine,news.stlpublicradio.org,org,GLOBAL,GLOBAL,GLOBAL,PLATFORM,0,0,0,0,0,0,0,NATIONAL
ukraine,newsshooter.com,com,GLOBAL,GLOBAL,GLOBAL,PLATFORM,0,0,0,0,0,0,0,NATIONAL
ukraine,newswire.lk,lk,NA,NA,OTHER,PLATFORM,0,0,0,0,0,0,0,PLATFORM
ukraine,njherald.com,com,GLOBAL,GLOBAL,GLOBAL,PLATFORM,0,0,0,0,0,0,0,NATIONAL
ukraine,northkoreatimes.com,com,GLOBAL,GLOBAL,GLOBAL,PLATFORM,0,0,0,0,0,0,0,NATIONAL
ukraine,nydailynews.com,com,GLOBAL,GLOBAL,GLOBAL,PLATFORM,0,0,0,0,0,0,0,NATIONAL
ukraine,obituaries.somerset-kentucky.com,com,GLOBAL,GLOBAL,GLOBAL,PLATFORM,0,0,0,0,0,0,0,NATIONAL
ukraine,oecd.org,org,GLOBAL,GLOBAL,GLOBAL,PLATFORM,0,0,0,0,0,0,0,NATIONAL
ukraine,ohio.edu,edu,NA,NA,OTHER,PLATFORM,0,0,0,0,0,0,0,PLATFORM
ukraine,ohiostatebuckeyes.com,com,GLOBAL,GLOBAL,GLOBAL,PLATFORM,0,0,0,0,0,0,0,NATIONAL
ukraine,okotoksonline.com,com,GLOBAL,GLOBAL,GLOBAL,PLATFORM,0,0,0,0,0,0,0,NATIONAL
ukraine,outbreaknewstoday.com,com,GLOBAL,GLOBAL,GLOBAL,PLATFORM,0,0,0,0,0,0,0,NATIONAL
ukraine,ovationtv.com,com,GLOBAL,GLOBAL,GLOBAL,PLATFORM,0,0,0,0,0,0,0,NATIONAL
ukraine,pbsfm.org.au,au,AU,East Asia & Pacific,OTHER,PLATFORM,0,0,0,0,0,0,0,NATIONAL
ukraine,pdx.eater.com,com,GLOBAL,GLOBAL,GLOBAL,PLATFORM,0,0,0,0,0,0,0,NATIONAL
ukraine,pewtrusts.org,org,GLOBAL,GLOBAL,GLOBAL,PLATFORM,0,0,0,0,0,0,0,NATIONAL
ukraine,phillytrib.com,com,GLOBAL,GLOBAL,GLOBAL,PLATFORM,0,0,0,0,0,0,0,NATIONAL
ukraine,phys.org,org,GLOBAL,GLOBAL,GLOBAL,PLATFORM,0,0,0,0,0,0,0,NATIONAL
ukraine,pineandlakes.com,com,GLOBAL,GLOBAL,GLOBAL,PLATFORM,0,0,0,0,0,0,0,NATIONAL
ukraine,pinstripealley.com,com,GLOBAL,GLOBAL,GLOBAL,PLATFORM,0,0,0,0,0,0,0,NATIONAL
ukraine,pl.usembassy.gov,gov,NA,NA,OTHER,PLATFORM,0,0,0,1,0,0,1,GOV
ukraine,plenglish.com,com,GLOBAL,GLOBAL,GLOBAL,PLATFORM,0,0,0,0,0,0,0,NATIONAL
ukraine,presspubs.com,com,GLOBAL,GLOBAL,GLOBAL,PLATFORM,0,0,0,0,0,0,0,NATIONAL
ukraine,q1043.iheart.com,com,GLOBAL,GLOBAL,GLOBAL,PLATFORM,0,0,0,0,0,0,0,NATIONAL
ukraine,radioiowa.com,com,GLOBAL,GLOBAL,GLOBAL,PLATFORM,0,0,0,0,0,0,0,NATIONAL
ukraine,railpage.com.au,au,AU,East Asia & Pacific,OTHER,PLATFORM,0,0,0,0,0,0,0,NATIONAL
ukraine,ramblinwreck.com,com,GLOBAL,GLOBAL,GLOBAL,PLATFORM,0,0,0,0,0,0,0,NATIONAL
ukraine,recordnet.com,com,GLOBAL,GLOBAL,GLOBAL,PLATFORM,0,0,0,0,0,0,0,NATIONAL
ukraine,registerguard.com,com,GLOBAL,GLOBAL,GLOBAL,PLATFORM,0,0,0,0,0,0,0,NATIONAL
ukraine,rep-am.com,com,GLOBAL,GLOBAL,GLOBAL,PLATFORM,0,0,0,0,0,0,0,NATIONAL
ukraine,rexmd.com,com,GLOBAL,GLOBAL,GLOBAL,PLATFORM,0,0,0,0,0,0,0,NATIONAL
ukraine,rfdtv.com,com,GLOBAL,GLOBAL,GLOBAL,PLATFORM,0,0,0,0,0,0,0,NATIONAL
ukraine,rockdalenewtoncitizen.com,com,GLOBAL,GLOBAL,GLOBAL,PLATFORM,0,0,0,0,0,0,0,NATIONAL
ukraine,rollingstone.com,com,GLOBAL,GLOBAL,GLOBAL,PLATFORM,0,0,0,0,0,0,0,NATIONAL
ukraine,saltlakecitysun.com,com,GLOBAL,GLOBAL,GLOBAL,PLATFORM,0,0,0,0,0,0,0,NATIONAL
ukraine,satellitetoday.com,com,GLOBAL,GLOBAL,GLOBAL,PLATFORM,0,0,0,0,0,0,0,NATIONAL
ukraine,saultthisweek.com,com,GLOBAL,GLOBAL,GLOBAL,PLATFORM,0,0,0,0,0,0,0,NATIONAL
ukraine,seacoastonline.com,com,GLOBAL,GLOBAL,GLOBAL,PLATFORM,0,0,0,0,0,0,0,NATIONAL
ukraine,sherbrookerecord.com,com,GLOBAL,GLOBAL,GLOBAL,PLATFORM,0,0,0,0,0,0,0,NATIONAL
ukraine,smartcompany.com.au,au,AU,East Asia & Pacific,OTHER,PLATFORM,0,0,0,0,0,0,0,NATIONAL
ukraine,southcoasttoday.com,com,GLOBAL,GLOBAL,GLOBAL,PLATFORM,0,0,0,0,0,0,0,NATIONAL
ukraine,sputniknews.com,com,GLOBAL,GLOBAL,GLOBAL,PLATFORM,0,0,0,0,0,0,0,NATIONAL
ukraine,standard-freeholder.com,com,GLOBAL,GLOBAL,GLOBAL,PLATFORM,0,0,0,0,0,0,0,NATIONAL
ukraine,standardnewswire.com,com,GLOBAL,GLOBAL,GLOBAL,PLATFORM,0,0,0,0,0,0,0,NATIONAL
ukraine,swimswam.com,com,GLOBAL,GLOBAL,GLOBAL,PLATFORM,0,0,0,0,0,0,0,NATIONAL
ukraine,swnewsmedia.com,com,GLOBAL,GLOBAL,GLOBAL,PLATFORM,0,0,0,0,0,0,0,NATIONAL
ukraine,talkingpointsmemo.com,com,GLOBAL,GLOBAL,GLOBAL,PLATFORM,0,0,0,0,0,0,0,NATIONAL
ukraine,teamspeedkills.com,com,GLOBAL,GLOBAL,GLOBAL,PLATFORM,0,0,0,0,0,0,0,NATIONAL
ukraine,the-messenger.com,com,GLOBAL,GLOBAL,GLOBAL,PLATFORM,0,0,0,0,0,0,0,NATIONAL
ukraine,thebostonpilot.com,com,GLOBAL,GLOBAL,GLOBAL,PLATFORM,0,0,0,0,0,0,0,NATIONAL
ukraine,thehorse.com,com,GLOBAL,GLOBAL,GLOBAL,PLATFORM,0,0,0,0,0,0,0,NATIONAL
ukraine,theintelligencer.com,com,GLOBAL,GLOBAL,GLOBAL,PLATFORM,0,0,0,0,0,0,0,NATIONAL
ukraine,thepeninsulaqatar.com,com,GLOBAL,GLOBAL,GLOBAL,PLATFORM,0,0,0,0,0,0,0,NATIONAL
ukraine,thepitchkc.com,com,GLOBAL,GLOBAL,GLOBAL,PLATFORM,0,0,0,0,0,0,0,NATIONAL
ukraine,thetwister.iheart.com,com,GLOBAL,GLOBAL,GLOBAL,PLATFORM,0,0,0,0,0,0,0,NATIONAL
ukraine,theunion.com,com,GLOBAL,GLOBAL,GLOBAL,PLATFORM,0,0,0,0,0,0,0,NATIONAL
ukraine,thewall.fyi,fyi,NA,NA,OTHER,PLATFORM,0,0,0,0,0,0,0,PLATFORM
ukraine,thewalrus.ca,ca,CA,North America,OTHER,PLATFORM,0,0,0,0,0,0,0,NATIONAL
ukraine,thewrap.com,com,GLOBAL,GLOBAL,GLOBAL,PLATFORM,0,0,0,0,0,0,0,NATIONAL
ukraine,tomsguide.com,com,GLOBAL,GLOBAL,GLOBAL,PLATFORM,0,0,0,0,0,0,0,NATIONAL
ukraine,top5-datingsites.com,com,GLOBAL,GLOBAL,GLOBAL,PLATFORM,0,0,0,0,0,0,0,NATIONAL
ukraine,tribuneonlineng.com,com,GLOBAL,GLOBAL,GLOBAL,PLATFORM,0,0,0,0,0,0,0,NATIONAL
ukraine,uefa.com,com,GLOBAL,GLOBAL,GLOBAL,PLATFORM,0,0,0,0,0,0,0,NATIONAL
ukraine,us.acrofan.com,com,GLOBAL,GLOBAL,GLOBAL,PLATFORM,0,0,0,0,0,0,0,NATIONAL
ukraine,v100.iheart.com,com,GLOBAL,GLOBAL,GLOBAL,PLATFORM,0,0,0,0,0,0,0,NATIONAL
ukraine,valleybreeze.com,com,GLOBAL,GLOBAL,GLOBAL,PLATFORM,0,0,0,0,0,0,0,NATIONAL
ukraine,virginislandsdailynews.com,com,GLOBAL,GLOBAL,GLOBAL,PLATFORM,0,0,0,0,0,0,0,NATIONAL
ukraine,wadenapj.com,com,GLOBAL,GLOBAL,GLOBAL,PLATFORM,0,0,0,0,0,0,0,NATIONAL
ukraine,watfordobserver.co.uk,uk,GB,Europe & Central Asia,OTHER,PLATFORM,0,0,0,0,0,0,0,NATIONAL
ukraine,watoday.com.au,au,AU,East Asia & Pacific,OTHER,PLATFORM,0,0,0,0,0,0,0,NATIONAL
ukraine,wau.org,org,GLOBAL,GLOBAL,GLOBAL,PLATFORM,0,0,0,0,0,0,0,NATIONAL
ukraine,wbal.com,com,GLOBAL,GLOBAL,GLOBAL,PLATFORM,0,0,0,0,0,0,0,NATIONAL
ukraine,wbgo.org,org,GLOBAL,GLOBAL,GLOBAL,PLATFORM,0,0,0,0,0,0,0,NATIONAL
ukraine,wcsx.com,com,GLOBAL,GLOBAL,GLOBAL,PLATFORM,0,0,0,0,0,0,0,NATIONAL
ukraine,weaintgotnohistory.sbnation.com,com,GLOBAL,GLOBAL,GLOBAL,PLATFORM,0,0,0,0,0,0,0,NATIONAL
ukraine,wfyi.org,org,GLOBAL,GLOBAL,GLOBAL,PLATFORM,0,0,0,0,0,0,0,NATIONAL
ukraine,whiznews.com,com,GLOBAL,GLOBAL,GLOBAL,PLATFORM,0,0,0,0,0,0,0,NATIONAL
ukraine,whqr.org,org,GLOBAL,GLOBAL,GLOBAL,PLATFORM,0,0,0,0,0,0,0,NATIONAL
ukraine,whyn.iheart.com,com,GLOBAL,GLOBAL,GLOBAL,PLATFORM,0,0,0,0,0,0,0,NATIONAL
ukraine,wibx950.com,com,GLOBAL,GLOBAL,GLOBAL,PLATFORM,0,0,0,0,0,0,0,NATIONAL
ukraine,wirx.com,com,GLOBAL,GLOBAL,GLOBAL,PLATFORM,0,0,0,0,0,0,0,NATIONAL
ukraine,wiscnews.com,com,GLOBAL,GLOBAL,GLOBAL,PLATFORM,0,0,0,0,0,0,0,NATIONAL
ukraine,wjon.com,com,GLOBAL,GLOBAL,GLOBAL,PLATFORM,0,0,0,0,0,0,0,NATIONAL
ukraine,wkar.org,org,GLOBAL,GLOBAL,GLOBAL,PLATFORM,0,0,0,0,0,0,0,NATIONAL
ukraine,wlrn.org,org,GLOBAL,GLOBAL,GLOBAL,PLATFORM,0,0,0,0,0,0,0,NATIONAL
ukraine,wmra.org,org,GLOBAL,GLOBAL,GLOBAL,PLATFORM,0,0,0,0,0,0,0,NATIONAL
ukraine,wnci.iheart.com,com,GLOBAL,GLOBAL,GLOBAL,PLATFORM,0,0,0,0,0,0,0,NATIONAL
ukraine,woodworkingnetwork.com:443,NA,NA,NA,OTHER,PLATFORM,0,0,0,0,0,0,0,PLATFORM
ukraine,wptv.com,com,GLOBAL,GLOBAL,GLOBAL,PLATFORM,0,0,0,0,0,0,0,NATIONAL
ukraine,wqad.com,com,GLOBAL,GLOBAL,GLOBAL,PLATFORM,0,0,0,0,0,0,0,NATIONAL
ukraine,wruf.com,com,GLOBAL,GLOBAL,GLOBAL,PLATFORM,0,0,0,0,0,0,0,NATIONAL
ukraine,wtam.iheart.com,com,GLOBAL,GLOBAL,GLOBAL,PLATFORM,0,0,0,0,0,0,0,NATIONAL
ukraine,wtop.com,com,GLOBAL,GLOBAL,GLOBAL,PLATFORM,0,0,0,0,0,0,0,NATIONAL
ukraine,wtue.iheart.com,com,GLOBAL,GLOBAL,GLOBAL,PLATFORM,0,0,0,0,0,0,0,NATIONAL
ukraine,wupe.com,com,GLOBAL,GLOBAL,GLOBAL,PLATFORM,0,0,0,0,0,0,0,NATIONAL
ukraine,wxii12.com,com,GLOBAL,GLOBAL,GLOBAL,PLATFORM,0,0,0,0,0,0,0,NATIONAL
ukraine,wxxinews.org,org,GLOBAL,GLOBAL,GLOBAL,PLATFORM,0,0,0,0,0,0,0,NATIONAL
ukraine,z1075.com,com,GLOBAL,GLOBAL,GLOBAL,PLATFORM,0,0,0,0,0,0,0,NATIONAL
ukraine,z94.com,com,GLOBAL,GLOBAL,GLOBAL,PLATFORM,0,0,0,0,0,0,0,NATIONAL
ukraine,1025thebull.iheart.com,com,GLOBAL,GLOBAL,GLOBAL,PLATFORM,0,0,0,0,0,0,0,NATIONAL
ukraine,106khq.com,com,GLOBAL,GLOBAL,GLOBAL,PLATFORM,0,0,0,0,0,0,0,NATIONAL
ukraine,106wcod.iheart.com,com,GLOBAL,GLOBAL,GLOBAL,PLATFORM,0,0,0,0,0,0,0,NATIONAL
ukraine,1380kcim.com,com,GLOBAL,GLOBAL,GLOBAL,PLATFORM,0,0,0,0,0,0,0,NATIONAL
ukraine,225batonrouge.com,com,GLOBAL,GLOBAL,GLOBAL,PLATFORM,0,0,0,0,0,0,0,NATIONAL
ukraine,933odc.iheart.com,com,GLOBAL,GLOBAL,GLOBAL,PLATFORM,0,0,0,0,0,0,0,NATIONAL
ukraine,937theriver.iheart.com,com,GLOBAL,GLOBAL,GLOBAL,PLATFORM,0,0,0,0,0,0,0,NATIONAL
ukraine,945wpti.iheart.com,com,GLOBAL,GLOBAL,GLOBAL,PLATFORM,0,0,0,0,0,0,0,NATIONAL
ukraine,963kissfm.iheart.com,com,GLOBAL,GLOBAL,GLOBAL,PLATFORM,0,0,0,0,0,0,0,NATIONAL
ukraine,995theriver.iheart.com,com,GLOBAL,GLOBAL,GLOBAL,PLATFORM,0,0,0,0,0,0,0,NATIONAL
ukraine,acainternational.org,org,GLOBAL,GLOBAL,GLOBAL,PLATFORM,0,0,0,0,0,0,0,NATIONAL
ukraine,agupdate.com,com,GLOBAL,GLOBAL,GLOBAL,PLATFORM,0,0,0,0,0,0,0,NATIONAL
ukraine,aircargoworld.com,com,GLOBAL,GLOBAL,GLOBAL,PLATFORM,0,0,0,0,0,0,0,NATIONAL
ukraine,alt987fm.iheart.com,com,GLOBAL,GLOBAL,GLOBAL,PLATFORM,0,0,0,0,0,0,0,NATIONAL
ukraine,archinect.com,com,GLOBAL,GLOBAL,GLOBAL,PLATFORM,0,0,0,0,0,0,0,NATIONAL
ukraine,arkansasonline.com,com,GLOBAL,GLOBAL,GLOBAL,PLATFORM,0,0,0,0,0,0,0,NATIONAL
ukraine,armenianweekly.com,com,GLOBAL,GLOBAL,GLOBAL,PLATFORM,0,0,0,0,0,0,0,NATIONAL
ukraine,asbarez.com,com,GLOBAL,GLOBAL,GLOBAL,PLATFORM,0,0,0,0,0,0,0,NATIONAL
ukraine,b95radio.iheart.com,com,GLOBAL,GLOBAL,GLOBAL,PLATFORM,0,0,0,0,0,0,0,NATIONAL
ukraine,baigenews.kz,kz,NA,NA,OTHER,PLATFORM,0,0,0,0,0,0,0,PLATFORM
ukraine,baltimoreravens.com,com,GLOBAL,GLOBAL,GLOBAL,PLATFORM,0,0,0,0,0,0,0,NATIONAL
ukraine,beat1053.iheart.com,com,GLOBAL,GLOBAL,GLOBAL,PLATFORM,0,0,0,0,0,0,0,NATIONAL
ukraine,berkshireeagle.com,com,GLOBAL,GLOBAL,GLOBAL,PLATFORM,0,0,0,0,0,0,0,NATIONAL
ukraine,big1047.iheart.com,com,GLOBAL,GLOBAL,GLOBAL,PLATFORM,0,0,0,0,0,0,0,NATIONAL
ukraine,bleacherreport.com,com,GLOBAL,GLOBAL,GLOBAL,PLATFORM,0,0,0,0,0,0,0,NATIONAL
ukraine,bleedcubbieblue.com,com,GLOBAL,GLOBAL,GLOBAL,PLATFORM,0,0,0,0,0,0,0,NATIONAL
ukraine,blockworks.co,co,NA,NA,OTHER,PLATFORM,0,0,0,0,0,0,0,PLATFORM
ukraine,boxinginsider.com,com,GLOBAL,GLOBAL,GLOBAL,PLATFORM,0,0,0,0,0,0,0,NATIONAL
ukraine,bridgemi.com,com,GLOBAL,GLOBAL,GLOBAL,PLATFORM,0,0,0,0,0,0,0,NATIONAL
ukraine,brownwoodnews.com,com,GLOBAL,GLOBAL,GLOBAL,PLATFORM,0,0,0,0,0,0,0,NATIONAL
ukraine,buffalobulletin.com,com,GLOBAL,GLOBAL,GLOBAL,PLATFORM,0,0,0,0,0,0,0,NATIONAL
ukraine,burytimes.co.uk,uk,GB,Europe & Central Asia,OTHER,PLATFORM,0,0,0,0,0,0,0,NATIONAL
ukraine,ca.news.yahoo.com,com,GLOBAL,GLOBAL,GLOBAL,PLATFORM,0,0,0,0,0,0,0,NATIONAL
ukraine,calaverasenterprise.com,com,GLOBAL,GLOBAL,GLOBAL,PLATFORM,0,0,0,0,0,0,0,NATIONAL
ukraine,capeandislands.org,org,GLOBAL,GLOBAL,GLOBAL,PLATFORM,0,0,0,0,0,0,0,NATIONAL
ukraine,capitalgazette.com,com,GLOBAL,GLOBAL,GLOBAL,PLATFORM,0,0,0,0,0,0,0,NATIONAL
ukraine,caribjournal.com,com,GLOBAL,GLOBAL,GLOBAL,PLATFORM,0,0,0,0,0,0,0,NATIONAL
ukraine,cavalierdaily.com,com,GLOBAL,GLOBAL,GLOBAL,PLATFORM,0,0,0,0,0,0,0,NATIONAL
ukraine,celebritynetworth.com,com,GLOBAL,GLOBAL,GLOBAL,PLATFORM,0,0,0,0,0,0,0,NATIONAL
ukraine,centralmaine.com,com,GLOBAL,GLOBAL,GLOBAL,PLATFORM,0,0,0,0,0,0,0,NATIONAL
ukraine,china.org.cn,cn,CN,East Asia & Pacific,OTHER,PLATFORM,0,0,0,0,0,0,0,NATIONAL
ukraine,city-sentinel.com,com,GLOBAL,GLOBAL,GLOBAL,PLATFORM,0,0,0,0,0,0,0,NATIONAL
ukraine,coastalnewstoday.com,com,GLOBAL,GLOBAL,GLOBAL,PLATFORM,0,0,0,0,0,0,0,NATIONAL
ukraine,codepink.org,org,GLOBAL,GLOBAL,GLOBAL,PLATFORM,0,0,0,0,0,0,0,NATIONAL
ukraine,comicbook.com,com,GLOBAL,GLOBAL,GLOBAL,PLATFORM,0,0,0,0,0,0,0,NATIONAL
ukraine,con-telegraph.ie,ie,NA,NA,OTHER,PLATFORM,0,0,0,0,0,0,0,PLATFORM
ukraine,dailypress.com,com,GLOBAL,GLOBAL,GLOBAL,PLATFORM,0,0,0,0,0,0,0,NATIONAL
ukraine,darkreading.com,com,GLOBAL,GLOBAL,GLOBAL,PLATFORM,0,0,0,0,0,0,0,NATIONAL
ukraine,derbytelegraph.co.uk,uk,GB,Europe & Central Asia,OTHER,PLATFORM,0,0,0,0,0,0,0,NATIONAL
ukraine,dnews.com,com,GLOBAL,GLOBAL,GLOBAL,PLATFORM,0,0,0,0,0,0,0,NATIONAL
ukraine,eenews.net,net,GLOBAL,GLOBAL,GLOBAL,PLATFORM,0,0,0,0,0,0,0,NATIONAL
ukraine,effinghamradio.com,com,GLOBAL,GLOBAL,GLOBAL,PLATFORM,0,0,0,0,0,0,0,NATIONAL
ukraine,elledecor.com,com,GLOBAL,GLOBAL,GLOBAL,PLATFORM,0,0,0,0,0,0,0,NATIONAL
ukraine,en.as.com,com,GLOBAL,GLOBAL,GLOBAL,PLATFORM,0,0,0,0,0,0,0,NATIONAL
ukraine,eturbonews.com,com,GLOBAL,GLOBAL,GLOBAL,PLATFORM,0,0,0,0,0,0,0,NATIONAL
ukraine,eurweb.com,com,GLOBAL,GLOBAL,GLOBAL,PLATFORM,0,0,0,0,0,0,0,NATIONAL
ukraine,extralunchmoney.com,com,GLOBAL,GLOBAL,GLOBAL,PLATFORM,0,0,0,0,0,0,0,NATIONAL
ukraine,fau.edu,edu,NA,NA,OTHER,PLATFORM,0,0,0,0,0,0,0,PLATFORM
ukraine,fee.org,org,GLOBAL,GLOBAL,GLOBAL,PLATFORM,0,0,0,0,0,0,0,NATIONAL
ukraine,financial-news.co.uk,uk,GB,Europe & Central Asia,OTHER,PLATFORM,0,0,0,0,0,0,0,NATIONAL
ukraine,fox2detroit.com,com,GLOBAL,GLOBAL,GLOBAL,PLATFORM,0,0,0,0,0,0,0,NATIONAL
ukraine,fox35orlando.com,com,GLOBAL,GLOBAL,GLOBAL,PLATFORM,0,0,0,0,0,0,0,NATIONAL
ukraine,fox5atlanta.com,com,GLOBAL,GLOBAL,GLOBAL,PLATFORM,0,0,0,0,0,0,0,NATIONAL
ukraine,freightwaves.com,com,GLOBAL,GLOBAL,GLOBAL,PLATFORM,0,0,0,0,0,0,0,NATIONAL
ukraine,froggy999.iheart.com,com,GLOBAL,GLOBAL,GLOBAL,PLATFORM,0,0,0,0,0,0,0,NATIONAL
ukraine,froggyweb.com,com,GLOBAL,GLOBAL,GLOBAL,PLATFORM,0,0,0,0,0,0,0,NATIONAL
ukraine,galvnews.com,com,GLOBAL,GLOBAL,GLOBAL,PLATFORM,0,0,0,0,0,0,0,NATIONAL
ukraine,gazette-news.co.uk,uk,GB,Europe & Central Asia,OTHER,PLATFORM,0,0,0,0,0,0,0,NATIONAL
ukraine,geekwire.com,com,GLOBAL,GLOBAL,GLOBAL,PLATFORM,0,0,0,0,0,0,0,NATIONAL
ukraine,georgiarecorder.com,com,GLOBAL,GLOBAL,GLOBAL,PLATFORM,0,0,0,0,0,0,0,NATIONAL
ukraine,glamour.com,com,GLOBAL,GLOBAL,GLOBAL,PLATFORM,0,0,0,0,0,0,0,NATIONAL
ukraine,globalgenes.org,org,GLOBAL,GLOBAL,GLOBAL,PLATFORM,0,0,0,0,0,0,0,NATIONAL
ukraine,globenewswire.com,com,GLOBAL,GLOBAL,GLOBAL,PLATFORM,0,0,0,0,0,0,0,NATIONAL
ukraine,godanriver.com,com,GLOBAL,GLOBAL,GLOBAL,PLATFORM,0,0,0,0,0,0,0,NATIONAL
ukraine,goldrushcam.com,com,GLOBAL,GLOBAL,GLOBAL,PLATFORM,0,0,0,0,0,0,0,NATIONAL
ukraine,halesowennews.co.uk,uk,GB,Europe & Central Asia,OTHER,PLATFORM,0,0,0,0,0,0,0,NATIONAL
ukraine,hanfordsentinel.com,com,GLOBAL,GLOBAL,GLOBAL,PLATFORM,0,0,0,0,0,0,0,NATIONAL
ukraine,harrogate-news.co.uk,uk,GB,Europe & Central Asia,OTHER,PLATFORM,0,0,0,0,0,0,0,NATIONAL
ukraine,hawaii.edu,edu,NA,NA,OTHER,PLATFORM,0,0,0,0,0,0,0,PLATFORM
ukraine,healthitanalytics.com,com,GLOBAL,GLOBAL,GLOBAL,PLATFORM,0,0,0,0,0,0,0,NATIONAL
ukraine,i.stuff.co.nz,nz,NZ,East Asia & Pacific,OTHER,PLATFORM,0,0,0,0,0,0,0,NATIONAL
ukraine,indianewengland.com,com,GLOBAL,GLOBAL,GLOBAL,PLATFORM,0,0,0,0,0,0,0,NATIONAL
ukraine,indianweekender.co.nz,nz,NZ,East Asia & Pacific,OTHER,PLATFORM,0,0,0,0,0,0,0,NATIONAL
ukraine,insidernj.com,com,GLOBAL,GLOBAL,GLOBAL,PLATFORM,0,0,0,0,0,0,0,NATIONAL
ukraine,ipsnews.net,net,GLOBAL,GLOBAL,GLOBAL,PLATFORM,0,0,0,0,0,0,0,NATIONAL
ukraine,it-online.co.za,za,ZA,Sub-Saharan Africa,AFRICA,PLATFORM,0,0,0,0,0,0,0,NATIONAL
ukraine,itwire.com,com,GLOBAL,GLOBAL,GLOBAL,PLATFORM,0,0,0,0,0,0,0,NATIONAL
ukraine,itwire.com:443,NA,NA,NA,OTHER,PLATFORM,0,0,0,0,0,0,0,PLATFORM
ukraine,jamaica.loopnews.com,com,GLOBAL,GLOBAL,GLOBAL,PLATFORM,0,0,0,0,0,0,0,NATIONAL
ukraine,janes.com,com,GLOBAL,GLOBAL,GLOBAL,PLATFORM,0,0,0,0,0,0,0,NATIONAL
ukraine,jetradio1400.iheart.com,com,GLOBAL,GLOBAL,GLOBAL,PLATFORM,0,0,0,0,0,0,0,NATIONAL
ukraine,kasu.org,org,GLOBAL,GLOBAL,GLOBAL,PLATFORM,0,0,0,0,0,0,0,NATIONAL
ukraine,kc101.iheart.com,com,GLOBAL,GLOBAL,GLOBAL,PLATFORM,0,0,0,0,0,0,0,NATIONAL
ukraine,keithandthegirl.com,com,GLOBAL,GLOBAL,GLOBAL,PLATFORM,0,0,0,0,0,0,0,NATIONAL
ukraine,kenw.org,org,GLOBAL,GLOBAL,GLOBAL,PLATFORM,0,0,0,0,0,0,0,NATIONAL
ukraine,ketv.com,com,GLOBAL,GLOBAL,GLOBAL,PLATFORM,0,0,0,0,0,0,0,NATIONAL
ukraine,kezj.com,com,GLOBAL,GLOBAL,GLOBAL,PLATFORM,0,0,0,0,0,0,0,NATIONAL
ukraine,kfan.iheart.com,com,GLOBAL,GLOBAL,GLOBAL,PLATFORM,0,0,0,0,0,0,0,NATIONAL
ukraine,kfanplus.iheart.com,com,GLOBAL,GLOBAL,GLOBAL,PLATFORM,0,0,0,0,0,0,0,NATIONAL
ukraine,kjrh.com,com,GLOBAL,GLOBAL,GLOBAL,PLATFORM,0,0,0,0,0,0,0,NATIONAL
ukraine,kmjnow.com,com,GLOBAL,GLOBAL,GLOBAL,PLATFORM,0,0,0,0,0,0,0,NATIONAL
ukraine,knco.com,com,GLOBAL,GLOBAL,GLOBAL,PLATFORM,0,0,0,0,0,0,0,NATIONAL
ukraine,krdo.com,com,GLOBAL,GLOBAL,GLOBAL,PLATFORM,0,0,0,0,0,0,0,NATIONAL
ukraine,kstp.com,com,GLOBAL,GLOBAL,GLOBAL,PLATFORM,0,0,0,0,0,0,0,NATIONAL
ukraine,ksut.org,org,GLOBAL,GLOBAL,GLOBAL,PLATFORM,0,0,0,0,0,0,0,NATIONAL
ukraine,ktok.iheart.com,com,GLOBAL,GLOBAL,GLOBAL,PLATFORM,0,0,0,0,0,0,0,NATIONAL
ukraine,kupbilecik.pl,pl,PL,Europe & Central Asia,OTHER,PLATFORM,0,0,0,0,0,0,0,NATIONAL
ukraine,kxy.iheart.com,com,GLOBAL,GLOBAL,GLOBAL,PLATFORM,0,0,0,0,0,0,0,NATIONAL
ukraine,labelsandlabeling.com:443,NA,NA,NA,OTHER,PLATFORM,0,0,0,0,0,0,0,PLATFORM
ukraine,law360.com,com,GLOBAL,GLOBAL,GLOBAL,PLATFORM,0,0,0,0,0,0,0,NATIONAL
ukraine,lcsun-news.com,com,GLOBAL,GLOBAL,GLOBAL,PLATFORM,0,0,0,0,0,0,0,NATIONAL
ukraine,libyaherald.com,com,GLOBAL,GLOBAL,GLOBAL,PLATFORM,0,0,0,0,0,0,0,NATIONAL
ukraine,lmtonline.com,com,GLOBAL,GLOBAL,GLOBAL,PLATFORM,0,0,0,0,0,0,0,NATIONAL
ukraine,madinamerica.com,com,GLOBAL,GLOBAL,GLOBAL,PLATFORM,0,0,0,0,0,0,0,NATIONAL
ukraine,magic96.iheart.com,com,GLOBAL,GLOBAL,GLOBAL,PLATFORM,0,0,0,0,0,0,0,NATIONAL
ukraine,magic983.com,com,GLOBAL,GLOBAL,GLOBAL,PLATFORM,0,0,0,0,0,0,0,NATIONAL
ukraine,mauimagazine.net,net,GLOBAL,GLOBAL,GLOBAL,PLATFORM,0,0,0,0,0,0,0,NATIONAL
ukraine,mei.edu,edu,NA,NA,OTHER,PLATFORM,0,0,0,0,0,0,0,PLATFORM
ukraine,mercatornet.com,com,GLOBAL,GLOBAL,GLOBAL,PLATFORM,0,0,0,0,0,0,0,NATIONAL
ukraine,miamioh.edu,edu,NA,NA,OTHER,PLATFORM,0,0,0,0,0,0,0,PLATFORM
ukraine,mississippivalleypublishing.com,com,GLOBAL,GLOBAL,GLOBAL,PLATFORM,0,0,0,0,0,0,0,NATIONAL
ukraine,mix929.com,com,GLOBAL,GLOBAL,GLOBAL,PLATFORM,0,0,0,0,0,0,0,NATIONAL
ukraine,muskogeephoenix.com,com,GLOBAL,GLOBAL,GLOBAL,PLATFORM,0,0,0,0,0,0,0,NATIONAL
ukraine,nashvillescene.com,com,GLOBAL,GLOBAL,GLOBAL,PLATFORM,0,0,0,0,0,0,0,NATIONAL
ukraine,naturalgasintel.com,com,GLOBAL,GLOBAL,GLOBAL,PLATFORM,0,0,0,0,0,0,0,NATIONAL
ukraine,nbcsandiego.com,com,GLOBAL,GLOBAL,GLOBAL,PLATFORM,0,0,0,0,0,0,0,NATIONAL
ukraine,neowin.net,net,GLOBAL,GLOBAL,GLOBAL,PLATFORM,0,0,0,0,0,0,0,NATIONAL
ukraine,newcountry1039fm.iheart.com,com,GLOBAL,GLOBAL,GLOBAL,PLATFORM,0,0,0,0,0,0,0,NATIONAL
ukraine,news.antiwar.com,com,GLOBAL,GLOBAL,GLOBAL,PLATFORM,0,0,0,0,0,0,0,NATIONAL
ukraine,news.prairiepublic.org,org,GLOBAL,GLOBAL,GLOBAL,PLATFORM,0,0,0,0,0,0,0,NATIONAL
ukraine,newsargus.com,com,GLOBAL,GLOBAL,GLOBAL,PLATFORM,0,0,0,0,0,0,0,NATIONAL
ukraine,newsdakota.com,com,GLOBAL,GLOBAL,GLOBAL,PLATFORM,0,0,0,0,0,0,0,NATIONAL
ukraine,newsdzezimbabwe.co.uk,uk,GB,Europe & Central Asia,OTHER,PLATFORM,0,0,0,0,0,0,0,NATIONAL
ukraine,newsitem.com,com,GLOBAL,GLOBAL,GLOBAL,PLATFORM,0,0,0,0,0,0,0,NATIONAL
ukraine,newstatesman.com,com,GLOBAL,GLOBAL,GLOBAL,PLATFORM,0,0,0,0,0,0,0,NATIONAL
ukraine,njbiz.com,com,GLOBAL,GLOBAL,GLOBAL,PLATFORM,0,0,0,0,0,0,0,NATIONAL
ukraine,northcountrynow.com,com,GLOBAL,GLOBAL,GLOBAL,PLATFORM,0,0,0,0,0,0,0,NATIONAL
ukraine,nottinghampost.com,com,GLOBAL,GLOBAL,GLOBAL,PLATFORM,0,0,0,0,0,0,0,NATIONAL
ukraine,oanow.com,com,GLOBAL,GLOBAL,GLOBAL,PLATFORM,0,0,0,0,0,0,0,NATIONAL
ukraine,oklahomastar.com,com,GLOBAL,GLOBAL,GLOBAL,PLATFORM,0,0,0,0,0,0,0,NATIONAL
ukraine,parade.com,com,GLOBAL,GLOBAL,GLOBAL,PLATFORM,0,0,0,0,0,0,0,NATIONAL
ukraine,paralympic.org,org,GLOBAL,GLOBAL,GLOBAL,PLATFORM,0,0,0,0,0,0,0,NATIONAL
ukraine,parisguardian.com,com,GLOBAL,GLOBAL,GLOBAL,PLATFORM,0,0,0,0,0,0,0,NATIONAL
ukraine,parkrapidsenterprise.com,com,GLOBAL,GLOBAL,GLOBAL,PLATFORM,0,0,0,0,0,0,0,NATIONAL
ukraine,pbn.com,com,GLOBAL,GLOBAL,GLOBAL,PLATFORM,0,0,0,0,0,0,0,NATIONAL
ukraine,photonicsonline.com,com,GLOBAL,GLOBAL,GLOBAL,PLATFORM,0,0,0,0,0,0,0,NATIONAL
ukraine,pikecountycourier.com,com,GLOBAL,GLOBAL,GLOBAL,PLATFORM,0,0,0,0,0,0,0,NATIONAL
ukraine,plasticsnews.com,com,GLOBAL,GLOBAL,GLOBAL,PLATFORM,0,0,0,0,0,0,0,NATIONAL
ukraine,pnj.com,com,GLOBAL,GLOBAL,GLOBAL,PLATFORM,0,0,0,0,0,0,0,NATIONAL
ukraine,police1.com,com,GLOBAL,GLOBAL,GLOBAL,PLATFORM,0,0,0,0,0,0,0,NATIONAL
ukraine,popcrush.com,com,GLOBAL,GLOBAL,GLOBAL,PLATFORM,0,0,0,0,0,0,0,NATIONAL
ukraine,power96radio.com,com,GLOBAL,GLOBAL,GLOBAL,PLATFORM,0,0,0,0,0,0,0,NATIONAL
ukraine,press-citizen.com,com,GLOBAL,GLOBAL,GLOBAL,PLATFORM,0,0,0,0,0,0,0,NATIONAL
ukraine,publicradioeast.org,org,GLOBAL,GLOBAL,GLOBAL,PLATFORM,0,0,0,0,0,0,0,NATIONAL
ukraine,radiojamaicanewsonline.com,com,GLOBAL,GLOBAL,GLOBAL,PLATFORM,0,0,0,0,0,0,0,NATIONAL
ukraine,rejournals.com,com,GLOBAL,GLOBAL,GLOBAL,PLATFORM,0,0,0,0,0,0,0,NATIONAL
ukraine,reporter-times.com,com,GLOBAL,GLOBAL,GLOBAL,PLATFORM,0,0,0,0,0,0,0,NATIONAL
ukraine,richmondandtwickenhamtimes.co.uk,uk,GB,Europe & Central Asia,OTHER,PLATFORM,0,0,0,0,0,0,0,NATIONAL
ukraine,rigzone.com,com,GLOBAL,GLOBAL,GLOBAL,PLATFORM,0,0,0,0,0,0,0,NATIONAL
ukraine,rubbernews.com,com,GLOBAL,GLOBAL,GLOBAL,PLATFORM,0,0,0,0,0,0,0,NATIONAL
ukraine,saps.gov.za,za,ZA,Sub-Saharan Africa,AFRICA,PLATFORM,0,0,0,0,0,0,0,NATIONAL
ukraine,seattlemet.com,com,GLOBAL,GLOBAL,GLOBAL,PLATFORM,0,0,0,0,0,0,0,NATIONAL
ukraine,shanghaisun.com,com,GLOBAL,GLOBAL,GLOBAL,PLATFORM,0,0,0,0,0,0,0,NATIONAL
ukraine,signalscv.com,com,GLOBAL,GLOBAL,GLOBAL,PLATFORM,0,0,0,0,0,0,0,NATIONAL
ukraine,smallcaps.com.au,au,AU,East Asia & Pacific,OTHER,PLATFORM,0,0,0,0,0,0,0,NATIONAL
ukraine,smnewsnet.com,com,GLOBAL,GLOBAL,GLOBAL,PLATFORM,0,0,0,0,0,0,0,NATIONAL
ukraine,snntv.com,com,GLOBAL,GLOBAL,GLOBAL,PLATFORM,0,0,0,0,0,0,0,NATIONAL
ukraine,southernminn.com,com,GLOBAL,GLOBAL,GLOBAL,PLATFORM,0,0,0,0,0,0,0,NATIONAL
ukraine,statecollege.com,com,GLOBAL,GLOBAL,GLOBAL,PLATFORM,0,0,0,0,0,0,0,NATIONAL
ukraine,swtimes.com,com,GLOBAL,GLOBAL,GLOBAL,PLATFORM,0,0,0,0,0,0,0,NATIONAL
ukraine,taiwansun.com,com,GLOBAL,GLOBAL,GLOBAL,PLATFORM,0,0,0,0,0,0,0,NATIONAL
ukraine,texasmonthly.com,com,GLOBAL,GLOBAL,GLOBAL,PLATFORM,0,0,0,0,0,0,0,NATIONAL
ukraine,thehindu.com,com,GLOBAL,GLOBAL,GLOBAL,PLATFORM,0,0,0,0,0,0,0,NATIONAL
ukraine,theindependent.com,com,GLOBAL,GLOBAL,GLOBAL,PLATFORM,0,0,0,0,0,0,0,NATIONAL
ukraine,thekat.iheart.com,com,GLOBAL,GLOBAL,GLOBAL,PLATFORM,0,0,0,0,0,0,0,NATIONAL
ukraine,thenation.com,com,GLOBAL,GLOBAL,GLOBAL,PLATFORM,0,0,0,0,0,0,0,NATIONAL
ukraine,theparisnews.com,com,GLOBAL,GLOBAL,GLOBAL,PLATFORM,0,0,0,0,0,0,0,NATIONAL
ukraine,thereminder.com,com,GLOBAL,GLOBAL,GLOBAL,PLATFORM,0,0,0,0,0,0,0,NATIONAL
ukraine,thesalemnewsonline.com,com,GLOBAL,GLOBAL,GLOBAL,PLATFORM,0,0,0,0,0,0,0,NATIONAL
ukraine,thewesterlysun.com,com,GLOBAL,GLOBAL,GLOBAL,PLATFORM,0,0,0,0,0,0,0,NATIONAL
ukraine,tigerrag.com,com,GLOBAL,GLOBAL,GLOBAL,PLATFORM,0,0,0,0,0,0,0,NATIONAL
ukraine,timesgazette.com,com,GLOBAL,GLOBAL,GLOBAL,PLATFORM,0,0,0,0,0,0,0,NATIONAL
ukraine,timesreporter.com,com,GLOBAL,GLOBAL,GLOBAL,PLATFORM,0,0,0,0,0,0,0,NATIONAL
ukraine,torontosun.com,com,GLOBAL,GLOBAL,GLOBAL,PLATFORM,0,0,0,0,0,0,0,NATIONAL
ukraine,toucharcade.com,com,GLOBAL,GLOBAL,GLOBAL,PLATFORM,0,0,0,0,0,0,0,NATIONAL
ukraine,towsonhs.bcps.org,org,GLOBAL,GLOBAL,GLOBAL,PLATFORM,0,0,0,0,0,0,0,NATIONAL
ukraine,trentonian.ca,ca,CA,North America,OTHER,PLATFORM,0,0,0,0,0,0,0,NATIONAL
ukraine,tribstar.com,com,GLOBAL,GLOBAL,GLOBAL,PLATFORM,0,0,0,0,0,0,0,NATIONAL
ukraine,truebluela.com,com,GLOBAL,GLOBAL,GLOBAL,PLATFORM,0,0,0,0,0,0,0,NATIONAL
ukraine,ukrinform.net,net,GLOBAL,GLOBAL,GLOBAL,PLATFORM,0,0,0,0,0,0,0,NATIONAL
ukraine,und.com,com,GLOBAL,GLOBAL,GLOBAL,PLATFORM,0,0,0,0,0,0,0,NATIONAL
ukraine,understandingwar.org,org,GLOBAL,GLOBAL,GLOBAL,PLATFORM,0,0,0,0,0,0,0,NATIONAL
ukraine,unmultimedia.org,org,GLOBAL,GLOBAL,GLOBAL,PLATFORM,0,0,0,0,0,0,0,NATIONAL
ukraine,v97fm.iheart.com,com,GLOBAL,GLOBAL,GLOBAL,PLATFORM,0,0,0,0,0,0,0,NATIONAL
ukraine,voiceofalexandria.com,com,GLOBAL,GLOBAL,GLOBAL,PLATFORM,0,0,0,0,0,0,0,NATIONAL
ukraine,vpr.org,org,GLOBAL,GLOBAL,GLOBAL,PLATFORM,0,0,0,0,0,0,0,NATIONAL
ukraine,wakg.com,com,GLOBAL,GLOBAL,GLOBAL,PLATFORM,0,0,0,0,0,0,0,NATIONAL
ukraine,wandtv.com,com,GLOBAL,GLOBAL,GLOBAL,PLATFORM,0,0,0,0,0,0,0,NATIONAL
ukraine,wbiw.com,com,GLOBAL,GLOBAL,GLOBAL,PLATFORM,0,0,0,0,0,0,0,NATIONAL
ukraine,wbsm.com,com,GLOBAL,GLOBAL,GLOBAL,PLATFORM,0,0,0,0,0,0,0,NATIONAL
ukraine,wbwn.com,com,GLOBAL,GLOBAL,GLOBAL,PLATFORM,0,0,0,0,0,0,0,NATIONAL
ukraine,wdrb.com,com,GLOBAL,GLOBAL,GLOBAL,PLATFORM,0,0,0,0,0,0,0,NATIONAL
ukraine,wiltonbulletin.com,com,GLOBAL,GLOBAL,GLOBAL,PLATFORM,0,0,0,0,0,0,0,NATIONAL
ukraine,wjimam.com,com,GLOBAL,GLOBAL,GLOBAL,PLATFORM,0,0,0,0,0,0,0,NATIONAL
ukraine,wkkj.iheart.com,com,GLOBAL,GLOBAL,GLOBAL,PLATFORM,0,0,0,0,0,0,0,NATIONAL
ukraine,wmal.com,com,GLOBAL,GLOBAL,GLOBAL,PLATFORM,0,0,0,0,0,0,0,NATIONAL
ukraine,wtkr.com,com,GLOBAL,GLOBAL,GLOBAL,PLATFORM,0,0,0,0,0,0,0,NATIONAL
ukraine,www2.staffingindustry.com,com,GLOBAL,GLOBAL,GLOBAL,PLATFORM,0,0,0,0,0,0,0,NATIONAL
ukraine,wydaily.com,com,GLOBAL,GLOBAL,GLOBAL,PLATFORM,0,0,0,0,0,0,0,NATIONAL
ukraine,wynkcountry.iheart.com,com,GLOBAL,GLOBAL,GLOBAL,PLATFORM,0,0,0,0,0,0,0,NATIONAL
ukraine,z103.fm,fm,NA,NA,OTHER,PLATFORM,0,0,0,0,0,0,0,PLATFORM
ukraine,1045theteam.com,com,GLOBAL,GLOBAL,GLOBAL,PLATFORM,0,0,0,0,0,0,0,NATIONAL
ukraine,1059therock.iheart.com,com,GLOBAL,GLOBAL,GLOBAL,PLATFORM,0,0,0,0,0,0,0,NATIONAL
ukraine,1077thefox.iheart.com,com,GLOBAL,GLOBAL,GLOBAL,PLATFORM,0,0,0,0,0,0,0,NATIONAL
ukraine,10news.com,com,GLOBAL,GLOBAL,GLOBAL,PLATFORM,0,0,0,0,0,0,0,NATIONAL
ukraine,943jackfm.com,com,GLOBAL,GLOBAL,GLOBAL,PLATFORM,0,0,0,0,0,0,0,NATIONAL
ukraine,965bobfm.com,com,GLOBAL,GLOBAL,GLOBAL,PLATFORM,0,0,0,0,0,0,0,NATIONAL
ukraine,967theeagle.net,net,GLOBAL,GLOBAL,GLOBAL,PLATFORM,0,0,0,0,0,0,0,NATIONAL
ukraine,969thelegend.com,com,GLOBAL,GLOBAL,GLOBAL,PLATFORM,0,0,0,0,0,0,0,NATIONAL
ukraine,975wcos.iheart.com,com,GLOBAL,GLOBAL,GLOBAL,PLATFORM,0,0,0,0,0,0,0,NATIONAL
ukraine,991wqik.iheart.com,com,GLOBAL,GLOBAL,GLOBAL,PLATFORM,0,0,0,0,0,0,0,NATIONAL
ukraine,accountingtoday.com,com,GLOBAL,GLOBAL,GLOBAL,PLATFORM,0,0,0,0,0,0,0,NATIONAL
ukraine,addictedtoquack.com,com,GLOBAL,GLOBAL,GLOBAL,PLATFORM,0,0,0,0,0,0,0,NATIONAL
ukraine,advocate.com,com,GLOBAL,GLOBAL,GLOBAL,PLATFORM,0,0,0,0,0,0,0,NATIONAL
ukraine,aei.org,org,GLOBAL,GLOBAL,GLOBAL,PLATFORM,0,0,0,0,0,0,0,NATIONAL
ukraine,alabamanewscenter.com,com,GLOBAL,GLOBAL,GLOBAL,PLATFORM,0,0,0,0,0,0,0,NATIONAL
ukraine,arrl.org,org,GLOBAL,GLOBAL,GLOBAL,PLATFORM,0,0,0,0,0,0,0,NATIONAL
ukraine,attheu.utah.edu,edu,NA,NA,OTHER,PLATFORM,0,0,0,0,0,0,0,PLATFORM
ukraine,atvtoday.co.uk,uk,GB,Europe & Central Asia,OTHER,PLATFORM,0,0,0,0,0,0,0,NATIONAL
ukraine,austinchronicle.com,com,GLOBAL,GLOBAL,GLOBAL,PLATFORM,0,0,0,0,0,0,0,NATIONAL
ukraine,autosphere.ca,ca,CA,North America,OTHER,PLATFORM,0,0,0,0,0,0,0,NATIONAL
ukraine,avn.com,com,GLOBAL,GLOBAL,GLOBAL,PLATFORM,0,0,0,0,0,0,0,NATIONAL
ukraine,axios.com,com,GLOBAL,GLOBAL,GLOBAL,PLATFORM,0,0,0,0,0,0,0,NATIONAL
ukraine,barrie.ctvnews.ca,ca,CA,North America,OTHER,PLATFORM,0,0,0,0,0,0,0,NATIONAL
ukraine,bates.edu,edu,NA,NA,OTHER,PLATFORM,0,0,0,0,0,0,0,PLATFORM
ukraine,bgdailynews.com,com,GLOBAL,GLOBAL,GLOBAL,PLATFORM,0,0,0,0,0,0,0,NATIONAL
ukraine,bicesteradvertiser.net,net,GLOBAL,GLOBAL,GLOBAL,PLATFORM,0,0,0,0,0,0,0,NATIONAL
ukraine,bismarcksmix.iheart.com,com,GLOBAL,GLOBAL,GLOBAL,PLATFORM,0,0,0,0,0,0,0,NATIONAL
ukraine,blogtalkradio.com,com,GLOBAL,GLOBAL,GLOBAL,PLATFORM,0,0,0,0,0,0,0,NATIONAL
ukraine,blufftontoday.com,com,GLOBAL,GLOBAL,GLOBAL,PLATFORM,0,0,0,0,0,0,0,NATIONAL
ukraine,boingboing.net,net,GLOBAL,GLOBAL,GLOBAL,PLATFORM,0,0,0,0,0,0,0,NATIONAL
ukraine,brainerddispatch.com,com,GLOBAL,GLOBAL,GLOBAL,PLATFORM,0,0,0,0,0,0,0,NATIONAL
ukraine,bridgwatermercury.co.uk,uk,GB,Europe & Central Asia,OTHER,PLATFORM,0,0,0,0,0,0,0,NATIONAL
ukraine,buckscountycouriertimes.com,com,GLOBAL,GLOBAL,GLOBAL,PLATFORM,0,0,0,0,0,0,0,NATIONAL
ukraine,bucyrustelegraphforum.com,com,GLOBAL,GLOBAL,GLOBAL,PLATFORM,0,0,0,0,0,0,0,NATIONAL
ukraine,campaignbrief.com,com,GLOBAL,GLOBAL,GLOBAL,PLATFORM,0,0,0,0,0,0,0,NATIONAL
ukraine,cannabisculture.com,com,GLOBAL,GLOBAL,GLOBAL,PLATFORM,0,0,0,0,0,0,0,NATIONAL
ukraine,catholicsentinel.org,org,GLOBAL,GLOBAL,GLOBAL,PLATFORM,0,0,0,0,0,0,0,NATIONAL
ukraine,cato.org,org,GLOBAL,GLOBAL,GLOBAL,PLATFORM,0,0,0,0,0,0,0,NATIONAL
ukraine,cebudailynews.inquirer.net,net,GLOBAL,GLOBAL,GLOBAL,PLATFORM,0,0,0,0,0,0,0,NATIONAL
ukraine,channel4.com,com,GLOBAL,GLOBAL,GLOBAL,PLATFORM,0,0,0,0,0,0,0,NATIONAL
ukraine,chicagonow.com,com,GLOBAL,GLOBAL,GLOBAL,PLATFORM,0,0,0,0,0,0,0,NATIONAL
ukraine,chronicle-tribune.com,com,GLOBAL,GLOBAL,GLOBAL,PLATFORM,0,0,0,0,0,0,0,NATIONAL
ukraine,chroniclejournal.com,com,GLOBAL,GLOBAL,GLOBAL,PLATFORM,0,0,0,0,0,0,0,NATIONAL
ukraine,clintonnewsrecord.com,com,GLOBAL,GLOBAL,GLOBAL,PLATFORM,0,0,0,0,0,0,0,NATIONAL
ukraine,cme.healio.com,com,GLOBAL,GLOBAL,GLOBAL,PLATFORM,0,0,0,0,0,0,0,NATIONAL
ukraine,courthousenews.com,com,GLOBAL,GLOBAL,GLOBAL,PLATFORM,0,0,0,0,0,0,0,NATIONAL
ukraine,crn.com.au,au,AU,East Asia & Pacific,OTHER,PLATFORM,0,0,0,0,0,0,0,NATIONAL
ukraine,daily-journal.com,com,GLOBAL,GLOBAL,GLOBAL,PLATFORM,0,0,0,0,0,0,0,NATIONAL
ukraine,dailyadvance.com,com,GLOBAL,GLOBAL,GLOBAL,PLATFORM,0,0,0,0,0,0,0,NATIONAL
ukraine,dailycommercial.com,com,GLOBAL,GLOBAL,GLOBAL,PLATFORM,0,0,0,0,0,0,0,NATIONAL
ukraine,dailysentinel.com,com,GLOBAL,GLOBAL,GLOBAL,PLATFORM,0,0,0,0,0,0,0,NATIONAL
ukraine,dailytarheel.com,com,GLOBAL,GLOBAL,GLOBAL,PLATFORM,0,0,0,0,0,0,0,NATIONAL
ukraine,decaturish.com,com,GLOBAL,GLOBAL,GLOBAL,PLATFORM,0,0,0,0,0,0,0,NATIONAL
ukraine,delawarepublic.org,org,GLOBAL,GLOBAL,GLOBAL,PLATFORM,0,0,0,0,0,0,0,NATIONAL
ukraine,devdiscourse.com,com,GLOBAL,GLOBAL,GLOBAL,PLATFORM,0,0,0,0,0,0,0,NATIONAL
ukraine,dmagazine.com,com,GLOBAL,GLOBAL,GLOBAL,PLATFORM,0,0,0,0,0,0,0,NATIONAL
ukraine,elonnewsnetwork.com,com,GLOBAL,GLOBAL,GLOBAL,PLATFORM,0,0,0,0,0,0,0,NATIONAL
ukraine,en.vestikavkaza.ru,ru,RU,Europe & Central Asia,OTHER,PLATFORM,0,0,0,0,0,0,0,NATIONAL
ukraine,erienewsnow.com,com,GLOBAL,GLOBAL,GLOBAL,PLATFORM,0,0,0,0,0,0,0,NATIONAL
ukraine,europesun.com,com,GLOBAL,GLOBAL,GLOBAL,PLATFORM,0,0,0,0,0,0,0,NATIONAL
ukraine,fidayi1948.skyrock.com,com,GLOBAL,GLOBAL,GLOBAL,PLATFORM,0,0,0,0,0,0,0,NATIONAL
ukraine,floridastatesman.com,com,GLOBAL,GLOBAL,GLOBAL,PLATFORM,0,0,0,0,0,0,0,NATIONAL
ukraine,focusdailynews.com,com,GLOBAL,GLOBAL,GLOBAL,PLATFORM,0,0,0,0,0,0,0,NATIONAL
ukraine,fool.com.au,au,AU,East Asia & Pacific,OTHER,PLATFORM,0,0,0,0,0,0,0,NATIONAL
ukraine,foreverblueshirts.com,com,GLOBAL,GLOBAL,GLOBAL,PLATFORM,0,0,0,0,0,0,0,NATIONAL
ukraine,foundry-planet.com,com,GLOBAL,GLOBAL,GLOBAL,PLATFORM,0,0,0,0,0,0,0,NATIONAL
ukraine,fourfourtwo.com,com,GLOBAL,GLOBAL,GLOBAL,PLATFORM,0,0,0,0,0,0,0,NATIONAL
ukraine,gardenandgun.com,com,GLOBAL,GLOBAL,GLOBAL,PLATFORM,0,0,0,0,0,0,0,NATIONAL
ukraine,gobison.com,com,GLOBAL,GLOBAL,GLOBAL,PLATFORM,0,0,0,0,0,0,0,NATIONAL
ukraine,goskagit.com,com,GLOBAL,GLOBAL,GLOBAL,PLATFORM,0,0,0,0,0,0,0,NATIONAL
ukraine,gov.ie,ie,NA,NA,OTHER,PLATFORM,0,0,0,0,0,0,0,PLATFORM
ukraine,gp.gov.ua,ua,UA,Europe & Central Asia,OTHER,PLATFORM,0,0,0,0,0,0,0,NATIONAL
ukraine,gp.org,org,GLOBAL,GLOBAL,GLOBAL,PLATFORM,0,0,0,0,0,0,0,NATIONAL
ukraine,gx94radio.com,com,GLOBAL,GLOBAL,GLOBAL,PLATFORM,0,0,0,0,0,0,0,NATIONAL
ukraine,hertsad.co.uk,uk,GB,Europe & Central Asia,OTHER,PLATFORM,0,0,0,0,0,0,0,NATIONAL
ukraine,hits961.iheart.com,com,GLOBAL,GLOBAL,GLOBAL,PLATFORM,0,0,0,0,0,0,0,NATIONAL
ukraine,hongkongherald.com,com,GLOBAL,GLOBAL,GLOBAL,PLATFORM,0,0,0,0,0,0,0,NATIONAL
ukraine,horseandhound.co.uk,uk,GB,Europe & Central Asia,OTHER,PLATFORM,0,0,0,0,0,0,0,NATIONAL
ukraine,horsetalk.co.nz,nz,NZ,East Asia & Pacific,OTHER,PLATFORM,0,0,0,0,0,0,0,NATIONAL
ukraine,iamexpat.de,de,DE,Europe & Central Asia,OTHER,PLATFORM,0,0,0,0,0,0,0,NATIONAL
ukraine,idahopress.com,com,GLOBAL,GLOBAL,GLOBAL,PLATFORM,0,0,0,0,0,0,0,NATIONAL
ukraine,insideedition.com,com,GLOBAL,GLOBAL,GLOBAL,PLATFORM,0,0,0,0,0,0,0,NATIONAL
ukraine,institutionalinvestor.com,com,GLOBAL,GLOBAL,GLOBAL,PLATFORM,0,0,0,0,0,0,0,NATIONAL
ukraine,investordaily.com.au,au,AU,East Asia & Pacific,OTHER,PLATFORM,0,0,0,0,0,0,0,NATIONAL
ukraine,iol.co.za,za,ZA,Sub-Saharan Africa,AFRICA,PLATFORM,0,0,0,0,0,0,0,NATIONAL
ukraine,islingtongazette.co.uk,uk,GB,Europe & Central Asia,OTHER,PLATFORM,0,0,0,0,0,0,0,NATIONAL
ukraine,israelherald.com,com,GLOBAL,GLOBAL,GLOBAL,PLATFORM,0,0,0,0,0,0,0,NATIONAL
ukraine,ivpressonline.com,com,GLOBAL,GLOBAL,GLOBAL,PLATFORM,0,0,0,0,0,0,0,NATIONAL
ukraine,jamn957.iheart.com,com,GLOBAL,GLOBAL,GLOBAL,PLATFORM,0,0,0,0,0,0,0,NATIONAL
ukraine,johnvanderuit.bookslive.co.za,za,ZA,Sub-Saharan Africa,AFRICA,PLATFORM,0,0,0,0,0,0,0,NATIONAL
ukraine,journalgazette.net,net,GLOBAL,GLOBAL,GLOBAL,PLATFORM,0,0,0,0,0,0,0,NATIONAL
ukraine,journalnow.com,com,GLOBAL,GLOBAL,GLOBAL,PLATFORM,0,0,0,0,0,0,0,NATIONAL
ukraine,k923.fm,fm,NA,NA,OTHER,PLATFORM,0,0,0,0,0,0,0,PLATFORM
ukraine,kaaltv.com,com,GLOBAL,GLOBAL,GLOBAL,PLATFORM,0,0,0,0,0,0,0,NATIONAL
ukraine,kansasreflector.com,com,GLOBAL,GLOBAL,GLOBAL,PLATFORM,0,0,0,0,0,0,0,NATIONAL
ukraine,kcalfm.com,com,GLOBAL,GLOBAL,GLOBAL,PLATFORM,0,0,0,0,0,0,0,NATIONAL
ukraine,kfdi.com,com,GLOBAL,GLOBAL,GLOBAL,PLATFORM,0,0,0,0,0,0,0,NATIONAL
ukraine,kiss108.iheart.com,com,GLOBAL,GLOBAL,GLOBAL,PLATFORM,0,0,0,0,0,0,0,NATIONAL
ukraine,krwg.org,org,GLOBAL,GLOBAL,GLOBAL,PLATFORM,0,0,0,0,0,0,0,NATIONAL
ukraine,ktvu.com,com,GLOBAL,GLOBAL,GLOBAL,PLATFORM,0,0,0,0,0,0,0,NATIONAL
ukraine,kwbu.org,org,GLOBAL,GLOBAL,GLOBAL,PLATFORM,0,0,0,0,0,0,0,NATIONAL
ukraine,kwsn.com,com,GLOBAL,GLOBAL,GLOBAL,PLATFORM,0,0,0,0,0,0,0,NATIONAL
ukraine,laist.com,com,GLOBAL,GLOBAL,GLOBAL,PLATFORM,0,0,0,0,0,0,0,NATIONAL
ukraine,laprensalatina.com,com,GLOBAL,GLOBAL,GLOBAL,PLATFORM,0,0,0,0,0,0,0,NATIONAL
ukraine,libertyballers.com,com,GLOBAL,GLOBAL,GLOBAL,PLATFORM,0,0,0,0,0,0,0,NATIONAL
ukraine,live959.com,com,GLOBAL,GLOBAL,GLOBAL,PLATFORM,0,0,0,0,0,0,0,NATIONAL
ukraine,lompocrecord.com,com,GLOBAL,GLOBAL,GLOBAL,PLATFORM,0,0,0,0,0,0,0,NATIONAL
ukraine,mailtribune.com,com,GLOBAL,GLOBAL,GLOBAL,PLATFORM,0,0,0,0,0,0,0,NATIONAL
ukraine,mansfieldnewsjournal.com,com,GLOBAL,GLOBAL,GLOBAL,PLATFORM,0,0,0,0,0,0,0,NATIONAL
ukraine,marieclaire.it,it,IT,Europe & Central Asia,OTHER,PLATFORM,0,0,0,0,0,0,0,NATIONAL
ukraine,marinelink.com,com,GLOBAL,GLOBAL,GLOBAL,PLATFORM,0,0,0,0,0,0,0,NATIONAL
ukraine,melfortjournal.com,com,GLOBAL,GLOBAL,GLOBAL,PLATFORM,0,0,0,0,0,0,0,NATIONAL
ukraine,merrittherald.com,com,GLOBAL,GLOBAL,GLOBAL,PLATFORM,0,0,0,0,0,0,0,NATIONAL
ukraine,michigansthumb.com,com,GLOBAL,GLOBAL,GLOBAL,PLATFORM,0,0,0,0,0,0,0,NATIONAL
ukraine,miningweekly.com,com,GLOBAL,GLOBAL,GLOBAL,PLATFORM,0,0,0,0,0,0,0,NATIONAL
ukraine,myeaglecountry.com,com,GLOBAL,GLOBAL,GLOBAL,PLATFORM,0,0,0,0,0,0,0,NATIONAL
ukraine,mykisscountry937.com,com,GLOBAL,GLOBAL,GLOBAL,PLATFORM,0,0,0,0,0,0,0,NATIONAL
ukraine,mykix1009.iheart.com,com,GLOBAL,GLOBAL,GLOBAL,PLATFORM,0,0,0,0,0,0,0,NATIONAL
ukraine,myspiritfm.com,com,GLOBAL,GLOBAL,GLOBAL,PLATFORM,0,0,0,0,0,0,0,NATIONAL
ukraine,neweurope.eu,eu,NA,NA,OTHER,PLATFORM,0,0,0,0,0,0,0,PLATFORM
ukraine,news.artnet.com,com,GLOBAL,GLOBAL,GLOBAL,PLATFORM,0,0,0,0,0,0,0,NATIONAL
ukraine,news.cgtn.com,com,GLOBAL,GLOBAL,GLOBAL,PLATFORM,0,0,0,0,0,0,0,NATIONAL
ukraine,news.punchjump.com,com,GLOBAL,GLOBAL,GLOBAL,PLATFORM,0,0,0,0,0,0,0,NATIONAL
ukraine,newsletters.theatlantic.com,com,GLOBAL,GLOBAL,GLOBAL,PLATFORM,0,0,0,0,0,0,0,NATIONAL
ukraine,newslj.com,com,GLOBAL,GLOBAL,GLOBAL,PLATFORM,0,0,0,0,0,0,0,NATIONAL
ukraine,newsminer.com,com,GLOBAL,GLOBAL,GLOBAL,PLATFORM,0,0,0,0,0,0,0,NATIONAL
ukraine,newswire.ca,ca,CA,North America,OTHER,PLATFORM,0,0,0,0,0,0,0,NATIONAL
ukraine,nymetroparents.com,com,GLOBAL,GLOBAL,GLOBAL,PLATFORM,0,0,0,0,0,0,0,NATIONAL
ukraine,ohchr.org,org,GLOBAL,GLOBAL,GLOBAL,PLATFORM,0,0,0,0,0,0,0,NATIONAL
ukraine,ohiostandard.com,com,GLOBAL,GLOBAL,GLOBAL,PLATFORM,0,0,0,0,0,0,0,NATIONAL
ukraine,oilandgas360.com,com,GLOBAL,GLOBAL,GLOBAL,PLATFORM,0,0,0,0,0,0,0,NATIONAL
ukraine,pacific.scoop.co.nz,nz,NZ,East Asia & Pacific,OTHER,PLATFORM,0,0,0,0,0,0,0,NATIONAL
ukraine,packworld.com:443,NA,NA,NA,OTHER,PLATFORM,0,0,0,0,0,0,0,PLATFORM
ukraine,paloaltoonline.com,com,GLOBAL,GLOBAL,GLOBAL,PLATFORM,0,0,0,0,0,0,0,NATIONAL
ukraine,panow.com,com,GLOBAL,GLOBAL,GLOBAL,PLATFORM,0,0,0,0,0,0,0,NATIONAL
ukraine,paulickreport.com,com,GLOBAL,GLOBAL,GLOBAL,PLATFORM,0,0,0,0,0,0,0,NATIONAL
ukraine,petapixel.com,com,GLOBAL,GLOBAL,GLOBAL,PLATFORM,0,0,0,0,0,0,0,NATIONAL
ukraine,pfonline.com:443,NA,NA,NA,OTHER,PLATFORM,0,0,0,0,0,0,0,PLATFORM
ukraine,pharostribune.com,com,GLOBAL,GLOBAL,GLOBAL,PLATFORM,0,0,0,0,0,0,0,NATIONAL
ukraine,portsmouth-dailytimes.com,com,GLOBAL,GLOBAL,GLOBAL,PLATFORM,0,0,0,0,0,0,0,NATIONAL
ukraine,portsmouth.co.uk,uk,GB,Europe & Central Asia,OTHER,PLATFORM,0,0,0,0,0,0,0,NATIONAL
ukraine,powerlineblog.com,com,GLOBAL,GLOBAL,GLOBAL,PLATFORM,0,0,0,0,0,0,0,NATIONAL
ukraine,prismmagazine.ca,ca,CA,North America,OTHER,PLATFORM,0,0,0,0,0,0,0,NATIONAL
ukraine,pulse.com.gh,gh,NA,NA,OTHER,PLATFORM,0,0,0,0,0,0,0,PLATFORM
ukraine,radio.wpsu.org,org,GLOBAL,GLOBAL,GLOBAL,PLATFORM,0,0,0,0,0,0,0,NATIONAL
ukraine,rock107mb.iheart.com,com,GLOBAL,GLOBAL,GLOBAL,PLATFORM,0,0,0,0,0,0,0,NATIONAL
ukraine,rosslandtelegraph.com,com,GLOBAL,GLOBAL,GLOBAL,PLATFORM,0,0,0,0,0,0,0,NATIONAL
ukraine,rrdailyherald.com,com,GLOBAL,GLOBAL,GLOBAL,PLATFORM,0,0,0,0,0,0,0,NATIONAL
ukraine,sfist.com,com,GLOBAL,GLOBAL,GLOBAL,PLATFORM,0,0,0,0,0,0,0,NATIONAL
ukraine,shannonside.ie,ie,NA,NA,OTHER,PLATFORM,0,0,0,0,0,0,0,PLATFORM
ukraine,slamonline.com,com,GLOBAL,GLOBAL,GLOBAL,PLATFORM,0,0,0,0,0,0,0,NATIONAL
ukraine,southtahoenow.com,com,GLOBAL,GLOBAL,GLOBAL,PLATFORM,0,0,0,0,0,0,0,NATIONAL
ukraine,standardbredcanada.ca,ca,CA,North America,OTHER,PLATFORM,0,0,0,0,0,0,0,NATIONAL
ukraine,swvatoday.com,com,GLOBAL,GLOBAL,GLOBAL,PLATFORM,0,0,0,0,0,0,0,NATIONAL
ukraine,talkradio1059.iheart.com,com,GLOBAL,GLOBAL,GLOBAL,PLATFORM,0,0,0,0,0,0,0,NATIONAL
ukraine,talkradio1080.iheart.com,com,GLOBAL,GLOBAL,GLOBAL,PLATFORM,0,0,0,0,0,0,0,NATIONAL
ukraine,texastribune.org,org,GLOBAL,GLOBAL,GLOBAL,PLATFORM,0,0,0,0,0,0,0,NATIONAL
ukraine,thearabdailynews.com,com,GLOBAL,GLOBAL,GLOBAL,PLATFORM,0,0,0,0,0,0,0,NATIONAL
ukraine,thebig920.iheart.com,com,GLOBAL,GLOBAL,GLOBAL,PLATFORM,0,0,0,0,0,0,0,NATIONAL
ukraine,thecounty.me,me,NA,NA,OTHER,PLATFORM,0,0,0,0,0,0,0,PLATFORM
ukraine,thegamenashville.com,com,GLOBAL,GLOBAL,GLOBAL,PLATFORM,0,0,0,0,0,0,0,NATIONAL
ukraine,thequietus.com,com,GLOBAL,GLOBAL,GLOBAL,PLATFORM,0,0,0,0,0,0,0,NATIONAL
ukraine,theriver973.iheart.com,com,GLOBAL,GLOBAL,GLOBAL,PLATFORM,0,0,0,0,0,0,0,NATIONAL
ukraine,thetablet.org,org,GLOBAL,GLOBAL,GLOBAL,PLATFORM,0,0,0,0,0,0,0,NATIONAL
ukraine,thetimes-tribune.com,com,GLOBAL,GLOBAL,GLOBAL,PLATFORM,0,0,0,0,0,0,0,NATIONAL
ukraine,theworldlink.com,com,GLOBAL,GLOBAL,GLOBAL,PLATFORM,0,0,0,0,0,0,0,NATIONAL
ukraine,timeout.com,com,GLOBAL,GLOBAL,GLOBAL,PLATFORM,0,0,0,0,0,0,0,NATIONAL
ukraine,tolerance.ca,ca,CA,North America,OTHER,PLATFORM,0,0,0,0,0,0,0,NATIONAL
ukraine,tv6tnt.com,com,GLOBAL,GLOBAL,GLOBAL,PLATFORM,0,0,0,0,0,0,0,NATIONAL
ukraine,undercurrentnews.com,com,GLOBAL,GLOBAL,GLOBAL,PLATFORM,0,0,0,0,0,0,0,NATIONAL
ukraine,unep.org,org,GLOBAL,GLOBAL,GLOBAL,PLATFORM,0,0,0,0,0,0,0,NATIONAL
ukraine,utahindependent.com,com,GLOBAL,GLOBAL,GLOBAL,PLATFORM,0,0,0,0,0,0,0,NATIONAL
ukraine,vcyamerica.org,org,GLOBAL,GLOBAL,GLOBAL,PLATFORM,0,0,0,0,0,0,0,NATIONAL
ukraine,washtimesherald.com,com,GLOBAL,GLOBAL,GLOBAL,PLATFORM,0,0,0,0,0,0,0,NATIONAL
ukraine,wbry.com,com,GLOBAL,GLOBAL,GLOBAL,PLATFORM,0,0,0,0,0,0,0,NATIONAL
ukraine,wbrz.com,com,GLOBAL,GLOBAL,GLOBAL,PLATFORM,0,0,0,0,0,0,0,NATIONAL
ukraine,wcol.iheart.com,com,GLOBAL,GLOBAL,GLOBAL,PLATFORM,0,0,0,0,0,0,0,NATIONAL
ukraine,wflapanamacity.iheart.com,com,GLOBAL,GLOBAL,GLOBAL,PLATFORM,0,0,0,0,0,0,0,NATIONAL
ukraine,wfsu.org,org,GLOBAL,GLOBAL,GLOBAL,PLATFORM,0,0,0,0,0,0,0,NATIONAL
ukraine,wgil.com,com,GLOBAL,GLOBAL,GLOBAL,PLATFORM,0,0,0,0,0,0,0,NATIONAL
ukraine,wheb.iheart.com,com,GLOBAL,GLOBAL,GLOBAL,PLATFORM,0,0,0,0,0,0,0,NATIONAL
ukraine,wiartonecho.com,com,GLOBAL,GLOBAL,GLOBAL,PLATFORM,0,0,0,0,0,0,0,NATIONAL
ukraine,wild1063.iheart.com,com,GLOBAL,GLOBAL,GLOBAL,PLATFORM,0,0,0,0,0,0,0,NATIONAL
ukraine,willmarradio.com,com,GLOBAL,GLOBAL,GLOBAL,PLATFORM,0,0,0,0,0,0,0,NATIONAL
ukraine,wispolitics.com,com,GLOBAL,GLOBAL,GLOBAL,PLATFORM,0,0,0,0,0,0,0,NATIONAL
ukraine,wjbo.iheart.com,com,GLOBAL,GLOBAL,GLOBAL,PLATFORM,0,0,0,0,0,0,0,NATIONAL
ukraine,wlfi.com,com,GLOBAL,GLOBAL,GLOBAL,PLATFORM,0,0,0,0,0,0,0,NATIONAL
ukraine,wnoe.iheart.com,com,GLOBAL,GLOBAL,GLOBAL,PLATFORM,0,0,0,0,0,0,0,NATIONAL
ukraine,workboat.com,com,GLOBAL,GLOBAL,GLOBAL,PLATFORM,0,0,0,0,0,0,0,NATIONAL
ukraine,wtmj.com,com,GLOBAL,GLOBAL,GLOBAL,PLATFORM,0,0,0,0,0,0,0,NATIONAL
ukraine,wunc.org,org,GLOBAL,GLOBAL,GLOBAL,PLATFORM,0,0,0,0,0,0,0,NATIONAL
ukraine,wvtf.org,org,GLOBAL,GLOBAL,GLOBAL,PLATFORM,0,0,0,0,0,0,0,NATIONAL
ukraine,wwe.com,com,GLOBAL,GLOBAL,GLOBAL,PLATFORM,0,0,0,0,0,0,0,NATIONAL
ukraine,y105fm.com,com,GLOBAL,GLOBAL,GLOBAL,PLATFORM,0,0,0,0,0,0,0,NATIONAL
ukraine,z107fm.iheart.com,com,GLOBAL,GLOBAL,GLOBAL,PLATFORM,0,0,0,0,0,0,0,NATIONAL
ukraine,1013wnco.iheart.com,com,GLOBAL,GLOBAL,GLOBAL,PLATFORM,0,0,0,0,0,0,0,NATIONAL
ukraine,1019online.com,com,GLOBAL,GLOBAL,GLOBAL,PLATFORM,0,0,0,0,0,0,0,NATIONAL
ukraine,1023thebullfm.com,com,GLOBAL,GLOBAL,GLOBAL,PLATFORM,0,0,0,0,0,0,0,NATIONAL
ukraine,1025thefox.iheart.com,com,GLOBAL,GLOBAL,GLOBAL,PLATFORM,0,0,0,0,0,0,0,NATIONAL
ukraine,1027kord.com,com,GLOBAL,GLOBAL,GLOBAL,PLATFORM,0,0,0,0,0,0,0,NATIONAL
ukraine,1029now.iheart.com,com,GLOBAL,GLOBAL,GLOBAL,PLATFORM,0,0,0,0,0,0,0,NATIONAL
ukraine,1035kissfmboise.com,com,GLOBAL,GLOBAL,GLOBAL,PLATFORM,0,0,0,0,0,0,0,NATIONAL
ukraine,1049bobfm.iheart.com,com,GLOBAL,GLOBAL,GLOBAL,PLATFORM,0,0,0,0,0,0,0,NATIONAL
ukraine,1049theedge.com,com,GLOBAL,GLOBAL,GLOBAL,PLATFORM,0,0,0,0,0,0,0,NATIONAL
ukraine,1053thefox.iheart.com,com,GLOBAL,GLOBAL,GLOBAL,PLATFORM,0,0,0,0,0,0,0,NATIONAL
ukraine,1470wmbd.com,com,GLOBAL,GLOBAL,GLOBAL,PLATFORM,0,0,0,0,0,0,0,NATIONAL
ukraine,620kmns.iheart.com,com,GLOBAL,GLOBAL,GLOBAL,PLATFORM,0,0,0,0,0,0,0,NATIONAL
ukraine,955thebull.iheart.com,com,GLOBAL,GLOBAL,GLOBAL,PLATFORM,0,0,0,0,0,0,0,NATIONAL
ukraine,959kissfm.com,com,GLOBAL,GLOBAL,GLOBAL,PLATFORM,0,0,0,0,0,0,0,NATIONAL
ukraine,961kissonline.iheart.com,com,GLOBAL,GLOBAL,GLOBAL,PLATFORM,0,0,0,0,0,0,0,NATIONAL
ukraine,adsoftheworld.com,com,GLOBAL,GLOBAL,GLOBAL,PLATFORM,0,0,0,0,0,0,0,NATIONAL
ukraine,airport-technology.com,com,GLOBAL,GLOBAL,GLOBAL,PLATFORM,0,0,0,0,0,0,0,NATIONAL
ukraine,almanacnews.com,com,GLOBAL,GLOBAL,GLOBAL,PLATFORM,0,0,0,0,0,0,0,NATIONAL
ukraine,apr.org,org,GLOBAL,GLOBAL,GLOBAL,PLATFORM,0,0,0,0,0,0,0,NATIONAL
ukraine,argusleader.com,com,GLOBAL,GLOBAL,GLOBAL,PLATFORM,0,0,0,0,0,0,0,NATIONAL
ukraine,arizonadailyindependent.com,com,GLOBAL,GLOBAL,GLOBAL,PLATFORM,0,0,0,0,0,0,0,NATIONAL
ukraine,athletics.bellarmine.edu,edu,NA,NA,OTHER,PLATFORM,0,0,0,0,0,0,0,PLATFORM
ukraine,atlantablackstar.com,com,GLOBAL,GLOBAL,GLOBAL,PLATFORM,0,0,0,0,0,0,0,NATIONAL
ukraine,autofinancenews.net,net,GLOBAL,GLOBAL,GLOBAL,PLATFORM,0,0,0,0,0,0,0,NATIONAL
ukraine,b97fm.iheart.com,com,GLOBAL,GLOBAL,GLOBAL,PLATFORM,0,0,0,0,0,0,0,NATIONAL
ukraine,ballstatedaily.com,com,GLOBAL,GLOBAL,GLOBAL,PLATFORM,0,0,0,0,0,0,0,NATIONAL
ukraine,barcablaugranes.com,com,GLOBAL,GLOBAL,GLOBAL,PLATFORM,0,0,0,0,0,0,0,NATIONAL
ukraine,bartlesvilleradio.com,com,GLOBAL,GLOBAL,GLOBAL,PLATFORM,0,0,0,0,0,0,0,NATIONAL
ukraine,bassfan.com,com,GLOBAL,GLOBAL,GLOBAL,PLATFORM,0,0,0,0,0,0,0,NATIONAL
ukraine,big955chicago.iheart.com,com,GLOBAL,GLOBAL,GLOBAL,PLATFORM,0,0,0,0,0,0,0,NATIONAL
ukraine,biomassmagazine.com,com,GLOBAL,GLOBAL,GLOBAL,PLATFORM,0,0,0,0,0,0,0,NATIONAL
ukraine,brimbanknorthwest.starweekly.com.au,au,AU,East Asia & Pacific,OTHER,PLATFORM,0,0,0,0,0,0,0,NATIONAL
ukraine,broadwayworld.com,com,GLOBAL,GLOBAL,GLOBAL,PLATFORM,0,0,0,0,0,0,0,NATIONAL
ukraine,burgundywave.com,com,GLOBAL,GLOBAL,GLOBAL,PLATFORM,0,0,0,0,0,0,0,NATIONAL
ukraine,carguide.ph,ph,NA,NA,OTHER,PLATFORM,0,0,0,0,0,0,0,PLATFORM
ukraine,catholicculture.org,org,GLOBAL,GLOBAL,GLOBAL,PLATFORM,0,0,0,0,0,0,0,NATIONAL
ukraine,cheknews.ca,ca,CA,North America,OTHER,PLATFORM,0,0,0,0,0,0,0,NATIONAL
ukraine,christianpost.com,com,GLOBAL,GLOBAL,GLOBAL,PLATFORM,0,0,0,0,0,0,0,NATIONAL
ukraine,christianpost.com:443,NA,NA,NA,OTHER,PLATFORM,0,0,0,0,0,0,0,PLATFORM
ukraine,citybeat.com,com,GLOBAL,GLOBAL,GLOBAL,PLATFORM,0,0,0,0,0,0,0,NATIONAL
ukraine,cochranetimespost.ca,ca,CA,North America,OTHER,PLATFORM,0,0,0,0,0,0,0,NATIONAL
ukraine,couriernews.com,com,GLOBAL,GLOBAL,GLOBAL,PLATFORM,0,0,0,0,0,0,0,NATIONAL
ukraine,ctinsider.com,com,GLOBAL,GLOBAL,GLOBAL,PLATFORM,0,0,0,0,0,0,0,NATIONAL
ukraine,dailyindependent.com,com,GLOBAL,GLOBAL,GLOBAL,PLATFORM,0,0,0,0,0,0,0,NATIONAL
ukraine,dailyunion.com,com,GLOBAL,GLOBAL,GLOBAL,PLATFORM,0,0,0,0,0,0,0,NATIONAL
ukraine,danburycountry.com,com,GLOBAL,GLOBAL,GLOBAL,PLATFORM,0,0,0,0,0,0,0,NATIONAL
ukraine,darlingtonandstocktontimes.co.uk,uk,GB,Europe & Central Asia,OTHER,PLATFORM,0,0,0,0,0,0,0,NATIONAL
ukraine,defenseone.com,com,GLOBAL,GLOBAL,GLOBAL,PLATFORM,0,0,0,0,0,0,0,NATIONAL
ukraine,desmoinesregister.com,com,GLOBAL,GLOBAL,GLOBAL,PLATFORM,0,0,0,0,0,0,0,NATIONAL
ukraine,dovepress.com,com,GLOBAL,GLOBAL,GLOBAL,PLATFORM,0,0,0,0,0,0,0,NATIONAL
ukraine,drbicuspid.com,com,GLOBAL,GLOBAL,GLOBAL,PLATFORM,0,0,0,0,0,0,0,NATIONAL
ukraine,easternherald.com,com,GLOBAL,GLOBAL,GLOBAL,PLATFORM,0,0,0,0,0,0,0,NATIONAL
ukraine,el-observador.com,com,GLOBAL,GLOBAL,GLOBAL,PLATFORM,0,0,0,0,0,0,0,NATIONAL
ukraine,ellsworthamerican.com,com,GLOBAL,GLOBAL,GLOBAL,PLATFORM,0,0,0,0,0,0,0,NATIONAL
ukraine,energyintel.com,com,GLOBAL,GLOBAL,GLOBAL,PLATFORM,0,0,0,0,0,0,0,NATIONAL
ukraine,ephotozine.com,com,GLOBAL,GLOBAL,GLOBAL,PLATFORM,0,0,0,0,0,0,0,NATIONAL
ukraine,eureporter.co,co,NA,NA,OTHER,PLATFORM,0,0,0,0,0,0,0,PLATFORM
ukraine,expertclick.com,com,GLOBAL,GLOBAL,GLOBAL,PLATFORM,0,0,0,0,0,0,0,NATIONAL
ukraine,fbcnews.com.fj,fj,NA,NA,OTHER,PLATFORM,0,0,0,0,0,0,0,PLATFORM
ukraine,fijivillage.com,com,GLOBAL,GLOBAL,GLOBAL,PLATFORM,0,0,0,0,0,0,0,NATIONAL
ukraine,floridagators.com,com,GLOBAL,GLOBAL,GLOBAL,PLATFORM,0,0,0,0,0,0,0,NATIONAL
ukraine,football.london,london,NA,NA,OTHER,PLATFORM,0,0,0,0,0,0,0,PLATFORM
ukraine,fox9.com,com,GLOBAL,GLOBAL,GLOBAL,PLATFORM,0,0,0,0,0,0,0,NATIONAL
ukraine,froggy1003.com,com,GLOBAL,GLOBAL,GLOBAL,PLATFORM,0,0,0,0,0,0,0,NATIONAL
ukraine,gazetteandherald.co.uk,uk,GB,Europe & Central Asia,OTHER,PLATFORM,0,0,0,0,0,0,0,NATIONAL
ukraine,gloucestertimes.com,com,GLOBAL,GLOBAL,GLOBAL,PLATFORM,0,0,0,0,0,0,0,NATIONAL
ukraine,goducks.com,com,GLOBAL,GLOBAL,GLOBAL,PLATFORM,0,0,0,0,0,0,0,NATIONAL
ukraine,grmdaily.com,com,GLOBAL,GLOBAL,GLOBAL,PLATFORM,0,0,0,0,0,0,0,NATIONAL
ukraine,hendersondispatch.com,com,GLOBAL,GLOBAL,GLOBAL,PLATFORM,0,0,0,0,0,0,0,NATIONAL
ukraine,highlandradio.com,com,GLOBAL,GLOBAL,GLOBAL,PLATFORM,0,0,0,0,0,0,0,NATIONAL
ukraine,hits96.com,com,GLOBAL,GLOBAL,GLOBAL,PLATFORM,0,0,0,0,0,0,0,NATIONAL
ukraine,hombre1.com,com,GLOBAL,GLOBAL,GLOBAL,PLATFORM,0,0,0,0,0,0,0,NATIONAL
ukraine,housingwire.com,com,GLOBAL,GLOBAL,GLOBAL,PLATFORM,0,0,0,0,0,0,0,NATIONAL
ukraine,howtogeek.com,com,GLOBAL,GLOBAL,GLOBAL,PLATFORM,0,0,0,0,0,0,0,NATIONAL
ukraine,hulldailymail.co.uk,uk,GB,Europe & Central Asia,OTHER,PLATFORM,0,0,0,0,0,0,0,NATIONAL
ukraine,hydrocarbonprocessing.com,com,GLOBAL,GLOBAL,GLOBAL,PLATFORM,0,0,0,0,0,0,0,NATIONAL
ukraine,irishamerica.com,com,GLOBAL,GLOBAL,GLOBAL,PLATFORM,0,0,0,0,0,0,0,NATIONAL
ukraine,jamn1075.iheart.com,com,GLOBAL,GLOBAL,GLOBAL,PLATFORM,0,0,0,0,0,0,0,NATIONAL
ukraine,journal-spectator.com,com,GLOBAL,GLOBAL,GLOBAL,PLATFORM,0,0,0,0,0,0,0,NATIONAL
ukraine,juxtapoz.com,com,GLOBAL,GLOBAL,GLOBAL,PLATFORM,0,0,0,0,0,0,0,NATIONAL
ukraine,karennews.org,org,GLOBAL,GLOBAL,GLOBAL,PLATFORM,0,0,0,0,0,0,0,NATIONAL
ukraine,kbat.com,com,GLOBAL,GLOBAL,GLOBAL,PLATFORM,0,0,0,0,0,0,0,NATIONAL
ukraine,kcbx.org,org,GLOBAL,GLOBAL,GLOBAL,PLATFORM,0,0,0,0,0,0,0,NATIONAL
ukraine,kixcountry929.iheart.com,com,GLOBAL,GLOBAL,GLOBAL,PLATFORM,0,0,0,0,0,0,0,NATIONAL
ukraine,knrs.iheart.com,com,GLOBAL,GLOBAL,GLOBAL,PLATFORM,0,0,0,0,0,0,0,NATIONAL
ukraine,kobi5.com,com,GLOBAL,GLOBAL,GLOBAL,PLATFORM,0,0,0,0,0,0,0,NATIONAL
ukraine,kosu.org,org,GLOBAL,GLOBAL,GLOBAL,PLATFORM,0,0,0,0,0,0,0,NATIONAL
ukraine,kowb1290.com,com,GLOBAL,GLOBAL,GLOBAL,PLATFORM,0,0,0,0,0,0,0,NATIONAL
ukraine,kprr.iheart.com,com,GLOBAL,GLOBAL,GLOBAL,PLATFORM,0,0,0,0,0,0,0,NATIONAL
ukraine,ksl.com,com,GLOBAL,GLOBAL,GLOBAL,PLATFORM,0,0,0,0,0,0,0,NATIONAL
ukraine,kten.com,com,GLOBAL,GLOBAL,GLOBAL,PLATFORM,0,0,0,0,0,0,0,NATIONAL
ukraine,ktvb.com,com,GLOBAL,GLOBAL,GLOBAL,PLATFORM,0,0,0,0,0,0,0,NATIONAL
ukraine,kvoa.com,com,GLOBAL,GLOBAL,GLOBAL,PLATFORM,0,0,0,0,0,0,0,NATIONAL
ukraine,kxt.org,org,GLOBAL,GLOBAL,GLOBAL,PLATFORM,0,0,0,0,0,0,0,NATIONAL
ukraine,kzyx.org,org,GLOBAL,GLOBAL,GLOBAL,PLATFORM,0,0,0,0,0,0,0,NATIONAL
ukraine,lakeexpo.com,com,GLOBAL,GLOBAL,GLOBAL,PLATFORM,0,0,0,0,0,0,0,NATIONAL
ukraine,lakeshoreadvance.com,com,GLOBAL,GLOBAL,GLOBAL,PLATFORM,0,0,0,0,0,0,0,NATIONAL
ukraine,leoweekly.com,com,GLOBAL,GLOBAL,GLOBAL,PLATFORM,0,0,0,0,0,0,0,NATIONAL
ukraine,littleleague.org,org,GLOBAL,GLOBAL,GLOBAL,PLATFORM,0,0,0,0,0,0,0,NATIONAL
ukraine,lvb.com,com,GLOBAL,GLOBAL,GLOBAL,PLATFORM,0,0,0,0,0,0,0,NATIONAL
ukraine,maravipost.com,com,GLOBAL,GLOBAL,GLOBAL,PLATFORM,0,0,0,0,0,0,0,NATIONAL
ukraine,maribyrnonghobsonsbay.starweekly.com.au,au,AU,East Asia & Pacific,OTHER,PLATFORM,0,0,0,0,0,0,0,NATIONAL
ukraine,massdevice.com,com,GLOBAL,GLOBAL,GLOBAL,PLATFORM,0,0,0,0,0,0,0,NATIONAL
ukraine,meadvilletribune.com,com,GLOBAL,GLOBAL,GLOBAL,PLATFORM,0,0,0,0,0,0,0,NATIONAL
ukraine,medicalxpress.com,com,GLOBAL,GLOBAL,GLOBAL,PLATFORM,0,0,0,0,0,0,0,NATIONAL
ukraine,meltonmoorabool.starweekly.com.au,au,AU,East Asia & Pacific,OTHER,PLATFORM,0,0,0,0,0,0,0,NATIONAL
ukraine,michigan.gov,gov,NA,NA,OTHER,PLATFORM,0,0,0,1,0,0,1,GOV
ukraine,misericordia.edu,edu,NA,NA,OTHER,PLATFORM,0,0,0,0,0,0,0,PLATFORM
ukraine,mix923fm.iheart.com,com,GLOBAL,GLOBAL,GLOBAL,PLATFORM,0,0,0,0,0,0,0,NATIONAL
ukraine,mix931.iheart.com,com,GLOBAL,GLOBAL,GLOBAL,PLATFORM,0,0,0,0,0,0,0,NATIONAL
ukraine,mix977.iheart.com,com,GLOBAL,GLOBAL,GLOBAL,PLATFORM,0,0,0,0,0,0,0,NATIONAL
ukraine,modernghana.com,com,GLOBAL,GLOBAL,GLOBAL,PLATFORM,0,0,0,0,0,0,0,NATIONAL
ukraine,modernhealthcare.com,com,GLOBAL,GLOBAL,GLOBAL,PLATFORM,0,0,0,0,0,0,0,NATIONAL
ukraine,mondotimes.com,com,GLOBAL,GLOBAL,GLOBAL,PLATFORM,0,0,0,0,0,0,0,NATIONAL
ukraine,mydailysentinel.com,com,GLOBAL,GLOBAL,GLOBAL,PLATFORM,0,0,0,0,0,0,0,NATIONAL
ukraine,mykiss1031.com,com,GLOBAL,GLOBAL,GLOBAL,PLATFORM,0,0,0,0,0,0,0,NATIONAL
ukraine,mymajic933.com,com,GLOBAL,GLOBAL,GLOBAL,PLATFORM,0,0,0,0,0,0,0,NATIONAL
ukraine,mymixfm.com,com,GLOBAL,GLOBAL,GLOBAL,PLATFORM,0,0,0,0,0,0,0,NATIONAL
ukraine,myradiolink.com,com,GLOBAL,GLOBAL,GLOBAL,PLATFORM,0,0,0,0,0,0,0,NATIONAL
ukraine,nbcchicago.com,com,GLOBAL,GLOBAL,GLOBAL,PLATFORM,0,0,0,0,0,0,0,NATIONAL
ukraine,newnigerianpolitics.com,com,GLOBAL,GLOBAL,GLOBAL,PLATFORM,0,0,0,0,0,0,0,NATIONAL
ukraine,news.ohsu.edu,edu,NA,NA,OTHER,PLATFORM,0,0,0,0,0,0,0,PLATFORM
ukraine,newsradio710.iheart.com,com,GLOBAL,GLOBAL,GLOBAL,PLATFORM,0,0,0,0,0,0,0,NATIONAL
ukraine,newsregister.com,com,GLOBAL,GLOBAL,GLOBAL,PLATFORM,0,0,0,0,0,0,0,NATIONAL
ukraine,newswatchman.com,com,GLOBAL,GLOBAL,GLOBAL,PLATFORM,0,0,0,0,0,0,0,NATIONAL
ukraine,northern-times.co.uk,uk,GB,Europe & Central Asia,OTHER,PLATFORM,0,0,0,0,0,0,0,NATIONAL
ukraine,northern.starweekly.com.au,au,AU,East Asia & Pacific,OTHER,PLATFORM,0,0,0,0,0,0,0,NATIONAL
ukraine,oaoa.com,com,GLOBAL,GLOBAL,GLOBAL,PLATFORM,0,0,0,0,0,0,0,NATIONAL
ukraine,obituaries.tribstar.com,com,GLOBAL,GLOBAL,GLOBAL,PLATFORM,0,0,0,0,0,0,0,NATIONAL
ukraine,oldies935.iheart.com,com,GLOBAL,GLOBAL,GLOBAL,PLATFORM,0,0,0,0,0,0,0,NATIONAL
ukraine,osubeavers.com,com,GLOBAL,GLOBAL,GLOBAL,PLATFORM,0,0,0,0,0,0,0,NATIONAL
ukraine,ottawasun.com,com,GLOBAL,GLOBAL,GLOBAL,PLATFORM,0,0,0,0,0,0,0,NATIONAL
ukraine,powderbulksolids.com,com,GLOBAL,GLOBAL,GLOBAL,PLATFORM,0,0,0,0,0,0,0,NATIONAL
ukraine,poweronline.com,com,GLOBAL,GLOBAL,GLOBAL,PLATFORM,0,0,0,0,0,0,0,NATIONAL
ukraine,railwayage.com,com,GLOBAL,GLOBAL,GLOBAL,PLATFORM,0,0,0,0,0,0,0,NATIONAL
ukraine,rgj.com,com,GLOBAL,GLOBAL,GLOBAL,PLATFORM,0,0,0,0,0,0,0,NATIONAL
ukraine,richlandsource.com,com,GLOBAL,GLOBAL,GLOBAL,PLATFORM,0,0,0,0,0,0,0,NATIONAL
ukraine,riverfronttimes.com,com,GLOBAL,GLOBAL,GLOBAL,PLATFORM,0,0,0,0,0,0,0,NATIONAL
ukraine,science.org,org,GLOBAL,GLOBAL,GLOBAL,PLATFORM,0,0,0,0,0,0,0,NATIONAL
ukraine,singaporestar.com,com,GLOBAL,GLOBAL,GLOBAL,PLATFORM,0,0,0,0,0,0,0,NATIONAL
ukraine,slate.com,com,GLOBAL,GLOBAL,GLOBAL,PLATFORM,0,0,0,0,0,0,0,NATIONAL
ukraine,soapoperadigest.com,com,GLOBAL,GLOBAL,GLOBAL,PLATFORM,0,0,0,0,0,0,0,NATIONAL
ukraine,sootoday.com,com,GLOBAL,GLOBAL,GLOBAL,PLATFORM,0,0,0,0,0,0,0,NATIONAL
ukraine,sunburymacedonranges.starweekly.com.au,au,AU,East Asia & Pacific,OTHER,PLATFORM,0,0,0,0,0,0,0,NATIONAL
ukraine,sunny999fm.iheart.com,com,GLOBAL,GLOBAL,GLOBAL,PLATFORM,0,0,0,0,0,0,0,NATIONAL
ukraine,sunriseseniorliving.com,com,GLOBAL,GLOBAL,GLOBAL,PLATFORM,0,0,0,0,0,0,0,NATIONAL
ukraine,techwire.net,net,GLOBAL,GLOBAL,GLOBAL,PLATFORM,0,0,0,0,0,0,0,NATIONAL
ukraine,techxplore.com,com,GLOBAL,GLOBAL,GLOBAL,PLATFORM,0,0,0,0,0,0,0,NATIONAL
ukraine,thebeatofthecapital.com,com,GLOBAL,GLOBAL,GLOBAL,PLATFORM,0,0,0,0,0,0,0,NATIONAL
ukraine,thedailynewsonline.com,com,GLOBAL,GLOBAL,GLOBAL,PLATFORM,0,0,0,0,0,0,0,NATIONAL
ukraine,thefederalist.com,com,GLOBAL,GLOBAL,GLOBAL,PLATFORM,0,0,0,0,0,0,0,NATIONAL
ukraine,thepulse.org.au,au,AU,East Asia & Pacific,OTHER,PLATFORM,0,0,0,0,0,0,0,NATIONAL
ukraine,theridgefieldpress.com,com,GLOBAL,GLOBAL,GLOBAL,PLATFORM,0,0,0,0,0,0,0,NATIONAL
ukraine,therightscoop.com,com,GLOBAL,GLOBAL,GLOBAL,PLATFORM,0,0,0,0,0,0,0,NATIONAL
ukraine,thescottishsun.co.uk,uk,GB,Europe & Central Asia,OTHER,PLATFORM,0,0,0,0,0,0,0,NATIONAL
ukraine,theusnews.com,com,GLOBAL,GLOBAL,GLOBAL,PLATFORM,0,0,0,0,0,0,0,NATIONAL
ukraine,thevillagereporter.com,com,GLOBAL,GLOBAL,GLOBAL,PLATFORM,0,0,0,0,0,0,0,NATIONAL
ukraine,thewestmorlandgazette.co.uk,uk,GB,Europe & Central Asia,OTHER,PLATFORM,0,0,0,0,0,0,0,NATIONAL
ukraine,thisisanfield.com,com,GLOBAL,GLOBAL,GLOBAL,PLATFORM,0,0,0,0,0,0,0,NATIONAL
ukraine,thv11.com,com,GLOBAL,GLOBAL,GLOBAL,PLATFORM,0,0,0,0,0,0,0,NATIONAL
ukraine,timeoutdoha.com,com,GLOBAL,GLOBAL,GLOBAL,PLATFORM,0,0,0,0,0,0,0,NATIONAL
ukraine,tribtown.com,com,GLOBAL,GLOBAL,GLOBAL,PLATFORM,0,0,0,0,0,0,0,NATIONAL
ukraine,trtworld.com,com,GLOBAL,GLOBAL,GLOBAL,PLATFORM,0,0,1,0,0,0,1,STATE
ukraine,ucnj.org,org,GLOBAL,GLOBAL,GLOBAL,PLATFORM,0,0,0,0,0,0,0,NATIONAL
ukraine,ukaviation.news,news,NA,NA,OTHER,PLATFORM,0,0,0,0,0,0,0,PLATFORM
ukraine,venturesafrica.com,com,GLOBAL,GLOBAL,GLOBAL,PLATFORM,0,0,0,0,0,0,0,NATIONAL
ukraine,waaytv.com,com,GLOBAL,GLOBAL,GLOBAL,PLATFORM,0,0,0,0,0,0,0,NATIONAL
ukraine,wahpetondailynews.com,com,GLOBAL,GLOBAL,GLOBAL,PLATFORM,0,0,0,0,0,0,0,NATIONAL
ukraine,wcnc.com,com,GLOBAL,GLOBAL,GLOBAL,PLATFORM,0,0,0,0,0,0,0,NATIONAL
ukraine,wcvu.iheart.com,com,GLOBAL,GLOBAL,GLOBAL,PLATFORM,0,0,0,0,0,0,0,NATIONAL
ukraine,wgbh.org,org,GLOBAL,GLOBAL,GLOBAL,PLATFORM,0,0,0,0,0,0,0,NATIONAL
ukraine,wgci.iheart.com,com,GLOBAL,GLOBAL,GLOBAL,PLATFORM,0,0,0,0,0,0,0,NATIONAL
ukraine,wgna.com,com,GLOBAL,GLOBAL,GLOBAL,PLATFORM,0,0,0,0,0,0,0,NATIONAL
ukraine,wgnsradio.com,com,GLOBAL,GLOBAL,GLOBAL,PLATFORM,0,0,0,0,0,0,0,NATIONAL
ukraine,wgrz.com,com,GLOBAL,GLOBAL,GLOBAL,PLATFORM,0,0,0,0,0,0,0,NATIONAL
ukraine,whitehousedossier.com,com,GLOBAL,GLOBAL,GLOBAL,PLATFORM,0,0,0,0,0,0,0,NATIONAL
ukraine,whyy.org,org,GLOBAL,GLOBAL,GLOBAL,PLATFORM,0,0,0,0,0,0,0,NATIONAL
ukraine,wiba.iheart.com,com,GLOBAL,GLOBAL,GLOBAL,PLATFORM,0,0,0,0,0,0,0,NATIONAL
ukraine,wild949.iheart.com,com,GLOBAL,GLOBAL,GLOBAL,PLATFORM,0,0,0,0,0,0,0,NATIONAL
ukraine,wimz.com,com,GLOBAL,GLOBAL,GLOBAL,PLATFORM,0,0,0,0,0,0,0,NATIONAL
ukraine,winknews.com,com,GLOBAL,GLOBAL,GLOBAL,PLATFORM,0,0,0,0,0,0,0,NATIONAL
ukraine,winonapost.com,com,GLOBAL,GLOBAL,GLOBAL,PLATFORM,0,0,0,0,0,0,0,NATIONAL
ukraine,wisbusiness.com,com,GLOBAL,GLOBAL,GLOBAL,PLATFORM,0,0,0,0,0,0,0,NATIONAL
ukraine,wjrz.com,com,GLOBAL,GLOBAL,GLOBAL,PLATFORM,0,0,0,0,0,0,0,NATIONAL
ukraine,wkdzradio.com,com,GLOBAL,GLOBAL,GLOBAL,PLATFORM,0,0,0,0,0,0,0,NATIONAL
ukraine,wkyufm.org,org,GLOBAL,GLOBAL,GLOBAL,PLATFORM,0,0,0,0,0,0,0,NATIONAL
ukraine,wmmq.com,com,GLOBAL,GLOBAL,GLOBAL,PLATFORM,0,0,0,0,0,0,0,NATIONAL
ukraine,wncw.org,org,GLOBAL,GLOBAL,GLOBAL,PLATFORM,0,0,0,0,0,0,0,NATIONAL
ukraine,wtbx.com,com,GLOBAL,GLOBAL,GLOBAL,PLATFORM,0,0,0,0,0,0,0,NATIONAL
ukraine,wtsp.com,com,GLOBAL,GLOBAL,GLOBAL,PLATFORM,0,0,0,0,0,0,0,NATIONAL
ukraine,wyndham.starweekly.com.au,au,AU,East Asia & Pacific,OTHER,PLATFORM,0,0,0,0,0,0,0,NATIONAL
ukraine,z943radio.com,com,GLOBAL,GLOBAL,GLOBAL,PLATFORM,0,0,0,0,0,0,0,NATIONAL
gaza,1005thewolf.iheart.com,com,GLOBAL,GLOBAL,GLOBAL,PLATFORM,0,0,0,0,0,0,0,NATIONAL
gaza,1011now.com,com,GLOBAL,GLOBAL,GLOBAL,PLATFORM,0,0,0,0,0,0,0,NATIONAL
gaza,1013kissfm.iheart.com,com,GLOBAL,GLOBAL,GLOBAL,PLATFORM,0,0,0,0,0,0,0,NATIONAL
gaza,1057thebull.iheart.com,com,GLOBAL,GLOBAL,GLOBAL,PLATFORM,0,0,0,0,0,0,0,NATIONAL
gaza,1071kissfm.iheart.com,com,GLOBAL,GLOBAL,GLOBAL,PLATFORM,0,0,0,0,0,0,0,NATIONAL
gaza,38north.org,org,GLOBAL,GLOBAL,GLOBAL,PLATFORM,0,0,0,0,0,0,0,NATIONAL
gaza,49ers.com,com,GLOBAL,GLOBAL,GLOBAL,PLATFORM,0,0,0,0,0,0,0,NATIONAL
gaza,919thebend.ca,ca,CA,North America,OTHER,PLATFORM,0,0,0,0,0,0,0,NATIONAL
gaza,931kmkt.com,com,GLOBAL,GLOBAL,GLOBAL,PLATFORM,0,0,0,0,0,0,0,NATIONAL
gaza,939litefm.iheart.com,com,GLOBAL,GLOBAL,GLOBAL,PLATFORM,0,0,0,0,0,0,0,NATIONAL
gaza,945thehawkradio.com,com,GLOBAL,GLOBAL,GLOBAL,PLATFORM,0,0,0,0,0,0,0,NATIONAL
gaza,957thebeat.iheart.com,com,GLOBAL,GLOBAL,GLOBAL,PLATFORM,0,0,0,0,0,0,0,NATIONAL
gaza,969therock.com,com,GLOBAL,GLOBAL,GLOBAL,PLATFORM,0,0,0,0,0,0,0,NATIONAL
gaza,975thevibe.com,com,GLOBAL,GLOBAL,GLOBAL,PLATFORM,0,0,0,0,0,0,0,NATIONAL
gaza,979kissfm.iheart.com,com,GLOBAL,GLOBAL,GLOBAL,PLATFORM,0,0,0,0,0,0,0,NATIONAL
gaza,981thebreeze.iheart.com,com,GLOBAL,GLOBAL,GLOBAL,PLATFORM,0,0,0,0,0,0,0,NATIONAL
gaza,983try.iheart.com,com,GLOBAL,GLOBAL,GLOBAL,PLATFORM,0,0,0,0,0,0,0,NATIONAL
gaza,98kupd.com,com,GLOBAL,GLOBAL,GLOBAL,PLATFORM,0,0,0,0,0,0,0,NATIONAL
gaza,abc.net.au,au,AU,East Asia & Pacific,OTHER,PLATFORM,0,0,0,0,0,0,0,NATIONAL
gaza,abc10.com,com,GLOBAL,GLOBAL,GLOBAL,PLATFORM,0,0,0,0,0,0,0,NATIONAL
gaza,abc30.com,com,GLOBAL,GLOBAL,GLOBAL,PLATFORM,0,0,0,0,0,0,0,NATIONAL
gaza,abc7chicago.com,com,GLOBAL,GLOBAL,GLOBAL,PLATFORM,0,0,0,0,0,0,0,NATIONAL
gaza,abcnews.go.com,com,GLOBAL,GLOBAL,GLOBAL,PLATFORM,0,0,0,0,0,0,0,NATIONAL
gaza,advocate-news.com,com,GLOBAL,GLOBAL,GLOBAL,PLATFORM,0,0,0,0,0,0,0,NATIONAL
gaza,aei.org,org,GLOBAL,GLOBAL,GLOBAL,PLATFORM,0,0,0,0,0,0,0,NATIONAL
gaza,agassizharrisonobserver.com,com,GLOBAL,GLOBAL,GLOBAL,PLATFORM,0,0,0,0,0,0,0,NATIONAL
gaza,alaskasnewssource.com,com,GLOBAL,GLOBAL,GLOBAL,PLATFORM,0,0,0,0,0,0,0,NATIONAL
gaza,allclassical.org,org,GLOBAL,GLOBAL,GLOBAL,PLATFORM,0,0,0,0,0,0,0,NATIONAL
gaza,allgov.com,com,GLOBAL,GLOBAL,GLOBAL,PLATFORM,0,0,0,0,0,0,0,NATIONAL
gaza,amny.com,com,GLOBAL,GLOBAL,GLOBAL,PLATFORM,0,0,0,0,0,0,0,NATIONAL
gaza,amren.com,com,GLOBAL,GLOBAL,GLOBAL,PLATFORM,0,0,0,0,0,0,0,NATIONAL
gaza,androidheadlines.com,com,GLOBAL,GLOBAL,GLOBAL,PLATFORM,0,0,0,0,0,0,0,NATIONAL
gaza,apnews.com,com,GLOBAL,GLOBAL,GLOBAL,PLATFORM,0,0,0,0,0,0,0,NATIONAL
gaza,asia.nikkei.com,com,GLOBAL,GLOBAL,GLOBAL,PLATFORM,0,0,0,0,0,0,0,NATIONAL
gaza,avclub.com,com,GLOBAL,GLOBAL,GLOBAL,PLATFORM,0,0,0,0,0,0,0,NATIONAL
gaza,barrons.com,com,GLOBAL,GLOBAL,GLOBAL,PLATFORM,0,0,0,0,0,0,0,NATIONAL
gaza,beaufortcountynow.com,com,GLOBAL,GLOBAL,GLOBAL,PLATFORM,0,0,0,0,0,0,0,NATIONAL
gaza,belfastlive.co.uk,uk,GB,Europe & Central Asia,OTHER,PLATFORM,0,0,0,0,0,0,0,NATIONAL
gaza,benzinga.com,com,GLOBAL,GLOBAL,GLOBAL,PLATFORM,0,0,0,0,0,0,0,NATIONAL
gaza,bigfrog104.com,com,GLOBAL,GLOBAL,GLOBAL,PLATFORM,0,0,0,0,0,0,0,NATIONAL
gaza,bignewsnetwork.com,com,GLOBAL,GLOBAL,GLOBAL,PLATFORM,0,0,0,0,0,0,0,NATIONAL
gaza,birminghammail.co.uk,uk,GB,Europe & Central Asia,OTHER,PLATFORM,0,0,0,0,0,0,0,NATIONAL
gaza,biztoc.com,com,GLOBAL,GLOBAL,GLOBAL,PLATFORM,0,0,0,0,0,0,0,NATIONAL
gaza,blazersedge.com,com,GLOBAL,GLOBAL,GLOBAL,PLATFORM,0,0,0,0,0,0,0,NATIONAL
gaza,bloomberg.com,com,GLOBAL,GLOBAL,GLOBAL,PLATFORM,1,0,0,0,0,0,1,FIN
gaza,bobfm.co.uk,uk,GB,Europe & Central Asia,OTHER,PLATFORM,0,0,0,0,0,0,0,NATIONAL
gaza,bondbuyer.com,com,GLOBAL,GLOBAL,GLOBAL,PLATFORM,0,0,0,0,0,0,0,NATIONAL
gaza,bordertelegraph.com,com,GLOBAL,GLOBAL,GLOBAL,PLATFORM,0,0,0,0,0,0,0,NATIONAL
gaza,boston.com,com,GLOBAL,GLOBAL,GLOBAL,PLATFORM,0,0,0,0,0,0,0,NATIONAL
gaza,bostonglobe.com,com,GLOBAL,GLOBAL,GLOBAL,PLATFORM,0,0,0,0,0,0,0,NATIONAL
gaza,bovada.lv,lv,NA,NA,OTHER,PLATFORM,0,0,0,0,0,0,0,PLATFORM
gaza,boxden.com,com,GLOBAL,GLOBAL,GLOBAL,PLATFORM,0,0,0,0,0,0,0,NATIONAL
gaza,bozemanskissfm.com,com,GLOBAL,GLOBAL,GLOBAL,PLATFORM,0,0,0,0,0,0,0,NATIONAL
gaza,brantfordexpositor.ca:443,NA,NA,NA,OTHER,PLATFORM,0,0,0,0,0,0,0,PLATFORM
gaza,brazilsun.com,com,GLOBAL,GLOBAL,GLOBAL,PLATFORM,0,0,0,0,0,0,0,NATIONAL
gaza,breitbart.com:443,NA,NA,NA,OTHER,PLATFORM,0,0,0,0,0,0,0,PLATFORM
gaza,bridgwatermercury.co.uk,uk,GB,Europe & Central Asia,OTHER,PLATFORM,0,0,0,0,0,0,0,NATIONAL
gaza,brooklynvegan.com,com,GLOBAL,GLOBAL,GLOBAL,PLATFORM,0,0,0,0,0,0,0,NATIONAL
gaza,burytimes.co.uk,uk,GB,Europe & Central Asia,OTHER,PLATFORM,0,0,0,0,0,0,0,NATIONAL
gaza,businessworld.in,in,IN,South Asia,OTHER,PLATFORM,0,0,0,0,0,0,0,NATIONAL
gaza,cairnspost.com.au,au,AU,East Asia & Pacific,OTHER,PLATFORM,0,0,0,0,0,0,0,NATIONAL
gaza,carolinacoastonline.com,com,GLOBAL,GLOBAL,GLOBAL,PLATFORM,0,0,0,0,0,0,0,NATIONAL
gaza,carsonnow.org,org,GLOBAL,GLOBAL,GLOBAL,PLATFORM,0,0,0,0,0,0,0,NATIONAL
gaza,cbc.bb,bb,NA,NA,OTHER,PLATFORM,0,0,0,0,0,0,0,PLATFORM
gaza,cbs19.tv,tv,NA,NA,OTHER,PLATFORM,0,0,0,0,0,0,0,PLATFORM
gaza,cbs4indy.com,com,GLOBAL,GLOBAL,GLOBAL,PLATFORM,0,0,0,0,0,0,0,NATIONAL
gaza,cbsnews.com,com,GLOBAL,GLOBAL,GLOBAL,PLATFORM,0,0,0,0,0,0,0,NATIONAL
gaza,cfox.com,com,GLOBAL,GLOBAL,GLOBAL,PLATFORM,0,0,0,0,0,0,0,NATIONAL
gaza,cfweradio.ca,ca,CA,North America,OTHER,PLATFORM,0,0,0,0,0,0,0,NATIONAL
gaza,cgdev.org,org,GLOBAL,GLOBAL,GLOBAL,PLATFORM,0,0,0,0,0,0,0,NATIONAL
gaza,charlotteobserver.com,com,GLOBAL,GLOBAL,GLOBAL,PLATFORM,0,0,0,0,0,0,0,NATIONAL
gaza,chicago.suntimes.com,com,GLOBAL,GLOBAL,GLOBAL,PLATFORM,0,0,0,0,0,0,0,NATIONAL
gaza,christianpost.com,com,GLOBAL,GLOBAL,GLOBAL,PLATFORM,0,0,0,0,0,0,0,NATIONAL
gaza,christianpost.com:443,NA,NA,NA,OTHER,PLATFORM,0,0,0,0,0,0,0,PLATFORM
gaza,chronicleonline.com,com,GLOBAL,GLOBAL,GLOBAL,PLATFORM,0,0,0,0,0,0,0,NATIONAL
gaza,chronogram.com,com,GLOBAL,GLOBAL,GLOBAL,PLATFORM,0,0,0,0,0,0,0,NATIONAL
gaza,cincinnatisun.com,com,GLOBAL,GLOBAL,GLOBAL,PLATFORM,0,0,0,0,0,0,0,NATIONAL
gaza,citynews.com.au,au,AU,East Asia & Pacific,OTHER,PLATFORM,0,0,0,0,0,0,0,NATIONAL
gaza,cleveland19.com,com,GLOBAL,GLOBAL,GLOBAL,PLATFORM,0,0,0,0,0,0,0,NATIONAL
gaza,clevescene.com,com,GLOBAL,GLOBAL,GLOBAL,PLATFORM,0,0,0,0,0,0,0,NATIONAL
gaza,cnn.com,com,GLOBAL,GLOBAL,GLOBAL,PLATFORM,0,0,0,0,0,0,0,NATIONAL
gaza,cnynews.com,com,GLOBAL,GLOBAL,GLOBAL,PLATFORM,0,0,0,0,0,0,0,NATIONAL
gaza,coast1009.com,com,GLOBAL,GLOBAL,GLOBAL,PLATFORM,0,0,0,0,0,0,0,NATIONAL
gaza,columbustelegram.com,com,GLOBAL,GLOBAL,GLOBAL,PLATFORM,0,0,0,0,0,0,0,NATIONAL
gaza,county10.com,com,GLOBAL,GLOBAL,GLOBAL,PLATFORM,0,0,0,0,0,0,0,NATIONAL
gaza,cp24.com,com,GLOBAL,GLOBAL,GLOBAL,PLATFORM,0,0,0,0,0,0,0,NATIONAL
gaza,cravenherald.co.uk,uk,GB,Europe & Central Asia,OTHER,PLATFORM,0,0,0,0,0,0,0,NATIONAL
gaza,crossrhythms.co.uk,uk,GB,Europe & Central Asia,OTHER,PLATFORM,0,0,0,0,0,0,0,NATIONAL
gaza,dailycaller.com,com,GLOBAL,GLOBAL,GLOBAL,PLATFORM,0,0,0,0,0,0,0,NATIONAL
gaza,dailycamera.com,com,GLOBAL,GLOBAL,GLOBAL,PLATFORM,0,0,0,0,0,0,0,NATIONAL
gaza,dailyherald.com,com,GLOBAL,GLOBAL,GLOBAL,PLATFORM,0,0,0,0,0,0,0,NATIONAL
gaza,dailyitem.com,com,GLOBAL,GLOBAL,GLOBAL,PLATFORM,0,0,0,0,0,0,0,NATIONAL
gaza,dailymail.co.uk,uk,GB,Europe & Central Asia,OTHER,PLATFORM,0,0,0,0,0,0,0,NATIONAL
gaza,dailytimes.com,com,GLOBAL,GLOBAL,GLOBAL,PLATFORM,0,0,0,0,0,0,0,NATIONAL
gaza,dallasinnovates.com,com,GLOBAL,GLOBAL,GLOBAL,PLATFORM,0,0,0,0,0,0,0,NATIONAL
gaza,dallasnews.com,com,GLOBAL,GLOBAL,GLOBAL,PLATFORM,0,0,0,0,0,0,0,NATIONAL
gaza,dealgenius.com,com,GLOBAL,GLOBAL,GLOBAL,PLATFORM,0,0,0,0,0,0,0,NATIONAL
gaza,democratherald.com,com,GLOBAL,GLOBAL,GLOBAL,PLATFORM,0,0,0,0,0,0,0,NATIONAL
gaza,devdiscourse.com,com,GLOBAL,GLOBAL,GLOBAL,PLATFORM,0,0,0,0,0,0,0,NATIONAL
gaza,donegalnews.com,com,GLOBAL,GLOBAL,GLOBAL,PLATFORM,0,0,0,0,0,0,0,NATIONAL
gaza,eastidahonews.com,com,GLOBAL,GLOBAL,GLOBAL,PLATFORM,0,0,0,0,0,0,0,NATIONAL
gaza,editorial.rottentomatoes.com,com,GLOBAL,GLOBAL,GLOBAL,PLATFORM,0,0,0,0,0,0,0,NATIONAL
gaza,elwakt.com,com,GLOBAL,GLOBAL,GLOBAL,PLATFORM,0,0,0,0,0,0,0,NATIONAL
gaza,energyintel.com,com,GLOBAL,GLOBAL,GLOBAL,PLATFORM,0,0,0,0,0,0,0,NATIONAL
gaza,enidnews.com,com,GLOBAL,GLOBAL,GLOBAL,PLATFORM,0,0,0,0,0,0,0,NATIONAL
gaza,etonline.com,com,GLOBAL,GLOBAL,GLOBAL,PLATFORM,0,0,0,0,0,0,0,NATIONAL
gaza,eurasiareview.com,com,GLOBAL,GLOBAL,GLOBAL,PLATFORM,0,0,0,0,0,0,0,NATIONAL
gaza,euromaidanpress.com,com,GLOBAL,GLOBAL,GLOBAL,PLATFORM,0,0,0,0,0,0,0,NATIONAL
gaza,exploreseiowa.com,com,GLOBAL,GLOBAL,GLOBAL,PLATFORM,0,0,0,0,0,0,0,NATIONAL
gaza,fairviewpost.com:443,NA,NA,NA,OTHER,PLATFORM,0,0,0,0,0,0,0,PLATFORM
gaza,farmweekly.com.au,au,AU,East Asia & Pacific,OTHER,PLATFORM,0,0,0,0,0,0,0,NATIONAL
gaza,fhtimes.com,com,GLOBAL,GLOBAL,GLOBAL,PLATFORM,0,0,0,0,0,0,0,NATIONAL
gaza,fijitimes.com,com,GLOBAL,GLOBAL,GLOBAL,PLATFORM,0,0,0,0,0,0,0,NATIONAL
gaza,finance.yahoo.com,com,GLOBAL,GLOBAL,GLOBAL,PLATFORM,0,0,0,0,0,0,0,NATIONAL
gaza,fm96.com,com,GLOBAL,GLOBAL,GLOBAL,PLATFORM,0,0,0,0,0,0,0,NATIONAL
gaza,fox13now.com,com,GLOBAL,GLOBAL,GLOBAL,PLATFORM,0,0,0,0,0,0,0,NATIONAL
gaza,fox23.com,com,GLOBAL,GLOBAL,GLOBAL,PLATFORM,0,0,0,0,0,0,0,NATIONAL
gaza,fox7austin.com,com,GLOBAL,GLOBAL,GLOBAL,PLATFORM,0,0,0,0,0,0,0,NATIONAL
gaza,ftw.usatoday.com,com,GLOBAL,GLOBAL,GLOBAL,PLATFORM,0,0,0,0,0,0,0,NATIONAL
gaza,fun107.com,com,GLOBAL,GLOBAL,GLOBAL,PLATFORM,0,0,0,0,0,0,0,NATIONAL
gaza,fxstreet.com,com,GLOBAL,GLOBAL,GLOBAL,PLATFORM,0,0,0,0,0,0,0,NATIONAL
gaza,gambling.com,com,GLOBAL,GLOBAL,GLOBAL,PLATFORM,0,0,0,0,0,0,0,NATIONAL
gaza,gamerevolution.com,com,GLOBAL,GLOBAL,GLOBAL,PLATFORM,0,0,0,0,0,0,0,NATIONAL
gaza,geographicus.com,com,GLOBAL,GLOBAL,GLOBAL,PLATFORM,0,0,0,0,0,0,0,NATIONAL
gaza,gigulate.com,com,GLOBAL,GLOBAL,GLOBAL,PLATFORM,0,0,0,0,0,0,0,NATIONAL
gaza,glamour.com,com,GLOBAL,GLOBAL,GLOBAL,PLATFORM,0,0,0,0,0,0,0,NATIONAL
gaza,global.chinadaily.com.cn,cn,CN,East Asia & Pacific,OTHER,PLATFORM,0,0,0,0,0,0,0,NATIONAL
gaza,globalnews.ca,ca,CA,North America,OTHER,PLATFORM,0,0,0,0,0,0,0,NATIONAL
gaza,goldcoastbulletin.com.au,au,AU,East Asia & Pacific,OTHER,PLATFORM,0,0,0,0,0,0,0,NATIONAL
gaza,goskagit.com,com,GLOBAL,GLOBAL,GLOBAL,PLATFORM,0,0,0,0,0,0,0,NATIONAL
gaza,gothamist.com,com,GLOBAL,GLOBAL,GLOBAL,PLATFORM,0,0,0,0,0,0,0,NATIONAL
gaza,hancinema.net,net,GLOBAL,GLOBAL,GLOBAL,PLATFORM,0,0,0,0,0,0,0,NATIONAL
gaza,hapblog.com,com,GLOBAL,GLOBAL,GLOBAL,PLATFORM,0,0,0,0,0,0,0,NATIONAL
gaza,hastingstribune.com,com,GLOBAL,GLOBAL,GLOBAL,PLATFORM,0,0,0,0,0,0,0,NATIONAL
gaza,health.usnews.com,com,GLOBAL,GLOBAL,GLOBAL,PLATFORM,0,0,0,0,0,0,0,NATIONAL
gaza,hellomagazine.com,com,GLOBAL,GLOBAL,GLOBAL,PLATFORM,0,0,0,0,0,0,0,NATIONAL
gaza,henleystandard.co.uk,uk,GB,Europe & Central Asia,OTHER,PLATFORM,0,0,0,0,0,0,0,NATIONAL
gaza,henricocitizen.com,com,GLOBAL,GLOBAL,GLOBAL,PLATFORM,0,0,0,0,0,0,0,NATIONAL
gaza,her.ie,ie,NA,NA,OTHER,PLATFORM,0,0,0,0,0,0,0,PLATFORM
gaza,heraldsun.com.au,au,AU,East Asia & Pacific,OTHER,PLATFORM,0,0,0,0,0,0,0,NATIONAL
gaza,hindustantimes.com,com,GLOBAL,GLOBAL,GLOBAL,PLATFORM,0,0,0,0,0,0,0,NATIONAL
gaza,hits1061seattle.iheart.com,com,GLOBAL,GLOBAL,GLOBAL,PLATFORM,0,0,0,0,0,0,0,NATIONAL
gaza,hudsoncountyview.com,com,GLOBAL,GLOBAL,GLOBAL,PLATFORM,0,0,0,0,0,0,0,NATIONAL
gaza,huffpost.com,com,GLOBAL,GLOBAL,GLOBAL,PLATFORM,0,0,0,0,0,0,0,NATIONAL
gaza,idahocapitalsun.com,com,GLOBAL,GLOBAL,GLOBAL,PLATFORM,0,0,0,0,0,0,0,NATIONAL
gaza,independenttribune.com,com,GLOBAL,GLOBAL,GLOBAL,PLATFORM,0,0,0,0,0,0,0,NATIONAL
gaza,infowars.com,com,GLOBAL,GLOBAL,GLOBAL,PLATFORM,0,0,0,0,0,0,0,NATIONAL
gaza,insideselfstorage.com,com,GLOBAL,GLOBAL,GLOBAL,PLATFORM,0,0,0,0,0,0,0,NATIONAL
gaza,instyle.com,com,GLOBAL,GLOBAL,GLOBAL,PLATFORM,0,0,0,0,0,0,0,NATIONAL
gaza,investopedia.com,com,GLOBAL,GLOBAL,GLOBAL,PLATFORM,0,0,0,0,0,0,0,NATIONAL
gaza,iranherald.com,com,GLOBAL,GLOBAL,GLOBAL,PLATFORM,0,0,0,0,0,0,0,NATIONAL
gaza,iraqsun.com,com,GLOBAL,GLOBAL,GLOBAL,PLATFORM,0,0,0,0,0,0,0,NATIONAL
gaza,journalnow.com,com,GLOBAL,GLOBAL,GLOBAL,PLATFORM,0,0,0,0,0,0,0,NATIONAL
gaza,jox2fm.com,com,GLOBAL,GLOBAL,GLOBAL,PLATFORM,0,0,0,0,0,0,0,NATIONAL
gaza,juneauempire.com,com,GLOBAL,GLOBAL,GLOBAL,PLATFORM,0,0,0,0,0,0,0,NATIONAL
gaza,kalb.com,com,GLOBAL,GLOBAL,GLOBAL,PLATFORM,0,0,0,0,0,0,0,NATIONAL
gaza,kcra.com,com,GLOBAL,GLOBAL,GLOBAL,PLATFORM,0,0,0,0,0,0,0,NATIONAL
gaza,kdal610.com,com,GLOBAL,GLOBAL,GLOBAL,PLATFORM,0,0,0,0,0,0,0,NATIONAL
gaza,kelo.com,com,GLOBAL,GLOBAL,GLOBAL,PLATFORM,0,0,0,0,0,0,0,NATIONAL
gaza,ketv.com,com,GLOBAL,GLOBAL,GLOBAL,PLATFORM,0,0,0,0,0,0,0,NATIONAL
gaza,kfdm.com,com,GLOBAL,GLOBAL,GLOBAL,PLATFORM,0,0,0,0,0,0,0,NATIONAL
gaza,kgw.com,com,GLOBAL,GLOBAL,GLOBAL,PLATFORM,0,0,0,0,0,0,0,NATIONAL
gaza,kicks99.com,com,GLOBAL,GLOBAL,GLOBAL,PLATFORM,0,0,0,0,0,0,0,NATIONAL
gaza,kingstonthisweek.com:443,NA,NA,NA,OTHER,PLATFORM,0,0,0,0,0,0,0,PLATFORM
gaza,kiss1027fm.iheart.com,com,GLOBAL,GLOBAL,GLOBAL,PLATFORM,0,0,0,0,0,0,0,NATIONAL
gaza,kiss1067.iheart.com,com,GLOBAL,GLOBAL,GLOBAL,PLATFORM,0,0,0,0,0,0,0,NATIONAL
gaza,kisswtlz.com,com,GLOBAL,GLOBAL,GLOBAL,PLATFORM,0,0,0,0,0,0,0,NATIONAL
gaza,kizzmyanthia.com,com,GLOBAL,GLOBAL,GLOBAL,PLATFORM,0,0,0,0,0,0,0,NATIONAL
gaza,kjas.com,com,GLOBAL,GLOBAL,GLOBAL,PLATFORM,0,0,0,0,0,0,0,NATIONAL
gaza,klaq.com,com,GLOBAL,GLOBAL,GLOBAL,PLATFORM,0,0,0,0,0,0,0,NATIONAL
gaza,kmaj1440.com,com,GLOBAL,GLOBAL,GLOBAL,PLATFORM,0,0,0,0,0,0,0,NATIONAL
gaza,knbr.com,com,GLOBAL,GLOBAL,GLOBAL,PLATFORM,0,0,0,0,0,0,0,NATIONAL
gaza,knopnews2.com,com,GLOBAL,GLOBAL,GLOBAL,PLATFORM,0,0,0,0,0,0,0,NATIONAL
gaza,koco.com,com,GLOBAL,GLOBAL,GLOBAL,PLATFORM,0,0,0,0,0,0,0,NATIONAL
gaza,kpcw.org,org,GLOBAL,GLOBAL,GLOBAL,PLATFORM,0,0,0,0,0,0,0,NATIONAL
gaza,kplctv.com,com,GLOBAL,GLOBAL,GLOBAL,PLATFORM,0,0,0,0,0,0,0,NATIONAL
gaza,krcrtv.com,com,GLOBAL,GLOBAL,GLOBAL,PLATFORM,0,0,0,0,0,0,0,NATIONAL
gaza,krqe.com,com,GLOBAL,GLOBAL,GLOBAL,PLATFORM,0,0,0,0,0,0,0,NATIONAL
gaza,ksenam.com,com,GLOBAL,GLOBAL,GLOBAL,PLATFORM,0,0,0,0,0,0,0,NATIONAL
gaza,ksfa860.com,com,GLOBAL,GLOBAL,GLOBAL,PLATFORM,0,0,0,0,0,0,0,NATIONAL
gaza,ksjbam.com,com,GLOBAL,GLOBAL,GLOBAL,PLATFORM,0,0,0,0,0,0,0,NATIONAL
gaza,ksnt.com,com,GLOBAL,GLOBAL,GLOBAL,PLATFORM,0,0,0,0,0,0,0,NATIONAL
gaza,ktiv.com,com,GLOBAL,GLOBAL,GLOBAL,PLATFORM,0,0,0,0,0,0,0,NATIONAL
gaza,ktom.iheart.com,com,GLOBAL,GLOBAL,GLOBAL,PLATFORM,0,0,0,0,0,0,0,NATIONAL
gaza,ktvb.com,com,GLOBAL,GLOBAL,GLOBAL,PLATFORM,0,0,0,0,0,0,0,NATIONAL
gaza,kxlf.com,com,GLOBAL,GLOBAL,GLOBAL,PLATFORM,0,0,0,0,0,0,0,NATIONAL
gaza,kxly.com,com,GLOBAL,GLOBAL,GLOBAL,PLATFORM,0,0,0,0,0,0,0,NATIONAL
gaza,kyma.com,com,GLOBAL,GLOBAL,GLOBAL,PLATFORM,0,0,0,0,0,0,0,NATIONAL
gaza,ladysmithchronicle.com,com,GLOBAL,GLOBAL,GLOBAL,PLATFORM,0,0,0,0,0,0,0,NATIONAL
gaza,lagrandeobserver.com,com,GLOBAL,GLOBAL,GLOBAL,PLATFORM,0,0,0,0,0,0,0,NATIONAL
gaza,lankaweb.com,com,GLOBAL,GLOBAL,GLOBAL,PLATFORM,0,0,0,0,0,0,0,NATIONAL
gaza,latimes.com,com,GLOBAL,GLOBAL,GLOBAL,PLATFORM,0,0,0,0,0,0,0,NATIONAL
gaza,laurinburgexchange.com,com,GLOBAL,GLOBAL,GLOBAL,PLATFORM,0,0,0,0,0,0,0,NATIONAL
gaza,ledburyreporter.co.uk,uk,GB,Europe & Central Asia,OTHER,PLATFORM,0,0,0,0,0,0,0,NATIONAL
gaza,lexology.com,com,GLOBAL,GLOBAL,GLOBAL,PLATFORM,0,0,0,0,0,0,0,NATIONAL
gaza,lexpansion.lexpress.fr,fr,FR,Europe & Central Asia,OTHER,PLATFORM,0,0,0,0,0,0,0,NATIONAL
gaza,lgbtqnation.com,com,GLOBAL,GLOBAL,GLOBAL,PLATFORM,0,0,0,0,0,0,0,NATIONAL
gaza,lifenews.com,com,GLOBAL,GLOBAL,GLOBAL,PLATFORM,0,0,0,0,0,0,0,NATIONAL
gaza,litefm.iheart.com,com,GLOBAL,GLOBAL,GLOBAL,PLATFORM,0,0,0,0,0,0,0,NATIONAL
gaza,liteonline.com,com,GLOBAL,GLOBAL,GLOBAL,PLATFORM,0,0,0,0,0,0,0,NATIONAL
gaza,london.ctvnews.ca,ca,CA,North America,OTHER,PLATFORM,0,0,0,0,0,0,0,NATIONAL
gaza,lportepilot.ca,ca,CA,North America,OTHER,PLATFORM,0,0,0,0,0,0,0,NATIONAL
gaza,macaubusiness.com,com,GLOBAL,GLOBAL,GLOBAL,PLATFORM,0,0,0,0,0,0,0,NATIONAL
gaza,mainichi.jp,jp,JP,East Asia & Pacific,OTHER,PLATFORM,0,0,0,0,0,0,0,NATIONAL
gaza,majic959.iheart.com,com,GLOBAL,GLOBAL,GLOBAL,PLATFORM,0,0,0,0,0,0,0,NATIONAL
gaza,markets.businessinsider.com,com,GLOBAL,GLOBAL,GLOBAL,PLATFORM,0,0,0,0,0,0,0,NATIONAL
gaza,marketwatch.com,com,GLOBAL,GLOBAL,GLOBAL,PLATFORM,1,0,0,0,0,0,1,FIN
gaza,matadornetwork.com,com,GLOBAL,GLOBAL,GLOBAL,PLATFORM,0,0,0,0,0,0,0,NATIONAL
gaza,menafn.com,com,GLOBAL,GLOBAL,GLOBAL,PLATFORM,0,0,0,0,0,0,0,NATIONAL
gaza,metro.us,us,US,North America,OTHER,PLATFORM,0,0,0,0,0,0,0,NATIONAL
gaza,mgoblog.com,com,GLOBAL,GLOBAL,GLOBAL,PLATFORM,0,0,0,0,0,0,0,NATIONAL
gaza,miamistudent.net,net,GLOBAL,GLOBAL,GLOBAL,PLATFORM,0,0,0,0,0,0,0,NATIONAL
gaza,mindat.org,org,GLOBAL,GLOBAL,GLOBAL,PLATFORM,0,0,0,0,0,0,0,NATIONAL
gaza,mirror.co.uk,uk,GB,Europe & Central Asia,OTHER,PLATFORM,0,0,0,0,0,0,0,NATIONAL
gaza,modernreaders.com,com,GLOBAL,GLOBAL,GLOBAL,PLATFORM,0,0,0,0,0,0,0,NATIONAL
gaza,morningstar.com,com,GLOBAL,GLOBAL,GLOBAL,PLATFORM,0,0,0,0,0,0,0,NATIONAL
gaza,msnbc.com,com,GLOBAL,GLOBAL,GLOBAL,PLATFORM,0,0,0,0,0,0,0,NATIONAL
gaza,my1035.com,com,GLOBAL,GLOBAL,GLOBAL,PLATFORM,0,0,0,0,0,0,0,NATIONAL
gaza,mykfan.iheart.com,com,GLOBAL,GLOBAL,GLOBAL,PLATFORM,0,0,0,0,0,0,0,NATIONAL
gaza,mymmanews.com,com,GLOBAL,GLOBAL,GLOBAL,PLATFORM,0,0,0,0,0,0,0,NATIONAL
gaza,mynorthwest.com,com,GLOBAL,GLOBAL,GLOBAL,PLATFORM,0,0,0,0,0,0,0,NATIONAL
gaza,mysouth1061.iheart.com,com,GLOBAL,GLOBAL,GLOBAL,PLATFORM,0,0,0,0,0,0,0,NATIONAL
gaza,n4g.com,com,GLOBAL,GLOBAL,GLOBAL,PLATFORM,0,0,0,0,0,0,0,NATIONAL
gaza,nashfm1065.com,com,GLOBAL,GLOBAL,GLOBAL,PLATFORM,0,0,0,0,0,0,0,NATIONAL
gaza,natlawreview.com,com,GLOBAL,GLOBAL,GLOBAL,PLATFORM,0,0,0,0,0,0,0,NATIONAL
gaza,nbcnews.com,com,GLOBAL,GLOBAL,GLOBAL,PLATFORM,0,0,0,0,0,0,0,NATIONAL
gaza,new.irasciblemusings.com,com,GLOBAL,GLOBAL,GLOBAL,PLATFORM,0,0,0,0,0,0,0,NATIONAL
gaza,newcastleherald.com.au,au,AU,East Asia & Pacific,OTHER,PLATFORM,0,0,0,0,0,0,0,NATIONAL
gaza,newjerseyglobe.com,com,GLOBAL,GLOBAL,GLOBAL,PLATFORM,0,0,0,0,0,0,0,NATIONAL
gaza,news.coinupdate.com,com,GLOBAL,GLOBAL,GLOBAL,PLATFORM,0,0,0,0,0,0,0,NATIONAL
gaza,news.wgcu.org,org,GLOBAL,GLOBAL,GLOBAL,PLATFORM,0,0,0,0,0,0,0,NATIONAL
gaza,news.yahoo.com,com,GLOBAL,GLOBAL,GLOBAL,PLATFORM,0,0,0,0,0,0,0,NATIONAL
gaza,news18.com,com,GLOBAL,GLOBAL,GLOBAL,PLATFORM,0,0,0,0,0,0,0,NATIONAL
gaza,news9.com,com,GLOBAL,GLOBAL,GLOBAL,PLATFORM,0,0,0,0,0,0,0,NATIONAL
gaza,newsandtribune.com,com,GLOBAL,GLOBAL,GLOBAL,PLATFORM,0,0,0,0,0,0,0,NATIONAL
gaza,newsdzezimbabwe.co.uk,uk,GB,Europe & Central Asia,OTHER,PLATFORM,0,0,0,0,0,0,0,NATIONAL
gaza,newson6.com,com,GLOBAL,GLOBAL,GLOBAL,PLATFORM,0,0,0,0,0,0,0,NATIONAL
gaza,newsone.com,com,GLOBAL,GLOBAL,GLOBAL,PLATFORM,0,0,0,0,0,0,0,NATIONAL
gaza,newsregister.com,com,GLOBAL,GLOBAL,GLOBAL,PLATFORM,0,0,0,0,0,0,0,NATIONAL
gaza,newsshopper.co.uk,uk,GB,Europe & Central Asia,OTHER,PLATFORM,0,0,0,0,0,0,0,NATIONAL
gaza,newstalk1130.iheart.com,com,GLOBAL,GLOBAL,GLOBAL,PLATFORM,0,0,0,0,0,0,0,NATIONAL
gaza,newstalk1230.iheart.com,com,GLOBAL,GLOBAL,GLOBAL,PLATFORM,0,0,0,0,0,0,0,NATIONAL
gaza,newtelegraphng.com,com,GLOBAL,GLOBAL,GLOBAL,PLATFORM,0,0,0,0,0,0,0,NATIONAL
gaza,nhpr.org,org,GLOBAL,GLOBAL,GLOBAL,PLATFORM,0,0,0,0,0,0,0,NATIONAL
gaza,northerndailyleader.com.au,au,AU,East Asia & Pacific,OTHER,PLATFORM,0,0,0,0,0,0,0,NATIONAL
gaza,northwestgeorgianews.com,com,GLOBAL,GLOBAL,GLOBAL,PLATFORM,0,0,0,0,0,0,0,NATIONAL
gaza,nowgrenada.com,com,GLOBAL,GLOBAL,GLOBAL,PLATFORM,0,0,0,0,0,0,0,NATIONAL
gaza,nowtoronto.com,com,GLOBAL,GLOBAL,GLOBAL,PLATFORM,0,0,0,0,0,0,0,NATIONAL
gaza,nydailynews.com,com,GLOBAL,GLOBAL,GLOBAL,PLATFORM,0,0,0,0,0,0,0,NATIONAL
gaza,nymag.com,com,GLOBAL,GLOBAL,GLOBAL,PLATFORM,0,0,0,0,0,0,0,NATIONAL
gaza,nypost.com,com,GLOBAL,GLOBAL,GLOBAL,PLATFORM,0,0,0,0,0,0,0,NATIONAL
gaza,nystateofpolitics.com,com,GLOBAL,GLOBAL,GLOBAL,PLATFORM,0,0,0,0,0,0,0,NATIONAL
gaza,obituaries.dailyitem.com,com,GLOBAL,GLOBAL,GLOBAL,PLATFORM,0,0,0,0,0,0,0,NATIONAL
gaza,obituaries.enidnews.com,com,GLOBAL,GLOBAL,GLOBAL,PLATFORM,0,0,0,0,0,0,0,NATIONAL
gaza,obituaries.starbeacon.com,com,GLOBAL,GLOBAL,GLOBAL,PLATFORM,0,0,0,0,0,0,0,NATIONAL
gaza,ocregister.com,com,GLOBAL,GLOBAL,GLOBAL,PLATFORM,0,0,0,0,0,0,0,NATIONAL
gaza,ojaivalleynews.com,com,GLOBAL,GLOBAL,GLOBAL,PLATFORM,0,0,0,0,0,0,0,NATIONAL
gaza,omaha.com,com,GLOBAL,GLOBAL,GLOBAL,PLATFORM,0,0,0,0,0,0,0,NATIONAL
gaza,onmilwaukee.com,com,GLOBAL,GLOBAL,GLOBAL,PLATFORM,0,0,0,0,0,0,0,NATIONAL
gaza,ourquadcities.com,com,GLOBAL,GLOBAL,GLOBAL,PLATFORM,0,0,0,0,0,0,0,NATIONAL
gaza,parkeschampionpost.com.au,au,AU,East Asia & Pacific,OTHER,PLATFORM,0,0,0,0,0,0,0,NATIONAL
gaza,pembrokeobserver.com,com,GLOBAL,GLOBAL,GLOBAL,PLATFORM,0,0,0,0,0,0,0,NATIONAL
gaza,phonearena.com,com,GLOBAL,GLOBAL,GLOBAL,PLATFORM,0,0,0,0,0,0,0,NATIONAL
gaza,pocket-lint.com,com,GLOBAL,GLOBAL,GLOBAL,PLATFORM,0,0,0,0,0,0,0,NATIONAL
gaza,politico.com,com,GLOBAL,GLOBAL,GLOBAL,PLATFORM,0,0,0,0,0,0,0,NATIONAL
gaza,pqbnews.com,com,GLOBAL,GLOBAL,GLOBAL,PLATFORM,0,0,0,0,0,0,0,NATIONAL
gaza,premiumtimesng.com,com,GLOBAL,GLOBAL,GLOBAL,PLATFORM,0,0,0,0,0,0,0,NATIONAL
gaza,pressandguide.com,com,GLOBAL,GLOBAL,GLOBAL,PLATFORM,0,0,0,0,0,0,0,NATIONAL
gaza,promptnewsonline.com,com,GLOBAL,GLOBAL,GLOBAL,PLATFORM,0,0,0,0,0,0,0,NATIONAL
gaza,q957.com,com,GLOBAL,GLOBAL,GLOBAL,PLATFORM,0,0,0,0,0,0,0,NATIONAL
gaza,queenslandcountrylife.com.au,au,AU,East Asia & Pacific,OTHER,PLATFORM,0,0,0,0,0,0,0,NATIONAL
gaza,radiotoday.ie,ie,NA,NA,OTHER,PLATFORM,0,0,0,0,0,0,0,PLATFORM
gaza,real1039fm.iheart.com,com,GLOBAL,GLOBAL,GLOBAL,PLATFORM,0,0,0,0,0,0,0,NATIONAL
gaza,redditchadvertiser.co.uk,uk,GB,Europe & Central Asia,OTHER,PLATFORM,0,0,0,0,0,0,0,NATIONAL
gaza,rejournals.com,com,GLOBAL,GLOBAL,GLOBAL,PLATFORM,0,0,0,0,0,0,0,NATIONAL
gaza,reporterherald.com,com,GLOBAL,GLOBAL,GLOBAL,PLATFORM,0,0,0,0,0,0,0,NATIONAL
gaza,reuters.com,com,GLOBAL,GLOBAL,GLOBAL,PLATFORM,1,0,0,0,0,0,1,FIN
gaza,reviewjournal.com,com,GLOBAL,GLOBAL,GLOBAL,PLATFORM,0,0,0,0,0,0,0,NATIONAL
gaza,richmond-news.com,com,GLOBAL,GLOBAL,GLOBAL,PLATFORM,0,0,0,0,0,0,0,NATIONAL
gaza,richmondregister.com,com,GLOBAL,GLOBAL,GLOBAL,PLATFORM,0,0,0,0,0,0,0,NATIONAL
gaza,rivercountry.newschannelnebraska.com,com,GLOBAL,GLOBAL,GLOBAL,PLATFORM,0,0,0,0,0,0,0,NATIONAL
gaza,robesonian.com,com,GLOBAL,GLOBAL,GLOBAL,PLATFORM,0,0,0,0,0,0,0,NATIONAL
gaza,rollingstone.com,com,GLOBAL,GLOBAL,GLOBAL,PLATFORM,0,0,0,0,0,0,0,NATIONAL
gaza,rottentomatoes.com,com,GLOBAL,GLOBAL,GLOBAL,PLATFORM,0,0,0,0,0,0,0,NATIONAL
gaza,sacbee.com,com,GLOBAL,GLOBAL,GLOBAL,PLATFORM,0,0,0,0,0,0,0,NATIONAL
gaza,santacruzsentinel.com,com,GLOBAL,GLOBAL,GLOBAL,PLATFORM,0,0,0,0,0,0,0,NATIONAL
gaza,santafenewmexican.com,com,GLOBAL,GLOBAL,GLOBAL,PLATFORM,0,0,0,0,0,0,0,NATIONAL
gaza,sawatdeenetwork.com,com,GLOBAL,GLOBAL,GLOBAL,PLATFORM,0,0,0,0,0,0,0,NATIONAL
gaza,scmp.com,com,GLOBAL,GLOBAL,GLOBAL,PLATFORM,0,0,0,0,0,0,0,NATIONAL
gaza,screenrant.com,com,GLOBAL,GLOBAL,GLOBAL,PLATFORM,0,0,0,0,0,0,0,NATIONAL
gaza,sentinelandenterprise.com,com,GLOBAL,GLOBAL,GLOBAL,PLATFORM,0,0,0,0,0,0,0,NATIONAL
gaza,shop-eat-surf.com,com,GLOBAL,GLOBAL,GLOBAL,PLATFORM,0,0,0,0,0,0,0,NATIONAL
gaza,socialmediatoday.com,com,GLOBAL,GLOBAL,GLOBAL,PLATFORM,0,0,0,0,0,0,0,NATIONAL
gaza,southtahoenow.com,com,GLOBAL,GLOBAL,GLOBAL,PLATFORM,0,0,0,0,0,0,0,NATIONAL
gaza,speedway.tucson.com,com,GLOBAL,GLOBAL,GLOBAL,PLATFORM,0,0,0,0,0,0,0,NATIONAL
gaza,standard-freeholder.com:443,NA,NA,NA,OTHER,PLATFORM,0,0,0,0,0,0,0,PLATFORM
gaza,standardspeaker.com,com,GLOBAL,GLOBAL,GLOBAL,PLATFORM,0,0,0,0,0,0,0,NATIONAL
gaza,star941fm.iheart.com,com,GLOBAL,GLOBAL,GLOBAL,PLATFORM,0,0,0,0,0,0,0,NATIONAL
gaza,staradvertiser.com,com,GLOBAL,GLOBAL,GLOBAL,PLATFORM,0,0,0,0,0,0,0,NATIONAL
gaza,starbeacon.com,com,GLOBAL,GLOBAL,GLOBAL,PLATFORM,0,0,0,0,0,0,0,NATIONAL
gaza,startribune.com,com,GLOBAL,GLOBAL,GLOBAL,PLATFORM,0,0,0,0,0,0,0,NATIONAL
gaza,stltoday.com,com,GLOBAL,GLOBAL,GLOBAL,PLATFORM,0,0,0,0,0,0,0,NATIONAL
gaza,stockjournal.com.au,au,AU,East Asia & Pacific,OTHER,PLATFORM,0,0,0,0,0,0,0,NATIONAL
gaza,straitstimes.com,com,GLOBAL,GLOBAL,GLOBAL,PLATFORM,0,0,0,0,0,0,0,NATIONAL
gaza,sun-sentinel.com,com,GLOBAL,GLOBAL,GLOBAL,PLATFORM,0,0,0,0,0,0,0,NATIONAL
gaza,sunnewsonline.com,com,GLOBAL,GLOBAL,GLOBAL,PLATFORM,0,0,0,0,0,0,0,NATIONAL
gaza,sunny1053.iheart.com,com,GLOBAL,GLOBAL,GLOBAL,PLATFORM,0,0,0,0,0,0,0,NATIONAL
gaza,sunny99.iheart.com,com,GLOBAL,GLOBAL,GLOBAL,PLATFORM,0,0,0,0,0,0,0,NATIONAL
gaza,tahlequahdailypress.com,com,GLOBAL,GLOBAL,GLOBAL,PLATFORM,0,0,0,0,0,0,0,NATIONAL
gaza,taiwansun.com,com,GLOBAL,GLOBAL,GLOBAL,PLATFORM,0,0,0,0,0,0,0,NATIONAL
gaza,talkingpointsmemo.com,com,GLOBAL,GLOBAL,GLOBAL,PLATFORM,0,0,0,0,0,0,0,NATIONAL
gaza,tech.co,co,NA,NA,OTHER,PLATFORM,0,0,0,0,0,0,0,PLATFORM
gaza,techdirt.com,com,GLOBAL,GLOBAL,GLOBAL,PLATFORM,0,0,0,0,0,0,0,NATIONAL
gaza,tenterfieldstar.com.au,au,AU,East Asia & Pacific,OTHER,PLATFORM,0,0,0,0,0,0,0,NATIONAL
gaza,theargus.co.uk,uk,GB,Europe & Central Asia,OTHER,PLATFORM,0,0,0,0,0,0,0,NATIONAL
gaza,theathletic.com,com,GLOBAL,GLOBAL,GLOBAL,PLATFORM,0,0,0,0,0,0,0,NATIONAL
gaza,theboxhouston.com,com,GLOBAL,GLOBAL,GLOBAL,PLATFORM,0,0,0,0,0,0,0,NATIONAL
gaza,thecostaricanews.com,com,GLOBAL,GLOBAL,GLOBAL,PLATFORM,0,0,0,0,0,0,0,NATIONAL
gaza,thecounty.me,me,NA,NA,OTHER,PLATFORM,0,0,0,0,0,0,0,PLATFORM
gaza,thedailybeast.com,com,GLOBAL,GLOBAL,GLOBAL,PLATFORM,0,0,0,0,0,0,0,NATIONAL
gaza,thedailyiberian.com,com,GLOBAL,GLOBAL,GLOBAL,PLATFORM,0,0,0,0,0,0,0,NATIONAL
gaza,theglobeandmail.com,com,GLOBAL,GLOBAL,GLOBAL,PLATFORM,0,0,0,0,0,0,0,NATIONAL
gaza,theguardian.com,com,GLOBAL,GLOBAL,GLOBAL,PLATFORM,0,0,0,0,0,0,0,NATIONAL
gaza,thejournal.ie,ie,NA,NA,OTHER,PLATFORM,0,0,0,0,0,0,0,PLATFORM
gaza,themovechannel.com,com,GLOBAL,GLOBAL,GLOBAL,PLATFORM,0,0,0,0,0,0,0,NATIONAL
gaza,thenationonlineng.net,net,GLOBAL,GLOBAL,GLOBAL,PLATFORM,0,0,0,0,0,0,0,NATIONAL
gaza,thenorthernecho.co.uk,uk,GB,Europe & Central Asia,OTHER,PLATFORM,0,0,0,0,0,0,0,NATIONAL
gaza,theobserver.ca:443,NA,NA,NA,OTHER,PLATFORM,0,0,0,0,0,0,0,PLATFORM
gaza,theorion.com,com,GLOBAL,GLOBAL,GLOBAL,PLATFORM,0,0,0,0,0,0,0,NATIONAL
gaza,thepeterboroughexaminer.com,com,GLOBAL,GLOBAL,GLOBAL,PLATFORM,0,0,0,0,0,0,0,NATIONAL
gaza,thepinetree.net,net,GLOBAL,GLOBAL,GLOBAL,PLATFORM,0,0,0,0,0,0,0,NATIONAL
gaza,theprogress.com,com,GLOBAL,GLOBAL,GLOBAL,PLATFORM,0,0,0,0,0,0,0,NATIONAL
gaza,therocket951.com,com,GLOBAL,GLOBAL,GLOBAL,PLATFORM,0,0,0,0,0,0,0,NATIONAL
gaza,therockofrochester.com,com,GLOBAL,GLOBAL,GLOBAL,PLATFORM,0,0,0,0,0,0,0,NATIONAL
gaza,thestar.com,com,GLOBAL,GLOBAL,GLOBAL,PLATFORM,0,0,0,0,0,0,0,NATIONAL
gaza,thestar.com.my,my,NA,NA,OTHER,PLATFORM,0,0,0,0,0,0,0,PLATFORM
gaza,thesunchronicle.com,com,GLOBAL,GLOBAL,GLOBAL,PLATFORM,0,0,0,0,0,0,0,NATIONAL
gaza,thetimes.co.uk,uk,GB,Europe & Central Asia,OTHER,PLATFORM,0,0,0,0,0,0,0,NATIONAL
gaza,tickerreport.com,com,GLOBAL,GLOBAL,GLOBAL,PLATFORM,0,0,0,0,0,0,0,NATIONAL
gaza,tireball.com,com,GLOBAL,GLOBAL,GLOBAL,PLATFORM,0,0,0,0,0,0,0,NATIONAL
gaza,tmz.com,com,GLOBAL,GLOBAL,GLOBAL,PLATFORM,0,0,0,0,0,0,0,NATIONAL
gaza,tnonline.com,com,GLOBAL,GLOBAL,GLOBAL,PLATFORM,0,0,0,0,0,0,0,NATIONAL
gaza,topspeed.com,com,GLOBAL,GLOBAL,GLOBAL,PLATFORM,0,0,0,0,0,0,0,NATIONAL
gaza,trib.com,com,GLOBAL,GLOBAL,GLOBAL,PLATFORM,0,0,0,0,0,0,0,NATIONAL
gaza,tribune242.com,com,GLOBAL,GLOBAL,GLOBAL,PLATFORM,0,0,0,0,0,0,0,NATIONAL
gaza,tristatehomepage.com,com,GLOBAL,GLOBAL,GLOBAL,PLATFORM,0,0,0,0,0,0,0,NATIONAL
gaza,turnto10.com,com,GLOBAL,GLOBAL,GLOBAL,PLATFORM,0,0,0,0,0,0,0,NATIONAL
gaza,tvguide.co.uk,uk,GB,Europe & Central Asia,OTHER,PLATFORM,0,0,0,0,0,0,0,NATIONAL
gaza,ukrainianjournal.com,com,GLOBAL,GLOBAL,GLOBAL,PLATFORM,0,0,0,0,0,0,0,NATIONAL
gaza,urbanmilwaukee.com,com,GLOBAL,GLOBAL,GLOBAL,PLATFORM,0,0,0,0,0,0,0,NATIONAL
gaza,us105fm.com,com,GLOBAL,GLOBAL,GLOBAL,PLATFORM,0,0,0,0,0,0,0,NATIONAL
gaza,usnews.com,com,GLOBAL,GLOBAL,GLOBAL,PLATFORM,0,0,0,0,0,0,0,NATIONAL
gaza,variety.com,com,GLOBAL,GLOBAL,GLOBAL,PLATFORM,0,0,0,0,0,0,0,NATIONAL
gaza,vox.com,com,GLOBAL,GLOBAL,GLOBAL,PLATFORM,0,0,0,0,0,0,0,NATIONAL
gaza,wach.com,com,GLOBAL,GLOBAL,GLOBAL,PLATFORM,0,0,0,0,0,0,0,NATIONAL
gaza,washingtonpost.com,com,GLOBAL,GLOBAL,GLOBAL,PLATFORM,0,0,0,0,0,0,0,NATIONAL
gaza,wbhm.org,org,GLOBAL,GLOBAL,GLOBAL,PLATFORM,0,0,0,0,0,0,0,NATIONAL
gaza,wbkr.com,com,GLOBAL,GLOBAL,GLOBAL,PLATFORM,0,0,0,0,0,0,0,NATIONAL
gaza,wblm.com,com,GLOBAL,GLOBAL,GLOBAL,PLATFORM,0,0,0,0,0,0,0,NATIONAL
gaza,wcyb.com,com,GLOBAL,GLOBAL,GLOBAL,PLATFORM,0,0,0,0,0,0,0,NATIONAL
gaza,wden.com,com,GLOBAL,GLOBAL,GLOBAL,PLATFORM,0,0,0,0,0,0,0,NATIONAL
gaza,wdzz.com,com,GLOBAL,GLOBAL,GLOBAL,PLATFORM,0,0,0,0,0,0,0,NATIONAL
gaza,wegotthiscovered.com,com,GLOBAL,GLOBAL,GLOBAL,PLATFORM,0,0,0,0,0,0,0,NATIONAL
gaza,wellandgood.com,com,GLOBAL,GLOBAL,GLOBAL,PLATFORM,0,0,0,0,0,0,0,NATIONAL
gaza,westerlynews.ca,ca,CA,North America,OTHER,PLATFORM,0,0,0,0,0,0,0,NATIONAL
gaza,westernpeople.ie,ie,NA,NA,OTHER,PLATFORM,0,0,0,0,0,0,0,PLATFORM
gaza,westkentuckystar.com,com,GLOBAL,GLOBAL,GLOBAL,PLATFORM,0,0,0,0,0,0,0,NATIONAL
gaza,wfft.com,com,GLOBAL,GLOBAL,GLOBAL,PLATFORM,0,0,0,0,0,0,0,NATIONAL
gaza,wfsb.com,com,GLOBAL,GLOBAL,GLOBAL,PLATFORM,0,0,0,0,0,0,0,NATIONAL
gaza,wgna.com,com,GLOBAL,GLOBAL,GLOBAL,PLATFORM,0,0,0,0,0,0,0,NATIONAL
gaza,wgni.com,com,GLOBAL,GLOBAL,GLOBAL,PLATFORM,0,0,0,0,0,0,0,NATIONAL
gaza,wharfedaleobserver.co.uk,uk,GB,Europe & Central Asia,OTHER,PLATFORM,0,0,0,0,0,0,0,NATIONAL
gaza,whitecourtstar.com:443,NA,NA,NA,OTHER,PLATFORM,0,0,0,0,0,0,0,PLATFORM
gaza,whky.com,com,GLOBAL,GLOBAL,GLOBAL,PLATFORM,0,0,0,0,0,0,0,NATIONAL
gaza,whp580.iheart.com,com,GLOBAL,GLOBAL,GLOBAL,PLATFORM,0,0,0,0,0,0,0,NATIONAL
gaza,wibqam.com,com,GLOBAL,GLOBAL,GLOBAL,PLATFORM,0,0,0,0,0,0,0,NATIONAL
gaza,wild1029.com,com,GLOBAL,GLOBAL,GLOBAL,PLATFORM,0,0,0,0,0,0,0,NATIONAL
gaza,wild104.iheart.com,com,GLOBAL,GLOBAL,GLOBAL,PLATFORM,0,0,0,0,0,0,0,NATIONAL
gaza,wilx.com,com,GLOBAL,GLOBAL,GLOBAL,PLATFORM,0,0,0,0,0,0,0,NATIONAL
gaza,winnipegfreepress.com,com,GLOBAL,GLOBAL,GLOBAL,PLATFORM,0,0,0,0,0,0,0,NATIONAL
gaza,wirx.com,com,GLOBAL,GLOBAL,GLOBAL,PLATFORM,0,0,0,0,0,0,0,NATIONAL
gaza,wjfw.com,com,GLOBAL,GLOBAL,GLOBAL,PLATFORM,0,0,0,0,0,0,0,NATIONAL
gaza,wkjc.com,com,GLOBAL,GLOBAL,GLOBAL,PLATFORM,0,0,0,0,0,0,0,NATIONAL
gaza,wkrn.com,com,GLOBAL,GLOBAL,GLOBAL,PLATFORM,0,0,0,0,0,0,0,NATIONAL
gaza,wktn.com,com,GLOBAL,GLOBAL,GLOBAL,PLATFORM,0,0,0,0,0,0,0,NATIONAL
gaza,wlox.com,com,GLOBAL,GLOBAL,GLOBAL,PLATFORM,0,0,0,0,0,0,0,NATIONAL
gaza,wlwi.com,com,GLOBAL,GLOBAL,GLOBAL,PLATFORM,0,0,0,0,0,0,0,NATIONAL
gaza,wmeq.iheart.com,com,GLOBAL,GLOBAL,GLOBAL,PLATFORM,0,0,0,0,0,0,0,NATIONAL
gaza,wnaw.com,com,GLOBAL,GLOBAL,GLOBAL,PLATFORM,0,0,0,0,0,0,0,NATIONAL
gaza,wokv.com,com,GLOBAL,GLOBAL,GLOBAL,PLATFORM,0,0,0,0,0,0,0,NATIONAL
gaza,worldboxingnews.net,net,GLOBAL,GLOBAL,GLOBAL,PLATFORM,0,0,0,0,0,0,0,NATIONAL
gaza,wpbf.com,com,GLOBAL,GLOBAL,GLOBAL,PLATFORM,0,0,0,0,0,0,0,NATIONAL
gaza,wpst.com,com,GLOBAL,GLOBAL,GLOBAL,PLATFORM,0,0,0,0,0,0,0,NATIONAL
gaza,wqut.com,com,GLOBAL,GLOBAL,GLOBAL,PLATFORM,0,0,0,0,0,0,0,NATIONAL
gaza,wsbt.com,com,GLOBAL,GLOBAL,GLOBAL,PLATFORM,0,0,0,0,0,0,0,NATIONAL
gaza,wtol.com,com,GLOBAL,GLOBAL,GLOBAL,PLATFORM,0,0,0,0,0,0,0,NATIONAL
gaza,wttf.com,com,GLOBAL,GLOBAL,GLOBAL,PLATFORM,0,0,0,0,0,0,0,NATIONAL
gaza,wvgazettemail.com,com,GLOBAL,GLOBAL,GLOBAL,PLATFORM,0,0,0,0,0,0,0,NATIONAL
gaza,wvik.org,org,GLOBAL,GLOBAL,GLOBAL,PLATFORM,0,0,0,0,0,0,0,NATIONAL
gaza,wvua23.com,com,GLOBAL,GLOBAL,GLOBAL,PLATFORM,0,0,0,0,0,0,0,NATIONAL
gaza,wwaytv3.com,com,GLOBAL,GLOBAL,GLOBAL,PLATFORM,0,0,0,0,0,0,0,NATIONAL
gaza,wxii12.com,com,GLOBAL,GLOBAL,GLOBAL,PLATFORM,0,0,0,0,0,0,0,NATIONAL
gaza,wxxv25.com,com,GLOBAL,GLOBAL,GLOBAL,PLATFORM,0,0,0,0,0,0,0,NATIONAL
gaza,wyff4.com,com,GLOBAL,GLOBAL,GLOBAL,PLATFORM,0,0,0,0,0,0,0,NATIONAL
gaza,yahoo.com,com,GLOBAL,GLOBAL,GLOBAL,PLATFORM,0,0,0,0,0,0,0,NATIONAL
gaza,yen.com.gh,gh,NA,NA,OTHER,PLATFORM,0,0,0,0,0,0,0,PLATFORM
gaza,yogajournal.com,com,GLOBAL,GLOBAL,GLOBAL,PLATFORM,0,0,0,0,0,0,0,NATIONAL
gaza,zrock103.com,com,GLOBAL,GLOBAL,GLOBAL,PLATFORM,0,0,0,0,0,0,0,NATIONAL
gaza,1025thefox.iheart.com,com,GLOBAL,GLOBAL,GLOBAL,PLATFORM,0,0,0,0,0,0,0,NATIONAL
gaza,103jamz.iheart.com,com,GLOBAL,GLOBAL,GLOBAL,PLATFORM,0,0,0,0,0,0,0,NATIONAL
gaza,1041thebeat.iheart.com,com,GLOBAL,GLOBAL,GLOBAL,PLATFORM,0,0,0,0,0,0,0,NATIONAL
gaza,1061fmtalk.iheart.com,com,GLOBAL,GLOBAL,GLOBAL,PLATFORM,0,0,0,0,0,0,0,NATIONAL
gaza,1061thebullyoungstown.iheart.com,com,GLOBAL,GLOBAL,GLOBAL,PLATFORM,0,0,0,0,0,0,0,NATIONAL
gaza,107jamz.com,com,GLOBAL,GLOBAL,GLOBAL,PLATFORM,0,0,0,0,0,0,0,NATIONAL
gaza,710wor.iheart.com,com,GLOBAL,GLOBAL,GLOBAL,PLATFORM,0,0,0,0,0,0,0,NATIONAL
gaza,925rocks.iheart.com,com,GLOBAL,GLOBAL,GLOBAL,PLATFORM,0,0,0,0,0,0,0,NATIONAL
gaza,929thebigdog.iheart.com,com,GLOBAL,GLOBAL,GLOBAL,PLATFORM,0,0,0,0,0,0,0,NATIONAL
gaza,963bigfm.com,com,GLOBAL,GLOBAL,GLOBAL,PLATFORM,0,0,0,0,0,0,0,NATIONAL
gaza,971zht.iheart.com,com,GLOBAL,GLOBAL,GLOBAL,PLATFORM,0,0,0,0,0,0,0,NATIONAL
gaza,97kicksfm.iheart.com,com,GLOBAL,GLOBAL,GLOBAL,PLATFORM,0,0,0,0,0,0,0,NATIONAL
gaza,abc57.com,com,GLOBAL,GLOBAL,GLOBAL,PLATFORM,0,0,0,0,0,0,0,NATIONAL
gaza,adn.com,com,GLOBAL,GLOBAL,GLOBAL,PLATFORM,0,0,0,0,0,0,0,NATIONAL
gaza,alleghenymountainradio.org,org,GLOBAL,GLOBAL,GLOBAL,PLATFORM,0,0,0,0,0,0,0,NATIONAL
gaza,ambrosiaforheads.com,com,GLOBAL,GLOBAL,GLOBAL,PLATFORM,0,0,0,0,0,0,0,NATIONAL
gaza,andoveradvertiser.co.uk,uk,GB,Europe & Central Asia,OTHER,PLATFORM,0,0,0,0,0,0,0,NATIONAL
gaza,aol.com,com,GLOBAL,GLOBAL,GLOBAL,PLATFORM,0,0,0,0,0,0,0,NATIONAL
gaza,asahi.com,com,GLOBAL,GLOBAL,GLOBAL,PLATFORM,0,0,0,0,0,0,0,NATIONAL
gaza,asianaviation.com,com,GLOBAL,GLOBAL,GLOBAL,PLATFORM,0,0,0,0,0,0,0,NATIONAL
gaza,azsnakepit.com,com,GLOBAL,GLOBAL,GLOBAL,PLATFORM,0,0,0,0,0,0,0,NATIONAL
gaza,b93.iheart.com,com,GLOBAL,GLOBAL,GLOBAL,PLATFORM,0,0,0,0,0,0,0,NATIONAL
gaza,bangkokpost.com,com,GLOBAL,GLOBAL,GLOBAL,PLATFORM,0,0,0,0,0,0,0,NATIONAL
gaza,barryanddistrictnews.co.uk,uk,GB,Europe & Central Asia,OTHER,PLATFORM,0,0,0,0,0,0,0,NATIONAL
gaza,bbc.co.uk,uk,GB,Europe & Central Asia,OTHER,PLATFORM,0,0,0,0,0,0,0,NATIONAL
gaza,berkeleydailyplanet.com,com,GLOBAL,GLOBAL,GLOBAL,PLATFORM,0,0,0,0,0,0,0,NATIONAL
gaza,berkshireeagle.com,com,GLOBAL,GLOBAL,GLOBAL,PLATFORM,0,0,0,0,0,0,0,NATIONAL
gaza,big1073.iheart.com,com,GLOBAL,GLOBAL,GLOBAL,PLATFORM,0,0,0,0,0,0,0,NATIONAL
gaza,bigislandnow.com,com,GLOBAL,GLOBAL,GLOBAL,PLATFORM,0,0,0,0,0,0,0,NATIONAL
gaza,blogcritics.org,org,GLOBAL,GLOBAL,GLOBAL,PLATFORM,0,0,0,0,0,0,0,NATIONAL
gaza,bluemountainsgazette.com.au,au,AU,East Asia & Pacific,OTHER,PLATFORM,0,0,0,0,0,0,0,NATIONAL
gaza,blueprint.ng,ng,NG,Sub-Saharan Africa,AFRICA,PLATFORM,0,0,0,0,0,0,0,NATIONAL
gaza,bnnbloomberg.ca,ca,CA,North America,OTHER,PLATFORM,0,0,0,0,0,0,0,NATIONAL
gaza,braidwoodtimes.com.au,au,AU,East Asia & Pacific,OTHER,PLATFORM,0,0,0,0,0,0,0,NATIONAL
gaza,burntorangenation.com,com,GLOBAL,GLOBAL,GLOBAL,PLATFORM,0,0,0,0,0,0,0,NATIONAL
gaza,cambridge-news.co.uk,uk,GB,Europe & Central Asia,OTHER,PLATFORM,0,0,0,0,0,0,0,NATIONAL
gaza,catholicworldreport.com,com,GLOBAL,GLOBAL,GLOBAL,PLATFORM,0,0,0,0,0,0,0,NATIONAL
gaza,cbs8.com,com,GLOBAL,GLOBAL,GLOBAL,PLATFORM,0,0,0,0,0,0,0,NATIONAL
gaza,clevelandjewishnews.com,com,GLOBAL,GLOBAL,GLOBAL,PLATFORM,0,0,0,0,0,0,0,NATIONAL
gaza,clutchpoints.com,com,GLOBAL,GLOBAL,GLOBAL,PLATFORM,0,0,0,0,0,0,0,NATIONAL
gaza,cool102.iheart.com,com,GLOBAL,GLOBAL,GLOBAL,PLATFORM,0,0,0,0,0,0,0,NATIONAL
gaza,cool925.iheart.com,com,GLOBAL,GLOBAL,GLOBAL,PLATFORM,0,0,0,0,0,0,0,NATIONAL
gaza,dailyexcelsior.com,com,GLOBAL,GLOBAL,GLOBAL,PLATFORM,0,0,0,0,0,0,0,NATIONAL
gaza,dailymaverick.co.za,za,ZA,Sub-Saharan Africa,AFRICA,PLATFORM,0,0,0,0,0,0,0,NATIONAL
gaza,dandenong.starcommunity.com.au,au,AU,East Asia & Pacific,OTHER,PLATFORM,0,0,0,0,0,0,0,NATIONAL
gaza,defence.pk,pk,NA,NA,OTHER,PLATFORM,0,0,0,0,0,0,0,PLATFORM
gaza,delcotimes.com,com,GLOBAL,GLOBAL,GLOBAL,PLATFORM,0,0,0,0,0,0,0,NATIONAL
gaza,easternriverinachronicle.com.au,au,AU,East Asia & Pacific,OTHER,PLATFORM,0,0,0,0,0,0,0,NATIONAL
gaza,echo.net.au,au,AU,East Asia & Pacific,OTHER,PLATFORM,0,0,0,0,0,0,0,NATIONAL
gaza,effinghamradio.com,com,GLOBAL,GLOBAL,GLOBAL,PLATFORM,0,0,0,0,0,0,0,NATIONAL
gaza,en.as.com,com,GLOBAL,GLOBAL,GLOBAL,PLATFORM,0,0,0,0,0,0,0,NATIONAL
gaza,english.news.cn,cn,CN,East Asia & Pacific,OTHER,PLATFORM,0,0,0,0,0,0,0,NATIONAL
gaza,famoushookups.com,com,GLOBAL,GLOBAL,GLOBAL,PLATFORM,0,0,0,0,0,0,0,NATIONAL
gaza,fcbarcelona.com,com,GLOBAL,GLOBAL,GLOBAL,PLATFORM,0,0,0,0,0,0,0,NATIONAL
gaza,fltimes.com,com,GLOBAL,GLOBAL,GLOBAL,PLATFORM,0,0,0,0,0,0,0,NATIONAL
gaza,fm106.iheart.com,com,GLOBAL,GLOBAL,GLOBAL,PLATFORM,0,0,0,0,0,0,0,NATIONAL
gaza,forbes.com,com,GLOBAL,GLOBAL,GLOBAL,PLATFORM,1,0,0,0,0,0,1,FIN
gaza,formula1.com,com,GLOBAL,GLOBAL,GLOBAL,PLATFORM,0,0,0,0,0,0,0,NATIONAL
gaza,foxnews.com,com,GLOBAL,GLOBAL,GLOBAL,PLATFORM,0,0,0,0,0,0,0,NATIONAL
gaza,gaytimes.co.uk,uk,GB,Europe & Central Asia,OTHER,PLATFORM,0,0,0,0,0,0,0,NATIONAL
gaza,gazette.com,com,GLOBAL,GLOBAL,GLOBAL,PLATFORM,0,0,0,0,0,0,0,NATIONAL
gaza,golocalprov.com,com,GLOBAL,GLOBAL,GLOBAL,PLATFORM,0,0,0,0,0,0,0,NATIONAL
gaza,greekreporter.com,com,GLOBAL,GLOBAL,GLOBAL,PLATFORM,0,0,0,0,0,0,0,NATIONAL
gaza,guardian-series.co.uk,uk,GB,Europe & Central Asia,OTHER,PLATFORM,0,0,0,0,0,0,0,NATIONAL
gaza,home.nzcity.co.nz,nz,NZ,East Asia & Pacific,OTHER,PLATFORM,0,0,0,0,0,0,0,NATIONAL
gaza,hot933hits.com,com,GLOBAL,GLOBAL,GLOBAL,PLATFORM,0,0,0,0,0,0,0,NATIONAL
gaza,hotair.com,com,GLOBAL,GLOBAL,GLOBAL,PLATFORM,0,0,0,0,0,0,0,NATIONAL
gaza,i24news.tv,tv,NA,NA,OTHER,PLATFORM,0,0,0,0,0,0,0,PLATFORM
gaza,iberkshires.com,com,GLOBAL,GLOBAL,GLOBAL,PLATFORM,0,0,0,0,0,0,0,NATIONAL
gaza,indiagazette.com,com,GLOBAL,GLOBAL,GLOBAL,PLATFORM,0,0,0,0,0,0,0,NATIONAL
gaza,infotel.ca,ca,CA,North America,OTHER,PLATFORM,0,0,0,0,0,0,0,NATIONAL
gaza,inmaricopa.com,com,GLOBAL,GLOBAL,GLOBAL,PLATFORM,0,0,0,0,0,0,0,NATIONAL
gaza,irvinetimes.com,com,GLOBAL,GLOBAL,GLOBAL,PLATFORM,0,0,0,0,0,0,0,NATIONAL
gaza,kait8.com,com,GLOBAL,GLOBAL,GLOBAL,PLATFORM,0,0,0,0,0,0,0,NATIONAL
gaza,kelownadailycourier.ca,ca,CA,North America,OTHER,PLATFORM,0,0,0,0,0,0,0,NATIONAL
gaza,kfbk.iheart.com,com,GLOBAL,GLOBAL,GLOBAL,PLATFORM,0,0,0,0,0,0,0,NATIONAL
gaza,kiimfm.com,com,GLOBAL,GLOBAL,GLOBAL,PLATFORM,0,0,0,0,0,0,0,NATIONAL
gaza,kissalbany.iheart.com,com,GLOBAL,GLOBAL,GLOBAL,PLATFORM,0,0,0,0,0,0,0,NATIONAL
gaza,kivitv.com,com,GLOBAL,GLOBAL,GLOBAL,PLATFORM,0,0,0,0,0,0,0,NATIONAL
gaza,kiwiblog.co.nz,nz,NZ,East Asia & Pacific,OTHER,PLATFORM,0,0,0,0,0,0,0,NATIONAL
gaza,kix993.iheart.com,com,GLOBAL,GLOBAL,GLOBAL,PLATFORM,0,0,0,0,0,0,0,NATIONAL
gaza,kksa-am.com,com,GLOBAL,GLOBAL,GLOBAL,PLATFORM,0,0,0,0,0,0,0,NATIONAL
gaza,klkl.fm,fm,NA,NA,OTHER,PLATFORM,0,0,0,0,0,0,0,PLATFORM
gaza,kpq.com,com,GLOBAL,GLOBAL,GLOBAL,PLATFORM,0,0,0,0,0,0,0,NATIONAL
gaza,kqdy.iheart.com,com,GLOBAL,GLOBAL,GLOBAL,PLATFORM,0,0,0,0,0,0,0,NATIONAL
gaza,krq.iheart.com,com,GLOBAL,GLOBAL,GLOBAL,PLATFORM,0,0,0,0,0,0,0,NATIONAL
gaza,ksje.com,com,GLOBAL,GLOBAL,GLOBAL,PLATFORM,0,0,0,0,0,0,0,NATIONAL
gaza,ktvq.com,com,GLOBAL,GLOBAL,GLOBAL,PLATFORM,0,0,0,0,0,0,0,NATIONAL
gaza,kuathletics.com,com,GLOBAL,GLOBAL,GLOBAL,PLATFORM,0,0,0,0,0,0,0,NATIONAL
gaza,kwbu.org,org,GLOBAL,GLOBAL,GLOBAL,PLATFORM,0,0,0,0,0,0,0,NATIONAL
gaza,kz103.iheart.com,com,GLOBAL,GLOBAL,GLOBAL,PLATFORM,0,0,0,0,0,0,0,NATIONAL
gaza,lex18.com,com,GLOBAL,GLOBAL,GLOBAL,PLATFORM,0,0,0,0,0,0,0,NATIONAL
gaza,manchesterinklink.com,com,GLOBAL,GLOBAL,GLOBAL,PLATFORM,0,0,0,0,0,0,0,NATIONAL
gaza,mankatofreepress.com,com,GLOBAL,GLOBAL,GLOBAL,PLATFORM,0,0,0,0,0,0,0,NATIONAL
gaza,marinij.com,com,GLOBAL,GLOBAL,GLOBAL,PLATFORM,0,0,0,0,0,0,0,NATIONAL
gaza,mashable.com,com,GLOBAL,GLOBAL,GLOBAL,PLATFORM,0,0,0,0,0,0,0,NATIONAL
gaza,medpagetoday.com,com,GLOBAL,GLOBAL,GLOBAL,PLATFORM,0,0,0,0,0,0,0,NATIONAL
gaza,mix923fm.iheart.com,com,GLOBAL,GLOBAL,GLOBAL,PLATFORM,0,0,0,0,0,0,0,NATIONAL
gaza,moose106.iheart.com,com,GLOBAL,GLOBAL,GLOBAL,PLATFORM,0,0,0,0,0,0,0,NATIONAL
gaza,mta.maryland.gov,gov,NA,NA,OTHER,PLATFORM,0,0,0,1,0,0,1,GOV
gaza,mynbc5.com,com,GLOBAL,GLOBAL,GLOBAL,PLATFORM,0,0,0,0,0,0,0,NATIONAL
gaza,nba.com,com,GLOBAL,GLOBAL,GLOBAL,PLATFORM,0,0,0,0,0,0,0,NATIONAL
gaza,nbcnewyork.com,com,GLOBAL,GLOBAL,GLOBAL,PLATFORM,0,0,0,0,0,0,0,NATIONAL
gaza,nbcrightnow.com,com,GLOBAL,GLOBAL,GLOBAL,PLATFORM,0,0,0,0,0,0,0,NATIONAL
gaza,necn.com,com,GLOBAL,GLOBAL,GLOBAL,PLATFORM,0,0,0,0,0,0,0,NATIONAL
gaza,netsdaily.com,com,GLOBAL,GLOBAL,GLOBAL,PLATFORM,0,0,0,0,0,0,0,NATIONAL
gaza,newbusinessethiopia.com,com,GLOBAL,GLOBAL,GLOBAL,PLATFORM,0,0,0,0,0,0,0,NATIONAL
gaza,news.com.au,au,AU,East Asia & Pacific,OTHER,PLATFORM,0,0,0,0,0,0,0,NATIONAL
gaza,news3lv.com,com,GLOBAL,GLOBAL,GLOBAL,PLATFORM,0,0,0,0,0,0,0,NATIONAL
gaza,newschannel9.com,com,GLOBAL,GLOBAL,GLOBAL,PLATFORM,0,0,0,0,0,0,0,NATIONAL
gaza,newsweek.com,com,GLOBAL,GLOBAL,GLOBAL,PLATFORM,0,0,0,0,0,0,0,NATIONAL
gaza,nigerianbulletin.com,com,GLOBAL,GLOBAL,GLOBAL,PLATFORM,0,0,0,0,0,0,0,NATIONAL
gaza,nj.com,com,GLOBAL,GLOBAL,GLOBAL,PLATFORM,0,0,0,0,0,0,0,NATIONAL
gaza,nola.com,com,GLOBAL,GLOBAL,GLOBAL,PLATFORM,0,0,0,0,0,0,0,NATIONAL
gaza,northcountrynow.com,com,GLOBAL,GLOBAL,GLOBAL,PLATFORM,0,0,0,0,0,0,0,NATIONAL
gaza,northern-times.co.uk,uk,GB,Europe & Central Asia,OTHER,PLATFORM,0,0,0,0,0,0,0,NATIONAL
gaza,oakdaleleader.com,com,GLOBAL,GLOBAL,GLOBAL,PLATFORM,0,0,0,0,0,0,0,NATIONAL
gaza,oanow.com,com,GLOBAL,GLOBAL,GLOBAL,PLATFORM,0,0,0,0,0,0,0,NATIONAL
gaza,obituaries.mankatofreepress.com,com,GLOBAL,GLOBAL,GLOBAL,PLATFORM,0,0,0,0,0,0,0,NATIONAL
gaza,omanobserver.om,om,NA,NA,OTHER,PLATFORM,0,0,0,0,0,0,0,PLATFORM
gaza,oneindia.com,com,GLOBAL,GLOBAL,GLOBAL,PLATFORM,0,0,0,0,0,0,0,NATIONAL
gaza,parisstaronline.com:443,NA,NA,NA,OTHER,PLATFORM,0,0,0,0,0,0,0,PLATFORM
gaza,patheos.com,com,GLOBAL,GLOBAL,GLOBAL,PLATFORM,0,0,0,0,0,0,0,NATIONAL
gaza,paysonroundup.com,com,GLOBAL,GLOBAL,GLOBAL,PLATFORM,0,0,0,0,0,0,0,NATIONAL
gaza,people.com,com,GLOBAL,GLOBAL,GLOBAL,PLATFORM,0,0,0,0,0,0,0,NATIONAL
gaza,perthnow.com.au,au,AU,East Asia & Pacific,OTHER,PLATFORM,0,0,0,0,0,0,0,NATIONAL
gaza,pittnews.com,com,GLOBAL,GLOBAL,GLOBAL,PLATFORM,0,0,0,0,0,0,0,NATIONAL
gaza,polkio.com,com,GLOBAL,GLOBAL,GLOBAL,PLATFORM,0,0,0,0,0,0,0,NATIONAL
gaza,portpirierecorder.com.au,au,AU,East Asia & Pacific,OTHER,PLATFORM,0,0,0,0,0,0,0,NATIONAL
gaza,postandcourier.com,com,GLOBAL,GLOBAL,GLOBAL,PLATFORM,0,0,0,0,0,0,0,NATIONAL
gaza,poundingtherock.com,com,GLOBAL,GLOBAL,GLOBAL,PLATFORM,0,0,0,0,0,0,0,NATIONAL
gaza,power1009.iheart.com,com,GLOBAL,GLOBAL,GLOBAL,PLATFORM,0,0,0,0,0,0,0,NATIONAL
gaza,power1051.iheart.com,com,GLOBAL,GLOBAL,GLOBAL,PLATFORM,0,0,0,0,0,0,0,NATIONAL
gaza,ptinews.com,com,GLOBAL,GLOBAL,GLOBAL,PLATFORM,0,0,0,0,0,0,0,NATIONAL
gaza,publicradiotulsa.org,org,GLOBAL,GLOBAL,GLOBAL,PLATFORM,0,0,0,0,0,0,0,NATIONAL
gaza,q1033.iheart.com,com,GLOBAL,GLOBAL,GLOBAL,PLATFORM,0,0,0,0,0,0,0,NATIONAL
gaza,q985online.com,com,GLOBAL,GLOBAL,GLOBAL,PLATFORM,0,0,0,0,0,0,0,NATIONAL
gaza,quadrant.org.au,au,AU,East Asia & Pacific,OTHER,PLATFORM,0,0,0,0,0,0,0,NATIONAL
gaza,realtybiznews.com,com,GLOBAL,GLOBAL,GLOBAL,PLATFORM,0,0,0,0,0,0,0,NATIONAL
gaza,reliefweb.int,int,NA,NA,OTHER,PLATFORM,0,0,0,0,0,0,0,PLATFORM
gaza,reviewingthebrew.com,com,GLOBAL,GLOBAL,GLOBAL,PLATFORM,0,0,0,0,0,0,0,NATIONAL
gaza,richmond.com,com,GLOBAL,GLOBAL,GLOBAL,PLATFORM,0,0,0,0,0,0,0,NATIONAL
gaza,rock967.iheart.com,com,GLOBAL,GLOBAL,GLOBAL,PLATFORM,0,0,0,0,0,0,0,NATIONAL
gaza,rockymounttelegram.com,com,GLOBAL,GLOBAL,GLOBAL,PLATFORM,0,0,0,0,0,0,0,NATIONAL
gaza,roscommonherald.ie,ie,NA,NA,OTHER,PLATFORM,0,0,0,0,0,0,0,PLATFORM
gaza,routesonline.com,com,GLOBAL,GLOBAL,GLOBAL,PLATFORM,0,0,0,0,0,0,0,NATIONAL
gaza,rte.ie,ie,NA,NA,OTHER,PLATFORM,0,0,0,0,0,0,0,PLATFORM
gaza,rutlandherald.com,com,GLOBAL,GLOBAL,GLOBAL,PLATFORM,0,0,0,0,0,0,0,NATIONAL
gaza,sarniathisweek.com:443,NA,NA,NA,OTHER,PLATFORM,0,0,0,0,0,0,0,PLATFORM
gaza,sheknows.com,com,GLOBAL,GLOBAL,GLOBAL,PLATFORM,0,0,0,0,0,0,0,NATIONAL
gaza,signalscv.com,com,GLOBAL,GLOBAL,GLOBAL,PLATFORM,0,0,0,0,0,0,0,NATIONAL
gaza,singletonargus.com.au,au,AU,East Asia & Pacific,OTHER,PLATFORM,0,0,0,0,0,0,0,NATIONAL
gaza,sltrib.com,com,GLOBAL,GLOBAL,GLOBAL,PLATFORM,0,0,0,0,0,0,0,NATIONAL
gaza,snl24.com,com,GLOBAL,GLOBAL,GLOBAL,PLATFORM,0,0,0,0,0,0,0,NATIONAL
gaza,stgeorgeutah.com,com,GLOBAL,GLOBAL,GLOBAL,PLATFORM,0,0,0,0,0,0,0,NATIONAL
gaza,strathroyagedispatch.com:443,NA,NA,NA,OTHER,PLATFORM,0,0,0,0,0,0,0,PLATFORM
gaza,stthomastimesjournal.com:443,NA,NA,NA,OTHER,PLATFORM,0,0,0,0,0,0,0,PLATFORM
gaza,sundaymail.co.zw,zw,NA,NA,OTHER,PLATFORM,0,0,0,0,0,0,0,PLATFORM
gaza,sunny102fm.iheart.com,com,GLOBAL,GLOBAL,GLOBAL,PLATFORM,0,0,0,0,0,0,0,NATIONAL
gaza,support.whyy.org,org,GLOBAL,GLOBAL,GLOBAL,PLATFORM,0,0,0,0,0,0,0,NATIONAL
gaza,sydneysun.com,com,GLOBAL,GLOBAL,GLOBAL,PLATFORM,0,0,0,0,0,0,0,NATIONAL
gaza,tearaway.co.nz,nz,NZ,East Asia & Pacific,OTHER,PLATFORM,0,0,0,0,0,0,0,NATIONAL
gaza,the42.ie,ie,NA,NA,OTHER,PLATFORM,0,0,0,0,0,0,0,PLATFORM
gaza,theadvocate.com,com,GLOBAL,GLOBAL,GLOBAL,PLATFORM,0,0,0,0,0,0,0,NATIONAL
gaza,theatlantic.com,com,GLOBAL,GLOBAL,GLOBAL,PLATFORM,0,0,0,0,0,0,0,NATIONAL
gaza,thebostonpilot.com,com,GLOBAL,GLOBAL,GLOBAL,PLATFORM,0,0,0,0,0,0,0,NATIONAL
gaza,thedailynewsonline.com,com,GLOBAL,GLOBAL,GLOBAL,PLATFORM,0,0,0,0,0,0,0,NATIONAL
gaza,theday.com,com,GLOBAL,GLOBAL,GLOBAL,PLATFORM,0,0,0,0,0,0,0,NATIONAL
gaza,thelabradorian.ca,ca,CA,North America,OTHER,PLATFORM,0,0,0,0,0,0,0,NATIONAL
gaza,themercury.com.au,au,AU,East Asia & Pacific,OTHER,PLATFORM,0,0,0,0,0,0,0,NATIONAL
gaza,thepeoplesperson.com,com,GLOBAL,GLOBAL,GLOBAL,PLATFORM,0,0,0,0,0,0,0,NATIONAL
gaza,thepiratescove.us,us,US,North America,OTHER,PLATFORM,0,0,0,0,0,0,0,NATIONAL
gaza,theriver1059.iheart.com,com,GLOBAL,GLOBAL,GLOBAL,PLATFORM,0,0,0,0,0,0,0,NATIONAL
gaza,theverge.com,com,GLOBAL,GLOBAL,GLOBAL,PLATFORM,0,0,0,0,0,0,0,NATIONAL
gaza,thewrap.com,com,GLOBAL,GLOBAL,GLOBAL,PLATFORM,0,0,0,0,0,0,0,NATIONAL
gaza,thirdsector.co.uk,uk,GB,Europe & Central Asia,OTHER,PLATFORM,0,0,0,0,0,0,0,NATIONAL
gaza,timminspress.com:443,NA,NA,NA,OTHER,PLATFORM,0,0,0,0,0,0,0,PLATFORM
gaza,tradearabia.com,com,GLOBAL,GLOBAL,GLOBAL,PLATFORM,0,0,0,0,0,0,0,NATIONAL
gaza,tsn.ca,ca,CA,North America,OTHER,PLATFORM,0,0,0,0,0,0,0,NATIONAL
gaza,us97.iheart.com,com,GLOBAL,GLOBAL,GLOBAL,PLATFORM,0,0,0,0,0,0,0,NATIONAL
gaza,vaildaily.com,com,GLOBAL,GLOBAL,GLOBAL,PLATFORM,0,0,0,0,0,0,0,NATIONAL
gaza,watchingamerica.com,com,GLOBAL,GLOBAL,GLOBAL,PLATFORM,0,0,0,0,0,0,0,NATIONAL
gaza,watoday.com.au,au,AU,East Asia & Pacific,OTHER,PLATFORM,0,0,0,0,0,0,0,NATIONAL
gaza,wdsu.com,com,GLOBAL,GLOBAL,GLOBAL,PLATFORM,0,0,0,0,0,0,0,NATIONAL
gaza,wescfm.iheart.com,com,GLOBAL,GLOBAL,GLOBAL,PLATFORM,0,0,0,0,0,0,0,NATIONAL
gaza,whoradio.iheart.com,com,GLOBAL,GLOBAL,GLOBAL,PLATFORM,0,0,0,0,0,0,0,NATIONAL
gaza,whvoradio.com,com,GLOBAL,GLOBAL,GLOBAL,PLATFORM,0,0,0,0,0,0,0,NATIONAL
gaza,whyy.org,org,GLOBAL,GLOBAL,GLOBAL,PLATFORM,0,0,0,0,0,0,0,NATIONAL
gaza,wibw.com,com,GLOBAL,GLOBAL,GLOBAL,PLATFORM,0,0,0,0,0,0,0,NATIONAL
gaza,winnipeg.ctvnews.ca,ca,CA,North America,OTHER,PLATFORM,0,0,0,0,0,0,0,NATIONAL
gaza,wirralglobe.co.uk,uk,GB,Europe & Central Asia,OTHER,PLATFORM,0,0,0,0,0,0,0,NATIONAL
gaza,witneygazette.co.uk,uk,GB,Europe & Central Asia,OTHER,PLATFORM,0,0,0,0,0,0,0,NATIONAL
gaza,wkrg.com,com,GLOBAL,GLOBAL,GLOBAL,PLATFORM,0,0,0,0,0,0,0,NATIONAL
gaza,wkuherald.com,com,GLOBAL,GLOBAL,GLOBAL,PLATFORM,0,0,0,0,0,0,0,NATIONAL
gaza,wlap.iheart.com,com,GLOBAL,GLOBAL,GLOBAL,PLATFORM,0,0,0,0,0,0,0,NATIONAL
gaza,wlip.com,com,GLOBAL,GLOBAL,GLOBAL,PLATFORM,0,0,0,0,0,0,0,NATIONAL
gaza,wmse.org,org,GLOBAL,GLOBAL,GLOBAL,PLATFORM,0,0,0,0,0,0,0,NATIONAL
gaza,wnic.iheart.com,com,GLOBAL,GLOBAL,GLOBAL,PLATFORM,0,0,0,0,0,0,0,NATIONAL
gaza,wsvn.com,com,GLOBAL,GLOBAL,GLOBAL,PLATFORM,0,0,0,0,0,0,0,NATIONAL
gaza,wtag.iheart.com,com,GLOBAL,GLOBAL,GLOBAL,PLATFORM,0,0,0,0,0,0,0,NATIONAL
gaza,wtma.com,com,GLOBAL,GLOBAL,GLOBAL,PLATFORM,0,0,0,0,0,0,0,NATIONAL
gaza,yasstribune.com.au,au,AU,East Asia & Pacific,OTHER,PLATFORM,0,0,0,0,0,0,0,NATIONAL
gaza,yourlocalguardian.co.uk,uk,GB,Europe & Central Asia,OTHER,PLATFORM,0,0,0,0,0,0,0,NATIONAL
gaza,ypradio.org,org,GLOBAL,GLOBAL,GLOBAL,PLATFORM,0,0,0,0,0,0,0,NATIONAL
gaza,790waeb.iheart.com,com,GLOBAL,GLOBAL,GLOBAL,PLATFORM,0,0,0,0,0,0,0,NATIONAL
gaza,953thebear.com,com,GLOBAL,GLOBAL,GLOBAL,PLATFORM,0,0,0,0,0,0,0,NATIONAL
gaza,985kissfm.net,net,GLOBAL,GLOBAL,GLOBAL,PLATFORM,0,0,0,0,0,0,0,NATIONAL
gaza,993thebeat.iheart.com,com,GLOBAL,GLOBAL,GLOBAL,PLATFORM,0,0,0,0,0,0,0,NATIONAL
gaza,9news.com,com,GLOBAL,GLOBAL,GLOBAL,PLATFORM,0,0,0,0,0,0,0,NATIONAL
gaza,accessatlanta.com,com,GLOBAL,GLOBAL,GLOBAL,PLATFORM,0,0,0,0,0,0,0,NATIONAL
gaza,al-awassef.com,com,GLOBAL,GLOBAL,GLOBAL,PLATFORM,0,0,0,0,0,0,0,NATIONAL
gaza,al-monitor.com,com,GLOBAL,GLOBAL,GLOBAL,PLATFORM,0,0,0,0,0,0,0,NATIONAL
gaza,al.com,com,GLOBAL,GLOBAL,GLOBAL,PLATFORM,0,0,0,0,0,0,0,NATIONAL
gaza,arabnews.com,com,GLOBAL,GLOBAL,GLOBAL,PLATFORM,0,0,1,0,0,0,1,STATE
gaza,arizonadailyindependent.com,com,GLOBAL,GLOBAL,GLOBAL,PLATFORM,0,0,0,0,0,0,0,NATIONAL
gaza,atholdailynews.com,com,GLOBAL,GLOBAL,GLOBAL,PLATFORM,0,0,0,0,0,0,0,NATIONAL
gaza,avweb.com,com,GLOBAL,GLOBAL,GLOBAL,PLATFORM,0,0,0,0,0,0,0,NATIONAL
gaza,azfamily.com,com,GLOBAL,GLOBAL,GLOBAL,PLATFORM,0,0,0,0,0,0,0,NATIONAL
gaza,b98.com,com,GLOBAL,GLOBAL,GLOBAL,PLATFORM,0,0,0,0,0,0,0,NATIONAL
gaza,bakersfield.com,com,GLOBAL,GLOBAL,GLOBAL,PLATFORM,0,0,0,0,0,0,0,NATIONAL
gaza,behindthesteelcurtain.com,com,GLOBAL,GLOBAL,GLOBAL,PLATFORM,0,0,0,0,0,0,0,NATIONAL
gaza,bellanaija.com,com,GLOBAL,GLOBAL,GLOBAL,PLATFORM,0,0,0,0,0,0,0,NATIONAL
gaza,bigoven.com,com,GLOBAL,GLOBAL,GLOBAL,PLATFORM,0,0,0,0,0,0,0,NATIONAL
gaza,bleacherreport.com,com,GLOBAL,GLOBAL,GLOBAL,PLATFORM,0,0,0,0,0,0,0,NATIONAL
gaza,bostonherald.com,com,GLOBAL,GLOBAL,GLOBAL,PLATFORM,0,0,0,0,0,0,0,NATIONAL
gaza,bozemandailychronicle.com,com,GLOBAL,GLOBAL,GLOBAL,PLATFORM,0,0,0,0,0,0,0,NATIONAL
gaza,business.inquirer.net,net,GLOBAL,GLOBAL,GLOBAL,PLATFORM,0,0,0,0,0,0,0,NATIONAL
gaza,cagle.com,com,GLOBAL,GLOBAL,GLOBAL,PLATFORM,0,0,0,0,0,0,0,NATIONAL
gaza,cbs58.com,com,GLOBAL,GLOBAL,GLOBAL,PLATFORM,0,0,0,0,0,0,0,NATIONAL
gaza,channelstv.com,com,GLOBAL,GLOBAL,GLOBAL,PLATFORM,0,0,0,0,0,0,0,NATIONAL
gaza,chicagotribune.com,com,GLOBAL,GLOBAL,GLOBAL,PLATFORM,0,0,0,0,0,0,0,NATIONAL
gaza,chimpreports.com,com,GLOBAL,GLOBAL,GLOBAL,PLATFORM,0,0,0,0,0,0,0,NATIONAL
gaza,chinaview.cn,cn,CN,East Asia & Pacific,OTHER,PLATFORM,0,0,0,0,0,0,0,NATIONAL
gaza,chipchick.com,com,GLOBAL,GLOBAL,GLOBAL,PLATFORM,0,0,0,0,0,0,0,NATIONAL
gaza,cincyjungle.com,com,GLOBAL,GLOBAL,GLOBAL,PLATFORM,0,0,0,0,0,0,0,NATIONAL
gaza,citybeat.com,com,GLOBAL,GLOBAL,GLOBAL,PLATFORM,0,0,0,0,0,0,0,NATIONAL
gaza,community.scoop.co.nz,nz,NZ,East Asia & Pacific,OTHER,PLATFORM,0,0,0,0,0,0,0,NATIONAL
gaza,courant.com,com,GLOBAL,GLOBAL,GLOBAL,PLATFORM,0,0,0,0,0,0,0,NATIONAL
gaza,dailycollegian.com,com,GLOBAL,GLOBAL,GLOBAL,PLATFORM,0,0,0,0,0,0,0,NATIONAL
gaza,dailyillini.com,com,GLOBAL,GLOBAL,GLOBAL,PLATFORM,0,0,0,0,0,0,0,NATIONAL
gaza,dailykos.com,com,GLOBAL,GLOBAL,GLOBAL,PLATFORM,0,0,0,0,0,0,0,NATIONAL
gaza,dailymirror.lk,lk,NA,NA,OTHER,PLATFORM,0,0,0,0,0,0,0,PLATFORM
gaza,dailyorange.com,com,GLOBAL,GLOBAL,GLOBAL,PLATFORM,0,0,0,0,0,0,0,NATIONAL
gaza,dailypress.com,com,GLOBAL,GLOBAL,GLOBAL,PLATFORM,0,0,0,0,0,0,0,NATIONAL
gaza,denverpost.com,com,GLOBAL,GLOBAL,GLOBAL,PLATFORM,0,0,0,0,0,0,0,NATIONAL
gaza,dhakatribune.com,com,GLOBAL,GLOBAL,GLOBAL,PLATFORM,0,0,0,0,0,0,0,NATIONAL
gaza,dublincity.ie,ie,NA,NA,OTHER,PLATFORM,0,0,0,0,0,0,0,PLATFORM
gaza,eastbaytimes.com,com,GLOBAL,GLOBAL,GLOBAL,PLATFORM,0,0,0,0,0,0,0,NATIONAL
gaza,elystandard.co.uk,uk,GB,Europe & Central Asia,OTHER,PLATFORM,0,0,0,0,0,0,0,NATIONAL
gaza,empireofthekop.com,com,GLOBAL,GLOBAL,GLOBAL,PLATFORM,0,0,0,0,0,0,0,NATIONAL
gaza,enviweb.cz,cz,NA,NA,OTHER,PLATFORM,0,0,0,0,0,0,0,PLATFORM
gaza,ephotozine.com,com,GLOBAL,GLOBAL,GLOBAL,PLATFORM,0,0,0,0,0,0,0,NATIONAL
gaza,eurogamer.net,net,GLOBAL,GLOBAL,GLOBAL,PLATFORM,0,0,0,0,0,0,0,NATIONAL
gaza,expressandstar.com,com,GLOBAL,GLOBAL,GLOBAL,PLATFORM,0,0,0,0,0,0,0,NATIONAL
gaza,fark.com,com,GLOBAL,GLOBAL,GLOBAL,PLATFORM,0,0,0,0,0,0,0,NATIONAL
gaza,flickeringmyth.com,com,GLOBAL,GLOBAL,GLOBAL,PLATFORM,0,0,0,0,0,0,0,NATIONAL
gaza,fox13news.com,com,GLOBAL,GLOBAL,GLOBAL,PLATFORM,0,0,0,0,0,0,0,NATIONAL
gaza,fox43.com,com,GLOBAL,GLOBAL,GLOBAL,PLATFORM,0,0,0,0,0,0,0,NATIONAL
gaza,fox59.com,com,GLOBAL,GLOBAL,GLOBAL,PLATFORM,0,0,0,0,0,0,0,NATIONAL
gaza,fox5ny.com,com,GLOBAL,GLOBAL,GLOBAL,PLATFORM,0,0,0,0,0,0,0,NATIONAL
gaza,foxcarolina.com,com,GLOBAL,GLOBAL,GLOBAL,PLATFORM,0,0,0,0,0,0,0,NATIONAL
gaza,foxsportsam1280.iheart.com,com,GLOBAL,GLOBAL,GLOBAL,PLATFORM,0,0,0,0,0,0,0,NATIONAL
gaza,funkytaurusmedia.com,com,GLOBAL,GLOBAL,GLOBAL,PLATFORM,0,0,0,0,0,0,0,NATIONAL
gaza,gamerant.com,com,GLOBAL,GLOBAL,GLOBAL,PLATFORM,0,0,0,0,0,0,0,NATIONAL
gaza,gdnonline.com,com,GLOBAL,GLOBAL,GLOBAL,PLATFORM,0,0,0,0,0,0,0,NATIONAL
gaza,georgetownvoice.com,com,GLOBAL,GLOBAL,GLOBAL,PLATFORM,0,0,0,0,0,0,0,NATIONAL
gaza,gringogazette.com,com,GLOBAL,GLOBAL,GLOBAL,PLATFORM,0,0,0,0,0,0,0,NATIONAL
gaza,gulf-times.com,com,GLOBAL,GLOBAL,GLOBAL,PLATFORM,0,0,0,0,0,0,0,NATIONAL
gaza,halfwheel.com,com,GLOBAL,GLOBAL,GLOBAL,PLATFORM,0,0,0,0,0,0,0,NATIONAL
gaza,hawkesburygazette.com.au,au,AU,East Asia & Pacific,OTHER,PLATFORM,0,0,0,0,0,0,0,NATIONAL
gaza,heavy.com,com,GLOBAL,GLOBAL,GLOBAL,PLATFORM,0,0,0,0,0,0,0,NATIONAL
gaza,hiawathaworldonline.com,com,GLOBAL,GLOBAL,GLOBAL,PLATFORM,0,0,0,0,0,0,0,NATIONAL
gaza,homenewshere.com,com,GLOBAL,GLOBAL,GLOBAL,PLATFORM,0,0,0,0,0,0,0,NATIONAL
gaza,hot101.com,com,GLOBAL,GLOBAL,GLOBAL,PLATFORM,0,0,0,0,0,0,0,NATIONAL
gaza,humanevents.com:443,NA,NA,NA,OTHER,PLATFORM,0,0,0,0,0,0,0,PLATFORM
gaza,iclarified.com,com,GLOBAL,GLOBAL,GLOBAL,PLATFORM,0,0,0,0,0,0,0,NATIONAL
gaza,idahostatejournal.com,com,GLOBAL,GLOBAL,GLOBAL,PLATFORM,0,0,0,0,0,0,0,NATIONAL
gaza,idahostatesman.com,com,GLOBAL,GLOBAL,GLOBAL,PLATFORM,0,0,0,0,0,0,0,NATIONAL
gaza,imore.com,com,GLOBAL,GLOBAL,GLOBAL,PLATFORM,0,0,0,0,0,0,0,NATIONAL
gaza,indaily.com.au,au,AU,East Asia & Pacific,OTHER,PLATFORM,0,0,0,0,0,0,0,NATIONAL
gaza,independentaustralia.net,net,GLOBAL,GLOBAL,GLOBAL,PLATFORM,0,0,0,0,0,0,0,NATIONAL
gaza,insidermonkey.com,com,GLOBAL,GLOBAL,GLOBAL,PLATFORM,0,0,0,0,0,0,0,NATIONAL
gaza,ipwatchdog.com,com,GLOBAL,GLOBAL,GLOBAL,PLATFORM,0,0,0,0,0,0,0,NATIONAL
gaza,jaysjournal.com,com,GLOBAL,GLOBAL,GLOBAL,PLATFORM,0,0,0,0,0,0,0,NATIONAL
gaza,jewishchronicle.org,org,GLOBAL,GLOBAL,GLOBAL,PLATFORM,0,0,0,0,0,0,0,NATIONAL
gaza,jhnewsandguide.com,com,GLOBAL,GLOBAL,GLOBAL,PLATFORM,0,0,0,0,0,0,0,NATIONAL
gaza,justjared.com,com,GLOBAL,GLOBAL,GLOBAL,PLATFORM,0,0,0,0,0,0,0,NATIONAL
gaza,k96fm.com,com,GLOBAL,GLOBAL,GLOBAL,PLATFORM,0,0,0,0,0,0,0,NATIONAL
gaza,kafe.com,com,GLOBAL,GLOBAL,GLOBAL,PLATFORM,0,0,0,0,0,0,0,NATIONAL
gaza,kcrg.com,com,GLOBAL,GLOBAL,GLOBAL,PLATFORM,0,0,0,0,0,0,0,NATIONAL
gaza,keighleynews.co.uk,uk,GB,Europe & Central Asia,OTHER,PLATFORM,0,0,0,0,0,0,0,NATIONAL
gaza,kens5.com,com,GLOBAL,GLOBAL,GLOBAL,PLATFORM,0,0,0,0,0,0,0,NATIONAL
gaza,ketr.org,org,GLOBAL,GLOBAL,GLOBAL,PLATFORM,0,0,0,0,0,0,0,NATIONAL
gaza,khou.com,com,GLOBAL,GLOBAL,GLOBAL,PLATFORM,0,0,0,0,0,0,0,NATIONAL
gaza,khq.com,com,GLOBAL,GLOBAL,GLOBAL,PLATFORM,0,0,0,0,0,0,0,NATIONAL
gaza,kisscasper.com,com,GLOBAL,GLOBAL,GLOBAL,PLATFORM,0,0,0,0,0,0,0,NATIONAL
gaza,klur.com,com,GLOBAL,GLOBAL,GLOBAL,PLATFORM,0,0,0,0,0,0,0,NATIONAL
gaza,kmov.com,com,GLOBAL,GLOBAL,GLOBAL,PLATFORM,0,0,0,0,0,0,0,NATIONAL
gaza,krmsradio.com,com,GLOBAL,GLOBAL,GLOBAL,PLATFORM,0,0,0,0,0,0,0,NATIONAL
gaza,ktep.org,org,GLOBAL,GLOBAL,GLOBAL,PLATFORM,0,0,0,0,0,0,0,NATIONAL
gaza,kxic.iheart.com,com,GLOBAL,GLOBAL,GLOBAL,PLATFORM,0,0,0,0,0,0,0,NATIONAL
gaza,kxl.com,com,GLOBAL,GLOBAL,GLOBAL,PLATFORM,0,0,0,0,0,0,0,NATIONAL
gaza,kxnet.com,com,GLOBAL,GLOBAL,GLOBAL,PLATFORM,0,0,0,0,0,0,0,NATIONAL
gaza,lbc.co.uk,uk,GB,Europe & Central Asia,OTHER,PLATFORM,0,0,0,0,0,0,0,NATIONAL
gaza,limelightmagazine.com.au,au,AU,East Asia & Pacific,OTHER,PLATFORM,0,0,0,0,0,0,0,NATIONAL
gaza,lite987.com,com,GLOBAL,GLOBAL,GLOBAL,PLATFORM,0,0,0,0,0,0,0,NATIONAL
gaza,livescience.com,com,GLOBAL,GLOBAL,GLOBAL,PLATFORM,0,0,0,0,0,0,0,NATIONAL
gaza,marketscreener.com,com,GLOBAL,GLOBAL,GLOBAL,PLATFORM,0,0,0,0,0,0,0,NATIONAL
gaza,mediaite.com,com,GLOBAL,GLOBAL,GLOBAL,PLATFORM,0,0,0,0,0,0,0,NATIONAL
gaza,miningnews.net,net,GLOBAL,GLOBAL,GLOBAL,PLATFORM,0,0,0,0,0,0,0,NATIONAL
gaza,mix941kmxj.com,com,GLOBAL,GLOBAL,GLOBAL,PLATFORM,0,0,0,0,0,0,0,NATIONAL
gaza,moddb.com,com,GLOBAL,GLOBAL,GLOBAL,PLATFORM,0,0,0,0,0,0,0,NATIONAL
gaza,montreal.ctvnews.ca,ca,CA,North America,OTHER,PLATFORM,0,0,0,0,0,0,0,NATIONAL
gaza,mybuckhannon.com,com,GLOBAL,GLOBAL,GLOBAL,PLATFORM,0,0,0,0,0,0,0,NATIONAL
gaza,myjoyonline.com,com,GLOBAL,GLOBAL,GLOBAL,PLATFORM,0,0,0,0,0,0,0,NATIONAL
gaza,mynewsla.com,com,GLOBAL,GLOBAL,GLOBAL,PLATFORM,0,0,0,0,0,0,0,NATIONAL
gaza,namibiansun.com,com,GLOBAL,GLOBAL,GLOBAL,PLATFORM,0,0,0,0,0,0,0,NATIONAL
gaza,napavalleyregister.com,com,GLOBAL,GLOBAL,GLOBAL,PLATFORM,0,0,0,0,0,0,0,NATIONAL
gaza,nasaspaceflight.com,com,GLOBAL,GLOBAL,GLOBAL,PLATFORM,0,0,0,0,0,0,0,NATIONAL
gaza,nbr.co.nz,nz,NZ,East Asia & Pacific,OTHER,PLATFORM,0,0,0,0,0,0,0,NATIONAL
gaza,nevadaappeal.com,com,GLOBAL,GLOBAL,GLOBAL,PLATFORM,0,0,0,0,0,0,0,NATIONAL
gaza,newburyportnews.com,com,GLOBAL,GLOBAL,GLOBAL,PLATFORM,0,0,0,0,0,0,0,NATIONAL
gaza,news.antiwar.com,com,GLOBAL,GLOBAL,GLOBAL,PLATFORM,0,0,0,0,0,0,0,NATIONAL
gaza,news.webindia123.com,com,GLOBAL,GLOBAL,GLOBAL,PLATFORM,0,0,0,0,0,0,0,NATIONAL
gaza,newsday.com,com,GLOBAL,GLOBAL,GLOBAL,PLATFORM,0,0,0,0,0,0,0,NATIONAL
gaza,newsdigest.ng,ng,NG,Sub-Saharan Africa,AFRICA,PLATFORM,0,0,0,0,0,0,0,NATIONAL
gaza,newspressnow.com,com,GLOBAL,GLOBAL,GLOBAL,PLATFORM,0,0,0,0,0,0,0,NATIONAL
gaza,newyorker.com,com,GLOBAL,GLOBAL,GLOBAL,PLATFORM,0,0,0,0,0,0,0,NATIONAL
gaza,nhl.com,com,GLOBAL,GLOBAL,GLOBAL,PLATFORM,0,0,0,0,0,0,0,NATIONAL
gaza,nigerianeye.com,com,GLOBAL,GLOBAL,GLOBAL,PLATFORM,0,0,0,0,0,0,0,NATIONAL
gaza,noozhawk.com,com,GLOBAL,GLOBAL,GLOBAL,PLATFORM,0,0,0,0,0,0,0,NATIONAL
gaza,nova.ie,ie,NA,NA,OTHER,PLATFORM,0,0,0,0,0,0,0,PLATFORM
gaza,nzherald.co.nz,nz,NZ,East Asia & Pacific,OTHER,PLATFORM,0,0,0,0,0,0,0,NATIONAL
gaza,oilprice.com,com,GLOBAL,GLOBAL,GLOBAL,PLATFORM,0,0,0,0,0,0,0,NATIONAL
gaza,oklahomastar.com,com,GLOBAL,GLOBAL,GLOBAL,PLATFORM,0,0,0,0,0,0,0,NATIONAL
gaza,orlandosentinel.com,com,GLOBAL,GLOBAL,GLOBAL,PLATFORM,0,0,0,0,0,0,0,NATIONAL
gaza,patriotla.iheart.com,com,GLOBAL,GLOBAL,GLOBAL,PLATFORM,0,0,0,0,0,0,0,NATIONAL
gaza,peninsuladailynews.com,com,GLOBAL,GLOBAL,GLOBAL,PLATFORM,0,0,0,0,0,0,0,NATIONAL
gaza,pennlive.com,com,GLOBAL,GLOBAL,GLOBAL,PLATFORM,0,0,0,0,0,0,0,NATIONAL
gaza,phoronix.com,com,GLOBAL,GLOBAL,GLOBAL,PLATFORM,0,0,0,0,0,0,0,NATIONAL
gaza,pinkvilla.com,com,GLOBAL,GLOBAL,GLOBAL,PLATFORM,0,0,0,0,0,0,0,NATIONAL
gaza,postbulletin.com,com,GLOBAL,GLOBAL,GLOBAL,PLATFORM,0,0,0,0,0,0,0,NATIONAL
gaza,punchng.com,com,GLOBAL,GLOBAL,GLOBAL,PLATFORM,0,0,0,0,0,0,0,NATIONAL
gaza,readingeagle.com,com,GLOBAL,GLOBAL,GLOBAL,PLATFORM,0,0,0,0,0,0,0,NATIONAL
gaza,realitytvworld.com,com,GLOBAL,GLOBAL,GLOBAL,PLATFORM,0,0,0,0,0,0,0,NATIONAL
gaza,recorder.com,com,GLOBAL,GLOBAL,GLOBAL,PLATFORM,0,0,0,0,0,0,0,NATIONAL
gaza,regina.ctvnews.ca,ca,CA,North America,OTHER,PLATFORM,0,0,0,0,0,0,0,NATIONAL
gaza,rewind943.com,com,GLOBAL,GLOBAL,GLOBAL,PLATFORM,0,0,0,0,0,0,0,NATIONAL
gaza,romesentinel.com,com,GLOBAL,GLOBAL,GLOBAL,PLATFORM,0,0,0,0,0,0,0,NATIONAL
gaza,sandiegouniontribune.com,com,GLOBAL,GLOBAL,GLOBAL,PLATFORM,0,0,0,0,0,0,0,NATIONAL
gaza,saratogian.com,com,GLOBAL,GLOBAL,GLOBAL,PLATFORM,0,0,0,0,0,0,0,NATIONAL
gaza,saultthisweek.com:443,NA,NA,NA,OTHER,PLATFORM,0,0,0,0,0,0,0,PLATFORM
gaza,sosradio.net,net,GLOBAL,GLOBAL,GLOBAL,PLATFORM,0,0,0,0,0,0,0,NATIONAL
gaza,speedwaymedia.com,com,GLOBAL,GLOBAL,GLOBAL,PLATFORM,0,0,0,0,0,0,0,NATIONAL
gaza,springfieldnewssun.com,com,GLOBAL,GLOBAL,GLOBAL,PLATFORM,0,0,0,0,0,0,0,NATIONAL
gaza,standard.net.au,au,AU,East Asia & Pacific,OTHER,PLATFORM,0,0,0,0,0,0,0,NATIONAL
gaza,standardmedia.co.ke,ke,NA,NA,OTHER,PLATFORM,0,0,0,0,0,0,0,PLATFORM
gaza,starobserver.com.au,au,AU,East Asia & Pacific,OTHER,PLATFORM,0,0,0,0,0,0,0,NATIONAL
gaza,stereoboard.com,com,GLOBAL,GLOBAL,GLOBAL,PLATFORM,0,0,0,0,0,0,0,NATIONAL
gaza,stourbridgenews.co.uk,uk,GB,Europe & Central Asia,OTHER,PLATFORM,0,0,0,0,0,0,0,NATIONAL
gaza,strategy-business.com,com,GLOBAL,GLOBAL,GLOBAL,PLATFORM,0,0,0,0,0,0,0,NATIONAL
gaza,stuff.co.nz,nz,NZ,East Asia & Pacific,OTHER,PLATFORM,0,0,0,0,0,0,0,NATIONAL
gaza,swoknews.com,com,GLOBAL,GLOBAL,GLOBAL,PLATFORM,0,0,0,0,0,0,0,NATIONAL
gaza,tampabay.com,com,GLOBAL,GLOBAL,GLOBAL,PLATFORM,0,0,0,0,0,0,0,NATIONAL
gaza,techradar.com,com,GLOBAL,GLOBAL,GLOBAL,PLATFORM,0,0,0,0,0,0,0,NATIONAL
gaza,telegraphherald.com,com,GLOBAL,GLOBAL,GLOBAL,PLATFORM,0,0,0,0,0,0,0,NATIONAL
gaza,tesfanews.net,net,GLOBAL,GLOBAL,GLOBAL,PLATFORM,0,0,0,0,0,0,0,NATIONAL
gaza,thailand-business-news.com,com,GLOBAL,GLOBAL,GLOBAL,PLATFORM,0,0,0,0,0,0,0,NATIONAL
gaza,theconversation.com,com,GLOBAL,GLOBAL,GLOBAL,PLATFORM,0,0,0,0,0,0,0,NATIONAL
gaza,thecourier.com.au,au,AU,East Asia & Pacific,OTHER,PLATFORM,0,0,0,0,0,0,0,NATIONAL
gaza,theepochtimes.com,com,GLOBAL,GLOBAL,GLOBAL,PLATFORM,0,0,0,0,0,0,0,NATIONAL
gaza,thehindu.com,com,GLOBAL,GLOBAL,GLOBAL,PLATFORM,0,0,0,0,0,0,0,NATIONAL
gaza,theitem.com,com,GLOBAL,GLOBAL,GLOBAL,PLATFORM,0,0,0,0,0,0,0,NATIONAL
gaza,thenational.scot,scot,NA,NA,OTHER,PLATFORM,0,0,0,0,0,0,0,PLATFORM
gaza,thenews-chronicle.com,com,GLOBAL,GLOBAL,GLOBAL,PLATFORM,0,0,0,0,0,0,0,NATIONAL
gaza,thenews.com.pk,pk,NA,NA,OTHER,PLATFORM,0,0,0,0,0,0,0,PLATFORM
gaza,thenewsnigeria.com.ng,ng,NG,Sub-Saharan Africa,AFRICA,PLATFORM,0,0,0,0,0,0,0,NATIONAL
gaza,theprint.in,in,IN,South Asia,OTHER,PLATFORM,0,0,0,0,0,0,0,NATIONAL
gaza,therightscoop.com,com,GLOBAL,GLOBAL,GLOBAL,PLATFORM,0,0,0,0,0,0,0,NATIONAL
gaza,theshovel.com.au,au,AU,East Asia & Pacific,OTHER,PLATFORM,0,0,0,0,0,0,0,NATIONAL
gaza,thewest.com.au,au,AU,East Asia & Pacific,OTHER,PLATFORM,0,0,0,0,0,0,0,NATIONAL
gaza,thisismoney.co.uk,uk,GB,Europe & Central Asia,OTHER,PLATFORM,0,0,0,0,0,0,0,NATIONAL
gaza,times-advocate.com,com,GLOBAL,GLOBAL,GLOBAL,PLATFORM,0,0,0,0,0,0,0,NATIONAL
gaza,timesofsandiego.com,com,GLOBAL,GLOBAL,GLOBAL,PLATFORM,0,0,0,0,0,0,0,NATIONAL
gaza,toronto.ctvnews.ca,ca,CA,North America,OTHER,PLATFORM,0,0,0,0,0,0,0,NATIONAL
gaza,tradewindsnews.com,com,GLOBAL,GLOBAL,GLOBAL,PLATFORM,0,0,0,0,0,0,0,NATIONAL
gaza,tulsaworld.com,com,GLOBAL,GLOBAL,GLOBAL,PLATFORM,0,0,0,0,0,0,0,NATIONAL
gaza,up.edu.ph,ph,NA,NA,OTHER,PLATFORM,0,0,0,0,0,0,0,PLATFORM
gaza,usanetwork.com,com,GLOBAL,GLOBAL,GLOBAL,PLATFORM,0,0,0,0,0,0,0,NATIONAL
gaza,valawyersweekly.com,com,GLOBAL,GLOBAL,GLOBAL,PLATFORM,0,0,0,0,0,0,0,NATIONAL
gaza,valleynewslive.com,com,GLOBAL,GLOBAL,GLOBAL,PLATFORM,0,0,0,0,0,0,0,NATIONAL
gaza,vancouversun.com:443,NA,NA,NA,OTHER,PLATFORM,0,0,0,0,0,0,0,PLATFORM
gaza,voanews.com,com,GLOBAL,GLOBAL,GLOBAL,PLATFORM,0,0,0,0,0,0,0,NATIONAL
gaza,wa1a.com,com,GLOBAL,GLOBAL,GLOBAL,PLATFORM,0,0,0,0,0,0,0,NATIONAL
gaza,warm1033.com,com,GLOBAL,GLOBAL,GLOBAL,PLATFORM,0,0,0,0,0,0,0,NATIONAL
gaza,washingtontimes.com,com,GLOBAL,GLOBAL,GLOBAL,PLATFORM,0,0,0,0,0,0,0,NATIONAL
gaza,wbal.com,com,GLOBAL,GLOBAL,GLOBAL,PLATFORM,0,0,0,0,0,0,0,NATIONAL
gaza,wfmz.com,com,GLOBAL,GLOBAL,GLOBAL,PLATFORM,0,0,0,0,0,0,0,NATIONAL
gaza,wftv.com,com,GLOBAL,GLOBAL,GLOBAL,PLATFORM,0,0,0,0,0,0,0,NATIONAL
gaza,wfxl.com,com,GLOBAL,GLOBAL,GLOBAL,PLATFORM,0,0,0,0,0,0,0,NATIONAL
gaza,whbl.com,com,GLOBAL,GLOBAL,GLOBAL,PLATFORM,0,0,0,0,0,0,0,NATIONAL
gaza,whmi.com,com,GLOBAL,GLOBAL,GLOBAL,PLATFORM,0,0,0,0,0,0,0,NATIONAL
gaza,whqr.org,org,GLOBAL,GLOBAL,GLOBAL,PLATFORM,0,0,0,0,0,0,0,NATIONAL
gaza,windowscentral.com,com,GLOBAL,GLOBAL,GLOBAL,PLATFORM,0,0,0,0,0,0,0,NATIONAL
gaza,wine-searcher.com,com,GLOBAL,GLOBAL,GLOBAL,PLATFORM,0,0,0,0,0,0,0,NATIONAL
gaza,wkbw.com,com,GLOBAL,GLOBAL,GLOBAL,PLATFORM,0,0,0,0,0,0,0,NATIONAL
gaza,wlwt.com,com,GLOBAL,GLOBAL,GLOBAL,PLATFORM,0,0,0,0,0,0,0,NATIONAL
gaza,woodradio.iheart.com,com,GLOBAL,GLOBAL,GLOBAL,PLATFORM,0,0,0,0,0,0,0,NATIONAL
gaza,workplaceinsight.net,net,GLOBAL,GLOBAL,GLOBAL,PLATFORM,0,0,0,0,0,0,0,NATIONAL
gaza,wowktv.com,com,GLOBAL,GLOBAL,GLOBAL,PLATFORM,0,0,0,0,0,0,0,NATIONAL
gaza,wprl.org,org,GLOBAL,GLOBAL,GLOBAL,PLATFORM,0,0,0,0,0,0,0,NATIONAL
gaza,wpxi.com,com,GLOBAL,GLOBAL,GLOBAL,PLATFORM,0,0,0,0,0,0,0,NATIONAL
gaza,wtov9.com,com,GLOBAL,GLOBAL,GLOBAL,PLATFORM,0,0,0,0,0,0,0,NATIONAL
gaza,wtvr.com,com,GLOBAL,GLOBAL,GLOBAL,PLATFORM,0,0,0,0,0,0,0,NATIONAL
gaza,wutc.org,org,GLOBAL,GLOBAL,GLOBAL,PLATFORM,0,0,0,0,0,0,0,NATIONAL
gaza,wwno.org,org,GLOBAL,GLOBAL,GLOBAL,PLATFORM,0,0,0,0,0,0,0,NATIONAL
gaza,wxfx.com,com,GLOBAL,GLOBAL,GLOBAL,PLATFORM,0,0,0,0,0,0,0,NATIONAL
gaza,wyomingnews.com,com,GLOBAL,GLOBAL,GLOBAL,PLATFORM,0,0,0,0,0,0,0,NATIONAL
gaza,xxlmag.com,com,GLOBAL,GLOBAL,GLOBAL,PLATFORM,0,0,0,0,0,0,0,NATIONAL
gaza,yankton.net,net,GLOBAL,GLOBAL,GLOBAL,PLATFORM,0,0,0,0,0,0,0,NATIONAL
gaza,z93jamz.com,com,GLOBAL,GLOBAL,GLOBAL,PLATFORM,0,0,0,0,0,0,0,NATIONAL
gaza,102thebear.com,com,GLOBAL,GLOBAL,GLOBAL,PLATFORM,0,0,0,0,0,0,0,NATIONAL
gaza,1035kissfm.iheart.com,com,GLOBAL,GLOBAL,GLOBAL,PLATFORM,0,0,0,0,0,0,0,NATIONAL
gaza,103weup.com,com,GLOBAL,GLOBAL,GLOBAL,PLATFORM,0,0,0,0,0,0,0,NATIONAL
gaza,1049thebeat.com,com,GLOBAL,GLOBAL,GLOBAL,PLATFORM,0,0,0,0,0,0,0,NATIONAL
gaza,1057thex.com,com,GLOBAL,GLOBAL,GLOBAL,PLATFORM,0,0,0,0,0,0,0,NATIONAL
gaza,1190kex.iheart.com,com,GLOBAL,GLOBAL,GLOBAL,PLATFORM,0,0,0,0,0,0,0,NATIONAL
gaza,1190talkradio.iheart.com,com,GLOBAL,GLOBAL,GLOBAL,PLATFORM,0,0,0,0,0,0,0,NATIONAL
gaza,11alive.com,com,GLOBAL,GLOBAL,GLOBAL,PLATFORM,0,0,0,0,0,0,0,NATIONAL
gaza,3aw.com.au,au,AU,East Asia & Pacific,OTHER,PLATFORM,0,0,0,0,0,0,0,NATIONAL
gaza,8newsnow.com,com,GLOBAL,GLOBAL,GLOBAL,PLATFORM,0,0,0,0,0,0,0,NATIONAL
gaza,92qnashville.com,com,GLOBAL,GLOBAL,GLOBAL,PLATFORM,0,0,0,0,0,0,0,NATIONAL
gaza,947-star.com,com,GLOBAL,GLOBAL,GLOBAL,PLATFORM,0,0,0,0,0,0,0,NATIONAL
gaza,961jamz.com,com,GLOBAL,GLOBAL,GLOBAL,PLATFORM,0,0,0,0,0,0,0,NATIONAL
gaza,972mag.com,com,GLOBAL,GLOBAL,GLOBAL,PLATFORM,0,0,0,0,0,0,0,NATIONAL
gaza,980waav.com,com,GLOBAL,GLOBAL,GLOBAL,PLATFORM,0,0,0,0,0,0,0,NATIONAL
gaza,98rockme.iheart.com,com,GLOBAL,GLOBAL,GLOBAL,PLATFORM,0,0,0,0,0,0,0,NATIONAL
gaza,999ktdy.com,com,GLOBAL,GLOBAL,GLOBAL,PLATFORM,0,0,0,0,0,0,0,NATIONAL
gaza,999thepoint.com,com,GLOBAL,GLOBAL,GLOBAL,PLATFORM,0,0,0,0,0,0,0,NATIONAL
gaza,9news.com.au,au,AU,East Asia & Pacific,OTHER,PLATFORM,0,0,0,0,0,0,0,NATIONAL
gaza,abajournal.com,com,GLOBAL,GLOBAL,GLOBAL,PLATFORM,0,0,0,0,0,0,0,NATIONAL
gaza,abc3340.com,com,GLOBAL,GLOBAL,GLOBAL,PLATFORM,0,0,0,0,0,0,0,NATIONAL
gaza,abc6onyourside.com,com,GLOBAL,GLOBAL,GLOBAL,PLATFORM,0,0,0,0,0,0,0,NATIONAL
gaza,abc7.com,com,GLOBAL,GLOBAL,GLOBAL,PLATFORM,0,0,0,0,0,0,0,NATIONAL
gaza,abc7ny.com,com,GLOBAL,GLOBAL,GLOBAL,PLATFORM,0,0,0,0,0,0,0,NATIONAL
gaza,abovethelaw.com,com,GLOBAL,GLOBAL,GLOBAL,PLATFORM,0,0,0,0,0,0,0,NATIONAL
gaza,acainternational.org,org,GLOBAL,GLOBAL,GLOBAL,PLATFORM,0,0,0,0,0,0,0,NATIONAL
gaza,accountantsdaily.com.au,au,AU,East Asia & Pacific,OTHER,PLATFORM,0,0,0,0,0,0,0,NATIONAL
gaza,agcnews.eu,eu,NA,NA,OTHER,PLATFORM,0,0,0,0,0,0,0,PLATFORM
gaza,agweb.com,com,GLOBAL,GLOBAL,GLOBAL,PLATFORM,0,0,0,0,0,0,0,NATIONAL
gaza,annistonstar.com,com,GLOBAL,GLOBAL,GLOBAL,PLATFORM,0,0,0,0,0,0,0,NATIONAL
gaza,archaeology.org,org,GLOBAL,GLOBAL,GLOBAL,PLATFORM,0,0,0,0,0,0,0,NATIONAL
gaza,arrowheadpride.com,com,GLOBAL,GLOBAL,GLOBAL,PLATFORM,0,0,0,0,0,0,0,NATIONAL
gaza,auckland.scoop.co.nz,nz,NZ,East Asia & Pacific,OTHER,PLATFORM,0,0,0,0,0,0,0,NATIONAL
gaza,austin.culturemap.com,com,GLOBAL,GLOBAL,GLOBAL,PLATFORM,0,0,0,0,0,0,0,NATIONAL
gaza,awdf.org,org,GLOBAL,GLOBAL,GLOBAL,PLATFORM,0,0,0,0,0,0,0,NATIONAL
gaza,baltimoresun.com,com,GLOBAL,GLOBAL,GLOBAL,PLATFORM,0,0,0,0,0,0,0,NATIONAL
gaza,bankingday.com,com,GLOBAL,GLOBAL,GLOBAL,PLATFORM,0,0,0,0,0,0,0,NATIONAL
gaza,bdcnetwork.com,com,GLOBAL,GLOBAL,GLOBAL,PLATFORM,0,0,0,0,0,0,0,NATIONAL
gaza,big1047.iheart.com,com,GLOBAL,GLOBAL,GLOBAL,PLATFORM,0,0,0,0,0,0,0,NATIONAL
gaza,blackhillsfox.com,com,GLOBAL,GLOBAL,GLOBAL,PLATFORM,0,0,0,0,0,0,0,NATIONAL
gaza,bocanewsnow.com,com,GLOBAL,GLOBAL,GLOBAL,PLATFORM,0,0,0,0,0,0,0,NATIONAL
gaza,boisestatepublicradio.org,org,GLOBAL,GLOBAL,GLOBAL,PLATFORM,0,0,0,0,0,0,0,NATIONAL
gaza,borneobulletin.com.bn,bn,NA,NA,OTHER,PLATFORM,0,0,0,0,0,0,0,PLATFORM
gaza,breakingdefense.com,com,GLOBAL,GLOBAL,GLOBAL,PLATFORM,0,0,0,0,0,0,0,NATIONAL
gaza,brisbanetimes.com.au,au,AU,East Asia & Pacific,OTHER,PLATFORM,0,0,0,0,0,0,0,NATIONAL
gaza,carmagazine.co.uk:443,NA,NA,NA,OTHER,PLATFORM,0,0,0,0,0,0,0,PLATFORM
gaza,cbc.ca,ca,CA,North America,OTHER,PLATFORM,0,0,0,0,0,0,0,NATIONAL
gaza,cbr.com,com,GLOBAL,GLOBAL,GLOBAL,PLATFORM,0,0,0,0,0,0,0,NATIONAL
gaza,cbs2iowa.com,com,GLOBAL,GLOBAL,GLOBAL,PLATFORM,0,0,0,0,0,0,0,NATIONAL
gaza,chilecomparte.cl,cl,CL,Latin America & Caribbean,OTHER,PLATFORM,0,0,0,0,0,0,0,NATIONAL
gaza,chroniclelive.co.uk,uk,GB,Europe & Central Asia,OTHER,PLATFORM,0,0,0,0,0,0,0,NATIONAL
gaza,citymag.indaily.com.au,au,AU,East Asia & Pacific,OTHER,PLATFORM,0,0,0,0,0,0,0,NATIONAL
gaza,cjlo.com,com,GLOBAL,GLOBAL,GLOBAL,PLATFORM,0,0,0,0,0,0,0,NATIONAL
gaza,clclt.com,com,GLOBAL,GLOBAL,GLOBAL,PLATFORM,0,0,0,0,0,0,0,NATIONAL
gaza,cleantechnica.com,com,GLOBAL,GLOBAL,GLOBAL,PLATFORM,0,0,0,0,0,0,0,NATIONAL
gaza,couriermail.com.au,au,AU,East Asia & Pacific,OTHER,PLATFORM,0,0,0,0,0,0,0,NATIONAL
gaza,dailydot.com,com,GLOBAL,GLOBAL,GLOBAL,PLATFORM,0,0,0,0,0,0,0,NATIONAL
gaza,dailykos.com:443,NA,NA,NA,OTHER,PLATFORM,0,0,0,0,0,0,0,PLATFORM
gaza,dailyliberal.com.au,au,AU,East Asia & Pacific,OTHER,PLATFORM,0,0,0,0,0,0,0,NATIONAL
gaza,dailylocal.com,com,GLOBAL,GLOBAL,GLOBAL,PLATFORM,0,0,0,0,0,0,0,NATIONAL
gaza,dailyvoice.com,com,GLOBAL,GLOBAL,GLOBAL,PLATFORM,0,0,0,0,0,0,0,NATIONAL
gaza,dairyherd.com,com,GLOBAL,GLOBAL,GLOBAL,PLATFORM,0,0,0,0,0,0,0,NATIONAL
gaza,dakotawarcollege.com,com,GLOBAL,GLOBAL,GLOBAL,PLATFORM,0,0,0,0,0,0,0,NATIONAL
gaza,dayton.binnews.com,com,GLOBAL,GLOBAL,GLOBAL,PLATFORM,0,0,0,0,0,0,0,NATIONAL
gaza,delawarepublic.org,org,GLOBAL,GLOBAL,GLOBAL,PLATFORM,0,0,0,0,0,0,0,NATIONAL
gaza,delta-optimist.com,com,GLOBAL,GLOBAL,GLOBAL,PLATFORM,0,0,0,0,0,0,0,NATIONAL
gaza,detroitlions.com,com,GLOBAL,GLOBAL,GLOBAL,PLATFORM,0,0,0,0,0,0,0,NATIONAL
gaza,developingtelecoms.com,com,GLOBAL,GLOBAL,GLOBAL,PLATFORM,0,0,0,0,0,0,0,NATIONAL
gaza,dominicantoday.com,com,GLOBAL,GLOBAL,GLOBAL,PLATFORM,0,0,0,0,0,0,0,NATIONAL
gaza,dorksideoftheforce.com,com,GLOBAL,GLOBAL,GLOBAL,PLATFORM,0,0,0,0,0,0,0,NATIONAL
gaza,duke.fm,fm,NA,NA,OTHER,PLATFORM,0,0,0,0,0,0,0,PLATFORM
gaza,elkodaily.com,com,GLOBAL,GLOBAL,GLOBAL,PLATFORM,0,0,0,0,0,0,0,NATIONAL
gaza,english.elpais.com,com,GLOBAL,GLOBAL,GLOBAL,PLATFORM,0,0,0,0,0,0,0,NATIONAL
gaza,eou.edu,edu,NA,NA,OTHER,PLATFORM,0,0,0,0,0,0,0,PLATFORM
gaza,eveshamjournal.co.uk,uk,GB,Europe & Central Asia,OTHER,PLATFORM,0,0,0,0,0,0,0,NATIONAL
gaza,extratime.com,com,GLOBAL,GLOBAL,GLOBAL,PLATFORM,0,0,0,0,0,0,0,NATIONAL
gaza,fauquiernow.com,com,GLOBAL,GLOBAL,GLOBAL,PLATFORM,0,0,0,0,0,0,0,NATIONAL
gaza,fbherald.com,com,GLOBAL,GLOBAL,GLOBAL,PLATFORM,0,0,0,0,0,0,0,NATIONAL
gaza,financecolombia.com,com,GLOBAL,GLOBAL,GLOBAL,PLATFORM,0,0,0,0,0,0,0,NATIONAL
gaza,finanznachrichten.de,de,DE,Europe & Central Asia,OTHER,PLATFORM,0,0,0,0,0,0,0,NATIONAL
gaza,ford-trucks.com,com,GLOBAL,GLOBAL,GLOBAL,PLATFORM,0,0,0,0,0,0,0,NATIONAL
gaza,fortbendstar.com,com,GLOBAL,GLOBAL,GLOBAL,PLATFORM,0,0,0,0,0,0,0,NATIONAL
gaza,fox26houston.com,com,GLOBAL,GLOBAL,GLOBAL,PLATFORM,0,0,0,0,0,0,0,NATIONAL
gaza,fox2detroit.com,com,GLOBAL,GLOBAL,GLOBAL,PLATFORM,0,0,0,0,0,0,0,NATIONAL
gaza,fox8.com,com,GLOBAL,GLOBAL,GLOBAL,PLATFORM,0,0,0,0,0,0,0,NATIONAL
gaza,foxbaltimore.com,com,GLOBAL,GLOBAL,GLOBAL,PLATFORM,0,0,0,0,0,0,0,NATIONAL
gaza,foxsports1450.iheart.com,com,GLOBAL,GLOBAL,GLOBAL,PLATFORM,0,0,0,0,0,0,0,NATIONAL
gaza,foxwilmington.com,com,GLOBAL,GLOBAL,GLOBAL,PLATFORM,0,0,0,0,0,0,0,NATIONAL
gaza,fxempire.com,com,GLOBAL,GLOBAL,GLOBAL,PLATFORM,0,0,0,0,0,0,0,NATIONAL
gaza,gaming.net,net,GLOBAL,GLOBAL,GLOBAL,PLATFORM,0,0,0,0,0,0,0,NATIONAL
gaza,gcrmag.com,com,GLOBAL,GLOBAL,GLOBAL,PLATFORM,0,0,0,0,0,0,0,NATIONAL
gaza,globenewswire.com,com,GLOBAL,GLOBAL,GLOBAL,PLATFORM,0,0,0,0,0,0,0,NATIONAL
gaza,gloucesteradvocate.com.au,au,AU,East Asia & Pacific,OTHER,PLATFORM,0,0,0,0,0,0,0,NATIONAL
gaza,govtech.com,com,GLOBAL,GLOBAL,GLOBAL,PLATFORM,0,0,0,0,0,0,0,NATIONAL
gaza,hackneygazette.co.uk,uk,GB,Europe & Central Asia,OTHER,PLATFORM,0,0,0,0,0,0,0,NATIONAL
gaza,hauraki.co.nz,nz,NZ,East Asia & Pacific,OTHER,PLATFORM,0,0,0,0,0,0,0,NATIONAL
gaza,hcplive.com,com,GLOBAL,GLOBAL,GLOBAL,PLATFORM,0,0,0,0,0,0,0,NATIONAL
gaza,herald-zeitung.com,com,GLOBAL,GLOBAL,GLOBAL,PLATFORM,0,0,0,0,0,0,0,NATIONAL
gaza,heraldgoa.in,in,IN,South Asia,OTHER,PLATFORM,0,0,0,0,0,0,0,NATIONAL
gaza,heraldstaronline.com,com,GLOBAL,GLOBAL,GLOBAL,PLATFORM,0,0,0,0,0,0,0,NATIONAL
gaza,highlandstoday.com,com,GLOBAL,GLOBAL,GLOBAL,PLATFORM,0,0,0,0,0,0,0,NATIONAL
gaza,hits973.com,com,GLOBAL,GLOBAL,GLOBAL,PLATFORM,0,0,0,0,0,0,0,NATIONAL
gaza,hot105fm.com,com,GLOBAL,GLOBAL,GLOBAL,PLATFORM,0,0,0,0,0,0,0,NATIONAL
gaza,hot967fm.com,com,GLOBAL,GLOBAL,GLOBAL,PLATFORM,0,0,0,0,0,0,0,NATIONAL
gaza,hothardware.com,com,GLOBAL,GLOBAL,GLOBAL,PLATFORM,0,0,0,0,0,0,0,NATIONAL
gaza,hudsonstarobserver.com,com,GLOBAL,GLOBAL,GLOBAL,PLATFORM,0,0,0,0,0,0,0,NATIONAL
gaza,hulldailymail.co.uk,uk,GB,Europe & Central Asia,OTHER,PLATFORM,0,0,0,0,0,0,0,NATIONAL
gaza,i95rocks.com,com,GLOBAL,GLOBAL,GLOBAL,PLATFORM,0,0,0,0,0,0,0,NATIONAL
gaza,interest.co.nz,nz,NZ,East Asia & Pacific,OTHER,PLATFORM,0,0,0,0,0,0,0,NATIONAL
gaza,interior-news.com,com,GLOBAL,GLOBAL,GLOBAL,PLATFORM,0,0,0,0,0,0,0,NATIONAL
gaza,irishamerica.com,com,GLOBAL,GLOBAL,GLOBAL,PLATFORM,0,0,0,0,0,0,0,NATIONAL
gaza,jamaica-gleaner.com,com,GLOBAL,GLOBAL,GLOBAL,PLATFORM,0,0,0,0,0,0,0,NATIONAL
gaza,jamaicantimes.com,com,GLOBAL,GLOBAL,GLOBAL,PLATFORM,0,0,0,0,0,0,0,NATIONAL
gaza,jamaicaobserver.com,com,GLOBAL,GLOBAL,GLOBAL,PLATFORM,0,0,0,0,0,0,0,NATIONAL
gaza,jdsupra.com,com,GLOBAL,GLOBAL,GLOBAL,PLATFORM,0,0,0,0,0,0,0,NATIONAL
gaza,johnsoncitypress.com,com,GLOBAL,GLOBAL,GLOBAL,PLATFORM,0,0,0,0,0,0,0,NATIONAL
gaza,jubileeusa.org,org,GLOBAL,GLOBAL,GLOBAL,PLATFORM,0,0,0,0,0,0,0,NATIONAL
gaza,juneesoutherncross.com.au,au,AU,East Asia & Pacific,OTHER,PLATFORM,0,0,0,0,0,0,0,NATIONAL
gaza,kalx.berkeley.edu,edu,NA,NA,OTHER,PLATFORM,0,0,0,0,0,0,0,PLATFORM
gaza,kaok.com,com,GLOBAL,GLOBAL,GLOBAL,PLATFORM,0,0,0,0,0,0,0,NATIONAL
gaza,kclr96fm.com,com,GLOBAL,GLOBAL,GLOBAL,PLATFORM,0,0,0,0,0,0,0,NATIONAL
gaza,kcur.org,org,GLOBAL,GLOBAL,GLOBAL,PLATFORM,0,0,0,0,0,0,0,NATIONAL
gaza,kdux.com,com,GLOBAL,GLOBAL,GLOBAL,PLATFORM,0,0,0,0,0,0,0,NATIONAL
gaza,kduz.com,com,GLOBAL,GLOBAL,GLOBAL,PLATFORM,0,0,0,0,0,0,0,NATIONAL
gaza,keprtv.com,com,GLOBAL,GLOBAL,GLOBAL,PLATFORM,0,0,0,0,0,0,0,NATIONAL
gaza,keyw.com,com,GLOBAL,GLOBAL,GLOBAL,PLATFORM,0,0,0,0,0,0,0,NATIONAL
gaza,kfor.com,com,GLOBAL,GLOBAL,GLOBAL,PLATFORM,0,0,0,0,0,0,0,NATIONAL
gaza,kfvs12.com,com,GLOBAL,GLOBAL,GLOBAL,PLATFORM,0,0,0,0,0,0,0,NATIONAL
gaza,kiss-1031.com,com,GLOBAL,GLOBAL,GLOBAL,PLATFORM,0,0,0,0,0,0,0,NATIONAL
gaza,kissfm969.com,com,GLOBAL,GLOBAL,GLOBAL,PLATFORM,0,0,0,0,0,0,0,NATIONAL
gaza,kitv.com,com,GLOBAL,GLOBAL,GLOBAL,PLATFORM,0,0,0,0,0,0,0,NATIONAL
gaza,klbjfm.com,com,GLOBAL,GLOBAL,GLOBAL,PLATFORM,0,0,0,0,0,0,0,NATIONAL
gaza,koamnewsnow.com,com,GLOBAL,GLOBAL,GLOBAL,PLATFORM,0,0,0,0,0,0,0,NATIONAL
gaza,kost1035.iheart.com,com,GLOBAL,GLOBAL,GLOBAL,PLATFORM,0,0,0,0,0,0,0,NATIONAL
gaza,kpel965.com,com,GLOBAL,GLOBAL,GLOBAL,PLATFORM,0,0,0,0,0,0,0,NATIONAL
gaza,ksdk.com,com,GLOBAL,GLOBAL,GLOBAL,PLATFORM,0,0,0,0,0,0,0,NATIONAL
gaza,ktvu.com,com,GLOBAL,GLOBAL,GLOBAL,PLATFORM,0,0,0,0,0,0,0,NATIONAL
gaza,kube933.iheart.com,com,GLOBAL,GLOBAL,GLOBAL,PLATFORM,0,0,0,0,0,0,0,NATIONAL
gaza,kvrr.com,com,GLOBAL,GLOBAL,GLOBAL,PLATFORM,0,0,0,0,0,0,0,NATIONAL
gaza,kzrx921.iheart.com,com,GLOBAL,GLOBAL,GLOBAL,PLATFORM,0,0,0,0,0,0,0,NATIONAL
gaza,lakeexpo.com,com,GLOBAL,GLOBAL,GLOBAL,PLATFORM,0,0,0,0,0,0,0,NATIONAL
gaza,lite96.com,com,GLOBAL,GLOBAL,GLOBAL,PLATFORM,0,0,0,0,0,0,0,NATIONAL
gaza,magic989fm.iheart.com,com,GLOBAL,GLOBAL,GLOBAL,PLATFORM,0,0,0,0,0,0,0,NATIONAL
gaza,malaymail.com,com,GLOBAL,GLOBAL,GLOBAL,PLATFORM,0,0,0,0,0,0,0,NATIONAL
gaza,marinelink.com,com,GLOBAL,GLOBAL,GLOBAL,PLATFORM,0,0,0,0,0,0,0,NATIONAL
gaza,masslive.com,com,GLOBAL,GLOBAL,GLOBAL,PLATFORM,0,0,0,0,0,0,0,NATIONAL
gaza,mercurynews.com,com,GLOBAL,GLOBAL,GLOBAL,PLATFORM,0,0,0,0,0,0,0,NATIONAL
gaza,midmichigannow.com,com,GLOBAL,GLOBAL,GLOBAL,PLATFORM,0,0,0,0,0,0,0,NATIONAL
gaza,midnorthmonitor.com:443,NA,NA,NA,OTHER,PLATFORM,0,0,0,0,0,0,0,PLATFORM
gaza,mininggazette.com,com,GLOBAL,GLOBAL,GLOBAL,PLATFORM,0,0,0,0,0,0,0,NATIONAL
gaza,missoulian.com,com,GLOBAL,GLOBAL,GLOBAL,PLATFORM,0,0,0,0,0,0,0,NATIONAL
gaza,mixx993.com,com,GLOBAL,GLOBAL,GLOBAL,PLATFORM,0,0,0,0,0,0,0,NATIONAL
gaza,mlb.com,com,GLOBAL,GLOBAL,GLOBAL,PLATFORM,0,0,0,0,0,0,0,NATIONAL
gaza,montanarightnow.com,com,GLOBAL,GLOBAL,GLOBAL,PLATFORM,0,0,0,0,0,0,0,NATIONAL
gaza,msf.org.au,au,AU,East Asia & Pacific,OTHER,PLATFORM,0,0,0,0,0,0,0,NATIONAL
gaza,mudgeeguardian.com.au,au,AU,East Asia & Pacific,OTHER,PLATFORM,0,0,0,0,0,0,0,NATIONAL
gaza,myb106.com,com,GLOBAL,GLOBAL,GLOBAL,PLATFORM,0,0,0,0,0,0,0,NATIONAL
gaza,mypanhandle.com,com,GLOBAL,GLOBAL,GLOBAL,PLATFORM,0,0,0,0,0,0,0,NATIONAL
gaza,myspiritfm.com,com,GLOBAL,GLOBAL,GLOBAL,PLATFORM,0,0,0,0,0,0,0,NATIONAL
gaza,mysuncoast.com,com,GLOBAL,GLOBAL,GLOBAL,PLATFORM,0,0,0,0,0,0,0,NATIONAL
gaza,news.sky.com,com,GLOBAL,GLOBAL,GLOBAL,PLATFORM,0,0,0,0,0,0,0,NATIONAL
gaza,news.wfsu.org,org,GLOBAL,GLOBAL,GLOBAL,PLATFORM,0,0,0,0,0,0,0,NATIONAL
gaza,news.wosu.org,org,GLOBAL,GLOBAL,GLOBAL,PLATFORM,0,0,0,0,0,0,0,NATIONAL
gaza,newsantaana.com,com,GLOBAL,GLOBAL,GLOBAL,PLATFORM,0,0,0,0,0,0,0,NATIONAL
gaza,newsnationnow.com,com,GLOBAL,GLOBAL,GLOBAL,PLATFORM,0,0,0,0,0,0,0,NATIONAL
gaza,newsobserver.com,com,GLOBAL,GLOBAL,GLOBAL,PLATFORM,0,0,0,0,0,0,0,NATIONAL
gaza,northamptonchron.co.uk,uk,GB,Europe & Central Asia,OTHER,PLATFORM,0,0,0,0,0,0,0,NATIONAL
gaza,northqueenslandregister.com.au,au,AU,East Asia & Pacific,OTHER,PLATFORM,0,0,0,0,0,0,0,NATIONAL
gaza,nwadventists.com,com,GLOBAL,GLOBAL,GLOBAL,PLATFORM,0,0,0,0,0,0,0,NATIONAL
gaza,nwemail.co.uk,uk,GB,Europe & Central Asia,OTHER,PLATFORM,0,0,0,0,0,0,0,NATIONAL
gaza,nyasatimes.com,com,GLOBAL,GLOBAL,GLOBAL,PLATFORM,0,0,0,0,0,0,0,NATIONAL
gaza,nytimes.com,com,GLOBAL,GLOBAL,GLOBAL,PLATFORM,0,0,0,0,0,0,0,NATIONAL
gaza,obituaries.richmondregister.com,com,GLOBAL,GLOBAL,GLOBAL,PLATFORM,0,0,0,0,0,0,0,NATIONAL
gaza,offalyexpress.ie,ie,NA,NA,OTHER,PLATFORM,0,0,0,0,0,0,0,PLATFORM
gaza,pakistantelegraph.com,com,GLOBAL,GLOBAL,GLOBAL,PLATFORM,0,0,0,0,0,0,0,NATIONAL
gaza,pbs.org,org,GLOBAL,GLOBAL,GLOBAL,PLATFORM,0,0,0,0,0,0,0,NATIONAL
gaza,politicsweb.co.za,za,ZA,Sub-Saharan Africa,AFRICA,PLATFORM,0,0,0,0,0,0,0,NATIONAL
gaza,prnewswire.com,com,GLOBAL,GLOBAL,GLOBAL,PLATFORM,0,0,0,0,0,0,0,NATIONAL
gaza,proactiveinvestors.com.au,au,AU,East Asia & Pacific,OTHER,PLATFORM,0,0,0,0,0,0,0,NATIONAL
gaza,pulitzercenter.org,org,GLOBAL,GLOBAL,GLOBAL,PLATFORM,0,0,0,0,0,0,0,NATIONAL
gaza,qctimes.com,com,GLOBAL,GLOBAL,GLOBAL,PLATFORM,0,0,0,0,0,0,0,NATIONAL
gaza,rfi.fr,fr,FR,Europe & Central Asia,OTHER,PLATFORM,0,0,0,0,0,0,0,NATIONAL
gaza,river105.com,com,GLOBAL,GLOBAL,GLOBAL,PLATFORM,0,0,0,0,0,0,0,NATIONAL
gaza,rnz.co.nz,nz,NZ,East Asia & Pacific,OTHER,PLATFORM,0,0,0,0,0,0,0,NATIONAL
gaza,roadandtrack.com,com,GLOBAL,GLOBAL,GLOBAL,PLATFORM,0,0,0,0,0,0,0,NATIONAL
gaza,royalcentral.co.uk,uk,GB,Europe & Central Asia,OTHER,PLATFORM,0,0,0,0,0,0,0,NATIONAL
gaza,rttnews.com,com,GLOBAL,GLOBAL,GLOBAL,PLATFORM,0,0,0,0,0,0,0,NATIONAL
gaza,scotsman.com,com,GLOBAL,GLOBAL,GLOBAL,PLATFORM,0,0,0,0,0,0,0,NATIONAL
gaza,scrippsnews.com,com,GLOBAL,GLOBAL,GLOBAL,PLATFORM,0,0,0,0,0,0,0,NATIONAL
gaza,seattletimes.com,com,GLOBAL,GLOBAL,GLOBAL,PLATFORM,0,0,0,0,0,0,0,NATIONAL
gaza,sippican.theweektoday.com,com,GLOBAL,GLOBAL,GLOBAL,PLATFORM,0,0,0,0,0,0,0,NATIONAL
gaza,slate.com,com,GLOBAL,GLOBAL,GLOBAL,PLATFORM,0,0,0,0,0,0,0,NATIONAL
gaza,southpeacenews.com,com,GLOBAL,GLOBAL,GLOBAL,PLATFORM,0,0,0,0,0,0,0,NATIONAL
gaza,stalbansreview.co.uk,uk,GB,Europe & Central Asia,OTHER,PLATFORM,0,0,0,0,0,0,0,NATIONAL
gaza,starcasm.net,net,GLOBAL,GLOBAL,GLOBAL,PLATFORM,0,0,0,0,0,0,0,NATIONAL
gaza,stawelltimes.com.au,au,AU,East Asia & Pacific,OTHER,PLATFORM,0,0,0,0,0,0,0,NATIONAL
gaza,stevivor.com,com,GLOBAL,GLOBAL,GLOBAL,PLATFORM,0,0,0,0,0,0,0,NATIONAL
gaza,sunny95.com,com,GLOBAL,GLOBAL,GLOBAL,PLATFORM,0,0,0,0,0,0,0,NATIONAL
gaza,t102.iheart.com,com,GLOBAL,GLOBAL,GLOBAL,PLATFORM,0,0,0,0,0,0,0,NATIONAL
gaza,tech.slashdot.org,org,GLOBAL,GLOBAL,GLOBAL,PLATFORM,0,0,0,0,0,0,0,NATIONAL
gaza,theaustralian.com.au,au,AU,East Asia & Pacific,OTHER,PLATFORM,0,0,0,0,0,0,0,NATIONAL
gaza,thecatholicspirit.com,com,GLOBAL,GLOBAL,GLOBAL,PLATFORM,0,0,0,0,0,0,0,NATIONAL
gaza,thedailycitizen.com,com,GLOBAL,GLOBAL,GLOBAL,PLATFORM,0,0,0,0,0,0,0,NATIONAL
gaza,thefranchiseok.com,com,GLOBAL,GLOBAL,GLOBAL,PLATFORM,0,0,0,0,0,0,0,NATIONAL
gaza,thefranklinnewspost.com,com,GLOBAL,GLOBAL,GLOBAL,PLATFORM,0,0,0,0,0,0,0,NATIONAL
gaza,thegame730am.com,com,GLOBAL,GLOBAL,GLOBAL,PLATFORM,0,0,0,0,0,0,0,NATIONAL
gaza,thehardtackle.com,com,GLOBAL,GLOBAL,GLOBAL,PLATFORM,0,0,0,0,0,0,0,NATIONAL
gaza,theintercept.com,com,GLOBAL,GLOBAL,GLOBAL,PLATFORM,0,0,0,0,0,0,0,NATIONAL
gaza,thejakartapost.com,com,GLOBAL,GLOBAL,GLOBAL,PLATFORM,0,0,0,0,0,0,0,NATIONAL
gaza,thekansan.com,com,GLOBAL,GLOBAL,GLOBAL,PLATFORM,0,0,0,0,0,0,0,NATIONAL
gaza,thelincolnite.co.uk,uk,GB,Europe & Central Asia,OTHER,PLATFORM,0,0,0,0,0,0,0,NATIONAL
gaza,themalaysianinsight.com,com,GLOBAL,GLOBAL,GLOBAL,PLATFORM,0,0,0,0,0,0,0,NATIONAL
gaza,themarketsdaily.com,com,GLOBAL,GLOBAL,GLOBAL,PLATFORM,0,0,0,0,0,0,0,NATIONAL
gaza,themoscowtimes.com,com,GLOBAL,GLOBAL,GLOBAL,PLATFORM,0,0,0,0,0,0,0,NATIONAL
gaza,thenewsleaders.com,com,GLOBAL,GLOBAL,GLOBAL,PLATFORM,0,0,0,0,0,0,0,NATIONAL
gaza,thepacket.ca,ca,CA,North America,OTHER,PLATFORM,0,0,0,0,0,0,0,NATIONAL
gaza,thesangaiexpress.com,com,GLOBAL,GLOBAL,GLOBAL,PLATFORM,0,0,0,0,0,0,0,NATIONAL
gaza,thesierraleonetelegraph.com,com,GLOBAL,GLOBAL,GLOBAL,PLATFORM,0,0,0,0,0,0,0,NATIONAL
gaza,thesource.com,com,GLOBAL,GLOBAL,GLOBAL,PLATFORM,0,0,0,0,0,0,0,NATIONAL
gaza,thesouthafrican.com,com,GLOBAL,GLOBAL,GLOBAL,PLATFORM,0,0,0,0,0,0,0,NATIONAL
gaza,thestranger.com,com,GLOBAL,GLOBAL,GLOBAL,PLATFORM,0,0,0,0,0,0,0,NATIONAL
gaza,thesuntimes.com,com,GLOBAL,GLOBAL,GLOBAL,PLATFORM,0,0,0,0,0,0,0,NATIONAL
gaza,timescall.com,com,GLOBAL,GLOBAL,GLOBAL,PLATFORM,0,0,0,0,0,0,0,NATIONAL
gaza,timesherald.com,com,GLOBAL,GLOBAL,GLOBAL,PLATFORM,0,0,0,0,0,0,0,NATIONAL
gaza,tmcnet.com,com,GLOBAL,GLOBAL,GLOBAL,PLATFORM,0,0,0,0,0,0,0,NATIONAL
gaza,townandcountrymag.com,com,GLOBAL,GLOBAL,GLOBAL,PLATFORM,0,0,0,0,0,0,0,NATIONAL
gaza,townhall.com,com,GLOBAL,GLOBAL,GLOBAL,PLATFORM,0,0,0,0,0,0,0,NATIONAL
gaza,trinidadtimes.com,com,GLOBAL,GLOBAL,GLOBAL,PLATFORM,0,0,0,0,0,0,0,NATIONAL
gaza,universe.byu.edu,edu,NA,NA,OTHER,PLATFORM,0,0,0,0,0,0,0,PLATFORM
gaza,upi.com,com,GLOBAL,GLOBAL,GLOBAL,PLATFORM,0,0,0,0,0,0,0,NATIONAL
gaza,upstreamonline.com,com,GLOBAL,GLOBAL,GLOBAL,PLATFORM,0,0,0,0,0,0,0,NATIONAL
gaza,voazimbabwe.com,com,GLOBAL,GLOBAL,GLOBAL,PLATFORM,0,0,0,0,0,0,0,NATIONAL
gaza,vogue.com,com,GLOBAL,GLOBAL,GLOBAL,PLATFORM,0,0,0,0,0,0,0,NATIONAL
gaza,voicenews.com,com,GLOBAL,GLOBAL,GLOBAL,PLATFORM,0,0,0,0,0,0,0,NATIONAL
gaza,vtdigger.org,org,GLOBAL,GLOBAL,GLOBAL,PLATFORM,0,0,0,0,0,0,0,NATIONAL
gaza,wabx.net,net,GLOBAL,GLOBAL,GLOBAL,PLATFORM,0,0,0,0,0,0,0,NATIONAL
gaza,wahpetondailynews.com,com,GLOBAL,GLOBAL,GLOBAL,PLATFORM,0,0,0,0,0,0,0,NATIONAL
gaza,warsawvoice.pl,pl,PL,Europe & Central Asia,OTHER,PLATFORM,0,0,0,0,0,0,0,NATIONAL
gaza,washtimesherald.com,com,GLOBAL,GLOBAL,GLOBAL,PLATFORM,0,0,0,0,0,0,0,NATIONAL
gaza,wbiw.com,com,GLOBAL,GLOBAL,GLOBAL,PLATFORM,0,0,0,0,0,0,0,NATIONAL
gaza,wchstv.com,com,GLOBAL,GLOBAL,GLOBAL,PLATFORM,0,0,0,0,0,0,0,NATIONAL
gaza,wcjb.com,com,GLOBAL,GLOBAL,GLOBAL,PLATFORM,0,0,0,0,0,0,0,NATIONAL
gaza,wearegreenbay.com,com,GLOBAL,GLOBAL,GLOBAL,PLATFORM,0,0,0,0,0,0,0,NATIONAL
gaza,westernslopenow.com,com,GLOBAL,GLOBAL,GLOBAL,PLATFORM,0,0,0,0,0,0,0,NATIONAL
gaza,wfhb.org,org,GLOBAL,GLOBAL,GLOBAL,PLATFORM,0,0,0,0,0,0,0,NATIONAL
gaza,wgme.com,com,GLOBAL,GLOBAL,GLOBAL,PLATFORM,0,0,0,0,0,0,0,NATIONAL
gaza,wgno.com,com,GLOBAL,GLOBAL,GLOBAL,PLATFORM,0,0,0,0,0,0,0,NATIONAL
gaza,whas11.com,com,GLOBAL,GLOBAL,GLOBAL,PLATFORM,0,0,0,0,0,0,0,NATIONAL
gaza,whatsupnewp.com,com,GLOBAL,GLOBAL,GLOBAL,PLATFORM,0,0,0,0,0,0,0,NATIONAL
gaza,wiba.iheart.com,com,GLOBAL,GLOBAL,GLOBAL,PLATFORM,0,0,0,0,0,0,0,NATIONAL
gaza,wild953.com,com,GLOBAL,GLOBAL,GLOBAL,PLATFORM,0,0,0,0,0,0,0,NATIONAL
gaza,wild955.iheart.com,com,GLOBAL,GLOBAL,GLOBAL,PLATFORM,0,0,0,0,0,0,0,NATIONAL
gaza,wistv.com,com,GLOBAL,GLOBAL,GLOBAL,PLATFORM,0,0,0,0,0,0,0,NATIONAL
gaza,wjbc.com,com,GLOBAL,GLOBAL,GLOBAL,PLATFORM,0,0,0,0,0,0,0,NATIONAL
gaza,wjiz.iheart.com,com,GLOBAL,GLOBAL,GLOBAL,PLATFORM,0,0,0,0,0,0,0,NATIONAL
gaza,wkzo.com,com,GLOBAL,GLOBAL,GLOBAL,PLATFORM,0,0,0,0,0,0,0,NATIONAL
gaza,wnewsj.com,com,GLOBAL,GLOBAL,GLOBAL,PLATFORM,0,0,0,0,0,0,0,NATIONAL
gaza,workers.org,org,GLOBAL,GLOBAL,GLOBAL,PLATFORM,0,0,0,0,0,0,0,NATIONAL
gaza,wowt.com,com,GLOBAL,GLOBAL,GLOBAL,PLATFORM,0,0,0,0,0,0,0,NATIONAL
gaza,wpri.com,com,GLOBAL,GLOBAL,GLOBAL,PLATFORM,0,0,0,0,0,0,0,NATIONAL
gaza,wrif.com,com,GLOBAL,GLOBAL,GLOBAL,PLATFORM,0,0,0,0,0,0,0,NATIONAL
gaza,wunc.org,org,GLOBAL,GLOBAL,GLOBAL,PLATFORM,0,0,0,0,0,0,0,NATIONAL
gaza,wvnstv.com,com,GLOBAL,GLOBAL,GLOBAL,PLATFORM,0,0,0,0,0,0,0,NATIONAL
gaza,wwltv.com,com,GLOBAL,GLOBAL,GLOBAL,PLATFORM,0,0,0,0,0,0,0,NATIONAL
gaza,wyomingnewsnow.tv,tv,NA,NA,OTHER,PLATFORM,0,0,0,0,0,0,0,PLATFORM
gaza,y100florida.iheart.com,com,GLOBAL,GLOBAL,GLOBAL,PLATFORM,0,0,0,0,0,0,0,NATIONAL
gaza,y1025.iheart.com,com,GLOBAL,GLOBAL,GLOBAL,PLATFORM,0,0,0,0,0,0,0,NATIONAL
gaza,yachtingmagazine.com,com,GLOBAL,GLOBAL,GLOBAL,PLATFORM,0,0,0,0,0,0,0,NATIONAL
gaza,yourerie.com,com,GLOBAL,GLOBAL,GLOBAL,PLATFORM,0,0,0,0,0,0,0,NATIONAL
gaza,z100portland.iheart.com,com,GLOBAL,GLOBAL,GLOBAL,PLATFORM,0,0,0,0,0,0,0,NATIONAL
gaza,z106.iheart.com,com,GLOBAL,GLOBAL,GLOBAL,PLATFORM,0,0,0,0,0,0,0,NATIONAL
gaza,z94.com,com,GLOBAL,GLOBAL,GLOBAL,PLATFORM,0,0,0,0,0,0,0,NATIONAL
gaza,1059thebrew.iheart.com,com,GLOBAL,GLOBAL,GLOBAL,PLATFORM,0,0,0,0,0,0,0,NATIONAL
gaza,14news.com,com,GLOBAL,GLOBAL,GLOBAL,PLATFORM,0,0,0,0,0,0,0,NATIONAL
gaza,21stcenturywire.com,com,GLOBAL,GLOBAL,GLOBAL,PLATFORM,0,0,0,0,0,0,0,NATIONAL
gaza,941thebeat.iheart.com,com,GLOBAL,GLOBAL,GLOBAL,PLATFORM,0,0,0,0,0,0,0,NATIONAL
gaza,953thescore.com,com,GLOBAL,GLOBAL,GLOBAL,PLATFORM,0,0,0,0,0,0,0,NATIONAL
gaza,960weli.iheart.com,com,GLOBAL,GLOBAL,GLOBAL,PLATFORM,0,0,0,0,0,0,0,NATIONAL
gaza,961kiss.iheart.com,com,GLOBAL,GLOBAL,GLOBAL,PLATFORM,0,0,0,0,0,0,0,NATIONAL
gaza,963kissfm.iheart.com,com,GLOBAL,GLOBAL,GLOBAL,PLATFORM,0,0,0,0,0,0,0,NATIONAL
gaza,971doubleq.iheart.com,com,GLOBAL,GLOBAL,GLOBAL,PLATFORM,0,0,0,0,0,0,0,NATIONAL
gaza,995qyk.com,com,GLOBAL,GLOBAL,GLOBAL,PLATFORM,0,0,0,0,0,0,0,NATIONAL
gaza,995thefox.iheart.com,com,GLOBAL,GLOBAL,GLOBAL,PLATFORM,0,0,0,0,0,0,0,NATIONAL
gaza,aardvark.co.nz,nz,NZ,East Asia & Pacific,OTHER,PLATFORM,0,0,0,0,0,0,0,NATIONAL
gaza,abc17news.com,com,GLOBAL,GLOBAL,GLOBAL,PLATFORM,0,0,0,0,0,0,0,NATIONAL
gaza,abcnews4.com,com,GLOBAL,GLOBAL,GLOBAL,PLATFORM,0,0,0,0,0,0,0,NATIONAL
gaza,agri-pulse.com,com,GLOBAL,GLOBAL,GLOBAL,PLATFORM,0,0,0,0,0,0,0,NATIONAL
gaza,airdriecityview.com,com,GLOBAL,GLOBAL,GLOBAL,PLATFORM,0,0,0,0,0,0,0,NATIONAL
gaza,androidpolice.com,com,GLOBAL,GLOBAL,GLOBAL,PLATFORM,0,0,0,0,0,0,0,NATIONAL
gaza,appenmedia.com,com,GLOBAL,GLOBAL,GLOBAL,PLATFORM,0,0,0,0,0,0,0,NATIONAL
gaza,arkansasonline.com,com,GLOBAL,GLOBAL,GLOBAL,PLATFORM,0,0,0,0,0,0,0,NATIONAL
gaza,arkansasrazorbacks.com,com,GLOBAL,GLOBAL,GLOBAL,PLATFORM,0,0,0,0,0,0,0,NATIONAL
gaza,as-coa.org,org,GLOBAL,GLOBAL,GLOBAL,PLATFORM,0,0,0,0,0,0,0,NATIONAL
gaza,athensnews.com,com,GLOBAL,GLOBAL,GLOBAL,PLATFORM,0,0,0,0,0,0,0,NATIONAL
gaza,azdailysun.com,com,GLOBAL,GLOBAL,GLOBAL,PLATFORM,0,0,0,0,0,0,0,NATIONAL
gaza,babalublog.com,com,GLOBAL,GLOBAL,GLOBAL,PLATFORM,0,0,0,0,0,0,0,NATIONAL
gaza,bandt.com.au,au,AU,East Asia & Pacific,OTHER,PLATFORM,0,0,0,0,0,0,0,NATIONAL
gaza,baystatebanner.com,com,GLOBAL,GLOBAL,GLOBAL,PLATFORM,0,0,0,0,0,0,0,NATIONAL
gaza,beckersasc.com,com,GLOBAL,GLOBAL,GLOBAL,PLATFORM,0,0,0,0,0,0,0,NATIONAL
gaza,bgdailynews.com,com,GLOBAL,GLOBAL,GLOBAL,PLATFORM,0,0,0,0,0,0,0,NATIONAL
gaza,bhpioneer.com,com,GLOBAL,GLOBAL,GLOBAL,PLATFORM,0,0,0,0,0,0,0,NATIONAL
gaza,biodieselmagazine.com,com,GLOBAL,GLOBAL,GLOBAL,PLATFORM,0,0,0,0,0,0,0,NATIONAL
gaza,bismarcktribune.com,com,GLOBAL,GLOBAL,GLOBAL,PLATFORM,0,0,0,0,0,0,0,NATIONAL
gaza,bob949.iheart.com,com,GLOBAL,GLOBAL,GLOBAL,PLATFORM,0,0,0,0,0,0,0,NATIONAL
gaza,boston25news.com,com,GLOBAL,GLOBAL,GLOBAL,PLATFORM,0,0,0,0,0,0,0,NATIONAL
gaza,boxingnews24.com,com,GLOBAL,GLOBAL,GLOBAL,PLATFORM,0,0,0,0,0,0,0,NATIONAL
gaza,bracknellnews.co.uk,uk,GB,Europe & Central Asia,OTHER,PLATFORM,0,0,0,0,0,0,0,NATIONAL
gaza,bravotv.com,com,GLOBAL,GLOBAL,GLOBAL,PLATFORM,0,0,0,0,0,0,0,NATIONAL
gaza,broadwayworld.com,com,GLOBAL,GLOBAL,GLOBAL,PLATFORM,0,0,0,0,0,0,0,NATIONAL
gaza,browardpalmbeach.com,com,GLOBAL,GLOBAL,GLOBAL,PLATFORM,0,0,0,0,0,0,0,NATIONAL
gaza,buffalobills.com,com,GLOBAL,GLOBAL,GLOBAL,PLATFORM,0,0,0,0,0,0,0,NATIONAL
gaza,burnabynow.com,com,GLOBAL,GLOBAL,GLOBAL,PLATFORM,0,0,0,0,0,0,0,NATIONAL
gaza,businessden.com,com,GLOBAL,GLOBAL,GLOBAL,PLATFORM,0,0,0,0,0,0,0,NATIONAL
gaza,campaignbrief.com,com,GLOBAL,GLOBAL,GLOBAL,PLATFORM,0,0,0,0,0,0,0,NATIONAL
gaza,cantechletter.com,com,GLOBAL,GLOBAL,GLOBAL,PLATFORM,0,0,0,0,0,0,0,NATIONAL
gaza,cbs6albany.com,com,GLOBAL,GLOBAL,GLOBAL,PLATFORM,0,0,0,0,0,0,0,NATIONAL
gaza,centralmoinfo.com,com,GLOBAL,GLOBAL,GLOBAL,PLATFORM,0,0,0,0,0,0,0,NATIONAL
gaza,cfnrfm.ca,ca,CA,North America,OTHER,PLATFORM,0,0,0,0,0,0,0,NATIONAL
gaza,cfru.ca,ca,CA,North America,OTHER,PLATFORM,0,0,0,0,0,0,0,NATIONAL
gaza,channelnewsasia.com,com,GLOBAL,GLOBAL,GLOBAL,PLATFORM,0,0,0,0,0,0,0,NATIONAL
gaza,charlottejewishnews.org,org,GLOBAL,GLOBAL,GLOBAL,PLATFORM,0,0,0,0,0,0,0,NATIONAL
gaza,chinadaily.com.cn,cn,CN,East Asia & Pacific,OTHER,PLATFORM,0,0,1,0,0,0,1,STATE
gaza,chipleybugle.com,com,GLOBAL,GLOBAL,GLOBAL,PLATFORM,0,0,0,0,0,0,0,NATIONAL
gaza,click2houston.com,com,GLOBAL,GLOBAL,GLOBAL,PLATFORM,0,0,0,0,0,0,0,NATIONAL
gaza,cn2.com,com,GLOBAL,GLOBAL,GLOBAL,PLATFORM,0,0,0,0,0,0,0,NATIONAL
gaza,cnalifestyle.channelnewsasia.com,com,GLOBAL,GLOBAL,GLOBAL,PLATFORM,0,0,0,0,0,0,0,NATIONAL
gaza,coldlakesun.com:443,NA,NA,NA,OTHER,PLATFORM,0,0,0,0,0,0,0,PLATFORM
gaza,consumerelectronicsnet.com,com,GLOBAL,GLOBAL,GLOBAL,PLATFORM,0,0,0,0,0,0,0,NATIONAL
gaza,country105.com,com,GLOBAL,GLOBAL,GLOBAL,PLATFORM,0,0,0,0,0,0,0,NATIONAL
gaza,country959.com,com,GLOBAL,GLOBAL,GLOBAL,PLATFORM,0,0,0,0,0,0,0,NATIONAL
gaza,countyweeklynews.ca:443,NA,NA,NA,OTHER,PLATFORM,0,0,0,0,0,0,0,PLATFORM
gaza,crimeonline.com,com,GLOBAL,GLOBAL,GLOBAL,PLATFORM,0,0,0,0,0,0,0,NATIONAL
gaza,crisisgroup.org,org,GLOBAL,GLOBAL,GLOBAL,PLATFORM,0,0,0,0,0,0,0,NATIONAL
gaza,ctpublic.org,org,GLOBAL,GLOBAL,GLOBAL,PLATFORM,0,0,0,0,0,0,0,NATIONAL
gaza,current.org,org,GLOBAL,GLOBAL,GLOBAL,PLATFORM,0,0,0,0,0,0,0,NATIONAL
gaza,dailygazette.com,com,GLOBAL,GLOBAL,GLOBAL,PLATFORM,0,0,0,0,0,0,0,NATIONAL
gaza,dailynews.com,com,GLOBAL,GLOBAL,GLOBAL,PLATFORM,0,0,0,0,0,0,0,NATIONAL
gaza,dailythepatriot.com,com,GLOBAL,GLOBAL,GLOBAL,PLATFORM,0,0,0,0,0,0,0,NATIONAL
gaza,dailywire.com,com,GLOBAL,GLOBAL,GLOBAL,PLATFORM,0,0,0,0,0,0,0,NATIONAL
gaza,dallas.culturemap.com,com,GLOBAL,GLOBAL,GLOBAL,PLATFORM,0,0,0,0,0,0,0,NATIONAL
gaza,dealstreetasia.com,com,GLOBAL,GLOBAL,GLOBAL,PLATFORM,0,0,0,0,0,0,0,NATIONAL
gaza,discoverestevan.com,com,GLOBAL,GLOBAL,GLOBAL,PLATFORM,0,0,0,0,0,0,0,NATIONAL
gaza,dw.com,com,GLOBAL,GLOBAL,GLOBAL,PLATFORM,0,0,0,0,0,0,0,NATIONAL
gaza,dynamicbusiness.com,com,GLOBAL,GLOBAL,GLOBAL,PLATFORM,0,0,0,0,0,0,0,NATIONAL
gaza,easy93.com,com,GLOBAL,GLOBAL,GLOBAL,PLATFORM,0,0,0,0,0,0,0,NATIONAL
gaza,economiccollapsenews.com,com,GLOBAL,GLOBAL,GLOBAL,PLATFORM,0,0,0,0,0,0,0,NATIONAL
gaza,efe.com,com,GLOBAL,GLOBAL,GLOBAL,PLATFORM,0,0,0,0,0,0,0,NATIONAL
gaza,eff.org,org,GLOBAL,GLOBAL,GLOBAL,PLATFORM,0,0,0,0,0,0,0,NATIONAL
gaza,emmetsburgnews.com,com,GLOBAL,GLOBAL,GLOBAL,PLATFORM,0,0,0,0,0,0,0,NATIONAL
gaza,eturbonews.com,com,GLOBAL,GLOBAL,GLOBAL,PLATFORM,0,0,0,0,0,0,0,NATIONAL
gaza,eurekalert.org,org,GLOBAL,GLOBAL,GLOBAL,PLATFORM,0,0,0,0,0,0,0,NATIONAL
gaza,evanstonnow.com,com,GLOBAL,GLOBAL,GLOBAL,PLATFORM,0,0,0,0,0,0,0,NATIONAL
gaza,ew.com,com,GLOBAL,GLOBAL,GLOBAL,PLATFORM,0,0,0,0,0,0,0,NATIONAL
gaza,expressng.com,com,GLOBAL,GLOBAL,GLOBAL,PLATFORM,0,0,0,0,0,0,0,NATIONAL
gaza,falkirkherald.co.uk,uk,GB,Europe & Central Asia,OTHER,PLATFORM,0,0,0,0,0,0,0,NATIONAL
gaza,falmouthpacket.co.uk,uk,GB,Europe & Central Asia,OTHER,PLATFORM,0,0,0,0,0,0,0,NATIONAL
gaza,filmibeat.com,com,GLOBAL,GLOBAL,GLOBAL,PLATFORM,0,0,0,0,0,0,0,NATIONAL
gaza,financialexpress.com,com,GLOBAL,GLOBAL,GLOBAL,PLATFORM,0,0,0,0,0,0,0,NATIONAL
gaza,finextra.com,com,GLOBAL,GLOBAL,GLOBAL,PLATFORM,0,0,0,0,0,0,0,NATIONAL
gaza,fingerlakes1.com,com,GLOBAL,GLOBAL,GLOBAL,PLATFORM,0,0,0,0,0,0,0,NATIONAL
gaza,floridanewswire.com,com,GLOBAL,GLOBAL,GLOBAL,PLATFORM,0,0,0,0,0,0,0,NATIONAL
gaza,forextv.com,com,GLOBAL,GLOBAL,GLOBAL,PLATFORM,0,0,0,0,0,0,0,NATIONAL
gaza,fox13memphis.com,com,GLOBAL,GLOBAL,GLOBAL,PLATFORM,0,0,0,0,0,0,0,NATIONAL
gaza,fox21news.com,com,GLOBAL,GLOBAL,GLOBAL,PLATFORM,0,0,0,0,0,0,0,NATIONAL
gaza,fox56.com,com,GLOBAL,GLOBAL,GLOBAL,PLATFORM,0,0,0,0,0,0,0,NATIONAL
gaza,fox6now.com,com,GLOBAL,GLOBAL,GLOBAL,PLATFORM,0,0,0,0,0,0,0,NATIONAL
gaza,foxbusiness.com,com,GLOBAL,GLOBAL,GLOBAL,PLATFORM,0,0,0,0,0,0,0,NATIONAL
gaza,franklinfavorite.com,com,GLOBAL,GLOBAL,GLOBAL,PLATFORM,0,0,0,0,0,0,0,NATIONAL
gaza,fromtherumbleseat.com,com,GLOBAL,GLOBAL,GLOBAL,PLATFORM,0,0,0,0,0,0,0,NATIONAL
gaza,gbtribune.com,com,GLOBAL,GLOBAL,GLOBAL,PLATFORM,0,0,0,0,0,0,0,NATIONAL
gaza,gizchina.com,com,GLOBAL,GLOBAL,GLOBAL,PLATFORM,0,0,0,0,0,0,0,NATIONAL
gaza,globalcapital.com,com,GLOBAL,GLOBAL,GLOBAL,PLATFORM,0,0,0,0,0,0,0,NATIONAL
gaza,greatbendpost.com,com,GLOBAL,GLOBAL,GLOBAL,PLATFORM,0,0,0,0,0,0,0,NATIONAL
gaza,greekcitytimes.com,com,GLOBAL,GLOBAL,GLOBAL,PLATFORM,0,0,0,0,0,0,0,NATIONAL
gaza,groove993.com,com,GLOBAL,GLOBAL,GLOBAL,PLATFORM,0,0,0,0,0,0,0,NATIONAL
gaza,hackaday.com,com,GLOBAL,GLOBAL,GLOBAL,PLATFORM,0,0,0,0,0,0,0,NATIONAL
gaza,hayspost.com,com,GLOBAL,GLOBAL,GLOBAL,PLATFORM,0,0,0,0,0,0,0,NATIONAL
gaza,hillsborofreepress.com,com,GLOBAL,GLOBAL,GLOBAL,PLATFORM,0,0,0,0,0,0,0,NATIONAL
gaza,hiphopwired.com,com,GLOBAL,GLOBAL,GLOBAL,PLATFORM,0,0,0,0,0,0,0,NATIONAL
gaza,hmbreview.com,com,GLOBAL,GLOBAL,GLOBAL,PLATFORM,0,0,0,0,0,0,0,NATIONAL
gaza,hngnews.com,com,GLOBAL,GLOBAL,GLOBAL,PLATFORM,0,0,0,0,0,0,0,NATIONAL
gaza,homeaccentstoday.com,com,GLOBAL,GLOBAL,GLOBAL,PLATFORM,0,0,0,0,0,0,0,NATIONAL
gaza,hometownregister.com,com,GLOBAL,GLOBAL,GLOBAL,PLATFORM,0,0,0,0,0,0,0,NATIONAL
gaza,hometownsource.com,com,GLOBAL,GLOBAL,GLOBAL,PLATFORM,0,0,0,0,0,0,0,NATIONAL
gaza,hot969boston.com,com,GLOBAL,GLOBAL,GLOBAL,PLATFORM,0,0,0,0,0,0,0,NATIONAL
gaza,idahoednews.org,org,GLOBAL,GLOBAL,GLOBAL,PLATFORM,0,0,0,0,0,0,0,NATIONAL
gaza,illawarramercury.com.au,au,AU,East Asia & Pacific,OTHER,PLATFORM,0,0,0,0,0,0,0,NATIONAL
gaza,independent.ie,ie,NA,NA,OTHER,PLATFORM,0,0,0,0,0,0,0,PLATFORM
gaza,indianexpress.com,com,GLOBAL,GLOBAL,GLOBAL,PLATFORM,0,0,0,0,0,0,0,NATIONAL
gaza,indianweekender.co.nz,nz,NZ,East Asia & Pacific,OTHER,PLATFORM,0,0,0,0,0,0,0,NATIONAL
gaza,institutionalinvestor.com,com,GLOBAL,GLOBAL,GLOBAL,PLATFORM,0,0,0,0,0,0,0,NATIONAL
gaza,isthmus.com,com,GLOBAL,GLOBAL,GLOBAL,PLATFORM,0,0,0,0,0,0,0,NATIONAL
gaza,itwire.com,com,GLOBAL,GLOBAL,GLOBAL,PLATFORM,0,0,0,0,0,0,0,NATIONAL
gaza,jacksonprogress-argus.com,com,GLOBAL,GLOBAL,GLOBAL,PLATFORM,0,0,0,0,0,0,0,NATIONAL
gaza,japantoday.com,com,GLOBAL,GLOBAL,GLOBAL,PLATFORM,0,0,0,0,0,0,0,NATIONAL
gaza,jaxdailyrecord.com,com,GLOBAL,GLOBAL,GLOBAL,PLATFORM,0,0,0,0,0,0,0,NATIONAL
gaza,jewishinsider.com,com,GLOBAL,GLOBAL,GLOBAL,PLATFORM,0,0,0,0,0,0,0,NATIONAL
gaza,jowhar.com,com,GLOBAL,GLOBAL,GLOBAL,PLATFORM,0,0,0,0,0,0,0,NATIONAL
gaza,jpost.com,com,GLOBAL,GLOBAL,GLOBAL,PLATFORM,0,0,0,0,0,0,0,NATIONAL
gaza,k99country.iheart.com,com,GLOBAL,GLOBAL,GLOBAL,PLATFORM,0,0,0,0,0,0,0,NATIONAL
gaza,kanw.com,com,GLOBAL,GLOBAL,GLOBAL,PLATFORM,0,0,0,0,0,0,0,NATIONAL
gaza,kashmirreader.com,com,GLOBAL,GLOBAL,GLOBAL,PLATFORM,0,0,0,0,0,0,0,NATIONAL
gaza,kiiitv.com,com,GLOBAL,GLOBAL,GLOBAL,PLATFORM,0,0,0,0,0,0,0,NATIONAL
gaza,kiisfm.iheart.com,com,GLOBAL,GLOBAL,GLOBAL,PLATFORM,0,0,0,0,0,0,0,NATIONAL
gaza,kion546.com,com,GLOBAL,GLOBAL,GLOBAL,PLATFORM,0,0,0,0,0,0,0,NATIONAL
gaza,kiplinger.com,com,GLOBAL,GLOBAL,GLOBAL,PLATFORM,0,0,0,0,0,0,0,NATIONAL
gaza,kiss983.iheart.com,com,GLOBAL,GLOBAL,GLOBAL,PLATFORM,0,0,0,0,0,0,0,NATIONAL
gaza,kkrq.iheart.com,com,GLOBAL,GLOBAL,GLOBAL,PLATFORM,0,0,0,0,0,0,0,NATIONAL
gaza,klfy.com,com,GLOBAL,GLOBAL,GLOBAL,PLATFORM,0,0,0,0,0,0,0,NATIONAL
gaza,kmvt.com,com,GLOBAL,GLOBAL,GLOBAL,PLATFORM,0,0,0,0,0,0,0,NATIONAL
gaza,kniakrls.com,com,GLOBAL,GLOBAL,GLOBAL,PLATFORM,0,0,0,0,0,0,0,NATIONAL
gaza,knoe.com,com,GLOBAL,GLOBAL,GLOBAL,PLATFORM,0,0,0,0,0,0,0,NATIONAL
gaza,koacolorado.iheart.com,com,GLOBAL,GLOBAL,GLOBAL,PLATFORM,0,0,0,0,0,0,0,NATIONAL
gaza,komando.com,com,GLOBAL,GLOBAL,GLOBAL,PLATFORM,0,0,0,0,0,0,0,NATIONAL
gaza,kpax.com,com,GLOBAL,GLOBAL,GLOBAL,PLATFORM,0,0,0,0,0,0,0,NATIONAL
gaza,kpcnews.com,com,GLOBAL,GLOBAL,GLOBAL,PLATFORM,0,0,0,0,0,0,0,NATIONAL
gaza,kpig.com,com,GLOBAL,GLOBAL,GLOBAL,PLATFORM,0,0,0,0,0,0,0,NATIONAL
gaza,kpla.com,com,GLOBAL,GLOBAL,GLOBAL,PLATFORM,0,0,0,0,0,0,0,NATIONAL
gaza,krem.com,com,GLOBAL,GLOBAL,GLOBAL,PLATFORM,0,0,0,0,0,0,0,NATIONAL
gaza,krny.com,com,GLOBAL,GLOBAL,GLOBAL,PLATFORM,0,0,0,0,0,0,0,NATIONAL
gaza,kscj.com,com,GLOBAL,GLOBAL,GLOBAL,PLATFORM,0,0,0,0,0,0,0,NATIONAL
gaza,ksl.com,com,GLOBAL,GLOBAL,GLOBAL,PLATFORM,0,0,0,0,0,0,0,NATIONAL
gaza,ksmu.org,org,GLOBAL,GLOBAL,GLOBAL,PLATFORM,0,0,0,0,0,0,0,NATIONAL
gaza,kssn.iheart.com,com,GLOBAL,GLOBAL,GLOBAL,PLATFORM,0,0,0,0,0,0,0,NATIONAL
gaza,ktar.com,com,GLOBAL,GLOBAL,GLOBAL,PLATFORM,0,0,0,0,0,0,0,NATIONAL
gaza,ktop1490.com,com,GLOBAL,GLOBAL,GLOBAL,PLATFORM,0,0,0,0,0,0,0,NATIONAL
gaza,ktul.com,com,GLOBAL,GLOBAL,GLOBAL,PLATFORM,0,0,0,0,0,0,0,NATIONAL
gaza,kulr8.com,com,GLOBAL,GLOBAL,GLOBAL,PLATFORM,0,0,0,0,0,0,0,NATIONAL
gaza,kuvo.org,org,GLOBAL,GLOBAL,GLOBAL,PLATFORM,0,0,0,0,0,0,0,NATIONAL
gaza,laosnews.net,net,GLOBAL,GLOBAL,GLOBAL,PLATFORM,0,0,0,0,0,0,0,NATIONAL
gaza,lasvegassun.com,com,GLOBAL,GLOBAL,GLOBAL,PLATFORM,0,0,0,0,0,0,0,NATIONAL
gaza,lelezard.com,com,GLOBAL,GLOBAL,GLOBAL,PLATFORM,0,0,0,0,0,0,0,NATIONAL
gaza,longisland.com,com,GLOBAL,GLOBAL,GLOBAL,PLATFORM,0,0,0,0,0,0,0,NATIONAL
gaza,loscerritosnews.net,net,GLOBAL,GLOBAL,GLOBAL,PLATFORM,0,0,0,0,0,0,0,NATIONAL
gaza,lvb.com,com,GLOBAL,GLOBAL,GLOBAL,PLATFORM,0,0,0,0,0,0,0,NATIONAL
gaza,m.baidu.com,com,GLOBAL,GLOBAL,GLOBAL,PLATFORM,0,0,0,0,0,0,0,NATIONAL
gaza,malibutimes.com,com,GLOBAL,GLOBAL,GLOBAL,PLATFORM,0,0,0,0,0,0,0,NATIONAL
gaza,manchesterjournal.com,com,GLOBAL,GLOBAL,GLOBAL,PLATFORM,0,0,0,0,0,0,0,NATIONAL
gaza,mauinews.com,com,GLOBAL,GLOBAL,GLOBAL,PLATFORM,0,0,0,0,0,0,0,NATIONAL
gaza,mcall.com,com,GLOBAL,GLOBAL,GLOBAL,PLATFORM,0,0,0,0,0,0,0,NATIONAL
gaza,mckinsey.com,com,GLOBAL,GLOBAL,GLOBAL,PLATFORM,0,0,0,0,0,0,0,NATIONAL
gaza,medindia.net,net,GLOBAL,GLOBAL,GLOBAL,PLATFORM,0,0,0,0,0,0,0,NATIONAL
gaza,meridian.mi.us,us,US,North America,OTHER,PLATFORM,0,0,0,0,0,0,0,NATIONAL
gaza,metroweekly.com,com,GLOBAL,GLOBAL,GLOBAL,PLATFORM,0,0,0,0,0,0,0,NATIONAL
gaza,miragenews.com,com,GLOBAL,GLOBAL,GLOBAL,PLATFORM,0,0,0,0,0,0,0,NATIONAL
gaza,mitchelladvocate.com:443,NA,NA,NA,OTHER,PLATFORM,0,0,0,0,0,0,0,PLATFORM
gaza,mix929.com,com,GLOBAL,GLOBAL,GLOBAL,PLATFORM,0,0,0,0,0,0,0,NATIONAL
gaza,mix931fm.com,com,GLOBAL,GLOBAL,GLOBAL,PLATFORM,0,0,0,0,0,0,0,NATIONAL
gaza,mixmaine.com,com,GLOBAL,GLOBAL,GLOBAL,PLATFORM,0,0,0,0,0,0,0,NATIONAL
gaza,montereycountyweekly.com,com,GLOBAL,GLOBAL,GLOBAL,PLATFORM,0,0,0,0,0,0,0,NATIONAL
gaza,mooseradio.com,com,GLOBAL,GLOBAL,GLOBAL,PLATFORM,0,0,0,0,0,0,0,NATIONAL
gaza,muslimnews.co.uk,uk,GB,Europe & Central Asia,OTHER,PLATFORM,0,0,0,0,0,0,0,NATIONAL
gaza,myparrysoundnow.com,com,GLOBAL,GLOBAL,GLOBAL,PLATFORM,0,0,0,0,0,0,0,NATIONAL
gaza,namibian.com.na,na,NA,NA,OTHER,PLATFORM,0,0,0,0,0,0,0,PLATFORM
gaza,nationalinterest.org,org,GLOBAL,GLOBAL,GLOBAL,PLATFORM,0,0,0,0,0,0,0,NATIONAL
gaza,nbc12.com,com,GLOBAL,GLOBAL,GLOBAL,PLATFORM,0,0,0,0,0,0,0,NATIONAL
gaza,nbcconnecticut.com,com,GLOBAL,GLOBAL,GLOBAL,PLATFORM,0,0,0,0,0,0,0,NATIONAL
gaza,neowin.net,net,GLOBAL,GLOBAL,GLOBAL,PLATFORM,0,0,0,0,0,0,0,NATIONAL
gaza,newcountry1039fm.iheart.com,com,GLOBAL,GLOBAL,GLOBAL,PLATFORM,0,0,0,0,0,0,0,NATIONAL
gaza,newjerseytelegraph.com,com,GLOBAL,GLOBAL,GLOBAL,PLATFORM,0,0,0,0,0,0,0,NATIONAL
gaza,news-medical.net,net,GLOBAL,GLOBAL,GLOBAL,PLATFORM,0,0,0,0,0,0,0,NATIONAL
gaza,news-star.com,com,GLOBAL,GLOBAL,GLOBAL,PLATFORM,0,0,0,0,0,0,0,NATIONAL
gaza,news.mit.edu,edu,NA,NA,OTHER,PLATFORM,0,0,0,0,0,0,0,PLATFORM
gaza,news.rediff.com,com,GLOBAL,GLOBAL,GLOBAL,PLATFORM,0,0,0,0,0,0,0,NATIONAL
gaza,news.ucsc.edu,edu,NA,NA,OTHER,PLATFORM,0,0,0,0,0,0,0,PLATFORM
gaza,news4jax.com,com,GLOBAL,GLOBAL,GLOBAL,PLATFORM,0,0,0,0,0,0,0,NATIONAL
gaza,newsinfo.inquirer.net,net,GLOBAL,GLOBAL,GLOBAL,PLATFORM,0,0,0,0,0,0,0,NATIONAL
gaza,newstalkkit.com,com,GLOBAL,GLOBAL,GLOBAL,PLATFORM,0,0,0,0,0,0,0,NATIONAL
gaza,newworldwriting.net,net,GLOBAL,GLOBAL,GLOBAL,PLATFORM,0,0,0,0,0,0,0,NATIONAL
gaza,niagarafallsreview.ca,ca,CA,North America,OTHER,PLATFORM,0,0,0,0,0,0,0,NATIONAL
gaza,northernminer.com,com,GLOBAL,GLOBAL,GLOBAL,PLATFORM,0,0,0,0,0,0,0,NATIONAL
gaza,northplattebulletin.com,com,GLOBAL,GLOBAL,GLOBAL,PLATFORM,0,0,0,0,0,0,0,NATIONAL
gaza,nysun.com,com,GLOBAL,GLOBAL,GLOBAL,PLATFORM,0,0,0,0,0,0,0,NATIONAL
gaza,nzcatholic.org.nz,nz,NZ,East Asia & Pacific,OTHER,PLATFORM,0,0,0,0,0,0,0,NATIONAL
gaza,oaklandside.org,org,GLOBAL,GLOBAL,GLOBAL,PLATFORM,0,0,0,0,0,0,0,NATIONAL
gaza,opb.org,org,GLOBAL,GLOBAL,GLOBAL,PLATFORM,0,0,0,0,0,0,0,NATIONAL
gaza,oregonlive.com,com,GLOBAL,GLOBAL,GLOBAL,PLATFORM,0,0,0,0,0,0,0,NATIONAL
gaza,oxygen.com,com,GLOBAL,GLOBAL,GLOBAL,PLATFORM,0,0,0,0,0,0,0,NATIONAL
gaza,pagesix.com,com,GLOBAL,GLOBAL,GLOBAL,PLATFORM,0,0,0,0,0,0,0,NATIONAL
gaza,panow.com,com,GLOBAL,GLOBAL,GLOBAL,PLATFORM,0,0,0,0,0,0,0,NATIONAL
gaza,pembinavalleyonline.com,com,GLOBAL,GLOBAL,GLOBAL,PLATFORM,0,0,0,0,0,0,0,NATIONAL
gaza,perezhilton.com,com,GLOBAL,GLOBAL,GLOBAL,PLATFORM,0,0,0,0,0,0,0,NATIONAL
gaza,pharmacytimes.com,com,GLOBAL,GLOBAL,GLOBAL,PLATFORM,0,0,0,0,0,0,0,NATIONAL
gaza,philstar.com,com,GLOBAL,GLOBAL,GLOBAL,PLATFORM,0,0,0,0,0,0,0,NATIONAL
gaza,phys.org,org,GLOBAL,GLOBAL,GLOBAL,PLATFORM,0,0,0,0,0,0,0,NATIONAL
gaza,pineandlakes.com,com,GLOBAL,GLOBAL,GLOBAL,PLATFORM,0,0,0,0,0,0,0,NATIONAL
gaza,poetryfoundation.org,org,GLOBAL,GLOBAL,GLOBAL,PLATFORM,0,0,0,0,0,0,0,NATIONAL
gaza,popularmechanics.com,com,GLOBAL,GLOBAL,GLOBAL,PLATFORM,0,0,0,0,0,0,0,NATIONAL
gaza,portageonline.com,com,GLOBAL,GLOBAL,GLOBAL,PLATFORM,0,0,0,0,0,0,0,NATIONAL
gaza,portnews.com.au,au,AU,East Asia & Pacific,OTHER,PLATFORM,0,0,0,0,0,0,0,NATIONAL
gaza,portsmouth.co.uk,uk,GB,Europe & Central Asia,OTHER,PLATFORM,0,0,0,0,0,0,0,NATIONAL
gaza,pressherald.com,com,GLOBAL,GLOBAL,GLOBAL,PLATFORM,0,0,0,0,0,0,0,NATIONAL
gaza,punknews.org,org,GLOBAL,GLOBAL,GLOBAL,PLATFORM,0,0,0,0,0,0,0,NATIONAL
gaza,questmag.com,com,GLOBAL,GLOBAL,GLOBAL,PLATFORM,0,0,0,0,0,0,0,NATIONAL
gaza,radiosunny.iheart.com,com,GLOBAL,GLOBAL,GLOBAL,PLATFORM,0,0,0,0,0,0,0,NATIONAL
gaza,rbth.com,com,GLOBAL,GLOBAL,GLOBAL,PLATFORM,0,0,0,0,0,0,0,NATIONAL
gaza,realestate.com.au,au,AU,East Asia & Pacific,OTHER,PLATFORM,0,0,0,0,0,0,0,NATIONAL
gaza,rentonreporter.com,com,GLOBAL,GLOBAL,GLOBAL,PLATFORM,0,0,0,0,0,0,0,NATIONAL
gaza,road.cc,cc,NA,NA,OTHER,PLATFORM,0,0,0,0,0,0,0,PLATFORM
gaza,sanpedrosun.com,com,GLOBAL,GLOBAL,GLOBAL,PLATFORM,0,0,0,0,0,0,0,NATIONAL
gaza,sciencedaily.com,com,GLOBAL,GLOBAL,GLOBAL,PLATFORM,0,0,0,0,0,0,0,NATIONAL
gaza,seapowermagazine.org,org,GLOBAL,GLOBAL,GLOBAL,PLATFORM,0,0,0,0,0,0,0,NATIONAL
gaza,serbiananimalsvoice.com,com,GLOBAL,GLOBAL,GLOBAL,PLATFORM,0,0,0,0,0,0,0,NATIONAL
gaza,sidneyherald.com,com,GLOBAL,GLOBAL,GLOBAL,PLATFORM,0,0,0,0,0,0,0,NATIONAL
gaza,siliconangle.com,com,GLOBAL,GLOBAL,GLOBAL,PLATFORM,0,0,0,0,0,0,0,NATIONAL
gaza,siouxcityjournal.com,com,GLOBAL,GLOBAL,GLOBAL,PLATFORM,0,0,0,0,0,0,0,NATIONAL
gaza,smn-news.com,com,GLOBAL,GLOBAL,GLOBAL,PLATFORM,0,0,0,0,0,0,0,NATIONAL
gaza,squamishchief.com,com,GLOBAL,GLOBAL,GLOBAL,PLATFORM,0,0,0,0,0,0,0,NATIONAL
gaza,starlocalmedia.com,com,GLOBAL,GLOBAL,GLOBAL,PLATFORM,0,0,0,0,0,0,0,NATIONAL
gaza,storystudio.wlwt.com,com,GLOBAL,GLOBAL,GLOBAL,PLATFORM,0,0,0,0,0,0,0,NATIONAL
gaza,surreycomet.co.uk,uk,GB,Europe & Central Asia,OTHER,PLATFORM,0,0,0,0,0,0,0,NATIONAL
gaza,taosnews.com,com,GLOBAL,GLOBAL,GLOBAL,PLATFORM,0,0,0,0,0,0,0,NATIONAL
gaza,tcbmag.com,com,GLOBAL,GLOBAL,GLOBAL,PLATFORM,0,0,0,0,0,0,0,NATIONAL
gaza,temple-news.com,com,GLOBAL,GLOBAL,GLOBAL,PLATFORM,0,0,0,0,0,0,0,NATIONAL
gaza,texomashomepage.com,com,GLOBAL,GLOBAL,GLOBAL,PLATFORM,0,0,0,0,0,0,0,NATIONAL
gaza,theath.ca,ca,CA,North America,OTHER,PLATFORM,0,0,0,0,0,0,0,NATIONAL
gaza,thecatfm.iheart.com,com,GLOBAL,GLOBAL,GLOBAL,PLATFORM,0,0,0,0,0,0,0,NATIONAL
gaza,theleader.com.au,au,AU,East Asia & Pacific,OTHER,PLATFORM,0,0,0,0,0,0,0,NATIONAL
gaza,themorningsun.com,com,GLOBAL,GLOBAL,GLOBAL,PLATFORM,0,0,0,0,0,0,0,NATIONAL
gaza,thenewsherald.com,com,GLOBAL,GLOBAL,GLOBAL,PLATFORM,0,0,0,0,0,0,0,NATIONAL
gaza,theonion.com,com,GLOBAL,GLOBAL,GLOBAL,PLATFORM,0,0,0,0,0,0,0,NATIONAL
gaza,thesouthernreporter.co.uk,uk,GB,Europe & Central Asia,OTHER,PLATFORM,0,0,0,0,0,0,0,NATIONAL
gaza,thestandard.org.nz,nz,NZ,East Asia & Pacific,OTHER,PLATFORM,0,0,0,0,0,0,0,NATIONAL
gaza,un.org,org,GLOBAL,GLOBAL,GLOBAL,PLATFORM,0,0,0,0,0,0,0,NATIONAL
gaza,us1035.iheart.com,com,GLOBAL,GLOBAL,GLOBAL,PLATFORM,0,0,0,0,0,0,0,NATIONAL
gaza,v100.iheart.com,com,GLOBAL,GLOBAL,GLOBAL,PLATFORM,0,0,0,0,0,0,0,NATIONAL
gaza,venturebeat.com,com,GLOBAL,GLOBAL,GLOBAL,PLATFORM,0,0,0,0,0,0,0,NATIONAL
gaza,vision.org.au,au,AU,East Asia & Pacific,OTHER,PLATFORM,0,0,0,0,0,0,0,NATIONAL
gaza,volanteonline.com,com,GLOBAL,GLOBAL,GLOBAL,PLATFORM,0,0,0,0,0,0,0,NATIONAL
gaza,voxy.co.nz,nz,NZ,East Asia & Pacific,OTHER,PLATFORM,0,0,0,0,0,0,0,NATIONAL
gaza,warm98.com,com,GLOBAL,GLOBAL,GLOBAL,PLATFORM,0,0,0,0,0,0,0,NATIONAL
gaza,washingtonblade.com,com,GLOBAL,GLOBAL,GLOBAL,PLATFORM,0,0,0,0,0,0,0,NATIONAL
gaza,wbap.com,com,GLOBAL,GLOBAL,GLOBAL,PLATFORM,0,0,0,0,0,0,0,NATIONAL
gaza,wcsy.com,com,GLOBAL,GLOBAL,GLOBAL,PLATFORM,0,0,0,0,0,0,0,NATIONAL
gaza,wctv.tv,tv,NA,NA,OTHER,PLATFORM,0,0,0,0,0,0,0,PLATFORM
gaza,wdvx.com,com,GLOBAL,GLOBAL,GLOBAL,PLATFORM,0,0,0,0,0,0,0,NATIONAL
gaza,weaintgotnohistory.sbnation.com,com,GLOBAL,GLOBAL,GLOBAL,PLATFORM,0,0,0,0,0,0,0,NATIONAL
gaza,westernweekender.com.au,au,AU,East Asia & Pacific,OTHER,PLATFORM,0,0,0,0,0,0,0,NATIONAL
gaza,wflafm.iheart.com,com,GLOBAL,GLOBAL,GLOBAL,PLATFORM,0,0,0,0,0,0,0,NATIONAL
gaza,whsv.com,com,GLOBAL,GLOBAL,GLOBAL,PLATFORM,0,0,0,0,0,0,0,NATIONAL
gaza,wiscassetnewspaper.com,com,GLOBAL,GLOBAL,GLOBAL,PLATFORM,0,0,0,0,0,0,0,NATIONAL
gaza,wjjz.iheart.com,com,GLOBAL,GLOBAL,GLOBAL,PLATFORM,0,0,0,0,0,0,0,NATIONAL
gaza,wkkj.iheart.com,com,GLOBAL,GLOBAL,GLOBAL,PLATFORM,0,0,0,0,0,0,0,NATIONAL
gaza,wltx.com,com,GLOBAL,GLOBAL,GLOBAL,PLATFORM,0,0,0,0,0,0,0,NATIONAL
gaza,wmra.org,org,GLOBAL,GLOBAL,GLOBAL,PLATFORM,0,0,0,0,0,0,0,NATIONAL
gaza,wordpress.com,com,GLOBAL,GLOBAL,GLOBAL,PLATFORM,0,0,0,0,0,0,0,NATIONAL
gaza,world.kbs.co.kr,kr,KR,East Asia & Pacific,OTHER,PLATFORM,0,0,0,0,0,0,0,NATIONAL
gaza,wrfi.org,org,GLOBAL,GLOBAL,GLOBAL,PLATFORM,0,0,0,0,0,0,0,NATIONAL
gaza,wsj.com,com,GLOBAL,GLOBAL,GLOBAL,PLATFORM,1,0,0,0,0,0,1,FIN
gaza,wsvaonline.com,com,GLOBAL,GLOBAL,GLOBAL,PLATFORM,0,0,0,0,0,0,0,NATIONAL
gaza,wthr.com,com,GLOBAL,GLOBAL,GLOBAL,PLATFORM,0,0,0,0,0,0,0,NATIONAL
gaza,wuwm.com,com,GLOBAL,GLOBAL,GLOBAL,PLATFORM,0,0,0,0,0,0,0,NATIONAL
gaza,wzpl.com,com,GLOBAL,GLOBAL,GLOBAL,PLATFORM,0,0,0,0,0,0,0,NATIONAL
gaza,y969.iheart.com,com,GLOBAL,GLOBAL,GLOBAL,PLATFORM,0,0,0,0,0,0,0,NATIONAL
gaza,yorkpress.co.uk,uk,GB,Europe & Central Asia,OTHER,PLATFORM,0,0,0,0,0,0,0,NATIONAL
gaza,z103.fm,fm,NA,NA,OTHER,PLATFORM,0,0,0,0,0,0,0,PLATFORM
gaza,zerohedge.com,com,GLOBAL,GLOBAL,GLOBAL,PLATFORM,0,0,0,0,0,0,0,NATIONAL
gaza,znsbahamas.com,com,GLOBAL,GLOBAL,GLOBAL,PLATFORM,0,0,0,0,0,0,0,NATIONAL
gaza,1045theteam.com,com,GLOBAL,GLOBAL,GLOBAL,PLATFORM,0,0,0,0,0,0,0,NATIONAL
gaza,1049foxsports.iheart.com,com,GLOBAL,GLOBAL,GLOBAL,PLATFORM,0,0,0,0,0,0,0,NATIONAL
gaza,1057thehawk.com,com,GLOBAL,GLOBAL,GLOBAL,PLATFORM,0,0,0,0,0,0,0,NATIONAL
gaza,1075thebigbuck.iheart.com,com,GLOBAL,GLOBAL,GLOBAL,PLATFORM,0,0,0,0,0,0,0,NATIONAL
gaza,1360kktx.iheart.com,com,GLOBAL,GLOBAL,GLOBAL,PLATFORM,0,0,0,0,0,0,0,NATIONAL
gaza,13abc.com,com,GLOBAL,GLOBAL,GLOBAL,PLATFORM,0,0,0,0,0,0,0,NATIONAL
gaza,6abc.com,com,GLOBAL,GLOBAL,GLOBAL,PLATFORM,0,0,0,0,0,0,0,NATIONAL
gaza,710keel.com,com,GLOBAL,GLOBAL,GLOBAL,PLATFORM,0,0,0,0,0,0,0,NATIONAL
gaza,90min.com,com,GLOBAL,GLOBAL,GLOBAL,PLATFORM,0,0,0,0,0,0,0,NATIONAL
gaza,915thebeat.com,com,GLOBAL,GLOBAL,GLOBAL,PLATFORM,0,0,0,0,0,0,0,NATIONAL
gaza,997wtn.com,com,GLOBAL,GLOBAL,GLOBAL,PLATFORM,0,0,0,0,0,0,0,NATIONAL
gaza,actionnewsjax.com,com,GLOBAL,GLOBAL,GLOBAL,PLATFORM,0,0,0,0,0,0,0,NATIONAL
gaza,airlinegeeks.com,com,GLOBAL,GLOBAL,GLOBAL,PLATFORM,0,0,0,0,0,0,0,NATIONAL
gaza,allblacks.com,com,GLOBAL,GLOBAL,GLOBAL,PLATFORM,0,0,0,0,0,0,0,NATIONAL
gaza,article.wn.com,com,GLOBAL,GLOBAL,GLOBAL,PLATFORM,0,0,0,0,0,0,0,NATIONAL
gaza,austinchronicle.com,com,GLOBAL,GLOBAL,GLOBAL,PLATFORM,0,0,0,0,0,0,0,NATIONAL
gaza,autobodynews.com,com,GLOBAL,GLOBAL,GLOBAL,PLATFORM,0,0,0,0,0,0,0,NATIONAL
gaza,avenuemail.in,in,IN,South Asia,OTHER,PLATFORM,0,0,0,0,0,0,0,NATIONAL
gaza,azcapitoltimes.com,com,GLOBAL,GLOBAL,GLOBAL,PLATFORM,0,0,0,0,0,0,0,NATIONAL
gaza,b1027.com,com,GLOBAL,GLOBAL,GLOBAL,PLATFORM,0,0,0,0,0,0,0,NATIONAL
gaza,b1075country.iheart.com,com,GLOBAL,GLOBAL,GLOBAL,PLATFORM,0,0,0,0,0,0,0,NATIONAL
gaza,ballstatedaily.com,com,GLOBAL,GLOBAL,GLOBAL,PLATFORM,0,0,0,0,0,0,0,NATIONAL
gaza,bangordailynews.com,com,GLOBAL,GLOBAL,GLOBAL,PLATFORM,0,0,0,0,0,0,0,NATIONAL
gaza,beach951.com,com,GLOBAL,GLOBAL,GLOBAL,PLATFORM,0,0,0,0,0,0,0,NATIONAL
gaza,biometricupdate.com,com,GLOBAL,GLOBAL,GLOBAL,PLATFORM,0,0,0,0,0,0,0,NATIONAL
gaza,blayneychronicle.com.au,au,AU,East Asia & Pacific,OTHER,PLATFORM,0,0,0,0,0,0,0,NATIONAL
gaza,bnd.com,com,GLOBAL,GLOBAL,GLOBAL,PLATFORM,0,0,0,0,0,0,0,NATIONAL
gaza,bobbybones.iheart.com,com,GLOBAL,GLOBAL,GLOBAL,PLATFORM,0,0,0,0,0,0,0,NATIONAL
gaza,brazilbusiness.einnews.com,com,GLOBAL,GLOBAL,GLOBAL,PLATFORM,0,0,0,0,0,0,0,NATIONAL
gaza,broomfieldenterprise.com,com,GLOBAL,GLOBAL,GLOBAL,PLATFORM,0,0,0,0,0,0,0,NATIONAL
gaza,campusreform.org,org,GLOBAL,GLOBAL,GLOBAL,PLATFORM,0,0,0,0,0,0,0,NATIONAL
gaza,canadiancattlemen.ca,ca,CA,North America,OTHER,PLATFORM,0,0,0,0,0,0,0,NATIONAL
gaza,canberratimes.com.au,au,AU,East Asia & Pacific,OTHER,PLATFORM,0,0,0,0,0,0,0,NATIONAL
gaza,capitalpress.com,com,GLOBAL,GLOBAL,GLOBAL,PLATFORM,0,0,0,0,0,0,0,NATIONAL
gaza,carloarg02.medium.com,com,GLOBAL,GLOBAL,GLOBAL,PLATFORM,0,0,0,0,0,0,0,NATIONAL
gaza,castanet.net,net,GLOBAL,GLOBAL,GLOBAL,PLATFORM,0,0,0,0,0,0,0,NATIONAL
gaza,cebudailynews.inquirer.net,net,GLOBAL,GLOBAL,GLOBAL,PLATFORM,0,0,0,0,0,0,0,NATIONAL
gaza,cfrc.ca,ca,CA,North America,OTHER,PLATFORM,0,0,0,0,0,0,0,NATIONAL
gaza,cheatsheet.com,com,GLOBAL,GLOBAL,GLOBAL,PLATFORM,0,0,0,0,0,0,0,NATIONAL
gaza,china.org.cn,cn,CN,East Asia & Pacific,OTHER,PLATFORM,0,0,0,0,0,0,0,NATIONAL
gaza,chroniclejournal.com,com,GLOBAL,GLOBAL,GLOBAL,PLATFORM,0,0,0,0,0,0,0,NATIONAL
gaza,cineuropa.org,org,GLOBAL,GLOBAL,GLOBAL,PLATFORM,0,0,0,0,0,0,0,NATIONAL
gaza,cio.com,com,GLOBAL,GLOBAL,GLOBAL,PLATFORM,0,0,0,0,0,0,0,NATIONAL
gaza,ckuw.ca,ca,CA,North America,OTHER,PLATFORM,0,0,0,0,0,0,0,NATIONAL
gaza,classichits1390.iheart.com,com,GLOBAL,GLOBAL,GLOBAL,PLATFORM,0,0,0,0,0,0,0,NATIONAL
gaza,cnaluxury.channelnewsasia.com,com,GLOBAL,GLOBAL,GLOBAL,PLATFORM,0,0,0,0,0,0,0,NATIONAL
gaza,cnnphilippines.com,com,GLOBAL,GLOBAL,GLOBAL,PLATFORM,0,0,0,0,0,0,0,NATIONAL
gaza,coindesk.com,com,GLOBAL,GLOBAL,GLOBAL,PLATFORM,0,0,0,0,0,0,0,NATIONAL
gaza,columbian.com,com,GLOBAL,GLOBAL,GLOBAL,PLATFORM,0,0,0,0,0,0,0,NATIONAL
gaza,connecticut.news12.com,com,GLOBAL,GLOBAL,GLOBAL,PLATFORM,0,0,0,0,0,0,0,NATIONAL
gaza,courthousenews.com,com,GLOBAL,GLOBAL,GLOBAL,PLATFORM,0,0,0,0,0,0,0,NATIONAL
gaza,cranbrooktownsman.com,com,GLOBAL,GLOBAL,GLOBAL,PLATFORM,0,0,0,0,0,0,0,NATIONAL
gaza,cumnockchronicle.com,com,GLOBAL,GLOBAL,GLOBAL,PLATFORM,0,0,0,0,0,0,0,NATIONAL
gaza,dailybreeze.com,com,GLOBAL,GLOBAL,GLOBAL,PLATFORM,0,0,0,0,0,0,0,NATIONAL
gaza,dailycardinal.com,com,GLOBAL,GLOBAL,GLOBAL,PLATFORM,0,0,0,0,0,0,0,NATIONAL
gaza,dailyfinland.fi,fi,NA,NA,OTHER,PLATFORM,0,0,0,0,0,0,0,PLATFORM
gaza,dailyrecord.co.uk,uk,GB,Europe & Central Asia,OTHER,PLATFORM,0,0,0,0,0,0,0,NATIONAL
gaza,darlingtonandstocktontimes.co.uk,uk,GB,Europe & Central Asia,OTHER,PLATFORM,0,0,0,0,0,0,0,NATIONAL
gaza,davidpakman.com,com,GLOBAL,GLOBAL,GLOBAL,PLATFORM,0,0,0,0,0,0,0,NATIONAL
gaza,deadline.com,com,GLOBAL,GLOBAL,GLOBAL,PLATFORM,0,0,0,0,0,0,0,NATIONAL
gaza,decider.com,com,GLOBAL,GLOBAL,GLOBAL,PLATFORM,0,0,0,0,0,0,0,NATIONAL
gaza,derrynow.com,com,GLOBAL,GLOBAL,GLOBAL,PLATFORM,0,0,0,0,0,0,0,NATIONAL
gaza,digbycourier.ca,ca,CA,North America,OTHER,PLATFORM,0,0,0,0,0,0,0,NATIONAL
gaza,drumhellermail.com,com,GLOBAL,GLOBAL,GLOBAL,PLATFORM,0,0,0,0,0,0,0,NATIONAL
gaza,duvarenglish.com,com,GLOBAL,GLOBAL,GLOBAL,PLATFORM,0,0,0,0,0,0,0,NATIONAL
gaza,eagletribune.com,com,GLOBAL,GLOBAL,GLOBAL,PLATFORM,0,0,0,0,0,0,0,NATIONAL
gaza,earth.com,com,GLOBAL,GLOBAL,GLOBAL,PLATFORM,0,0,0,0,0,0,0,NATIONAL
gaza,economictimes.indiatimes.com,com,GLOBAL,GLOBAL,GLOBAL,PLATFORM,0,0,0,0,0,0,0,NATIONAL
gaza,edition.cnn.com,com,GLOBAL,GLOBAL,GLOBAL,PLATFORM,0,0,0,0,0,0,0,NATIONAL
gaza,effinghamherald.net,net,GLOBAL,GLOBAL,GLOBAL,PLATFORM,0,0,0,0,0,0,0,NATIONAL
gaza,en.shafaqna.com,com,GLOBAL,GLOBAL,GLOBAL,PLATFORM,0,0,0,0,0,0,0,NATIONAL
gaza,eonline.com,com,GLOBAL,GLOBAL,GLOBAL,PLATFORM,0,0,0,0,0,0,0,NATIONAL
gaza,eppingforestguardian.co.uk,uk,GB,Europe & Central Asia,OTHER,PLATFORM,0,0,0,0,0,0,0,NATIONAL
gaza,erienewsnow.com,com,GLOBAL,GLOBAL,GLOBAL,PLATFORM,0,0,0,0,0,0,0,NATIONAL
gaza,etfdailynews.com,com,GLOBAL,GLOBAL,GLOBAL,PLATFORM,0,0,0,0,0,0,0,NATIONAL
gaza,europesun.com,com,GLOBAL,GLOBAL,GLOBAL,PLATFORM,0,0,0,0,0,0,0,NATIONAL
gaza,eveningnews24.co.uk,uk,GB,Europe & Central Asia,OTHER,PLATFORM,0,0,0,0,0,0,0,NATIONAL
gaza,evwind.es,es,ES,Europe & Central Asia,OTHER,PLATFORM,0,0,0,0,0,0,0,NATIONAL
gaza,exclaim.ca,ca,CA,North America,OTHER,PLATFORM,0,0,0,0,0,0,0,NATIONAL
gaza,express.co.uk,uk,GB,Europe & Central Asia,OTHER,PLATFORM,0,0,0,0,0,0,0,NATIONAL
gaza,fandompost.com,com,GLOBAL,GLOBAL,GLOBAL,PLATFORM,0,0,0,0,0,0,0,NATIONAL
gaza,fbcnews.com.fj,fj,NA,NA,OTHER,PLATFORM,0,0,0,0,0,0,0,PLATFORM
gaza,fijisun.com.fj,fj,NA,NA,OTHER,PLATFORM,0,0,0,0,0,0,0,PLATFORM
gaza,fijivillage.com,com,GLOBAL,GLOBAL,GLOBAL,PLATFORM,0,0,0,0,0,0,0,NATIONAL
gaza,foreignaffairs.co.nz,nz,NZ,East Asia & Pacific,OTHER,PLATFORM,0,0,0,0,0,0,0,NATIONAL
gaza,fourstateshomepage.com,com,GLOBAL,GLOBAL,GLOBAL,PLATFORM,0,0,0,0,0,0,0,NATIONAL
gaza,fox2now.com,com,GLOBAL,GLOBAL,GLOBAL,PLATFORM,0,0,0,0,0,0,0,NATIONAL
gaza,fox34.com,com,GLOBAL,GLOBAL,GLOBAL,PLATFORM,0,0,0,0,0,0,0,NATIONAL
gaza,fox4kc.com,com,GLOBAL,GLOBAL,GLOBAL,PLATFORM,0,0,0,0,0,0,0,NATIONAL
gaza,fox61.com,com,GLOBAL,GLOBAL,GLOBAL,PLATFORM,0,0,0,0,0,0,0,NATIONAL
gaza,fox9.com,com,GLOBAL,GLOBAL,GLOBAL,PLATFORM,0,0,0,0,0,0,0,NATIONAL
gaza,france24.com,com,GLOBAL,GLOBAL,GLOBAL,PLATFORM,0,0,0,0,0,0,0,NATIONAL
gaza,fresnobee.com,com,GLOBAL,GLOBAL,GLOBAL,PLATFORM,0,0,0,0,0,0,0,NATIONAL
gaza,frontline.thehindu.com,com,GLOBAL,GLOBAL,GLOBAL,PLATFORM,0,0,0,0,0,0,0,NATIONAL
gaza,futurecar.com,com,GLOBAL,GLOBAL,GLOBAL,PLATFORM,0,0,0,0,0,0,0,NATIONAL
gaza,gamespot.com,com,GLOBAL,GLOBAL,GLOBAL,PLATFORM,0,0,0,0,0,0,0,NATIONAL
gaza,giants.com,com,GLOBAL,GLOBAL,GLOBAL,PLATFORM,0,0,0,0,0,0,0,NATIONAL
gaza,globalhappenings.com,com,GLOBAL,GLOBAL,GLOBAL,PLATFORM,0,0,0,0,0,0,0,NATIONAL
gaza,globalnation.inquirer.net,net,GLOBAL,GLOBAL,GLOBAL,PLATFORM,0,0,0,0,0,0,0,NATIONAL
gaza,governing.com,com,GLOBAL,GLOBAL,GLOBAL,PLATFORM,0,0,0,0,0,0,0,NATIONAL
gaza,gulf104.com,com,GLOBAL,GLOBAL,GLOBAL,PLATFORM,0,0,0,0,0,0,0,NATIONAL
gaza,gvnews.com,com,GLOBAL,GLOBAL,GLOBAL,PLATFORM,0,0,0,0,0,0,0,NATIONAL
gaza,halsteadgazette.co.uk,uk,GB,Europe & Central Asia,OTHER,PLATFORM,0,0,0,0,0,0,0,NATIONAL
gaza,helenair.com,com,GLOBAL,GLOBAL,GLOBAL,PLATFORM,0,0,0,0,0,0,0,NATIONAL
gaza,herald.co.zw,zw,NA,NA,OTHER,PLATFORM,0,0,0,0,0,0,0,PLATFORM
gaza,historiccity.com,com,GLOBAL,GLOBAL,GLOBAL,PLATFORM,0,0,0,0,0,0,0,NATIONAL
gaza,historytoday.com,com,GLOBAL,GLOBAL,GLOBAL,PLATFORM,0,0,0,0,0,0,0,NATIONAL
gaza,hngn.com,com,GLOBAL,GLOBAL,GLOBAL,PLATFORM,0,0,0,0,0,0,0,NATIONAL
gaza,homernews.com,com,GLOBAL,GLOBAL,GLOBAL,PLATFORM,0,0,0,0,0,0,0,NATIONAL
gaza,hub-4.com,com,GLOBAL,GLOBAL,GLOBAL,PLATFORM,0,0,0,0,0,0,0,NATIONAL
gaza,ign.com,com,GLOBAL,GLOBAL,GLOBAL,PLATFORM,0,0,0,0,0,0,0,NATIONAL
gaza,independent.co.uk,uk,GB,Europe & Central Asia,OTHER,PLATFORM,0,0,0,0,0,0,0,NATIONAL
gaza,indiankanoon.org,org,GLOBAL,GLOBAL,GLOBAL,PLATFORM,0,0,0,0,0,0,0,NATIONAL
gaza,indiatimes.com,com,GLOBAL,GLOBAL,GLOBAL,PLATFORM,0,0,0,0,0,0,0,NATIONAL
gaza,indybay.org,org,GLOBAL,GLOBAL,GLOBAL,PLATFORM,0,0,0,0,0,0,0,NATIONAL
gaza,infiniteunknown.net,net,GLOBAL,GLOBAL,GLOBAL,PLATFORM,0,0,0,0,0,0,0,NATIONAL
gaza,info.scoop.co.nz,nz,NZ,East Asia & Pacific,OTHER,PLATFORM,0,0,0,0,0,0,0,NATIONAL
gaza,insider.com,com,GLOBAL,GLOBAL,GLOBAL,PLATFORM,0,0,0,0,0,0,0,NATIONAL
gaza,insidethegames.biz,biz,GLOBAL,GLOBAL,GLOBAL,PLATFORM,0,0,0,0,0,0,0,NATIONAL
gaza,insightcrime.org,org,GLOBAL,GLOBAL,GLOBAL,PLATFORM,0,0,0,0,0,0,0,NATIONAL
gaza,instinctmagazine.com,com,GLOBAL,GLOBAL,GLOBAL,PLATFORM,0,0,0,0,0,0,0,NATIONAL
gaza,insurancebusinessmag.com,com,GLOBAL,GLOBAL,GLOBAL,PLATFORM,0,0,0,0,0,0,0,NATIONAL
gaza,inverness-courier.co.uk,uk,GB,Europe & Central Asia,OTHER,PLATFORM,0,0,0,0,0,0,0,NATIONAL
gaza,ipcs.org,org,GLOBAL,GLOBAL,GLOBAL,PLATFORM,0,0,0,0,0,0,0,NATIONAL
gaza,ipowerrichmond.com,com,GLOBAL,GLOBAL,GLOBAL,PLATFORM,0,0,0,0,0,0,0,NATIONAL
gaza,irishcentral.com,com,GLOBAL,GLOBAL,GLOBAL,PLATFORM,0,0,0,0,0,0,0,NATIONAL
gaza,islandpacket.com,com,GLOBAL,GLOBAL,GLOBAL,PLATFORM,0,0,0,0,0,0,0,NATIONAL
gaza,islandsbusiness.com,com,GLOBAL,GLOBAL,GLOBAL,PLATFORM,0,0,0,0,0,0,0,NATIONAL
gaza,isustudentmedia.com,com,GLOBAL,GLOBAL,GLOBAL,PLATFORM,0,0,0,0,0,0,0,NATIONAL
gaza,itv.com,com,GLOBAL,GLOBAL,GLOBAL,PLATFORM,0,0,0,0,0,0,0,NATIONAL
gaza,johnogroat-journal.co.uk,uk,GB,Europe & Central Asia,OTHER,PLATFORM,0,0,0,0,0,0,0,NATIONAL
gaza,journalrecord.com,com,GLOBAL,GLOBAL,GLOBAL,PLATFORM,0,0,0,0,0,0,0,NATIONAL
gaza,jurist.org,org,GLOBAL,GLOBAL,GLOBAL,PLATFORM,0,0,0,0,0,0,0,NATIONAL
gaza,kamloopsthisweek.com,com,GLOBAL,GLOBAL,GLOBAL,PLATFORM,0,0,0,0,0,0,0,NATIONAL
gaza,katc.com,com,GLOBAL,GLOBAL,GLOBAL,PLATFORM,0,0,0,0,0,0,0,NATIONAL
gaza,katsfm.com,com,GLOBAL,GLOBAL,GLOBAL,PLATFORM,0,0,0,0,0,0,0,NATIONAL
gaza,kelofm.com,com,GLOBAL,GLOBAL,GLOBAL,PLATFORM,0,0,0,0,0,0,0,NATIONAL
gaza,khar590.com,com,GLOBAL,GLOBAL,GLOBAL,PLATFORM,0,0,0,0,0,0,0,NATIONAL
gaza,kicdam.com,com,GLOBAL,GLOBAL,GLOBAL,PLATFORM,0,0,0,0,0,0,0,NATIONAL
gaza,kiow.com,com,GLOBAL,GLOBAL,GLOBAL,PLATFORM,0,0,0,0,0,0,0,NATIONAL
gaza,kiro7.com,com,GLOBAL,GLOBAL,GLOBAL,PLATFORM,0,0,0,0,0,0,0,NATIONAL
gaza,kisscincinnati.iheart.com,com,GLOBAL,GLOBAL,GLOBAL,PLATFORM,0,0,0,0,0,0,0,NATIONAL
gaza,kjct8.com,com,GLOBAL,GLOBAL,GLOBAL,PLATFORM,0,0,0,0,0,0,0,NATIONAL
gaza,kkyx.com,com,GLOBAL,GLOBAL,GLOBAL,PLATFORM,0,0,0,0,0,0,0,NATIONAL
gaza,knox.villagesoup.com,com,GLOBAL,GLOBAL,GLOBAL,PLATFORM,0,0,0,0,0,0,0,NATIONAL
gaza,koin.com,com,GLOBAL,GLOBAL,GLOBAL,PLATFORM,0,0,0,0,0,0,0,NATIONAL
gaza,kolotv.com,com,GLOBAL,GLOBAL,GLOBAL,PLATFORM,0,0,0,0,0,0,0,NATIONAL
gaza,koreatimes.co.kr,kr,KR,East Asia & Pacific,OTHER,PLATFORM,0,0,0,0,0,0,0,NATIONAL
gaza,kptv.com,com,GLOBAL,GLOBAL,GLOBAL,PLATFORM,0,0,0,0,0,0,0,NATIONAL
gaza,krmg.com,com,GLOBAL,GLOBAL,GLOBAL,PLATFORM,0,0,0,0,0,0,0,NATIONAL
gaza,krocnews.com,com,GLOBAL,GLOBAL,GLOBAL,PLATFORM,0,0,0,0,0,0,0,NATIONAL
gaza,krro.com,com,GLOBAL,GLOBAL,GLOBAL,PLATFORM,0,0,0,0,0,0,0,NATIONAL
gaza,ksisradio.com,com,GLOBAL,GLOBAL,GLOBAL,PLATFORM,0,0,0,0,0,0,0,NATIONAL
gaza,kswo.com,com,GLOBAL,GLOBAL,GLOBAL,PLATFORM,0,0,0,0,0,0,0,NATIONAL
gaza,kten.com,com,GLOBAL,GLOBAL,GLOBAL,PLATFORM,0,0,0,0,0,0,0,NATIONAL
gaza,kuaf.com,com,GLOBAL,GLOBAL,GLOBAL,PLATFORM,0,0,0,0,0,0,0,NATIONAL
gaza,kuna.net.kw,kw,NA,NA,OTHER,PLATFORM,0,0,0,0,0,0,0,PLATFORM
gaza,kwin.com,com,GLOBAL,GLOBAL,GLOBAL,PLATFORM,0,0,0,0,0,0,0,NATIONAL
gaza,kxt.org,org,GLOBAL,GLOBAL,GLOBAL,PLATFORM,0,0,0,0,0,0,0,NATIONAL
gaza,ky3.com,com,GLOBAL,GLOBAL,GLOBAL,PLATFORM,0,0,0,0,0,0,0,NATIONAL
gaza,legallyindia.com,com,GLOBAL,GLOBAL,GLOBAL,PLATFORM,0,0,0,0,0,0,0,NATIONAL
gaza,legit.ng,ng,NG,Sub-Saharan Africa,AFRICA,PLATFORM,0,0,0,0,0,0,0,NATIONAL
gaza,leinsterleader.ie,ie,NA,NA,OTHER,PLATFORM,0,0,0,0,0,0,0,PLATFORM
gaza,lemonde.fr,fr,FR,Europe & Central Asia,OTHER,PLATFORM,0,0,0,0,0,0,0,NATIONAL
gaza,lep.co.uk,uk,GB,Europe & Central Asia,OTHER,PLATFORM,0,0,0,0,0,0,0,NATIONAL
gaza,liberty.edu,edu,NA,NA,OTHER,PLATFORM,0,0,0,0,0,0,0,PLATFORM
gaza,liverpoolecho.co.uk,uk,GB,Europe & Central Asia,OTHER,PLATFORM,0,0,0,0,0,0,0,NATIONAL
gaza,local12.com,com,GLOBAL,GLOBAL,GLOBAL,PLATFORM,0,0,0,0,0,0,0,NATIONAL
gaza,londonmercury.com,com,GLOBAL,GLOBAL,GLOBAL,PLATFORM,0,0,0,0,0,0,0,NATIONAL
gaza,lostcoastoutpost.com,com,GLOBAL,GLOBAL,GLOBAL,PLATFORM,0,0,0,0,0,0,0,NATIONAL
gaza,lowellsun.com,com,GLOBAL,GLOBAL,GLOBAL,PLATFORM,0,0,0,0,0,0,0,NATIONAL
gaza,lowkickmma.com,com,GLOBAL,GLOBAL,GLOBAL,PLATFORM,0,0,0,0,0,0,0,NATIONAL
gaza,m.lasvegassun.com,com,GLOBAL,GLOBAL,GLOBAL,PLATFORM,0,0,0,0,0,0,0,NATIONAL
gaza,maryvilleforum.com,com,GLOBAL,GLOBAL,GLOBAL,PLATFORM,0,0,0,0,0,0,0,NATIONAL
gaza,mcalesternews.com,com,GLOBAL,GLOBAL,GLOBAL,PLATFORM,0,0,0,0,0,0,0,NATIONAL
gaza,metro-magazine.com,com,GLOBAL,GLOBAL,GLOBAL,PLATFORM,0,0,0,0,0,0,0,NATIONAL
gaza,miningjournal.net,net,GLOBAL,GLOBAL,GLOBAL,PLATFORM,0,0,0,0,0,0,0,NATIONAL
gaza,mix97.com,com,GLOBAL,GLOBAL,GLOBAL,PLATFORM,0,0,0,0,0,0,0,NATIONAL
gaza,mix999fm.iheart.com,com,GLOBAL,GLOBAL,GLOBAL,PLATFORM,0,0,0,0,0,0,0,NATIONAL
gaza,mlive.com,com,GLOBAL,GLOBAL,GLOBAL,PLATFORM,0,0,0,0,0,0,0,NATIONAL
gaza,modernghana.com,com,GLOBAL,GLOBAL,GLOBAL,PLATFORM,0,0,0,0,0,0,0,NATIONAL
gaza,money.usnews.com,com,GLOBAL,GLOBAL,GLOBAL,PLATFORM,0,0,0,0,0,0,0,NATIONAL
gaza,morrowcountysentinel.com,com,GLOBAL,GLOBAL,GLOBAL,PLATFORM,0,0,0,0,0,0,0,NATIONAL
gaza,mountaintimes.info,info,GLOBAL,GLOBAL,GLOBAL,PLATFORM,0,0,0,0,0,0,0,NATIONAL
gaza,muscatinejournal.com,com,GLOBAL,GLOBAL,GLOBAL,PLATFORM,0,0,0,0,0,0,0,NATIONAL
gaza,myanmarnews.net,net,GLOBAL,GLOBAL,GLOBAL,PLATFORM,0,0,0,0,0,0,0,NATIONAL
gaza,myk104.com,com,GLOBAL,GLOBAL,GLOBAL,PLATFORM,0,0,0,0,0,0,0,NATIONAL
gaza,mykiss951.iheart.com,com,GLOBAL,GLOBAL,GLOBAL,PLATFORM,0,0,0,0,0,0,0,NATIONAL
gaza,mylakelandnow.com,com,GLOBAL,GLOBAL,GLOBAL,PLATFORM,0,0,0,0,0,0,0,NATIONAL
gaza,mylondon.news,news,NA,NA,OTHER,PLATFORM,0,0,0,0,0,0,0,PLATFORM
gaza,nationaltribune.com.au,au,AU,East Asia & Pacific,OTHER,PLATFORM,0,0,0,0,0,0,0,NATIONAL
gaza,navytimes.com,com,GLOBAL,GLOBAL,GLOBAL,PLATFORM,0,0,0,0,0,0,0,NATIONAL
gaza,nbclosangeles.com,com,GLOBAL,GLOBAL,GLOBAL,PLATFORM,0,0,0,0,0,0,0,NATIONAL
gaza,ndtv.com,com,GLOBAL,GLOBAL,GLOBAL,PLATFORM,0,0,0,0,0,0,0,NATIONAL
gaza,nevadabusiness.com,com,GLOBAL,GLOBAL,GLOBAL,PLATFORM,0,0,0,0,0,0,0,NATIONAL
gaza,newhot997.com,com,GLOBAL,GLOBAL,GLOBAL,PLATFORM,0,0,0,0,0,0,0,NATIONAL
gaza,newindianexpress.com,com,GLOBAL,GLOBAL,GLOBAL,PLATFORM,0,0,0,0,0,0,0,NATIONAL
gaza,news-gazette.com,com,GLOBAL,GLOBAL,GLOBAL,PLATFORM,0,0,0,0,0,0,0,NATIONAL
gaza,news.az,az,NA,NA,OTHER,PLATFORM,0,0,0,0,0,0,0,PLATFORM
gaza,newser.com,com,GLOBAL,GLOBAL,GLOBAL,PLATFORM,0,0,0,0,0,0,0,NATIONAL
gaza,newsincyprus.com,com,GLOBAL,GLOBAL,GLOBAL,PLATFORM,0,0,0,0,0,0,0,NATIONAL
gaza,newsletter.blogs.wesleyan.edu,edu,NA,NA,OTHER,PLATFORM,0,0,0,0,0,0,0,PLATFORM
gaza,newstalkkzrg.com,com,GLOBAL,GLOBAL,GLOBAL,PLATFORM,0,0,0,0,0,0,0,NATIONAL
gaza,newswest9.com,com,GLOBAL,GLOBAL,GLOBAL,PLATFORM,0,0,0,0,0,0,0,NATIONAL
gaza,njbiz.com,com,GLOBAL,GLOBAL,GLOBAL,PLATFORM,0,0,0,0,0,0,0,NATIONAL
gaza,nme.com,com,GLOBAL,GLOBAL,GLOBAL,PLATFORM,0,0,0,0,0,0,0,NATIONAL
gaza,northernnews.ca:443,NA,NA,NA,OTHER,PLATFORM,0,0,0,0,0,0,0,PLATFORM
gaza,npr.org,org,GLOBAL,GLOBAL,GLOBAL,PLATFORM,0,0,0,0,0,0,0,NATIONAL
gaza,nrvnews.com,com,GLOBAL,GLOBAL,GLOBAL,PLATFORM,0,0,0,0,0,0,0,NATIONAL
gaza,nz.news.yahoo.com,com,GLOBAL,GLOBAL,GLOBAL,PLATFORM,0,0,0,0,0,0,0,NATIONAL
gaza,oas.org,org,GLOBAL,GLOBAL,GLOBAL,PLATFORM,0,0,0,0,0,0,0,NATIONAL
gaza,ohscanada.com,com,GLOBAL,GLOBAL,GLOBAL,PLATFORM,0,0,0,0,0,0,0,NATIONAL
gaza,oit.edu,edu,NA,NA,OTHER,PLATFORM,0,0,0,0,0,0,0,PLATFORM
gaza,onlineopinion.com.au,au,AU,East Asia & Pacific,OTHER,PLATFORM,0,0,0,0,0,0,0,NATIONAL
gaza,orthospinenews.com,com,GLOBAL,GLOBAL,GLOBAL,PLATFORM,0,0,0,0,0,0,0,NATIONAL
gaza,peacefmonline.com,com,GLOBAL,GLOBAL,GLOBAL,PLATFORM,0,0,0,0,0,0,0,NATIONAL
gaza,petapixel.com,com,GLOBAL,GLOBAL,GLOBAL,PLATFORM,0,0,0,0,0,0,0,NATIONAL
gaza,phillytrib.com,com,GLOBAL,GLOBAL,GLOBAL,PLATFORM,0,0,0,0,0,0,0,NATIONAL
gaza,pmnewsnigeria.com,com,GLOBAL,GLOBAL,GLOBAL,PLATFORM,0,0,0,0,0,0,0,NATIONAL
gaza,power98fm.com,com,GLOBAL,GLOBAL,GLOBAL,PLATFORM,0,0,0,0,0,0,0,NATIONAL
gaza,pressreleasepoint.com,com,GLOBAL,GLOBAL,GLOBAL,PLATFORM,0,0,0,0,0,0,0,NATIONAL
gaza,psu.com,com,GLOBAL,GLOBAL,GLOBAL,PLATFORM,0,0,0,0,0,0,0,NATIONAL
gaza,quadcitiesdaily.com,com,GLOBAL,GLOBAL,GLOBAL,PLATFORM,0,0,0,0,0,0,0,NATIONAL
gaza,realradio.iheart.com,com,GLOBAL,GLOBAL,GLOBAL,PLATFORM,0,0,0,0,0,0,0,NATIONAL
gaza,redwatch.org.au,au,AU,East Asia & Pacific,OTHER,PLATFORM,0,0,0,0,0,0,0,NATIONAL
gaza,republic-online.com,com,GLOBAL,GLOBAL,GLOBAL,PLATFORM,0,0,0,0,0,0,0,NATIONAL
gaza,republikein.com.na,na,NA,NA,OTHER,PLATFORM,0,0,0,0,0,0,0,PLATFORM
gaza,revengeofthebirds.com,com,GLOBAL,GLOBAL,GLOBAL,PLATFORM,0,0,0,0,0,0,0,NATIONAL
gaza,ringtv.com,com,GLOBAL,GLOBAL,GLOBAL,PLATFORM,0,0,0,0,0,0,0,NATIONAL
gaza,robbreport.com,com,GLOBAL,GLOBAL,GLOBAL,PLATFORM,0,0,0,0,0,0,0,NATIONAL
gaza,rollcall.com,com,GLOBAL,GLOBAL,GLOBAL,PLATFORM,0,0,0,0,0,0,0,NATIONAL
gaza,russianmachineneverbreaks.com,com,GLOBAL,GLOBAL,GLOBAL,PLATFORM,0,0,0,0,0,0,0,NATIONAL
gaza,rustonleader.com,com,GLOBAL,GLOBAL,GLOBAL,PLATFORM,0,0,0,0,0,0,0,NATIONAL
gaza,sahanjournal.com,com,GLOBAL,GLOBAL,GLOBAL,PLATFORM,0,0,0,0,0,0,0,NATIONAL
gaza,sailingscuttlebutt.com,com,GLOBAL,GLOBAL,GLOBAL,PLATFORM,0,0,0,0,0,0,0,NATIONAL
gaza,scoop.co.nz,nz,NZ,East Asia & Pacific,OTHER,PLATFORM,0,0,0,0,0,0,0,NATIONAL
gaza,seekingalpha.com,com,GLOBAL,GLOBAL,GLOBAL,PLATFORM,1,0,0,0,0,0,1,FIN
gaza,seneweb.com,com,GLOBAL,GLOBAL,GLOBAL,PLATFORM,0,0,0,0,0,0,0,NATIONAL
gaza,silive.com,com,GLOBAL,GLOBAL,GLOBAL,PLATFORM,0,0,0,0,0,0,0,NATIONAL
gaza,somersetcountygazette.co.uk,uk,GB,Europe & Central Asia,OTHER,PLATFORM,0,0,0,0,0,0,0,NATIONAL
gaza,southcarolinapublicradio.org,org,GLOBAL,GLOBAL,GLOBAL,PLATFORM,0,0,0,0,0,0,0,NATIONAL
gaza,southwalesguardian.co.uk,uk,GB,Europe & Central Asia,OTHER,PLATFORM,0,0,0,0,0,0,0,NATIONAL
gaza,spectator.co.uk,uk,GB,Europe & Central Asia,OTHER,PLATFORM,0,0,0,0,0,0,0,NATIONAL
gaza,spokesman.com,com,GLOBAL,GLOBAL,GLOBAL,PLATFORM,0,0,0,0,0,0,0,NATIONAL
gaza,steelersnow.com,com,GLOBAL,GLOBAL,GLOBAL,PLATFORM,0,0,0,0,0,0,0,NATIONAL
gaza,stokesentinel.co.uk,uk,GB,Europe & Central Asia,OTHER,PLATFORM,0,0,0,0,0,0,0,NATIONAL
gaza,store.ign.com,com,GLOBAL,GLOBAL,GLOBAL,PLATFORM,0,0,0,0,0,0,0,NATIONAL
gaza,sunherald.com,com,GLOBAL,GLOBAL,GLOBAL,PLATFORM,0,0,0,0,0,0,0,NATIONAL
gaza,sunjournal.com,com,GLOBAL,GLOBAL,GLOBAL,PLATFORM,0,0,0,0,0,0,0,NATIONAL
gaza,sunny985.iheart.com,com,GLOBAL,GLOBAL,GLOBAL,PLATFORM,0,0,0,0,0,0,0,NATIONAL
gaza,swnews4u.com,com,GLOBAL,GLOBAL,GLOBAL,PLATFORM,0,0,0,0,0,0,0,NATIONAL
gaza,talkvietnam.com,com,GLOBAL,GLOBAL,GLOBAL,PLATFORM,0,0,0,0,0,0,0,NATIONAL
gaza,tampabaysmix.iheart.com,com,GLOBAL,GLOBAL,GLOBAL,PLATFORM,0,0,0,0,0,0,0,NATIONAL
gaza,tbnewswatch.com,com,GLOBAL,GLOBAL,GLOBAL,PLATFORM,0,0,0,0,0,0,0,NATIONAL
gaza,theadanews.com,com,GLOBAL,GLOBAL,GLOBAL,PLATFORM,0,0,0,0,0,0,0,NATIONAL
gaza,theadvocate.com.au,au,AU,East Asia & Pacific,OTHER,PLATFORM,0,0,0,0,0,0,0,NATIONAL
gaza,thearabdailynews.com,com,GLOBAL,GLOBAL,GLOBAL,PLATFORM,0,0,0,0,0,0,0,NATIONAL
gaza,theartnewspaper.com,com,GLOBAL,GLOBAL,GLOBAL,PLATFORM,0,0,0,0,0,0,0,NATIONAL
gaza,thebeatcolumbia.iheart.com,com,GLOBAL,GLOBAL,GLOBAL,PLATFORM,0,0,0,0,0,0,0,NATIONAL
gaza,theblast.com,com,GLOBAL,GLOBAL,GLOBAL,PLATFORM,0,0,0,0,0,0,0,NATIONAL
gaza,theblaze.com,com,GLOBAL,GLOBAL,GLOBAL,PLATFORM,0,0,0,0,0,0,0,NATIONAL
gaza,thebridgenewsng.com,com,GLOBAL,GLOBAL,GLOBAL,PLATFORM,0,0,0,0,0,0,0,NATIONAL
gaza,thebuckeyeflame.com,com,GLOBAL,GLOBAL,GLOBAL,PLATFORM,0,0,0,0,0,0,0,NATIONAL
gaza,thecherokeean.com,com,GLOBAL,GLOBAL,GLOBAL,PLATFORM,0,0,0,0,0,0,0,NATIONAL
gaza,thechronicle-online.com:443,NA,NA,NA,OTHER,PLATFORM,0,0,0,0,0,0,0,PLATFORM
gaza,thedailystar.net,net,GLOBAL,GLOBAL,GLOBAL,PLATFORM,0,0,0,0,0,0,0,NATIONAL
gaza,thefutoncritic.com,com,GLOBAL,GLOBAL,GLOBAL,PLATFORM,0,0,0,0,0,0,0,NATIONAL
gaza,thegazette.com,com,GLOBAL,GLOBAL,GLOBAL,PLATFORM,0,0,0,0,0,0,0,NATIONAL
gaza,thenewsmarket.com,com,GLOBAL,GLOBAL,GLOBAL,PLATFORM,0,0,0,0,0,0,0,NATIONAL
gaza,theolympian.com,com,GLOBAL,GLOBAL,GLOBAL,PLATFORM,0,0,0,0,0,0,0,NATIONAL
gaza,theroanokestar.com,com,GLOBAL,GLOBAL,GLOBAL,PLATFORM,0,0,0,0,0,0,0,NATIONAL
gaza,thestatesman.com,com,GLOBAL,GLOBAL,GLOBAL,PLATFORM,0,0,0,0,0,0,0,NATIONAL
gaza,thewhiskeywash.com,com,GLOBAL,GLOBAL,GLOBAL,PLATFORM,0,0,0,0,0,0,0,NATIONAL
gaza,ticket760.iheart.com,com,GLOBAL,GLOBAL,GLOBAL,PLATFORM,0,0,0,0,0,0,0,NATIONAL
gaza,tide1009.com,com,GLOBAL,GLOBAL,GLOBAL,PLATFORM,0,0,0,0,0,0,0,NATIONAL
gaza,time.com,com,GLOBAL,GLOBAL,GLOBAL,PLATFORM,0,0,0,0,0,0,0,NATIONAL
gaza,timesgazette.com,com,GLOBAL,GLOBAL,GLOBAL,PLATFORM,0,0,0,0,0,0,0,NATIONAL
gaza,timesofisrael.com,com,GLOBAL,GLOBAL,GLOBAL,PLATFORM,0,0,0,0,0,0,0,NATIONAL
gaza,tmj4.com,com,GLOBAL,GLOBAL,GLOBAL,PLATFORM,0,0,0,0,0,0,0,NATIONAL
gaza,toucharcade.com,com,GLOBAL,GLOBAL,GLOBAL,PLATFORM,0,0,0,0,0,0,0,NATIONAL
gaza,travelnoire.com,com,GLOBAL,GLOBAL,GLOBAL,PLATFORM,0,0,0,0,0,0,0,NATIONAL
gaza,travelpulse.com,com,GLOBAL,GLOBAL,GLOBAL,PLATFORM,0,0,0,0,0,0,0,NATIONAL
gaza,ualrpublicradio.org,org,GLOBAL,GLOBAL,GLOBAL,PLATFORM,0,0,0,0,0,0,0,NATIONAL
gaza,ucmo.edu,edu,NA,NA,OTHER,PLATFORM,0,0,0,0,0,0,0,PLATFORM
gaza,undp.org,org,GLOBAL,GLOBAL,GLOBAL,PLATFORM,0,0,0,0,0,0,0,NATIONAL
gaza,upnorthlive.com,com,GLOBAL,GLOBAL,GLOBAL,PLATFORM,0,0,0,0,0,0,0,NATIONAL
gaza,uppermichiganssource.com,com,GLOBAL,GLOBAL,GLOBAL,PLATFORM,0,0,0,0,0,0,0,NATIONAL
gaza,usa.inquirer.net,net,GLOBAL,GLOBAL,GLOBAL,PLATFORM,0,0,0,0,0,0,0,NATIONAL
gaza,utahindependent.com,com,GLOBAL,GLOBAL,GLOBAL,PLATFORM,0,0,0,0,0,0,0,NATIONAL
gaza,v1019.com,com,GLOBAL,GLOBAL,GLOBAL,PLATFORM,0,0,0,0,0,0,0,NATIONAL
gaza,vegnews.com,com,GLOBAL,GLOBAL,GLOBAL,PLATFORM,0,0,0,0,0,0,0,NATIONAL
gaza,vervetimes.com,com,GLOBAL,GLOBAL,GLOBAL,PLATFORM,0,0,0,0,0,0,0,NATIONAL
gaza,von.gov.ng,ng,NG,Sub-Saharan Africa,AFRICA,PLATFORM,0,0,0,0,0,0,0,NATIONAL
gaza,wafb.com,com,GLOBAL,GLOBAL,GLOBAL,PLATFORM,0,0,0,0,0,0,0,NATIONAL
gaza,washingtonexaminer.com,com,GLOBAL,GLOBAL,GLOBAL,PLATFORM,0,0,0,0,0,0,0,NATIONAL
gaza,wbko.com,com,GLOBAL,GLOBAL,GLOBAL,PLATFORM,0,0,0,0,0,0,0,NATIONAL
gaza,wbtw.com,com,GLOBAL,GLOBAL,GLOBAL,PLATFORM,0,0,0,0,0,0,0,NATIONAL
gaza,wbur.org,org,GLOBAL,GLOBAL,GLOBAL,PLATFORM,0,0,0,0,0,0,0,NATIONAL
gaza,wbwn.com,com,GLOBAL,GLOBAL,GLOBAL,PLATFORM,0,0,0,0,0,0,0,NATIONAL
gaza,wcbi.com,com,GLOBAL,GLOBAL,GLOBAL,PLATFORM,0,0,0,0,0,0,0,NATIONAL
gaza,wcjmthebull.iheart.com,com,GLOBAL,GLOBAL,GLOBAL,PLATFORM,0,0,0,0,0,0,0,NATIONAL
gaza,wfin.com,com,GLOBAL,GLOBAL,GLOBAL,PLATFORM,0,0,0,0,0,0,0,NATIONAL
gaza,wfyi.org,org,GLOBAL,GLOBAL,GLOBAL,PLATFORM,0,0,0,0,0,0,0,NATIONAL
gaza,wgclradio.com,com,GLOBAL,GLOBAL,GLOBAL,PLATFORM,0,0,0,0,0,0,0,NATIONAL
gaza,whatsnew2day.com,com,GLOBAL,GLOBAL,GLOBAL,PLATFORM,0,0,0,0,0,0,0,NATIONAL
gaza,wifr.com,com,GLOBAL,GLOBAL,GLOBAL,PLATFORM,0,0,0,0,0,0,0,NATIONAL
gaza,wildrivers.lostcoastoutpost.com,com,GLOBAL,GLOBAL,GLOBAL,PLATFORM,0,0,0,0,0,0,0,NATIONAL
gaza,wisn.com,com,GLOBAL,GLOBAL,GLOBAL,PLATFORM,0,0,0,0,0,0,0,NATIONAL
gaza,wispolitics.com,com,GLOBAL,GLOBAL,GLOBAL,PLATFORM,0,0,0,0,0,0,0,NATIONAL
gaza,wixx.com,com,GLOBAL,GLOBAL,GLOBAL,PLATFORM,0,0,0,0,0,0,0,NATIONAL
gaza,wjla.com,com,GLOBAL,GLOBAL,GLOBAL,PLATFORM,0,0,0,0,0,0,0,NATIONAL
gaza,wkbn.com,com,GLOBAL,GLOBAL,GLOBAL,PLATFORM,0,0,0,0,0,0,0,NATIONAL
gaza,wkrb13.com,com,GLOBAL,GLOBAL,GLOBAL,PLATFORM,0,0,0,0,0,0,0,NATIONAL
gaza,wksn.com,com,GLOBAL,GLOBAL,GLOBAL,PLATFORM,0,0,0,0,0,0,0,NATIONAL
gaza,wmmbam.iheart.com,com,GLOBAL,GLOBAL,GLOBAL,PLATFORM,0,0,0,0,0,0,0,NATIONAL
gaza,wnct.com,com,GLOBAL,GLOBAL,GLOBAL,PLATFORM,0,0,0,0,0,0,0,NATIONAL
gaza,wnky.com,com,GLOBAL,GLOBAL,GLOBAL,PLATFORM,0,0,0,0,0,0,0,NATIONAL
gaza,wobm.com,com,GLOBAL,GLOBAL,GLOBAL,PLATFORM,0,0,0,0,0,0,0,NATIONAL
gaza,wohfradio.com,com,GLOBAL,GLOBAL,GLOBAL,PLATFORM,0,0,0,0,0,0,0,NATIONAL
gaza,wokq.com,com,GLOBAL,GLOBAL,GLOBAL,PLATFORM,0,0,0,0,0,0,0,NATIONAL
gaza,woodstocksentinelreview.com:443,NA,NA,NA,OTHER,PLATFORM,0,0,0,0,0,0,0,PLATFORM
gaza,worldcrunch.com,com,GLOBAL,GLOBAL,GLOBAL,PLATFORM,0,0,0,0,0,0,0,NATIONAL
gaza,wpoc.iheart.com,com,GLOBAL,GLOBAL,GLOBAL,PLATFORM,0,0,0,0,0,0,0,NATIONAL
gaza,wsbradio.com,com,GLOBAL,GLOBAL,GLOBAL,PLATFORM,0,0,0,0,0,0,0,NATIONAL
gaza,wset.com,com,GLOBAL,GLOBAL,GLOBAL,PLATFORM,0,0,0,0,0,0,0,NATIONAL
gaza,wspa.com,com,GLOBAL,GLOBAL,GLOBAL,PLATFORM,0,0,0,0,0,0,0,NATIONAL
gaza,wsyr.iheart.com,com,GLOBAL,GLOBAL,GLOBAL,PLATFORM,0,0,0,0,0,0,0,NATIONAL
gaza,wwnytv.com,com,GLOBAL,GLOBAL,GLOBAL,PLATFORM,0,0,0,0,0,0,0,NATIONAL
gaza,www3.nhk.or.jp,jp,JP,East Asia & Pacific,OTHER,PLATFORM,0,0,0,0,0,0,0,NATIONAL
gaza,y105fm.com,com,GLOBAL,GLOBAL,GLOBAL,PLATFORM,0,0,0,0,0,0,0,NATIONAL
gaza,youngwitness.com.au,au,AU,East Asia & Pacific,OTHER,PLATFORM,0,0,0,0,0,0,0,NATIONAL
gaza,yoursourceone.com,com,GLOBAL,GLOBAL,GLOBAL,PLATFORM,0,0,0,0,0,0,0,NATIONAL
gaza,z1035.com,com,GLOBAL,GLOBAL,GLOBAL,PLATFORM,0,0,0,0,0,0,0,NATIONAL
gaza,1003thepeak.iheart.com,com,GLOBAL,GLOBAL,GLOBAL,PLATFORM,0,0,0,0,0,0,0,NATIONAL
gaza,1027kord.com,com,GLOBAL,GLOBAL,GLOBAL,PLATFORM,0,0,0,0,0,0,0,NATIONAL
gaza,1045latinohits.iheart.com,com,GLOBAL,GLOBAL,GLOBAL,PLATFORM,0,0,0,0,0,0,0,NATIONAL
gaza,1073rocks.iheart.com,com,GLOBAL,GLOBAL,GLOBAL,PLATFORM,0,0,0,0,0,0,0,NATIONAL
gaza,107mus.iheart.com,com,GLOBAL,GLOBAL,GLOBAL,PLATFORM,0,0,0,0,0,0,0,NATIONAL
gaza,1350kman.com,com,GLOBAL,GLOBAL,GLOBAL,PLATFORM,0,0,0,0,0,0,0,NATIONAL
gaza,13newsnow.com,com,GLOBAL,GLOBAL,GLOBAL,PLATFORM,0,0,0,0,0,0,0,NATIONAL
gaza,2lt.com.au,au,AU,East Asia & Pacific,OTHER,PLATFORM,0,0,0,0,0,0,0,NATIONAL
gaza,4bc.com.au,au,AU,East Asia & Pacific,OTHER,PLATFORM,0,0,0,0,0,0,0,NATIONAL
gaza,590kqnt.iheart.com,com,GLOBAL,GLOBAL,GLOBAL,PLATFORM,0,0,0,0,0,0,0,NATIONAL
gaza,650keni.iheart.com,com,GLOBAL,GLOBAL,GLOBAL,PLATFORM,0,0,0,0,0,0,0,NATIONAL
gaza,931freshradio.ca,ca,CA,North America,OTHER,PLATFORM,0,0,0,0,0,0,0,NATIONAL
gaza,937thebull.iheart.com,com,GLOBAL,GLOBAL,GLOBAL,PLATFORM,0,0,0,0,0,0,0,NATIONAL
gaza,94rock.iheart.com,com,GLOBAL,GLOBAL,GLOBAL,PLATFORM,0,0,0,0,0,0,0,NATIONAL
gaza,97zokonline.com,com,GLOBAL,GLOBAL,GLOBAL,PLATFORM,0,0,0,0,0,0,0,NATIONAL
gaza,983thesnake.com,com,GLOBAL,GLOBAL,GLOBAL,PLATFORM,0,0,0,0,0,0,0,NATIONAL
gaza,985thecat.iheart.com,com,GLOBAL,GLOBAL,GLOBAL,PLATFORM,0,0,0,0,0,0,0,NATIONAL
gaza,abc10up.com,com,GLOBAL,GLOBAL,GLOBAL,PLATFORM,0,0,0,0,0,0,0,NATIONAL
gaza,abc11.com,com,GLOBAL,GLOBAL,GLOBAL,PLATFORM,0,0,0,0,0,0,0,NATIONAL
gaza,afr.com,com,GLOBAL,GLOBAL,GLOBAL,PLATFORM,0,0,0,0,0,0,0,NATIONAL
gaza,agweek.com,com,GLOBAL,GLOBAL,GLOBAL,PLATFORM,0,0,0,0,0,0,0,NATIONAL
gaza,alabamawx.com,com,GLOBAL,GLOBAL,GLOBAL,PLATFORM,0,0,0,0,0,0,0,NATIONAL
gaza,albanyherald.com,com,GLOBAL,GLOBAL,GLOBAL,PLATFORM,0,0,0,0,0,0,0,NATIONAL
gaza,alice1077.com,com,GLOBAL,GLOBAL,GLOBAL,PLATFORM,0,0,0,0,0,0,0,NATIONAL
gaza,aliran.com,com,GLOBAL,GLOBAL,GLOBAL,PLATFORM,0,0,0,0,0,0,0,NATIONAL
gaza,amarujala.com,com,GLOBAL,GLOBAL,GLOBAL,PLATFORM,0,0,0,0,0,0,0,NATIONAL
gaza,americanpress.com,com,GLOBAL,GLOBAL,GLOBAL,PLATFORM,0,0,0,0,0,0,0,NATIONAL
gaza,americansongwriter.com,com,GLOBAL,GLOBAL,GLOBAL,PLATFORM,0,0,0,0,0,0,0,NATIONAL
gaza,argentinastar.com,com,GLOBAL,GLOBAL,GLOBAL,PLATFORM,0,0,0,0,0,0,0,NATIONAL
gaza,arlnow.com,com,GLOBAL,GLOBAL,GLOBAL,PLATFORM,0,0,0,0,0,0,0,NATIONAL
gaza,armytimes.com,com,GLOBAL,GLOBAL,GLOBAL,PLATFORM,0,0,0,0,0,0,0,NATIONAL
gaza,arstechnica.com,com,GLOBAL,GLOBAL,GLOBAL,PLATFORM,0,0,0,0,0,0,0,NATIONAL
gaza,artnews.com,com,GLOBAL,GLOBAL,GLOBAL,PLATFORM,0,0,0,0,0,0,0,NATIONAL
gaza,aspenpublicradio.org,org,GLOBAL,GLOBAL,GLOBAL,PLATFORM,0,0,0,0,0,0,0,NATIONAL
gaza,atvtoday.co.uk,uk,GB,Europe & Central Asia,OTHER,PLATFORM,0,0,0,0,0,0,0,NATIONAL
gaza,b100wobb.iheart.com,com,GLOBAL,GLOBAL,GLOBAL,PLATFORM,0,0,0,0,0,0,0,NATIONAL
gaza,b97fm.iheart.com,com,GLOBAL,GLOBAL,GLOBAL,PLATFORM,0,0,0,0,0,0,0,NATIONAL
gaza,baconsrebellion.com,com,GLOBAL,GLOBAL,GLOBAL,PLATFORM,0,0,0,0,0,0,0,NATIONAL
gaza,beijingbulletin.com,com,GLOBAL,GLOBAL,GLOBAL,PLATFORM,0,0,0,0,0,0,0,NATIONAL
gaza,bicesteradvertiser.net,net,GLOBAL,GLOBAL,GLOBAL,PLATFORM,0,0,0,0,0,0,0,NATIONAL
gaza,blackoutdallas.com,com,GLOBAL,GLOBAL,GLOBAL,PLATFORM,0,0,0,0,0,0,0,NATIONAL
gaza,blog.hootsuite.com,com,GLOBAL,GLOBAL,GLOBAL,PLATFORM,0,0,0,0,0,0,0,NATIONAL
gaza,blogs.timesofisrael.com,com,GLOBAL,GLOBAL,GLOBAL,PLATFORM,0,0,0,0,0,0,0,NATIONAL
gaza,bostonmagazine.com,com,GLOBAL,GLOBAL,GLOBAL,PLATFORM,0,0,0,0,0,0,0,NATIONAL
gaza,brookingsregister.com,com,GLOBAL,GLOBAL,GLOBAL,PLATFORM,0,0,0,0,0,0,0,NATIONAL
gaza,brushnewstribune.com,com,GLOBAL,GLOBAL,GLOBAL,PLATFORM,0,0,0,0,0,0,0,NATIONAL
gaza,businessinsider.com,com,GLOBAL,GLOBAL,GLOBAL,PLATFORM,1,0,0,0,0,0,1,FIN
gaza,cachevalleydaily.com,com,GLOBAL,GLOBAL,GLOBAL,PLATFORM,0,0,0,0,0,0,0,NATIONAL
gaza,cadillacnews.com,com,GLOBAL,GLOBAL,GLOBAL,PLATFORM,0,0,0,0,0,0,0,NATIONAL
gaza,caledonianrecord.com,com,GLOBAL,GLOBAL,GLOBAL,PLATFORM,0,0,0,0,0,0,0,NATIONAL
gaza,calgary.ctvnews.ca,ca,CA,North America,OTHER,PLATFORM,0,0,0,0,0,0,0,NATIONAL
gaza,campaignasia.com:443,NA,NA,NA,OTHER,PLATFORM,0,0,0,0,0,0,0,PLATFORM
gaza,capecod.com,com,GLOBAL,GLOBAL,GLOBAL,PLATFORM,0,0,0,0,0,0,0,NATIONAL
gaza,capitolfax.com,com,GLOBAL,GLOBAL,GLOBAL,PLATFORM,0,0,0,0,0,0,0,NATIONAL
gaza,cartermatt.com,com,GLOBAL,GLOBAL,GLOBAL,PLATFORM,0,0,0,0,0,0,0,NATIONAL
gaza,celtsarehere.com,com,GLOBAL,GLOBAL,GLOBAL,PLATFORM,0,0,0,0,0,0,0,NATIONAL
gaza,centralmaine.com,com,GLOBAL,GLOBAL,GLOBAL,PLATFORM,0,0,0,0,0,0,0,NATIONAL
gaza,charlescitypress.com,com,GLOBAL,GLOBAL,GLOBAL,PLATFORM,0,0,0,0,0,0,0,NATIONAL
gaza,chesterstandard.co.uk,uk,GB,Europe & Central Asia,OTHER,PLATFORM,0,0,0,0,0,0,0,NATIONAL
gaza,chronicle.co.zw,zw,NA,NA,OTHER,PLATFORM,0,0,0,0,0,0,0,PLATFORM
gaza,cinemablend.com,com,GLOBAL,GLOBAL,GLOBAL,PLATFORM,0,0,0,0,0,0,0,NATIONAL
gaza,circleid.com,com,GLOBAL,GLOBAL,GLOBAL,PLATFORM,0,0,0,0,0,0,0,NATIONAL
gaza,cnbc.com,com,GLOBAL,GLOBAL,GLOBAL,PLATFORM,1,0,0,0,0,0,1,FIN
gaza,cnet.com,com,GLOBAL,GLOBAL,GLOBAL,PLATFORM,0,0,0,0,0,0,0,NATIONAL
gaza,columbiamissourian.com,com,GLOBAL,GLOBAL,GLOBAL,PLATFORM,0,0,0,0,0,0,0,NATIONAL
gaza,communitynewspapergroup.com,com,GLOBAL,GLOBAL,GLOBAL,PLATFORM,0,0,0,0,0,0,0,NATIONAL
gaza,corsicanadailysun.com,com,GLOBAL,GLOBAL,GLOBAL,PLATFORM,0,0,0,0,0,0,0,NATIONAL
gaza,country925.iheart.com,com,GLOBAL,GLOBAL,GLOBAL,PLATFORM,0,0,0,0,0,0,0,NATIONAL
gaza,cronkitenews.azpbs.org,org,GLOBAL,GLOBAL,GLOBAL,PLATFORM,0,0,0,0,0,0,0,NATIONAL
gaza,ctvnews.ca,ca,CA,North America,OTHER,PLATFORM,0,0,0,0,0,0,0,NATIONAL
gaza,cuinsight.com,com,GLOBAL,GLOBAL,GLOBAL,PLATFORM,0,0,0,0,0,0,0,NATIONAL
gaza,dailyiowan.com,com,GLOBAL,GLOBAL,GLOBAL,PLATFORM,0,0,0,0,0,0,0,NATIONAL
gaza,dailysabah.com,com,GLOBAL,GLOBAL,GLOBAL,PLATFORM,0,0,0,0,0,0,0,NATIONAL
gaza,danspapers.com,com,GLOBAL,GLOBAL,GLOBAL,PLATFORM,0,0,0,0,0,0,0,NATIONAL
gaza,decaturdaily.com,com,GLOBAL,GLOBAL,GLOBAL,PLATFORM,0,0,0,0,0,0,0,NATIONAL
gaza,designnews.com,com,GLOBAL,GLOBAL,GLOBAL,PLATFORM,0,0,0,0,0,0,0,NATIONAL
gaza,djournal.com,com,GLOBAL,GLOBAL,GLOBAL,PLATFORM,0,0,0,0,0,0,0,NATIONAL
gaza,e-know.ca,ca,CA,North America,OTHER,PLATFORM,0,0,0,0,0,0,0,NATIONAL
gaza,earthlingorgeous.com,com,GLOBAL,GLOBAL,GLOBAL,PLATFORM,0,0,0,0,0,0,0,NATIONAL
gaza,elperiodiquito.com,com,GLOBAL,GLOBAL,GLOBAL,PLATFORM,0,0,0,0,0,0,0,NATIONAL
gaza,en.ammonnews.net,net,GLOBAL,GLOBAL,GLOBAL,PLATFORM,0,0,0,0,0,0,0,NATIONAL
gaza,en.chessbase.com,com,GLOBAL,GLOBAL,GLOBAL,PLATFORM,0,0,0,0,0,0,0,NATIONAL
gaza,enfieldindependent.co.uk,uk,GB,Europe & Central Asia,OTHER,PLATFORM,0,0,0,0,0,0,0,NATIONAL
gaza,everything2.com:443,NA,NA,NA,OTHER,PLATFORM,0,0,0,0,0,0,0,PLATFORM
gaza,eyeonannapolis.net,net,GLOBAL,GLOBAL,GLOBAL,PLATFORM,0,0,0,0,0,0,0,NATIONAL
gaza,fda.gov,gov,NA,NA,OTHER,PLATFORM,0,0,0,1,0,0,1,GOV
gaza,fiercebiotech.com,com,GLOBAL,GLOBAL,GLOBAL,PLATFORM,0,0,0,0,0,0,0,NATIONAL
gaza,flightglobal.com,com,GLOBAL,GLOBAL,GLOBAL,PLATFORM,0,0,0,0,0,0,0,NATIONAL
gaza,floridapolitics.com,com,GLOBAL,GLOBAL,GLOBAL,PLATFORM,0,0,0,0,0,0,0,NATIONAL
gaza,forcechange.com,com,GLOBAL,GLOBAL,GLOBAL,PLATFORM,0,0,0,0,0,0,0,NATIONAL
gaza,fortmcmurraytoday.com:443,NA,NA,NA,OTHER,PLATFORM,0,0,0,0,0,0,0,PLATFORM
gaza,fortune.com,com,GLOBAL,GLOBAL,GLOBAL,PLATFORM,1,0,0,0,0,0,1,FIN
gaza,fox5dc.com,com,GLOBAL,GLOBAL,GLOBAL,PLATFORM,0,0,0,0,0,0,0,NATIONAL
gaza,foxbangor.com,com,GLOBAL,GLOBAL,GLOBAL,PLATFORM,0,0,0,0,0,0,0,NATIONAL
gaza,foxy99.com,com,GLOBAL,GLOBAL,GLOBAL,PLATFORM,0,0,0,0,0,0,0,NATIONAL
gaza,fredericknewspost.com,com,GLOBAL,GLOBAL,GLOBAL,PLATFORM,0,0,0,0,0,0,0,NATIONAL
gaza,fudzilla.com,com,GLOBAL,GLOBAL,GLOBAL,PLATFORM,0,0,0,0,0,0,0,NATIONAL
gaza,geograph.org.uk,uk,GB,Europe & Central Asia,OTHER,PLATFORM,0,0,0,0,0,0,0,NATIONAL
gaza,ghanavibes.com,com,GLOBAL,GLOBAL,GLOBAL,PLATFORM,0,0,0,0,0,0,0,NATIONAL
gaza,guardian.co.tt,tt,NA,NA,OTHER,PLATFORM,0,0,0,0,0,0,0,PLATFORM
gaza,gulfcoastmedia.com,com,GLOBAL,GLOBAL,GLOBAL,PLATFORM,0,0,0,0,0,0,0,NATIONAL
gaza,gulte.com,com,GLOBAL,GLOBAL,GLOBAL,PLATFORM,0,0,0,0,0,0,0,NATIONAL
gaza,haidagwaiiobserver.com,com,GLOBAL,GLOBAL,GLOBAL,PLATFORM,0,0,0,0,0,0,0,NATIONAL
gaza,halesowennews.co.uk,uk,GB,Europe & Central Asia,OTHER,PLATFORM,0,0,0,0,0,0,0,NATIONAL
gaza,hardcoregamer.com,com,GLOBAL,GLOBAL,GLOBAL,PLATFORM,0,0,0,0,0,0,0,NATIONAL
gaza,hawaiinewsnow.com,com,GLOBAL,GLOBAL,GLOBAL,PLATFORM,0,0,0,0,0,0,0,NATIONAL
gaza,hawaiipublicradio.org,org,GLOBAL,GLOBAL,GLOBAL,PLATFORM,0,0,0,0,0,0,0,NATIONAL
gaza,healthcarefinancenews.com,com,GLOBAL,GLOBAL,GLOBAL,PLATFORM,0,0,0,0,0,0,0,NATIONAL
gaza,hitscarolina.iheart.com,com,GLOBAL,GLOBAL,GLOBAL,PLATFORM,0,0,0,0,0,0,0,NATIONAL
gaza,hollywoodreporter.com,com,GLOBAL,GLOBAL,GLOBAL,PLATFORM,0,0,0,0,0,0,0,NATIONAL
gaza,houston.culturemap.com,com,GLOBAL,GLOBAL,GLOBAL,PLATFORM,0,0,0,0,0,0,0,NATIONAL
gaza,hubcityradio.com,com,GLOBAL,GLOBAL,GLOBAL,PLATFORM,0,0,0,0,0,0,0,NATIONAL
gaza,hyperallergic.com,com,GLOBAL,GLOBAL,GLOBAL,PLATFORM,0,0,0,0,0,0,0,NATIONAL
gaza,i98fm.com.au,au,AU,East Asia & Pacific,OTHER,PLATFORM,0,0,0,0,0,0,0,NATIONAL
gaza,ijnet.org,org,GLOBAL,GLOBAL,GLOBAL,PLATFORM,0,0,0,0,0,0,0,NATIONAL
gaza,insidetheiggles.com,com,GLOBAL,GLOBAL,GLOBAL,PLATFORM,0,0,0,0,0,0,0,NATIONAL
gaza,inverelltimes.com.au,au,AU,East Asia & Pacific,OTHER,PLATFORM,0,0,0,0,0,0,0,NATIONAL
gaza,investors.com,com,GLOBAL,GLOBAL,GLOBAL,PLATFORM,0,0,0,0,0,0,0,NATIONAL
gaza,irishecho.com,com,GLOBAL,GLOBAL,GLOBAL,PLATFORM,0,0,0,0,0,0,0,NATIONAL
gaza,irishtimes.com,com,GLOBAL,GLOBAL,GLOBAL,PLATFORM,0,0,0,0,0,0,0,NATIONAL
gaza,itnewsonline.com,com,GLOBAL,GLOBAL,GLOBAL,PLATFORM,0,0,0,0,0,0,0,NATIONAL
gaza,jamaica-star.com,com,GLOBAL,GLOBAL,GLOBAL,PLATFORM,0,0,0,0,0,0,0,NATIONAL
gaza,jewishtimes.com,com,GLOBAL,GLOBAL,GLOBAL,PLATFORM,0,0,0,0,0,0,0,NATIONAL
gaza,joe.co.uk,uk,GB,Europe & Central Asia,OTHER,PLATFORM,0,0,0,0,0,0,0,NATIONAL
gaza,kachwanya.com,com,GLOBAL,GLOBAL,GLOBAL,PLATFORM,0,0,0,0,0,0,0,NATIONAL
gaza,kark.com,com,GLOBAL,GLOBAL,GLOBAL,PLATFORM,0,0,0,0,0,0,0,NATIONAL
gaza,katu.com,com,GLOBAL,GLOBAL,GLOBAL,PLATFORM,0,0,0,0,0,0,0,NATIONAL
gaza,kawowo.com,com,GLOBAL,GLOBAL,GLOBAL,PLATFORM,0,0,0,0,0,0,0,NATIONAL
gaza,kbco.iheart.com,com,GLOBAL,GLOBAL,GLOBAL,PLATFORM,0,0,0,0,0,0,0,NATIONAL
gaza,kbia.org,org,GLOBAL,GLOBAL,GLOBAL,PLATFORM,0,0,0,0,0,0,0,NATIONAL
gaza,kbmr.iheart.com,com,GLOBAL,GLOBAL,GLOBAL,PLATFORM,0,0,0,0,0,0,0,NATIONAL
gaza,kdhlradio.com,com,GLOBAL,GLOBAL,GLOBAL,PLATFORM,0,0,0,0,0,0,0,NATIONAL
gaza,kezj.com,com,GLOBAL,GLOBAL,GLOBAL,PLATFORM,0,0,0,0,0,0,0,NATIONAL
gaza,kfgo.com,com,GLOBAL,GLOBAL,GLOBAL,PLATFORM,0,0,0,0,0,0,0,NATIONAL
gaza,kgns.tv,tv,NA,NA,OTHER,PLATFORM,0,0,0,0,0,0,0,PLATFORM
gaza,khey1380.iheart.com,com,GLOBAL,GLOBAL,GLOBAL,PLATFORM,0,0,0,0,0,0,0,NATIONAL
gaza,kix106.com,com,GLOBAL,GLOBAL,GLOBAL,PLATFORM,0,0,0,0,0,0,0,NATIONAL
gaza,kktv.com,com,GLOBAL,GLOBAL,GLOBAL,PLATFORM,0,0,0,0,0,0,0,NATIONAL
gaza,klake.com,com,GLOBAL,GLOBAL,GLOBAL,PLATFORM,0,0,0,0,0,0,0,NATIONAL
gaza,kono1011.com,com,GLOBAL,GLOBAL,GLOBAL,PLATFORM,0,0,0,0,0,0,0,NATIONAL
gaza,kpht955.iheart.com,com,GLOBAL,GLOBAL,GLOBAL,PLATFORM,0,0,0,0,0,0,0,NATIONAL
gaza,krcgtv.com,com,GLOBAL,GLOBAL,GLOBAL,PLATFORM,0,0,0,0,0,0,0,NATIONAL
gaza,krgv.com,com,GLOBAL,GLOBAL,GLOBAL,PLATFORM,0,0,0,0,0,0,0,NATIONAL
gaza,kristv.com,com,GLOBAL,GLOBAL,GLOBAL,PLATFORM,0,0,0,0,0,0,0,NATIONAL
gaza,krnb.com,com,GLOBAL,GLOBAL,GLOBAL,PLATFORM,0,0,0,0,0,0,0,NATIONAL
gaza,krwg.org,org,GLOBAL,GLOBAL,GLOBAL,PLATFORM,0,0,0,0,0,0,0,NATIONAL
gaza,kstatecollegian.com,com,GLOBAL,GLOBAL,GLOBAL,PLATFORM,0,0,0,0,0,0,0,NATIONAL
gaza,kstp.com,com,GLOBAL,GLOBAL,GLOBAL,PLATFORM,0,0,0,0,0,0,0,NATIONAL
gaza,ktre.com,com,GLOBAL,GLOBAL,GLOBAL,PLATFORM,0,0,0,0,0,0,0,NATIONAL
gaza,ktsa.com,com,GLOBAL,GLOBAL,GLOBAL,PLATFORM,0,0,0,0,0,0,0,NATIONAL
gaza,ktvz.com,com,GLOBAL,GLOBAL,GLOBAL,PLATFORM,0,0,0,0,0,0,0,NATIONAL
gaza,kvoa.com,com,GLOBAL,GLOBAL,GLOBAL,PLATFORM,0,0,0,0,0,0,0,NATIONAL
gaza,kykr.iheart.com,com,GLOBAL,GLOBAL,GLOBAL,PLATFORM,0,0,0,0,0,0,0,NATIONAL
gaza,lakeshoreadvance.com:443,NA,NA,NA,OTHER,PLATFORM,0,0,0,0,0,0,0,PLATFORM
gaza,lamarledger.com,com,GLOBAL,GLOBAL,GLOBAL,PLATFORM,0,0,0,0,0,0,0,NATIONAL
gaza,littleapplepost.com,com,GLOBAL,GLOBAL,GLOBAL,PLATFORM,0,0,0,0,0,0,0,NATIONAL
gaza,live959.com,com,GLOBAL,GLOBAL,GLOBAL,PLATFORM,0,0,0,0,0,0,0,NATIONAL
gaza,livingstonenterprise.com,com,GLOBAL,GLOBAL,GLOBAL,PLATFORM,0,0,0,0,0,0,0,NATIONAL
gaza,loudwire.com,com,GLOBAL,GLOBAL,GLOBAL,PLATFORM,0,0,0,0,0,0,0,NATIONAL
gaza,malverngazette.co.uk,uk,GB,Europe & Central Asia,OTHER,PLATFORM,0,0,0,0,0,0,0,NATIONAL
gaza,marinecorpstimes.com,com,GLOBAL,GLOBAL,GLOBAL,PLATFORM,0,0,0,0,0,0,0,NATIONAL
gaza,marylandreporter.com,com,GLOBAL,GLOBAL,GLOBAL,PLATFORM,0,0,0,0,0,0,0,NATIONAL
gaza,meathchronicle.ie,ie,NA,NA,OTHER,PLATFORM,0,0,0,0,0,0,0,PLATFORM
gaza,mentalfloss.com,com,GLOBAL,GLOBAL,GLOBAL,PLATFORM,0,0,0,0,0,0,0,NATIONAL
gaza,mexiconewsdaily.com,com,GLOBAL,GLOBAL,GLOBAL,PLATFORM,0,0,0,0,0,0,0,NATIONAL
gaza,mhflsentinel.com,com,GLOBAL,GLOBAL,GLOBAL,PLATFORM,0,0,0,0,0,0,0,NATIONAL
gaza,middleeasteye.net,net,GLOBAL,GLOBAL,GLOBAL,PLATFORM,0,0,0,0,0,0,0,NATIONAL
gaza,mix957.net,net,GLOBAL,GLOBAL,GLOBAL,PLATFORM,0,0,0,0,0,0,0,NATIONAL
gaza,montgomery-herald.com,com,GLOBAL,GLOBAL,GLOBAL,PLATFORM,0,0,0,0,0,0,0,NATIONAL
gaza,morningstaronline.co.uk,uk,GB,Europe & Central Asia,OTHER,PLATFORM,0,0,0,0,0,0,0,NATIONAL
gaza,mromagazine.com,com,GLOBAL,GLOBAL,GLOBAL,PLATFORM,0,0,0,0,0,0,0,NATIONAL
gaza,mymagic101.iheart.com,com,GLOBAL,GLOBAL,GLOBAL,PLATFORM,0,0,0,0,0,0,0,NATIONAL
gaza,mymoinfo.com,com,GLOBAL,GLOBAL,GLOBAL,PLATFORM,0,0,0,0,0,0,0,NATIONAL
gaza,myradioplace.com,com,GLOBAL,GLOBAL,GLOBAL,PLATFORM,0,0,0,0,0,0,0,NATIONAL
gaza,mystateline.com,com,GLOBAL,GLOBAL,GLOBAL,PLATFORM,0,0,0,0,0,0,0,NATIONAL
gaza,nasdaq.com,com,GLOBAL,GLOBAL,GLOBAL,PLATFORM,0,0,0,0,0,0,0,NATIONAL
gaza,nashfm100.com,com,GLOBAL,GLOBAL,GLOBAL,PLATFORM,0,0,0,0,0,0,0,NATIONAL
gaza,nashfm937.com,com,GLOBAL,GLOBAL,GLOBAL,PLATFORM,0,0,0,0,0,0,0,NATIONAL
gaza,newkerala.com,com,GLOBAL,GLOBAL,GLOBAL,PLATFORM,0,0,0,0,0,0,0,NATIONAL
gaza,news.slashdot.org,org,GLOBAL,GLOBAL,GLOBAL,PLATFORM,0,0,0,0,0,0,0,NATIONAL
gaza,norfolkandtillsonburgnews.com,com,GLOBAL,GLOBAL,GLOBAL,PLATFORM,0,0,0,0,0,0,0,NATIONAL
gaza,northfortmyersneighbor.com,com,GLOBAL,GLOBAL,GLOBAL,PLATFORM,0,0,0,0,0,0,0,NATIONAL
gaza,nowthisnews.com,com,GLOBAL,GLOBAL,GLOBAL,PLATFORM,0,0,0,0,0,0,0,NATIONAL
gaza,nwahomepage.com,com,GLOBAL,GLOBAL,GLOBAL,PLATFORM,0,0,0,0,0,0,0,NATIONAL
gaza,obituaries.montgomery-herald.com,com,GLOBAL,GLOBAL,GLOBAL,PLATFORM,0,0,0,0,0,0,0,NATIONAL
gaza,observertoday.com,com,GLOBAL,GLOBAL,GLOBAL,PLATFORM,0,0,0,0,0,0,0,NATIONAL
gaza,opinion.inquirer.net,net,GLOBAL,GLOBAL,GLOBAL,PLATFORM,0,0,0,0,0,0,0,NATIONAL
gaza,oregoncapitalchronicle.com,com,GLOBAL,GLOBAL,GLOBAL,PLATFORM,0,0,0,0,0,0,0,NATIONAL
gaza,originalfm.com,com,GLOBAL,GLOBAL,GLOBAL,PLATFORM,0,0,0,0,0,0,0,NATIONAL
gaza,ottawa.ctvnews.ca,ca,CA,North America,OTHER,PLATFORM,0,0,0,0,0,0,0,NATIONAL
gaza,outinperth.com,com,GLOBAL,GLOBAL,GLOBAL,PLATFORM,0,0,0,0,0,0,0,NATIONAL
gaza,parabolicarc.com,com,GLOBAL,GLOBAL,GLOBAL,PLATFORM,0,0,0,0,0,0,0,NATIONAL
gaza,patch.com,com,GLOBAL,GLOBAL,GLOBAL,PLATFORM,0,0,0,0,0,0,0,NATIONAL
gaza,peoplesdispatch.org,org,GLOBAL,GLOBAL,GLOBAL,PLATFORM,0,0,0,0,0,0,0,NATIONAL
gaza,petroleumnews.com,com,GLOBAL,GLOBAL,GLOBAL,PLATFORM,0,0,0,0,0,0,0,NATIONAL
gaza,phoenixherald.com,com,GLOBAL,GLOBAL,GLOBAL,PLATFORM,0,0,0,0,0,0,0,NATIONAL
gaza,pittsburghstar.com,com,GLOBAL,GLOBAL,GLOBAL,PLATFORM,0,0,0,0,0,0,0,NATIONAL
gaza,planetf1.com,com,GLOBAL,GLOBAL,GLOBAL,PLATFORM,0,0,0,0,0,0,0,NATIONAL
gaza,plansponsor.com,com,GLOBAL,GLOBAL,GLOBAL,PLATFORM,0,0,0,0,0,0,0,NATIONAL
gaza,poncacitynews.com,com,GLOBAL,GLOBAL,GLOBAL,PLATFORM,0,0,0,0,0,0,0,NATIONAL
gaza,portlandtribune.com,com,GLOBAL,GLOBAL,GLOBAL,PLATFORM,0,0,0,0,0,0,0,NATIONAL
gaza,postregister.com,com,GLOBAL,GLOBAL,GLOBAL,PLATFORM,0,0,0,0,0,0,0,NATIONAL
gaza,producer.com,com,GLOBAL,GLOBAL,GLOBAL,PLATFORM,0,0,0,0,0,0,0,NATIONAL
gaza,q1077.com,com,GLOBAL,GLOBAL,GLOBAL,PLATFORM,0,0,0,0,0,0,0,NATIONAL
gaza,queerty.com,com,GLOBAL,GLOBAL,GLOBAL,PLATFORM,0,0,0,0,0,0,0,NATIONAL
gaza,qvc.com,com,GLOBAL,GLOBAL,GLOBAL,PLATFORM,0,0,0,0,0,0,0,NATIONAL
gaza,radio.foxnews.com,com,GLOBAL,GLOBAL,GLOBAL,PLATFORM,0,0,0,0,0,0,0,NATIONAL
gaza,raisingzona.com,com,GLOBAL,GLOBAL,GLOBAL,PLATFORM,0,0,0,0,0,0,0,NATIONAL
gaza,rand.org,org,GLOBAL,GLOBAL,GLOBAL,PLATFORM,0,0,0,0,0,0,0,NATIONAL
gaza,record-eagle.com,com,GLOBAL,GLOBAL,GLOBAL,PLATFORM,0,0,0,0,0,0,0,NATIONAL
gaza,restaurantnews.com,com,GLOBAL,GLOBAL,GLOBAL,PLATFORM,0,0,0,0,0,0,0,NATIONAL
gaza,riotimesonline.com,com,GLOBAL,GLOBAL,GLOBAL,PLATFORM,0,0,0,0,0,0,0,NATIONAL
gaza,rock94.com,com,GLOBAL,GLOBAL,GLOBAL,PLATFORM,0,0,0,0,0,0,0,NATIONAL
gaza,rockpapershotgun.com,com,GLOBAL,GLOBAL,GLOBAL,PLATFORM,0,0,0,0,0,0,0,NATIONAL
gaza,sactownmag.com,com,GLOBAL,GLOBAL,GLOBAL,PLATFORM,0,0,0,0,0,0,0,NATIONAL
gaza,sanantoniopost.com,com,GLOBAL,GLOBAL,GLOBAL,PLATFORM,0,0,0,0,0,0,0,NATIONAL
gaza,scnow.com,com,GLOBAL,GLOBAL,GLOBAL,PLATFORM,0,0,0,0,0,0,0,NATIONAL
gaza,shorelinemedia.net,net,GLOBAL,GLOBAL,GLOBAL,PLATFORM,0,0,0,0,0,0,0,NATIONAL
gaza,sleepreviewmag.com,com,GLOBAL,GLOBAL,GLOBAL,PLATFORM,0,0,0,0,0,0,0,NATIONAL
gaza,sott.net,net,GLOBAL,GLOBAL,GLOBAL,PLATFORM,0,0,0,0,0,0,0,NATIONAL
gaza,sounderatheart.com,com,GLOBAL,GLOBAL,GLOBAL,PLATFORM,0,0,0,0,0,0,0,NATIONAL
gaza,spaceref.com,com,GLOBAL,GLOBAL,GLOBAL,PLATFORM,0,0,0,0,0,0,0,NATIONAL
gaza,spirit1053.com,com,GLOBAL,GLOBAL,GLOBAL,PLATFORM,0,0,0,0,0,0,0,NATIONAL
gaza,star967.net,net,GLOBAL,GLOBAL,GLOBAL,PLATFORM,0,0,0,0,0,0,0,NATIONAL
gaza,stlouisstar.com,com,GLOBAL,GLOBAL,GLOBAL,PLATFORM,0,0,0,0,0,0,0,NATIONAL
gaza,taskandpurpose.com,com,GLOBAL,GLOBAL,GLOBAL,PLATFORM,0,0,0,0,0,0,0,NATIONAL
gaza,tctmd.com,com,GLOBAL,GLOBAL,GLOBAL,PLATFORM,0,0,0,0,0,0,0,NATIONAL
gaza,teamtalk.com,com,GLOBAL,GLOBAL,GLOBAL,PLATFORM,0,0,0,0,0,0,0,NATIONAL
gaza,techspot.com,com,GLOBAL,GLOBAL,GLOBAL,PLATFORM,0,0,0,0,0,0,0,NATIONAL
gaza,techxplore.com,com,GLOBAL,GLOBAL,GLOBAL,PLATFORM,0,0,0,0,0,0,0,NATIONAL
gaza,telegraph.co.uk,uk,GB,Europe & Central Asia,OTHER,PLATFORM,0,0,0,0,0,0,0,NATIONAL
gaza,thebeatatx.iheart.com,com,GLOBAL,GLOBAL,GLOBAL,PLATFORM,0,0,0,0,0,0,0,NATIONAL
gaza,thebeatofthecapital.com,com,GLOBAL,GLOBAL,GLOBAL,PLATFORM,0,0,0,0,0,0,0,NATIONAL
gaza,theblacksheartimes.com,com,GLOBAL,GLOBAL,GLOBAL,PLATFORM,0,0,0,0,0,0,0,NATIONAL
gaza,thebrunswicknews.com,com,GLOBAL,GLOBAL,GLOBAL,PLATFORM,0,0,0,0,0,0,0,NATIONAL
gaza,thecaribbeancamera.com,com,GLOBAL,GLOBAL,GLOBAL,PLATFORM,0,0,0,0,0,0,0,NATIONAL
gaza,thecourierexpress.com,com,GLOBAL,GLOBAL,GLOBAL,PLATFORM,0,0,0,0,0,0,0,NATIONAL
gaza,theelectricgf.com,com,GLOBAL,GLOBAL,GLOBAL,PLATFORM,0,0,0,0,0,0,0,NATIONAL
gaza,themountainpress.com,com,GLOBAL,GLOBAL,GLOBAL,PLATFORM,0,0,0,0,0,0,0,NATIONAL
gaza,thenews.coop,coop,NA,NA,OTHER,PLATFORM,0,0,0,0,0,0,0,PLATFORM
gaza,thepointsguy.com,com,GLOBAL,GLOBAL,GLOBAL,PLATFORM,0,0,0,0,0,0,0,NATIONAL
gaza,theroot.com,com,GLOBAL,GLOBAL,GLOBAL,PLATFORM,0,0,0,0,0,0,0,NATIONAL
gaza,thesandb.com,com,GLOBAL,GLOBAL,GLOBAL,PLATFORM,0,0,0,0,0,0,0,NATIONAL
gaza,thestkittsnevisobserver.com,com,GLOBAL,GLOBAL,GLOBAL,PLATFORM,0,0,0,0,0,0,0,NATIONAL
gaza,thetrucker.com,com,GLOBAL,GLOBAL,GLOBAL,PLATFORM,0,0,0,0,0,0,0,NATIONAL
gaza,theweekender.com,com,GLOBAL,GLOBAL,GLOBAL,PLATFORM,0,0,0,0,0,0,0,NATIONAL
gaza,thewestmorlandgazette.co.uk,uk,GB,Europe & Central Asia,OTHER,PLATFORM,0,0,0,0,0,0,0,NATIONAL
gaza,thisdaylive.com,com,GLOBAL,GLOBAL,GLOBAL,PLATFORM,0,0,0,0,0,0,0,NATIONAL
gaza,thisdaylive.com:443,NA,NA,NA,OTHER,PLATFORM,0,0,0,0,0,0,0,PLATFORM
gaza,thisisanfield.com,com,GLOBAL,GLOBAL,GLOBAL,PLATFORM,0,0,0,0,0,0,0,NATIONAL
gaza,timesfreepress.com,com,GLOBAL,GLOBAL,GLOBAL,PLATFORM,0,0,0,0,0,0,0,NATIONAL
gaza,today.com,com,GLOBAL,GLOBAL,GLOBAL,PLATFORM,0,0,0,0,0,0,0,NATIONAL
gaza,tricitynews.com,com,GLOBAL,GLOBAL,GLOBAL,PLATFORM,0,0,0,0,0,0,0,NATIONAL
gaza,ttnews.com,com,GLOBAL,GLOBAL,GLOBAL,PLATFORM,0,0,0,0,0,0,0,NATIONAL
gaza,tucsonweekly.com,com,GLOBAL,GLOBAL,GLOBAL,PLATFORM,0,0,0,0,0,0,0,NATIONAL
gaza,tylerpaper.com,com,GLOBAL,GLOBAL,GLOBAL,PLATFORM,0,0,0,0,0,0,0,NATIONAL
gaza,undertheradarmag.com,com,GLOBAL,GLOBAL,GLOBAL,PLATFORM,0,0,0,0,0,0,0,NATIONAL
gaza,universityofcalifornia.edu,edu,NA,NA,OTHER,PLATFORM,0,0,0,0,0,0,0,PLATFORM
gaza,usmagazine.com,com,GLOBAL,GLOBAL,GLOBAL,PLATFORM,0,0,0,0,0,0,0,NATIONAL
gaza,vermontbiz.com,com,GLOBAL,GLOBAL,GLOBAL,PLATFORM,0,0,0,0,0,0,0,NATIONAL
gaza,vladtv.com,com,GLOBAL,GLOBAL,GLOBAL,PLATFORM,0,0,0,0,0,0,0,NATIONAL
gaza,vtcng.com,com,GLOBAL,GLOBAL,GLOBAL,PLATFORM,0,0,0,0,0,0,0,NATIONAL
gaza,wagmtv.com,com,GLOBAL,GLOBAL,GLOBAL,PLATFORM,0,0,0,0,0,0,0,NATIONAL
gaza,wandsworthguardian.co.uk,uk,GB,Europe & Central Asia,OTHER,PLATFORM,0,0,0,0,0,0,0,NATIONAL
gaza,waterford-news.ie,ie,NA,NA,OTHER,PLATFORM,0,0,0,0,0,0,0,PLATFORM
gaza,wbt.com,com,GLOBAL,GLOBAL,GLOBAL,PLATFORM,0,0,0,0,0,0,0,NATIONAL
gaza,wcpo.com,com,GLOBAL,GLOBAL,GLOBAL,PLATFORM,0,0,0,0,0,0,0,NATIONAL
gaza,wcsx.com,com,GLOBAL,GLOBAL,GLOBAL,PLATFORM,0,0,0,0,0,0,0,NATIONAL
gaza,wctrib.com,com,GLOBAL,GLOBAL,GLOBAL,PLATFORM,0,0,0,0,0,0,0,NATIONAL
gaza,wcyy.com,com,GLOBAL,GLOBAL,GLOBAL,PLATFORM,0,0,0,0,0,0,0,NATIONAL
gaza,wect.com,com,GLOBAL,GLOBAL,GLOBAL,PLATFORM,0,0,0,0,0,0,0,NATIONAL
gaza,westcentralsbest.com,com,GLOBAL,GLOBAL,GLOBAL,PLATFORM,0,0,0,0,0,0,0,NATIONAL
gaza,westernbulldogs.com.au,au,AU,East Asia & Pacific,OTHER,PLATFORM,0,0,0,0,0,0,0,NATIONAL
gaza,wfmynews2.com,com,GLOBAL,GLOBAL,GLOBAL,PLATFORM,0,0,0,0,0,0,0,NATIONAL
gaza,wgauradio.com,com,GLOBAL,GLOBAL,GLOBAL,PLATFORM,0,0,0,0,0,0,0,NATIONAL
gaza,wgntv.com,com,GLOBAL,GLOBAL,GLOBAL,PLATFORM,0,0,0,0,0,0,0,NATIONAL
gaza,whli.com,com,GLOBAL,GLOBAL,GLOBAL,PLATFORM,0,0,0,0,0,0,0,NATIONAL
gaza,winonadailynews.com,com,GLOBAL,GLOBAL,GLOBAL,PLATFORM,0,0,0,0,0,0,0,NATIONAL
gaza,wmanfm.iheart.com,com,GLOBAL,GLOBAL,GLOBAL,PLATFORM,0,0,0,0,0,0,0,NATIONAL
gaza,wmay.com,com,GLOBAL,GLOBAL,GLOBAL,PLATFORM,0,0,0,0,0,0,0,NATIONAL
gaza,wmnf.org,org,GLOBAL,GLOBAL,GLOBAL,PLATFORM,0,0,0,0,0,0,0,NATIONAL
gaza,wmur.com,com,GLOBAL,GLOBAL,GLOBAL,PLATFORM,0,0,0,0,0,0,0,NATIONAL
gaza,wndu.com,com,GLOBAL,GLOBAL,GLOBAL,PLATFORM,0,0,0,0,0,0,0,NATIONAL
gaza,wnyc.org,org,GLOBAL,GLOBAL,GLOBAL,PLATFORM,0,0,0,0,0,0,0,NATIONAL
gaza,woc1420.iheart.com,com,GLOBAL,GLOBAL,GLOBAL,PLATFORM,0,0,0,0,0,0,0,NATIONAL
gaza,woodwardnews.net,net,GLOBAL,GLOBAL,GLOBAL,PLATFORM,0,0,0,0,0,0,0,NATIONAL
gaza,wreg.com,com,GLOBAL,GLOBAL,GLOBAL,PLATFORM,0,0,0,0,0,0,0,NATIONAL
gaza,wsls.com,com,GLOBAL,GLOBAL,GLOBAL,PLATFORM,0,0,0,0,0,0,0,NATIONAL
gaza,wsws.org,org,GLOBAL,GLOBAL,GLOBAL,PLATFORM,0,0,0,0,0,0,0,NATIONAL
gaza,wvasfm.org,org,GLOBAL,GLOBAL,GLOBAL,PLATFORM,0,0,0,0,0,0,0,NATIONAL
gaza,www2.cbn.com,com,GLOBAL,GLOBAL,GLOBAL,PLATFORM,0,0,0,0,0,0,0,NATIONAL
gaza,y101hits.com,com,GLOBAL,GLOBAL,GLOBAL,PLATFORM,0,0,0,0,0,0,0,NATIONAL
gaza,yogonet.com,com,GLOBAL,GLOBAL,GLOBAL,PLATFORM,0,0,0,0,0,0,0,NATIONAL
gaza,z90.com,com,GLOBAL,GLOBAL,GLOBAL,PLATFORM,0,0,0,0,0,0,0,NATIONAL
gaza,1015theriver.iheart.com,com,GLOBAL,GLOBAL,GLOBAL,PLATFORM,0,0,0,0,0,0,0,NATIONAL
gaza,1027thewolf.iheart.com,com,GLOBAL,GLOBAL,GLOBAL,PLATFORM,0,0,0,0,0,0,0,NATIONAL
gaza,1035kissfmboise.com,com,GLOBAL,GLOBAL,GLOBAL,PLATFORM,0,0,0,0,0,0,0,NATIONAL
gaza,1620thezone.com,com,GLOBAL,GLOBAL,GLOBAL,PLATFORM,0,0,0,0,0,0,0,NATIONAL
gaza,4029tv.com,com,GLOBAL,GLOBAL,GLOBAL,PLATFORM,0,0,0,0,0,0,0,NATIONAL
gaza,921wrou.com,com,GLOBAL,GLOBAL,GLOBAL,PLATFORM,0,0,0,0,0,0,0,NATIONAL
gaza,929tomfm.iheart.com,com,GLOBAL,GLOBAL,GLOBAL,PLATFORM,0,0,0,0,0,0,0,NATIONAL
gaza,931theborder.ca,ca,CA,North America,OTHER,PLATFORM,0,0,0,0,0,0,0,NATIONAL
gaza,937now.iheart.com,com,GLOBAL,GLOBAL,GLOBAL,PLATFORM,0,0,0,0,0,0,0,NATIONAL
gaza,967kissfm.iheart.com,com,GLOBAL,GLOBAL,GLOBAL,PLATFORM,0,0,0,0,0,0,0,NATIONAL
gaza,969thekat.iheart.com,com,GLOBAL,GLOBAL,GLOBAL,PLATFORM,0,0,0,0,0,0,0,NATIONAL
gaza,981thehawk.com,com,GLOBAL,GLOBAL,GLOBAL,PLATFORM,0,0,0,0,0,0,0,NATIONAL
gaza,abc27.com,com,GLOBAL,GLOBAL,GLOBAL,PLATFORM,0,0,0,0,0,0,0,NATIONAL
gaza,accesswdun.com,com,GLOBAL,GLOBAL,GLOBAL,PLATFORM,0,0,0,0,0,0,0,NATIONAL
gaza,advocateanddemocrat.com,com,GLOBAL,GLOBAL,GLOBAL,PLATFORM,0,0,0,0,0,0,0,NATIONAL
gaza,africaleader.com,com,GLOBAL,GLOBAL,GLOBAL,PLATFORM,0,0,0,0,0,0,0,NATIONAL
gaza,agriland.ie,ie,NA,NA,OTHER,PLATFORM,0,0,0,0,0,0,0,PLATFORM
gaza,allkpop.com,com,GLOBAL,GLOBAL,GLOBAL,PLATFORM,0,0,0,0,0,0,0,NATIONAL
gaza,am1300thezone.iheart.com,com,GLOBAL,GLOBAL,GLOBAL,PLATFORM,0,0,0,0,0,0,0,NATIONAL
gaza,apartmenttherapy.com,com,GLOBAL,GLOBAL,GLOBAL,PLATFORM,0,0,0,0,0,0,0,NATIONAL
gaza,arabtimesonline.com,com,GLOBAL,GLOBAL,GLOBAL,PLATFORM,0,0,0,0,0,0,0,NATIONAL
gaza,araratadvertiser.com.au,au,AU,East Asia & Pacific,OTHER,PLATFORM,0,0,0,0,0,0,0,NATIONAL
gaza,asiabulletin.com,com,GLOBAL,GLOBAL,GLOBAL,PLATFORM,0,0,0,0,0,0,0,NATIONAL
gaza,auburnvillager.com,com,GLOBAL,GLOBAL,GLOBAL,PLATFORM,0,0,0,0,0,0,0,NATIONAL
gaza,battlefordsnow.com,com,GLOBAL,GLOBAL,GLOBAL,PLATFORM,0,0,0,0,0,0,0,NATIONAL
gaza,bikeportland.org,org,GLOBAL,GLOBAL,GLOBAL,PLATFORM,0,0,0,0,0,0,0,NATIONAL
gaza,bioprepwatch.com,com,GLOBAL,GLOBAL,GLOBAL,PLATFORM,0,0,0,0,0,0,0,NATIONAL
gaza,bmwblog.com,com,GLOBAL,GLOBAL,GLOBAL,PLATFORM,0,0,0,0,0,0,0,NATIONAL
gaza,brainerddispatch.com,com,GLOBAL,GLOBAL,GLOBAL,PLATFORM,0,0,0,0,0,0,0,NATIONAL
gaza,braintreeandwithamtimes.co.uk,uk,GB,Europe & Central Asia,OTHER,PLATFORM,0,0,0,0,0,0,0,NATIONAL
gaza,bullfrag.com,com,GLOBAL,GLOBAL,GLOBAL,PLATFORM,0,0,0,0,0,0,0,NATIONAL
gaza,caledoniacourier.com,com,GLOBAL,GLOBAL,GLOBAL,PLATFORM,0,0,0,0,0,0,0,NATIONAL
gaza,calgaryherald.com:443,NA,NA,NA,OTHER,PLATFORM,0,0,0,0,0,0,0,PLATFORM
gaza,caribbeanherald.com,com,GLOBAL,GLOBAL,GLOBAL,PLATFORM,0,0,0,0,0,0,0,NATIONAL
gaza,castlegarsource.com,com,GLOBAL,GLOBAL,GLOBAL,PLATFORM,0,0,0,0,0,0,0,NATIONAL
gaza,chathamdailynews.ca,ca,CA,North America,OTHER,PLATFORM,0,0,0,0,0,0,0,NATIONAL
gaza,chennaionline.com,com,GLOBAL,GLOBAL,GLOBAL,PLATFORM,0,0,0,0,0,0,0,NATIONAL
gaza,chiangraitimes.com,com,GLOBAL,GLOBAL,GLOBAL,PLATFORM,0,0,0,0,0,0,0,NATIONAL
gaza,chicagobears.com,com,GLOBAL,GLOBAL,GLOBAL,PLATFORM,0,0,0,0,0,0,0,NATIONAL
gaza,chippewa.com,com,GLOBAL,GLOBAL,GLOBAL,PLATFORM,0,0,0,0,0,0,0,NATIONAL
gaza,chortle.co.uk,uk,GB,Europe & Central Asia,OTHER,PLATFORM,0,0,0,0,0,0,0,NATIONAL
gaza,christianitydaily.com:443,NA,NA,NA,OTHER,PLATFORM,0,0,0,0,0,0,0,PLATFORM
gaza,clickorlando.com,com,GLOBAL,GLOBAL,GLOBAL,PLATFORM,0,0,0,0,0,0,0,NATIONAL
gaza,clinicaladvisor.com,com,GLOBAL,GLOBAL,GLOBAL,PLATFORM,0,0,0,0,0,0,0,NATIONAL
gaza,coloradopeakpolitics.com,com,GLOBAL,GLOBAL,GLOBAL,PLATFORM,0,0,0,0,0,0,0,NATIONAL
gaza,communitypress.ca:443,NA,NA,NA,OTHER,PLATFORM,0,0,0,0,0,0,0,PLATFORM
gaza,cool987fm.com,com,GLOBAL,GLOBAL,GLOBAL,PLATFORM,0,0,0,0,0,0,0,NATIONAL
gaza,crosscut.com,com,GLOBAL,GLOBAL,GLOBAL,PLATFORM,0,0,0,0,0,0,0,NATIONAL
gaza,crowdfundinsider.com,com,GLOBAL,GLOBAL,GLOBAL,PLATFORM,0,0,0,0,0,0,0,NATIONAL
gaza,cryptonews.com,com,GLOBAL,GLOBAL,GLOBAL,PLATFORM,0,0,0,0,0,0,0,NATIONAL
gaza,dailycal.org,org,GLOBAL,GLOBAL,GLOBAL,PLATFORM,0,0,0,0,0,0,0,NATIONAL
gaza,dailyinterlake.com,com,GLOBAL,GLOBAL,GLOBAL,PLATFORM,0,0,0,0,0,0,0,NATIONAL
gaza,daylightng.com,com,GLOBAL,GLOBAL,GLOBAL,PLATFORM,0,0,0,0,0,0,0,NATIONAL
gaza,deseret.com,com,GLOBAL,GLOBAL,GLOBAL,PLATFORM,0,0,0,0,0,0,0,NATIONAL
gaza,dexerto.com,com,GLOBAL,GLOBAL,GLOBAL,PLATFORM,0,0,0,0,0,0,0,NATIONAL
gaza,dreadcentral.com,com,GLOBAL,GLOBAL,GLOBAL,PLATFORM,0,0,0,0,0,0,0,NATIONAL
gaza,drovers.com:443,NA,NA,NA,OTHER,PLATFORM,0,0,0,0,0,0,0,PLATFORM
gaza,dundalkdemocrat.ie,ie,NA,NA,OTHER,PLATFORM,0,0,0,0,0,0,0,PLATFORM
gaza,eagletimes.com,com,GLOBAL,GLOBAL,GLOBAL,PLATFORM,0,0,0,0,0,0,0,NATIONAL
gaza,echopress.com,com,GLOBAL,GLOBAL,GLOBAL,PLATFORM,0,0,0,0,0,0,0,NATIONAL
gaza,elitedaily.com,com,GLOBAL,GLOBAL,GLOBAL,PLATFORM,0,0,0,0,0,0,0,NATIONAL
gaza,energy.einnews.com,com,GLOBAL,GLOBAL,GLOBAL,PLATFORM,0,0,0,0,0,0,0,NATIONAL
gaza,energy953.com,com,GLOBAL,GLOBAL,GLOBAL,PLATFORM,0,0,0,0,0,0,0,NATIONAL
gaza,enewscourier.com,com,GLOBAL,GLOBAL,GLOBAL,PLATFORM,0,0,0,0,0,0,0,NATIONAL
gaza,events.qns.com,com,GLOBAL,GLOBAL,GLOBAL,PLATFORM,0,0,0,0,0,0,0,NATIONAL
gaza,fairmontsentinel.com,com,GLOBAL,GLOBAL,GLOBAL,PLATFORM,0,0,0,0,0,0,0,NATIONAL
gaza,fansided.com,com,GLOBAL,GLOBAL,GLOBAL,PLATFORM,0,0,0,0,0,0,0,NATIONAL
gaza,femina.in,in,IN,South Asia,OTHER,PLATFORM,0,0,0,0,0,0,0,NATIONAL
gaza,financialpost.com,com,GLOBAL,GLOBAL,GLOBAL,PLATFORM,0,0,0,0,0,0,0,NATIONAL
gaza,firerescue1.com,com,GLOBAL,GLOBAL,GLOBAL,PLATFORM,0,0,0,0,0,0,0,NATIONAL
gaza,firerescue1.com:443,NA,NA,NA,OTHER,PLATFORM,0,0,0,0,0,0,0,PLATFORM
gaza,fool.com,com,GLOBAL,GLOBAL,GLOBAL,PLATFORM,0,0,0,0,0,0,0,NATIONAL
gaza,fox23maine.com,com,GLOBAL,GLOBAL,GLOBAL,PLATFORM,0,0,0,0,0,0,0,NATIONAL
gaza,fox29.com,com,GLOBAL,GLOBAL,GLOBAL,PLATFORM,0,0,0,0,0,0,0,NATIONAL
gaza,foxradiook.com,com,GLOBAL,GLOBAL,GLOBAL,PLATFORM,0,0,0,0,0,0,0,NATIONAL
gaza,gazettelive.co.uk,uk,GB,Europe & Central Asia,OTHER,PLATFORM,0,0,0,0,0,0,0,NATIONAL
gaza,gizmodo.com,com,GLOBAL,GLOBAL,GLOBAL,PLATFORM,0,0,0,0,0,0,0,NATIONAL
gaza,goldrushcam.com,com,GLOBAL,GLOBAL,GLOBAL,PLATFORM,0,0,0,0,0,0,0,NATIONAL
gaza,gpb.org,org,GLOBAL,GLOBAL,GLOBAL,PLATFORM,0,0,0,0,0,0,0,NATIONAL
gaza,haaretzdaily.com,com,GLOBAL,GLOBAL,GLOBAL,PLATFORM,0,0,0,0,0,0,0,NATIONAL
gaza,hampshirechronicle.co.uk,uk,GB,Europe & Central Asia,OTHER,PLATFORM,0,0,0,0,0,0,0,NATIONAL
gaza,hartfordcitynewstimes.com,com,GLOBAL,GLOBAL,GLOBAL,PLATFORM,0,0,0,0,0,0,0,NATIONAL
gaza,hcamag.com,com,GLOBAL,GLOBAL,GLOBAL,PLATFORM,0,0,0,0,0,0,0,NATIONAL
gaza,hertsad.co.uk,uk,GB,Europe & Central Asia,OTHER,PLATFORM,0,0,0,0,0,0,0,NATIONAL
gaza,hiddenremote.com,com,GLOBAL,GLOBAL,GLOBAL,PLATFORM,0,0,0,0,0,0,0,NATIONAL
gaza,hits961.iheart.com,com,GLOBAL,GLOBAL,GLOBAL,PLATFORM,0,0,0,0,0,0,0,NATIONAL
gaza,home.howstuffworks.com,com,GLOBAL,GLOBAL,GLOBAL,PLATFORM,0,0,0,0,0,0,0,NATIONAL
gaza,hopestandard.com,com,GLOBAL,GLOBAL,GLOBAL,PLATFORM,0,0,0,0,0,0,0,NATIONAL
gaza,horseedmedia.net,net,GLOBAL,GLOBAL,GLOBAL,PLATFORM,0,0,0,0,0,0,0,NATIONAL
gaza,hotelnewsresource.com,com,GLOBAL,GLOBAL,GLOBAL,PLATFORM,0,0,0,0,0,0,0,NATIONAL
gaza,ifex.org,org,GLOBAL,GLOBAL,GLOBAL,PLATFORM,0,0,0,0,0,0,0,NATIONAL
gaza,indepthnh.org,org,GLOBAL,GLOBAL,GLOBAL,PLATFORM,0,0,0,0,0,0,0,NATIONAL
gaza,inforum.com,com,GLOBAL,GLOBAL,GLOBAL,PLATFORM,0,0,0,0,0,0,0,NATIONAL
gaza,intelligencer.ca:443,NA,NA,NA,OTHER,PLATFORM,0,0,0,0,0,0,0,PLATFORM
gaza,irishmirror.ie,ie,NA,NA,OTHER,PLATFORM,0,0,0,0,0,0,0,PLATFORM
gaza,itbusinessnet.com,com,GLOBAL,GLOBAL,GLOBAL,PLATFORM,0,0,0,0,0,0,0,NATIONAL
gaza,japanherald.com,com,GLOBAL,GLOBAL,GLOBAL,PLATFORM,0,0,0,0,0,0,0,NATIONAL
gaza,jcpost.com,com,GLOBAL,GLOBAL,GLOBAL,PLATFORM,0,0,0,0,0,0,0,NATIONAL
gaza,joannenova.com.au,au,AU,East Asia & Pacific,OTHER,PLATFORM,0,0,0,0,0,0,0,NATIONAL
gaza,journalgazette.net,net,GLOBAL,GLOBAL,GLOBAL,PLATFORM,0,0,0,0,0,0,0,NATIONAL
gaza,journalstar.com,com,GLOBAL,GLOBAL,GLOBAL,PLATFORM,0,0,0,0,0,0,0,NATIONAL
gaza,kansas.com,com,GLOBAL,GLOBAL,GLOBAL,PLATFORM,0,0,0,0,0,0,0,NATIONAL
gaza,katv.com,com,GLOBAL,GLOBAL,GLOBAL,PLATFORM,0,0,0,0,0,0,0,NATIONAL
gaza,kcentv.com,com,GLOBAL,GLOBAL,GLOBAL,PLATFORM,0,0,0,0,0,0,0,NATIONAL
gaza,kctv5.com,com,GLOBAL,GLOBAL,GLOBAL,PLATFORM,0,0,0,0,0,0,0,NATIONAL
gaza,kesq.com,com,GLOBAL,GLOBAL,GLOBAL,PLATFORM,0,0,0,0,0,0,0,NATIONAL
gaza,keyt.com,com,GLOBAL,GLOBAL,GLOBAL,PLATFORM,0,0,0,0,0,0,0,NATIONAL
gaza,kfyi.iheart.com,com,GLOBAL,GLOBAL,GLOBAL,PLATFORM,0,0,0,0,0,0,0,NATIONAL
gaza,kfyr.iheart.com,com,GLOBAL,GLOBAL,GLOBAL,PLATFORM,0,0,0,0,0,0,0,NATIONAL
gaza,kgmo.com,com,GLOBAL,GLOBAL,GLOBAL,PLATFORM,0,0,0,0,0,0,0,NATIONAL
gaza,kiiz.iheart.com,com,GLOBAL,GLOBAL,GLOBAL,PLATFORM,0,0,0,0,0,0,0,NATIONAL
gaza,kiss957.iheart.com,com,GLOBAL,GLOBAL,GLOBAL,PLATFORM,0,0,0,0,0,0,0,NATIONAL
gaza,kiss981.iheart.com,com,GLOBAL,GLOBAL,GLOBAL,PLATFORM,0,0,0,0,0,0,0,NATIONAL
gaza,kissrocks.com,com,GLOBAL,GLOBAL,GLOBAL,PLATFORM,0,0,0,0,0,0,0,NATIONAL
gaza,klkntv.com,com,GLOBAL,GLOBAL,GLOBAL,PLATFORM,0,0,0,0,0,0,0,NATIONAL
gaza,klove.com,com,GLOBAL,GLOBAL,GLOBAL,PLATFORM,0,0,0,0,0,0,0,NATIONAL
gaza,kmxs.com,com,GLOBAL,GLOBAL,GLOBAL,PLATFORM,0,0,0,0,0,0,0,NATIONAL
gaza,kpbs.org,org,GLOBAL,GLOBAL,GLOBAL,PLATFORM,0,0,0,0,0,0,0,NATIONAL
gaza,ksnblocal4.com,com,GLOBAL,GLOBAL,GLOBAL,PLATFORM,0,0,0,0,0,0,0,NATIONAL
gaza,kuow.org,org,GLOBAL,GLOBAL,GLOBAL,PLATFORM,0,0,0,0,0,0,0,NATIONAL
gaza,kusi.com,com,GLOBAL,GLOBAL,GLOBAL,PLATFORM,0,0,0,0,0,0,0,NATIONAL
gaza,kxkx.com,com,GLOBAL,GLOBAL,GLOBAL,PLATFORM,0,0,0,0,0,0,0,NATIONAL
gaza,labmate-online.com,com,GLOBAL,GLOBAL,GLOBAL,PLATFORM,0,0,0,0,0,0,0,NATIONAL
gaza,lavalnews.ca,ca,CA,North America,OTHER,PLATFORM,0,0,0,0,0,0,0,NATIONAL
gaza,live955.com,com,GLOBAL,GLOBAL,GLOBAL,PLATFORM,0,0,0,0,0,0,0,NATIONAL
gaza,lonestar995fm.com,com,GLOBAL,GLOBAL,GLOBAL,PLATFORM,0,0,0,0,0,0,0,NATIONAL
gaza,longbeachstar.com,com,GLOBAL,GLOBAL,GLOBAL,PLATFORM,0,0,0,0,0,0,0,NATIONAL
gaza,m.aliran.com,com,GLOBAL,GLOBAL,GLOBAL,PLATFORM,0,0,0,0,0,0,0,NATIONAL
gaza,marietta.edu,edu,NA,NA,OTHER,PLATFORM,0,0,0,0,0,0,0,PLATFORM
gaza,marketplace.org,org,GLOBAL,GLOBAL,GLOBAL,PLATFORM,0,0,0,0,0,0,0,NATIONAL
gaza,miamiherald.com,com,GLOBAL,GLOBAL,GLOBAL,PLATFORM,0,0,0,0,0,0,0,NATIONAL
gaza,mississippivalleypublishing.com,com,GLOBAL,GLOBAL,GLOBAL,PLATFORM,0,0,0,0,0,0,0,NATIONAL
gaza,mitchellrepublic.com,com,GLOBAL,GLOBAL,GLOBAL,PLATFORM,0,0,0,0,0,0,0,NATIONAL
gaza,mix1065.iheart.com,com,GLOBAL,GLOBAL,GLOBAL,PLATFORM,0,0,0,0,0,0,0,NATIONAL
gaza,mmafighting.com,com,GLOBAL,GLOBAL,GLOBAL,PLATFORM,0,0,0,0,0,0,0,NATIONAL
gaza,mtairynews.com,com,GLOBAL,GLOBAL,GLOBAL,PLATFORM,0,0,0,0,0,0,0,NATIONAL
gaza,my995fm.iheart.com,com,GLOBAL,GLOBAL,GLOBAL,PLATFORM,0,0,0,0,0,0,0,NATIONAL
gaza,myeaglecountry.com,com,GLOBAL,GLOBAL,GLOBAL,PLATFORM,0,0,0,0,0,0,0,NATIONAL
gaza,mykxlg.com,com,GLOBAL,GLOBAL,GLOBAL,PLATFORM,0,0,0,0,0,0,0,NATIONAL
gaza,myrtlebeachonline.com,com,GLOBAL,GLOBAL,GLOBAL,PLATFORM,0,0,0,0,0,0,0,NATIONAL
gaza,mywdia.iheart.com,com,GLOBAL,GLOBAL,GLOBAL,PLATFORM,0,0,0,0,0,0,0,NATIONAL
gaza,nationalgeographic.com,com,GLOBAL,GLOBAL,GLOBAL,PLATFORM,0,0,0,0,0,0,0,NATIONAL
gaza,nationalparkstraveler.org,org,GLOBAL,GLOBAL,GLOBAL,PLATFORM,0,0,0,0,0,0,0,NATIONAL
gaza,nature.com,com,GLOBAL,GLOBAL,GLOBAL,PLATFORM,0,0,0,0,0,0,0,NATIONAL
gaza,nbcsandiego.com,com,GLOBAL,GLOBAL,GLOBAL,PLATFORM,0,0,0,0,0,0,0,NATIONAL
gaza,news.maritime-network.com,com,GLOBAL,GLOBAL,GLOBAL,PLATFORM,0,0,0,0,0,0,0,NATIONAL
gaza,news8000.com,com,GLOBAL,GLOBAL,GLOBAL,PLATFORM,0,0,0,0,0,0,0,NATIONAL
gaza,newsradiowkcy.iheart.com,com,GLOBAL,GLOBAL,GLOBAL,PLATFORM,0,0,0,0,0,0,0,NATIONAL
gaza,nigeriasun.com,com,GLOBAL,GLOBAL,GLOBAL,PLATFORM,0,0,0,0,0,0,0,NATIONAL
gaza,northernirelandnews.com,com,GLOBAL,GLOBAL,GLOBAL,PLATFORM,0,0,0,0,0,0,0,NATIONAL
gaza,nsnews.com,com,GLOBAL,GLOBAL,GLOBAL,PLATFORM,0,0,0,0,0,0,0,NATIONAL
gaza,nynganobserver.com.au,au,AU,East Asia & Pacific,OTHER,PLATFORM,0,0,0,0,0,0,0,NATIONAL
gaza,obituaries.chickashanews.com,com,GLOBAL,GLOBAL,GLOBAL,PLATFORM,0,0,0,0,0,0,0,NATIONAL
gaza,obituaries.stwnewspress.com,com,GLOBAL,GLOBAL,GLOBAL,PLATFORM,0,0,0,0,0,0,0,NATIONAL
gaza,obituaries.thedailystar.com,com,GLOBAL,GLOBAL,GLOBAL,PLATFORM,0,0,0,0,0,0,0,NATIONAL
gaza,oxfordmail.co.uk,uk,GB,Europe & Central Asia,OTHER,PLATFORM,0,0,0,0,0,0,0,NATIONAL
gaza,penarthtimes.co.uk,uk,GB,Europe & Central Asia,OTHER,PLATFORM,0,0,0,0,0,0,0,NATIONAL
gaza,pokernews.com,com,GLOBAL,GLOBAL,GLOBAL,PLATFORM,0,0,0,0,0,0,0,NATIONAL
gaza,politicalwire.com,com,GLOBAL,GLOBAL,GLOBAL,PLATFORM,0,0,0,0,0,0,0,NATIONAL
gaza,popsugar.com,com,GLOBAL,GLOBAL,GLOBAL,PLATFORM,0,0,0,0,0,0,0,NATIONAL
gaza,prunderground.com,com,GLOBAL,GLOBAL,GLOBAL,PLATFORM,0,0,0,0,0,0,0,NATIONAL
gaza,purplerow.com,com,GLOBAL,GLOBAL,GLOBAL,PLATFORM,0,0,0,0,0,0,0,NATIONAL
gaza,q105fm.iheart.com,com,GLOBAL,GLOBAL,GLOBAL,PLATFORM,0,0,0,0,0,0,0,NATIONAL
gaza,qns.com,com,GLOBAL,GLOBAL,GLOBAL,PLATFORM,0,0,0,0,0,0,0,NATIONAL
gaza,quesnelobserver.com,com,GLOBAL,GLOBAL,GLOBAL,PLATFORM,0,0,0,0,0,0,0,NATIONAL
gaza,radaronline.com,com,GLOBAL,GLOBAL,GLOBAL,PLATFORM,0,0,0,0,0,0,0,NATIONAL
gaza,radionigeria.gov.ng,ng,NG,Sub-Saharan Africa,AFRICA,PLATFORM,0,0,0,0,0,0,0,NATIONAL
gaza,rescue.org,org,GLOBAL,GLOBAL,GLOBAL,PLATFORM,0,0,0,0,0,0,0,NATIONAL
gaza,restaurantnewsrelease.com,com,GLOBAL,GLOBAL,GLOBAL,PLATFORM,0,0,0,0,0,0,0,NATIONAL
gaza,richardcrouse.ca,ca,CA,North America,OTHER,PLATFORM,0,0,0,0,0,0,0,NATIONAL
gaza,rock937online.com,com,GLOBAL,GLOBAL,GLOBAL,PLATFORM,0,0,0,0,0,0,0,NATIONAL
gaza,saltwire.com,com,GLOBAL,GLOBAL,GLOBAL,PLATFORM,0,0,0,0,0,0,0,NATIONAL
gaza,scarlettgatelymoore.dev,dev,NA,NA,OTHER,PLATFORM,0,0,0,0,0,0,0,PLATFORM
gaza,science.howstuffworks.com,com,GLOBAL,GLOBAL,GLOBAL,PLATFORM,0,0,0,0,0,0,0,NATIONAL
gaza,sflcn.com,com,GLOBAL,GLOBAL,GLOBAL,PLATFORM,0,0,0,0,0,0,0,NATIONAL
gaza,sheridanmedia.com,com,GLOBAL,GLOBAL,GLOBAL,PLATFORM,0,0,0,0,0,0,0,NATIONAL
gaza,shorenewsnetwork.com,com,GLOBAL,GLOBAL,GLOBAL,PLATFORM,0,0,0,0,0,0,0,NATIONAL
gaza,singaporestar.com,com,GLOBAL,GLOBAL,GLOBAL,PLATFORM,0,0,0,0,0,0,0,NATIONAL
gaza,sixerswire.usatoday.com,com,GLOBAL,GLOBAL,GLOBAL,PLATFORM,0,0,0,0,0,0,0,NATIONAL
gaza,smh.com.au,au,AU,East Asia & Pacific,OTHER,PLATFORM,0,0,0,0,0,0,0,NATIONAL
gaza,srilankasource.com,com,GLOBAL,GLOBAL,GLOBAL,PLATFORM,0,0,0,0,0,0,0,NATIONAL
gaza,star-telegram.com,com,GLOBAL,GLOBAL,GLOBAL,PLATFORM,0,0,0,0,0,0,0,NATIONAL
gaza,stcatharinesstandard.ca,ca,CA,North America,OTHER,PLATFORM,0,0,0,0,0,0,0,NATIONAL
gaza,stockandland.com.au,au,AU,East Asia & Pacific,OTHER,PLATFORM,0,0,0,0,0,0,0,NATIONAL
gaza,stratfordbeaconherald.com:443,NA,NA,NA,OTHER,PLATFORM,0,0,0,0,0,0,0,PLATFORM
gaza,swishappeal.com,com,GLOBAL,GLOBAL,GLOBAL,PLATFORM,0,0,0,0,0,0,0,NATIONAL
gaza,tass.com,com,GLOBAL,GLOBAL,GLOBAL,PLATFORM,0,0,1,0,0,0,1,STATE
gaza,teletrader.com,com,GLOBAL,GLOBAL,GLOBAL,PLATFORM,0,0,0,0,0,0,0,NATIONAL
gaza,telluridenews.com,com,GLOBAL,GLOBAL,GLOBAL,PLATFORM,0,0,0,0,0,0,0,NATIONAL
gaza,texastribune.org,org,GLOBAL,GLOBAL,GLOBAL,PLATFORM,0,0,0,0,0,0,0,NATIONAL
gaza,the-independent.com,com,GLOBAL,GLOBAL,GLOBAL,PLATFORM,0,0,0,0,0,0,0,NATIONAL
gaza,theartsdesk.com,com,GLOBAL,GLOBAL,GLOBAL,PLATFORM,0,0,0,0,0,0,0,NATIONAL
gaza,thebull1017.iheart.com,com,GLOBAL,GLOBAL,GLOBAL,PLATFORM,0,0,0,0,0,0,0,NATIONAL
gaza,thecourier.co.uk,uk,GB,Europe & Central Asia,OTHER,PLATFORM,0,0,0,0,0,0,0,NATIONAL
gaza,thedailystar.com,com,GLOBAL,GLOBAL,GLOBAL,PLATFORM,0,0,0,0,0,0,0,NATIONAL
gaza,thefan1075.com,com,GLOBAL,GLOBAL,GLOBAL,PLATFORM,0,0,0,0,0,0,0,NATIONAL
gaza,thegamenashville.com,com,GLOBAL,GLOBAL,GLOBAL,PLATFORM,0,0,0,0,0,0,0,NATIONAL
gaza,thejudge13.com,com,GLOBAL,GLOBAL,GLOBAL,PLATFORM,0,0,0,0,0,0,0,NATIONAL
gaza,theleadernews.com,com,GLOBAL,GLOBAL,GLOBAL,PLATFORM,0,0,0,0,0,0,0,NATIONAL
gaza,thenationalnews.com,com,GLOBAL,GLOBAL,GLOBAL,PLATFORM,0,0,0,0,0,0,0,NATIONAL
gaza,thepeninsulaqatar.com,com,GLOBAL,GLOBAL,GLOBAL,PLATFORM,0,0,0,0,0,0,0,NATIONAL
gaza,therepublic.com,com,GLOBAL,GLOBAL,GLOBAL,PLATFORM,0,0,0,0,0,0,0,NATIONAL
gaza,thesubtimes.com,com,GLOBAL,GLOBAL,GLOBAL,PLATFORM,0,0,0,0,0,0,0,NATIONAL
gaza,thetelegraphandargus.co.uk,uk,GB,Europe & Central Asia,OTHER,PLATFORM,0,0,0,0,0,0,0,NATIONAL
gaza,thethaiger.com,com,GLOBAL,GLOBAL,GLOBAL,PLATFORM,0,0,0,0,0,0,0,NATIONAL
gaza,thetruthaboutcars.com,com,GLOBAL,GLOBAL,GLOBAL,PLATFORM,0,0,0,0,0,0,0,NATIONAL
gaza,timesofindia.indiatimes.com,com,GLOBAL,GLOBAL,GLOBAL,PLATFORM,0,0,0,0,0,0,0,NATIONAL
gaza,tk101.iheart.com,com,GLOBAL,GLOBAL,GLOBAL,PLATFORM,0,0,0,0,0,0,0,NATIONAL
gaza,tomshardware.com,com,GLOBAL,GLOBAL,GLOBAL,PLATFORM,0,0,0,0,0,0,0,NATIONAL
gaza,toronto.citynews.ca,ca,CA,North America,OTHER,PLATFORM,0,0,0,0,0,0,0,NATIONAL
gaza,tri-cityherald.com,com,GLOBAL,GLOBAL,GLOBAL,PLATFORM,0,0,0,0,0,0,0,NATIONAL
gaza,tsln.com,com,GLOBAL,GLOBAL,GLOBAL,PLATFORM,0,0,0,0,0,0,0,NATIONAL
gaza,tucsonsentinel.com,com,GLOBAL,GLOBAL,GLOBAL,PLATFORM,0,0,0,0,0,0,0,NATIONAL
gaza,uspolitics.einnews.com,com,GLOBAL,GLOBAL,GLOBAL,PLATFORM,0,0,0,0,0,0,0,NATIONAL
gaza,v1011sacramento.iheart.com,com,GLOBAL,GLOBAL,GLOBAL,PLATFORM,0,0,0,0,0,0,0,NATIONAL
gaza,waco100.iheart.com,com,GLOBAL,GLOBAL,GLOBAL,PLATFORM,0,0,0,0,0,0,0,NATIONAL
gaza,wandtv.com,com,GLOBAL,GLOBAL,GLOBAL,PLATFORM,0,0,0,0,0,0,0,NATIONAL
gaza,wataugademocrat.com,com,GLOBAL,GLOBAL,GLOBAL,PLATFORM,0,0,0,0,0,0,0,NATIONAL
gaza,webmd.com,com,GLOBAL,GLOBAL,GLOBAL,PLATFORM,0,0,0,0,0,0,0,NATIONAL
gaza,wesh.com,com,GLOBAL,GLOBAL,GLOBAL,PLATFORM,0,0,0,0,0,0,0,NATIONAL
gaza,wfaa.com,com,GLOBAL,GLOBAL,GLOBAL,PLATFORM,0,0,0,0,0,0,0,NATIONAL
gaza,wgmd.com,com,GLOBAL,GLOBAL,GLOBAL,PLATFORM,0,0,0,0,0,0,0,NATIONAL
gaza,wgnsradio.com,com,GLOBAL,GLOBAL,GLOBAL,PLATFORM,0,0,0,0,0,0,0,NATIONAL
gaza,wgrd.com,com,GLOBAL,GLOBAL,GLOBAL,PLATFORM,0,0,0,0,0,0,0,NATIONAL
gaza,whig.com,com,GLOBAL,GLOBAL,GLOBAL,PLATFORM,0,0,0,0,0,0,0,NATIONAL
gaza,whyn.iheart.com,com,GLOBAL,GLOBAL,GLOBAL,PLATFORM,0,0,0,0,0,0,0,NATIONAL
gaza,wiartonecho.com:443,NA,NA,NA,OTHER,PLATFORM,0,0,0,0,0,0,0,PLATFORM
gaza,willamette.edu,edu,NA,NA,OTHER,PLATFORM,0,0,0,0,0,0,0,PLATFORM
gaza,wiltshiretimes.co.uk,uk,GB,Europe & Central Asia,OTHER,PLATFORM,0,0,0,0,0,0,0,NATIONAL
gaza,wineandspiritsmagazine.com,com,GLOBAL,GLOBAL,GLOBAL,PLATFORM,0,0,0,0,0,0,0,NATIONAL
gaza,wishtv.com,com,GLOBAL,GLOBAL,GLOBAL,PLATFORM,0,0,0,0,0,0,0,NATIONAL
gaza,wizard106.iheart.com,com,GLOBAL,GLOBAL,GLOBAL,PLATFORM,0,0,0,0,0,0,0,NATIONAL
gaza,wrdw.com,com,GLOBAL,GLOBAL,GLOBAL,PLATFORM,0,0,0,0,0,0,0,NATIONAL
gaza,wrkf.org,org,GLOBAL,GLOBAL,GLOBAL,PLATFORM,0,0,0,0,0,0,0,NATIONAL
gaza,wsoctv.com,com,GLOBAL,GLOBAL,GLOBAL,PLATFORM,0,0,0,0,0,0,0,NATIONAL
gaza,wtvbam.com,com,GLOBAL,GLOBAL,GLOBAL,PLATFORM,0,0,0,0,0,0,0,NATIONAL
gaza,wwd.com,com,GLOBAL,GLOBAL,GLOBAL,PLATFORM,0,0,0,0,0,0,0,NATIONAL
gaza,wyldfm.iheart.com,com,GLOBAL,GLOBAL,GLOBAL,PLATFORM,0,0,0,0,0,0,0,NATIONAL
gaza,youralaskalink.com,com,GLOBAL,GLOBAL,GLOBAL,PLATFORM,0,0,0,0,0,0,0,NATIONAL
gaza,yourfortdodge.com,com,GLOBAL,GLOBAL,GLOBAL,PLATFORM,0,0,0,0,0,0,0,NATIONAL
gaza,zfenglish.com,com,GLOBAL,GLOBAL,GLOBAL,PLATFORM,0,0,0,0,0,0,0,NATIONAL
gaza,zmescience.com,com,GLOBAL,GLOBAL,GLOBAL,PLATFORM,0,0,0,0,0,0,0,NATIONAL
gaza,101magic.iheart.com,com,GLOBAL,GLOBAL,GLOBAL,PLATFORM,0,0,0,0,0,0,0,NATIONAL
gaza,1033wvyb.com,com,GLOBAL,GLOBAL,GLOBAL,PLATFORM,0,0,0,0,0,0,0,NATIONAL
gaza,1045thecat.iheart.com,com,GLOBAL,GLOBAL,GLOBAL,PLATFORM,0,0,0,0,0,0,0,NATIONAL
gaza,10news.com,com,GLOBAL,GLOBAL,GLOBAL,PLATFORM,0,0,0,0,0,0,0,NATIONAL
gaza,1150wima.iheart.com,com,GLOBAL,GLOBAL,GLOBAL,PLATFORM,0,0,0,0,0,0,0,NATIONAL
gaza,12newsnow.com,com,GLOBAL,GLOBAL,GLOBAL,PLATFORM,0,0,0,0,0,0,0,NATIONAL
gaza,790wpic.com,com,GLOBAL,GLOBAL,GLOBAL,PLATFORM,0,0,0,0,0,0,0,NATIONAL
gaza,95rockfm.com,com,GLOBAL,GLOBAL,GLOBAL,PLATFORM,0,0,0,0,0,0,0,NATIONAL
gaza,961srs.iheart.com,com,GLOBAL,GLOBAL,GLOBAL,PLATFORM,0,0,0,0,0,0,0,NATIONAL
gaza,967stevefm.iheart.com,com,GLOBAL,GLOBAL,GLOBAL,PLATFORM,0,0,0,0,0,0,0,NATIONAL
gaza,975now.com,com,GLOBAL,GLOBAL,GLOBAL,PLATFORM,0,0,0,0,0,0,0,NATIONAL
gaza,975wabd.com,com,GLOBAL,GLOBAL,GLOBAL,PLATFORM,0,0,0,0,0,0,0,NATIONAL
gaza,98rocks.fm,fm,NA,NA,OTHER,PLATFORM,0,0,0,0,0,0,0,PLATFORM
gaza,abc13.com,com,GLOBAL,GLOBAL,GLOBAL,PLATFORM,0,0,0,0,0,0,0,NATIONAL
gaza,alligator.org,org,GLOBAL,GLOBAL,GLOBAL,PLATFORM,0,0,0,0,0,0,0,NATIONAL
gaza,arabherald.com,com,GLOBAL,GLOBAL,GLOBAL,PLATFORM,0,0,0,0,0,0,0,NATIONAL
gaza,armidaleexpress.com.au,au,AU,East Asia & Pacific,OTHER,PLATFORM,0,0,0,0,0,0,0,NATIONAL
gaza,aseaofblue.com,com,GLOBAL,GLOBAL,GLOBAL,PLATFORM,0,0,0,0,0,0,0,NATIONAL
gaza,b1073online.iheart.com,com,GLOBAL,GLOBAL,GLOBAL,PLATFORM,0,0,0,0,0,0,0,NATIONAL
gaza,bbs.clutchfans.net,net,GLOBAL,GLOBAL,GLOBAL,PLATFORM,0,0,0,0,0,0,0,NATIONAL
gaza,belfastmedia.com,com,GLOBAL,GLOBAL,GLOBAL,PLATFORM,0,0,0,0,0,0,0,NATIONAL
gaza,bellevuereporter.com,com,GLOBAL,GLOBAL,GLOBAL,PLATFORM,0,0,0,0,0,0,0,NATIONAL
gaza,bgr.com,com,GLOBAL,GLOBAL,GLOBAL,PLATFORM,0,0,0,0,0,0,0,NATIONAL
gaza,bigi1079.iheart.com,com,GLOBAL,GLOBAL,GLOBAL,PLATFORM,0,0,0,0,0,0,0,NATIONAL
gaza,blackheartgoldpants.com,com,GLOBAL,GLOBAL,GLOBAL,PLATFORM,0,0,0,0,0,0,0,NATIONAL
gaza,bloodhorse.com,com,GLOBAL,GLOBAL,GLOBAL,PLATFORM,0,0,0,0,0,0,0,NATIONAL
gaza,brooklyneagle.com,com,GLOBAL,GLOBAL,GLOBAL,PLATFORM,0,0,0,0,0,0,0,NATIONAL
gaza,canowindranews.com.au,au,AU,East Asia & Pacific,OTHER,PLATFORM,0,0,0,0,0,0,0,NATIONAL
gaza,cathstan.org,org,GLOBAL,GLOBAL,GLOBAL,PLATFORM,0,0,0,0,0,0,0,NATIONAL
gaza,centralwesterndaily.com.au,au,AU,East Asia & Pacific,OTHER,PLATFORM,0,0,0,0,0,0,0,NATIONAL
gaza,chardandilminsternews.co.uk,uk,GB,Europe & Central Asia,OTHER,PLATFORM,0,0,0,0,0,0,0,NATIONAL
gaza,chch.com,com,GLOBAL,GLOBAL,GLOBAL,PLATFORM,0,0,0,0,0,0,0,NATIONAL
gaza,classy100.com,com,GLOBAL,GLOBAL,GLOBAL,PLATFORM,0,0,0,0,0,0,0,NATIONAL
gaza,clickondetroit.com,com,GLOBAL,GLOBAL,GLOBAL,PLATFORM,0,0,0,0,0,0,0,NATIONAL
gaza,comingsoon.net,net,GLOBAL,GLOBAL,GLOBAL,PLATFORM,0,0,0,0,0,0,0,NATIONAL
gaza,complex.com,com,GLOBAL,GLOBAL,GLOBAL,PLATFORM,0,0,0,0,0,0,0,NATIONAL
gaza,dailyddt.com,com,GLOBAL,GLOBAL,GLOBAL,PLATFORM,0,0,0,0,0,0,0,NATIONAL
gaza,dailyfx.com,com,GLOBAL,GLOBAL,GLOBAL,PLATFORM,0,0,0,0,0,0,0,NATIONAL
gaza,dailynewsen.com,com,GLOBAL,GLOBAL,GLOBAL,PLATFORM,0,0,0,0,0,0,0,NATIONAL
gaza,dailyprincetonian.com,com,GLOBAL,GLOBAL,GLOBAL,PLATFORM,0,0,0,0,0,0,0,NATIONAL
gaza,dailytrust.com,com,GLOBAL,GLOBAL,GLOBAL,PLATFORM,0,0,0,0,0,0,0,NATIONAL
gaza,dakotanewsnow.com,com,GLOBAL,GLOBAL,GLOBAL,PLATFORM,0,0,0,0,0,0,0,NATIONAL
gaza,deccanherald.com,com,GLOBAL,GLOBAL,GLOBAL,PLATFORM,0,0,0,0,0,0,0,NATIONAL
gaza,digitaljournal.com,com,GLOBAL,GLOBAL,GLOBAL,PLATFORM,0,0,0,0,0,0,0,NATIONAL
gaza,extralunchmoney.com,com,GLOBAL,GLOBAL,GLOBAL,PLATFORM,0,0,0,0,0,0,0,NATIONAL
gaza,fortworthreport.org,org,GLOBAL,GLOBAL,GLOBAL,PLATFORM,0,0,0,0,0,0,0,NATIONAL
gaza,freepressonline.com,com,GLOBAL,GLOBAL,GLOBAL,PLATFORM,0,0,0,0,0,0,0,NATIONAL
gaza,gaeliclife.com,com,GLOBAL,GLOBAL,GLOBAL,PLATFORM,0,0,0,0,0,0,0,NATIONAL
gaza,gainesvilleregister.com,com,GLOBAL,GLOBAL,GLOBAL,PLATFORM,0,0,0,0,0,0,0,NATIONAL
gaza,gettysburgtimes.com,com,GLOBAL,GLOBAL,GLOBAL,PLATFORM,0,0,0,0,0,0,0,NATIONAL
gaza,guernseypress.com,com,GLOBAL,GLOBAL,GLOBAL,PLATFORM,0,0,0,0,0,0,0,NATIONAL
gaza,heraldpalladium.com,com,GLOBAL,GLOBAL,GLOBAL,PLATFORM,0,0,0,0,0,0,0,NATIONAL
gaza,hickoryrecord.com,com,GLOBAL,GLOBAL,GLOBAL,PLATFORM,0,0,0,0,0,0,0,NATIONAL
gaza,hometownstation.com,com,GLOBAL,GLOBAL,GLOBAL,PLATFORM,0,0,0,0,0,0,0,NATIONAL
gaza,in-cumbria.com,com,GLOBAL,GLOBAL,GLOBAL,PLATFORM,0,0,0,0,0,0,0,NATIONAL
gaza,inferse.com,com,GLOBAL,GLOBAL,GLOBAL,PLATFORM,0,0,0,0,0,0,0,NATIONAL
gaza,insurancenewsnet.com,com,GLOBAL,GLOBAL,GLOBAL,PLATFORM,0,0,0,0,0,0,0,NATIONAL
gaza,japan.cnet.com,com,GLOBAL,GLOBAL,GLOBAL,PLATFORM,0,0,0,0,0,0,0,NATIONAL
gaza,kake.com,com,GLOBAL,GLOBAL,GLOBAL,PLATFORM,0,0,0,0,0,0,0,NATIONAL
gaza,kentuckynewera.com,com,GLOBAL,GLOBAL,GLOBAL,PLATFORM,0,0,0,0,0,0,0,NATIONAL
gaza,kez999.iheart.com,com,GLOBAL,GLOBAL,GLOBAL,PLATFORM,0,0,0,0,0,0,0,NATIONAL
gaza,kilgorenewsherald.com,com,GLOBAL,GLOBAL,GLOBAL,PLATFORM,0,0,0,0,0,0,0,NATIONAL
gaza,kmbc.com,com,GLOBAL,GLOBAL,GLOBAL,PLATFORM,0,0,0,0,0,0,0,NATIONAL
gaza,kprr.iheart.com,com,GLOBAL,GLOBAL,GLOBAL,PLATFORM,0,0,0,0,0,0,0,NATIONAL
gaza,kunc.org,org,GLOBAL,GLOBAL,GLOBAL,PLATFORM,0,0,0,0,0,0,0,NATIONAL
gaza,kurv.com,com,GLOBAL,GLOBAL,GLOBAL,PLATFORM,0,0,0,0,0,0,0,NATIONAL
gaza,kwit.org,org,GLOBAL,GLOBAL,GLOBAL,PLATFORM,0,0,0,0,0,0,0,NATIONAL
gaza,letsrun.com,com,GLOBAL,GLOBAL,GLOBAL,PLATFORM,0,0,0,0,0,0,0,NATIONAL
gaza,madison.com,com,GLOBAL,GLOBAL,GLOBAL,PLATFORM,0,0,0,0,0,0,0,NATIONAL
gaza,metrojacksonville.com,com,GLOBAL,GLOBAL,GLOBAL,PLATFORM,0,0,0,0,0,0,0,NATIONAL
gaza,mix1043fm.com,com,GLOBAL,GLOBAL,GLOBAL,PLATFORM,0,0,0,0,0,0,0,NATIONAL
gaza,morningsun.net,net,GLOBAL,GLOBAL,GLOBAL,PLATFORM,0,0,0,0,0,0,0,NATIONAL
gaza,movieweb.com,com,GLOBAL,GLOBAL,GLOBAL,PLATFORM,0,0,0,0,0,0,0,NATIONAL
gaza,nashvillegab.com,com,GLOBAL,GLOBAL,GLOBAL,PLATFORM,0,0,0,0,0,0,0,NATIONAL
gaza,nbcbayarea.com,com,GLOBAL,GLOBAL,GLOBAL,PLATFORM,0,0,0,0,0,0,0,NATIONAL
gaza,news.prairiepublic.org,org,GLOBAL,GLOBAL,GLOBAL,PLATFORM,0,0,0,0,0,0,0,NATIONAL
gaza,news.punchjump.com,com,GLOBAL,GLOBAL,GLOBAL,PLATFORM,0,0,0,0,0,0,0,NATIONAL
gaza,paducahsun.com,com,GLOBAL,GLOBAL,GLOBAL,PLATFORM,0,0,0,0,0,0,0,NATIONAL
gaza,pentictonherald.ca,ca,CA,North America,OTHER,PLATFORM,0,0,0,0,0,0,0,NATIONAL
gaza,pinstripealley.com,com,GLOBAL,GLOBAL,GLOBAL,PLATFORM,0,0,0,0,0,0,0,NATIONAL
gaza,pleasantonweekly.com,com,GLOBAL,GLOBAL,GLOBAL,PLATFORM,0,0,0,0,0,0,0,NATIONAL
gaza,presstv.ir,ir,NA,NA,OTHER,PLATFORM,0,0,1,0,0,0,1,STATE
gaza,psdispatch.com,com,GLOBAL,GLOBAL,GLOBAL,PLATFORM,0,0,0,0,0,0,0,NATIONAL
gaza,q961.com,com,GLOBAL,GLOBAL,GLOBAL,PLATFORM,0,0,0,0,0,0,0,NATIONAL
gaza,roanoke.com,com,GLOBAL,GLOBAL,GLOBAL,PLATFORM,0,0,0,0,0,0,0,NATIONAL
gaza,sbs.com.au,au,AU,East Asia & Pacific,OTHER,PLATFORM,0,0,0,0,0,0,0,NATIONAL
gaza,scitechdaily.com,com,GLOBAL,GLOBAL,GLOBAL,PLATFORM,0,0,0,0,0,0,0,NATIONAL
gaza,southerngazette.ca,ca,CA,North America,OTHER,PLATFORM,0,0,0,0,0,0,0,NATIONAL
gaza,spec.com.au,au,AU,East Asia & Pacific,OTHER,PLATFORM,0,0,0,0,0,0,0,NATIONAL
gaza,steelers.com,com,GLOBAL,GLOBAL,GLOBAL,PLATFORM,0,0,0,0,0,0,0,NATIONAL
gaza,streetinsider.com,com,GLOBAL,GLOBAL,GLOBAL,PLATFORM,0,0,0,0,0,0,0,NATIONAL
gaza,sunny999fm.iheart.com,com,GLOBAL,GLOBAL,GLOBAL,PLATFORM,0,0,0,0,0,0,0,NATIONAL
gaza,superherohype.com,com,GLOBAL,GLOBAL,GLOBAL,PLATFORM,0,0,0,0,0,0,0,NATIONAL
gaza,tdtnews.com,com,GLOBAL,GLOBAL,GLOBAL,PLATFORM,0,0,0,0,0,0,0,NATIONAL
gaza,texarkanagazette.com,com,GLOBAL,GLOBAL,GLOBAL,PLATFORM,0,0,0,0,0,0,0,NATIONAL
gaza,theboltonnews.co.uk,uk,GB,Europe & Central Asia,OTHER,PLATFORM,0,0,0,0,0,0,0,NATIONAL
gaza,thecork.ie,ie,NA,NA,OTHER,PLATFORM,0,0,0,0,0,0,0,PLATFORM
gaza,thecrimson.com,com,GLOBAL,GLOBAL,GLOBAL,PLATFORM,0,0,0,0,0,0,0,NATIONAL
gaza,themaneland.com,com,GLOBAL,GLOBAL,GLOBAL,PLATFORM,0,0,0,0,0,0,0,NATIONAL
gaza,themedialine.org,org,GLOBAL,GLOBAL,GLOBAL,PLATFORM,0,0,0,0,0,0,0,NATIONAL
gaza,thezone1059.com,com,GLOBAL,GLOBAL,GLOBAL,PLATFORM,0,0,0,0,0,0,0,NATIONAL
gaza,timescolonist.com,com,GLOBAL,GLOBAL,GLOBAL,PLATFORM,0,0,0,0,0,0,0,NATIONAL
gaza,timeslive.co.za,za,ZA,Sub-Saharan Africa,AFRICA,PLATFORM,0,0,0,0,0,0,0,NATIONAL
gaza,trentonian.ca:443,NA,NA,NA,OTHER,PLATFORM,0,0,0,0,0,0,0,PLATFORM
gaza,trussvilletribune.com,com,GLOBAL,GLOBAL,GLOBAL,PLATFORM,0,0,0,0,0,0,0,NATIONAL
gaza,uk.style.yahoo.com,com,GLOBAL,GLOBAL,GLOBAL,PLATFORM,0,0,0,0,0,0,0,NATIONAL
gaza,wbaltv.com,com,GLOBAL,GLOBAL,GLOBAL,PLATFORM,0,0,0,0,0,0,0,NATIONAL
gaza,wboc.com,com,GLOBAL,GLOBAL,GLOBAL,PLATFORM,0,0,0,0,0,0,0,NATIONAL
gaza,wboy.com,com,GLOBAL,GLOBAL,GLOBAL,PLATFORM,0,0,0,0,0,0,0,NATIONAL
gaza,wcvb.com,com,GLOBAL,GLOBAL,GLOBAL,PLATFORM,0,0,0,0,0,0,0,NATIONAL
gaza,wgy.iheart.com,com,GLOBAL,GLOBAL,GLOBAL,PLATFORM,0,0,0,0,0,0,0,NATIONAL
gaza,whcuradio.com,com,GLOBAL,GLOBAL,GLOBAL,PLATFORM,0,0,0,0,0,0,0,NATIONAL
gaza,whec.com,com,GLOBAL,GLOBAL,GLOBAL,PLATFORM,0,0,0,0,0,0,0,NATIONAL
gaza,wktv.com,com,GLOBAL,GLOBAL,GLOBAL,PLATFORM,0,0,0,0,0,0,0,NATIONAL
gaza,wmbr.org,org,GLOBAL,GLOBAL,GLOBAL,PLATFORM,0,0,0,0,0,0,0,NATIONAL
gaza,wmtw.com,com,GLOBAL,GLOBAL,GLOBAL,PLATFORM,0,0,0,0,0,0,0,NATIONAL
gaza,wnmufm.org,org,GLOBAL,GLOBAL,GLOBAL,PLATFORM,0,0,0,0,0,0,0,NATIONAL
gaza,wsbtv.com,com,GLOBAL,GLOBAL,GLOBAL,PLATFORM,0,0,0,0,0,0,0,NATIONAL
gaza,wspd.iheart.com,com,GLOBAL,GLOBAL,GLOBAL,PLATFORM,0,0,0,0,0,0,0,NATIONAL
gaza,wvnews.com,com,GLOBAL,GLOBAL,GLOBAL,PLATFORM,0,0,0,0,0,0,0,NATIONAL
gaza,wwqq101.com,com,GLOBAL,GLOBAL,GLOBAL,PLATFORM,0,0,0,0,0,0,0,NATIONAL
gaza,wyomingpublicmedia.org,org,GLOBAL,GLOBAL,GLOBAL,PLATFORM,0,0,0,0,0,0,0,NATIONAL
gaza,wyso.org,org,GLOBAL,GLOBAL,GLOBAL,PLATFORM,0,0,0,0,0,0,0,NATIONAL
gaza,xl1067.iheart.com,com,GLOBAL,GLOBAL,GLOBAL,PLATFORM,0,0,0,0,0,0,0,NATIONAL
gaza,1053hotfm.com,com,GLOBAL,GLOBAL,GLOBAL,PLATFORM,0,0,0,0,0,0,0,NATIONAL
gaza,2nm.com.au,au,AU,East Asia & Pacific,OTHER,PLATFORM,0,0,0,0,0,0,0,NATIONAL
gaza,49erswebzone.com,com,GLOBAL,GLOBAL,GLOBAL,PLATFORM,0,0,0,0,0,0,0,NATIONAL
gaza,550thezone.iheart.com,com,GLOBAL,GLOBAL,GLOBAL,PLATFORM,0,0,0,0,0,0,0,NATIONAL
gaza,927thevan.com,com,GLOBAL,GLOBAL,GLOBAL,PLATFORM,0,0,0,0,0,0,0,NATIONAL
gaza,96krock.com,com,GLOBAL,GLOBAL,GLOBAL,PLATFORM,0,0,0,0,0,0,0,NATIONAL
gaza,ajmc.com,com,GLOBAL,GLOBAL,GLOBAL,PLATFORM,0,0,0,0,0,0,0,NATIONAL
gaza,americanbazaaronline.com,com,GLOBAL,GLOBAL,GLOBAL,PLATFORM,0,0,0,0,0,0,0,NATIONAL
gaza,aol.co.uk,uk,GB,Europe & Central Asia,OTHER,PLATFORM,0,0,0,0,0,0,0,NATIONAL
gaza,app.com.pk,pk,NA,NA,OTHER,PLATFORM,0,0,0,0,0,0,0,PLATFORM
gaza,atlantafalcons.com,com,GLOBAL,GLOBAL,GLOBAL,PLATFORM,0,0,0,0,0,0,0,NATIONAL
gaza,azbigmedia.com,com,GLOBAL,GLOBAL,GLOBAL,PLATFORM,0,0,0,0,0,0,0,NATIONAL
gaza,azertag.az,az,NA,NA,OTHER,PLATFORM,0,0,0,0,0,0,0,PLATFORM
gaza,bangladeshsun.com,com,GLOBAL,GLOBAL,GLOBAL,PLATFORM,0,0,0,0,0,0,0,NATIONAL
gaza,banksnews.gr,gr,NA,NA,OTHER,PLATFORM,0,0,0,0,0,0,0,PLATFORM
gaza,barbadostoday.bb,bb,NA,NA,OTHER,PLATFORM,0,0,0,0,0,0,0,PLATFORM
gaza,bearingarms.com,com,GLOBAL,GLOBAL,GLOBAL,PLATFORM,0,0,0,0,0,0,0,NATIONAL
gaza,betanews.com,com,GLOBAL,GLOBAL,GLOBAL,PLATFORM,0,0,0,0,0,0,0,NATIONAL
gaza,bkreader.com,com,GLOBAL,GLOBAL,GLOBAL,PLATFORM,0,0,0,0,0,0,0,NATIONAL
gaza,bramptonguardian.com,com,GLOBAL,GLOBAL,GLOBAL,PLATFORM,0,0,0,0,0,0,0,NATIONAL
gaza,brightsideofthesun.com,com,GLOBAL,GLOBAL,GLOBAL,PLATFORM,0,0,0,0,0,0,0,NATIONAL
gaza,bristolpost.co.uk,uk,GB,Europe & Central Asia,OTHER,PLATFORM,0,0,0,0,0,0,0,NATIONAL
gaza,brixtonbuzz.com,com,GLOBAL,GLOBAL,GLOBAL,PLATFORM,0,0,0,0,0,0,0,NATIONAL
gaza,burnhamandhighbridgeweeklynews.co.uk,uk,GB,Europe & Central Asia,OTHER,PLATFORM,0,0,0,0,0,0,0,NATIONAL
gaza,business.scoop.co.nz,nz,NZ,East Asia & Pacific,OTHER,PLATFORM,0,0,0,0,0,0,0,NATIONAL
gaza,businessinsider.in,in,IN,South Asia,OTHER,PLATFORM,0,0,0,0,0,0,0,NATIONAL
gaza,caughtoffside.com,com,GLOBAL,GLOBAL,GLOBAL,PLATFORM,0,0,0,0,0,0,0,NATIONAL
gaza,centralchronicle.com,com,GLOBAL,GLOBAL,GLOBAL,PLATFORM,0,0,0,0,0,0,0,NATIONAL
gaza,chinafile.com,com,GLOBAL,GLOBAL,GLOBAL,PLATFORM,0,0,0,0,0,0,0,NATIONAL
gaza,collingwoodfc.com.au,au,AU,East Asia & Pacific,OTHER,PLATFORM,0,0,0,0,0,0,0,NATIONAL
gaza,con-telegraph.ie,ie,NA,NA,OTHER,PLATFORM,0,0,0,0,0,0,0,PLATFORM
gaza,cyprus-mail.com,com,GLOBAL,GLOBAL,GLOBAL,PLATFORM,0,0,0,0,0,0,0,NATIONAL
gaza,delphosherald.com,com,GLOBAL,GLOBAL,GLOBAL,PLATFORM,0,0,0,0,0,0,0,NATIONAL
gaza,digitaltrends.com,com,GLOBAL,GLOBAL,GLOBAL,PLATFORM,0,0,0,0,0,0,0,NATIONAL
gaza,dudleynews.co.uk,uk,GB,Europe & Central Asia,OTHER,PLATFORM,0,0,0,0,0,0,0,NATIONAL
gaza,dunyanews.tv,tv,NA,NA,OTHER,PLATFORM,0,0,0,0,0,0,0,PLATFORM
gaza,ealingtimes.co.uk,uk,GB,Europe & Central Asia,OTHER,PLATFORM,0,0,0,0,0,0,0,NATIONAL
gaza,echo-news.co.uk,uk,GB,Europe & Central Asia,OTHER,PLATFORM,0,0,0,0,0,0,0,NATIONAL
gaza,electric949.com,com,GLOBAL,GLOBAL,GLOBAL,PLATFORM,0,0,0,0,0,0,0,NATIONAL
gaza,femalefirst.co.uk,uk,GB,Europe & Central Asia,OTHER,PLATFORM,0,0,0,0,0,0,0,NATIONAL
gaza,flaglerlive.com,com,GLOBAL,GLOBAL,GLOBAL,PLATFORM,0,0,0,0,0,0,0,NATIONAL
gaza,forum.onlineopinion.com.au,au,AU,East Asia & Pacific,OTHER,PLATFORM,0,0,0,0,0,0,0,NATIONAL
gaza,ft.lk,lk,NA,NA,OTHER,PLATFORM,0,0,0,0,0,0,0,PLATFORM
gaza,gazettenet.com,com,GLOBAL,GLOBAL,GLOBAL,PLATFORM,0,0,0,0,0,0,0,NATIONAL
gaza,genengnews.com,com,GLOBAL,GLOBAL,GLOBAL,PLATFORM,0,0,0,0,0,0,0,NATIONAL
gaza,github.com,com,GLOBAL,GLOBAL,GLOBAL,PLATFORM,0,0,0,0,0,0,0,NATIONAL
gaza,glasgowtimes.co.uk,uk,GB,Europe & Central Asia,OTHER,PLATFORM,0,0,0,0,0,0,0,NATIONAL
gaza,gleninnesexaminer.com.au,au,AU,East Asia & Pacific,OTHER,PLATFORM,0,0,0,0,0,0,0,NATIONAL
gaza,grantcountybeat.com,com,GLOBAL,GLOBAL,GLOBAL,PLATFORM,0,0,0,0,0,0,0,NATIONAL
gaza,greatlakesadvocate.com.au,au,AU,East Asia & Pacific,OTHER,PLATFORM,0,0,0,0,0,0,0,NATIONAL
gaza,greeleytribune.com,com,GLOBAL,GLOBAL,GLOBAL,PLATFORM,0,0,0,0,0,0,0,NATIONAL
gaza,gulfnews.ca,ca,CA,North America,OTHER,PLATFORM,0,0,0,0,0,0,0,NATIONAL
gaza,havasunews.com,com,GLOBAL,GLOBAL,GLOBAL,PLATFORM,0,0,0,0,0,0,0,NATIONAL
gaza,heraldbulletin.com,com,GLOBAL,GLOBAL,GLOBAL,PLATFORM,0,0,0,0,0,0,0,NATIONAL
gaza,hypebeast.com,com,GLOBAL,GLOBAL,GLOBAL,PLATFORM,0,0,0,0,0,0,0,NATIONAL
gaza,impartialreporter.com,com,GLOBAL,GLOBAL,GLOBAL,PLATFORM,0,0,0,0,0,0,0,NATIONAL
gaza,insidebitcoins.com,com,GLOBAL,GLOBAL,GLOBAL,PLATFORM,0,0,0,0,0,0,0,NATIONAL
gaza,iri.org,org,GLOBAL,GLOBAL,GLOBAL,PLATFORM,0,0,0,0,0,0,0,NATIONAL
gaza,irishexaminer.com,com,GLOBAL,GLOBAL,GLOBAL,PLATFORM,0,0,0,0,0,0,0,NATIONAL
gaza,itemlive.com,com,GLOBAL,GLOBAL,GLOBAL,PLATFORM,0,0,0,0,0,0,0,NATIONAL
gaza,k103.iheart.com,com,GLOBAL,GLOBAL,GLOBAL,PLATFORM,0,0,0,0,0,0,0,NATIONAL
gaza,kansascity.com,com,GLOBAL,GLOBAL,GLOBAL,PLATFORM,0,0,0,0,0,0,0,NATIONAL
gaza,katt.com,com,GLOBAL,GLOBAL,GLOBAL,PLATFORM,0,0,0,0,0,0,0,NATIONAL
gaza,kdlg.org,org,GLOBAL,GLOBAL,GLOBAL,PLATFORM,0,0,0,0,0,0,0,NATIONAL
gaza,kenyan-post.com,com,GLOBAL,GLOBAL,GLOBAL,PLATFORM,0,0,0,0,0,0,0,NATIONAL
gaza,kfanplus.iheart.com,com,GLOBAL,GLOBAL,GLOBAL,PLATFORM,0,0,0,0,0,0,0,NATIONAL
gaza,kfm.co.za,za,ZA,Sub-Saharan Africa,AFRICA,PLATFORM,0,0,0,0,0,0,0,NATIONAL
gaza,kfyrtv.com,com,GLOBAL,GLOBAL,GLOBAL,PLATFORM,0,0,0,0,0,0,0,NATIONAL
gaza,kgot.iheart.com,com,GLOBAL,GLOBAL,GLOBAL,PLATFORM,0,0,0,0,0,0,0,NATIONAL
gaza,kkiq.com,com,GLOBAL,GLOBAL,GLOBAL,PLATFORM,0,0,0,0,0,0,0,NATIONAL
gaza,kmuw.org,org,GLOBAL,GLOBAL,GLOBAL,PLATFORM,0,0,0,0,0,0,0,NATIONAL
gaza,kokomoperspective.com,com,GLOBAL,GLOBAL,GLOBAL,PLATFORM,0,0,0,0,0,0,0,NATIONAL
gaza,krrq.com,com,GLOBAL,GLOBAL,GLOBAL,PLATFORM,0,0,0,0,0,0,0,NATIONAL
gaza,kyuk.org,org,GLOBAL,GLOBAL,GLOBAL,PLATFORM,0,0,0,0,0,0,0,NATIONAL
gaza,lancashiretelegraph.co.uk,uk,GB,Europe & Central Asia,OTHER,PLATFORM,0,0,0,0,0,0,0,NATIONAL
gaza,lexch.com,com,GLOBAL,GLOBAL,GLOBAL,PLATFORM,0,0,0,0,0,0,0,NATIONAL
gaza,literock959.com,com,GLOBAL,GLOBAL,GLOBAL,PLATFORM,0,0,0,0,0,0,0,NATIONAL
gaza,localmatters.co.nz,nz,NZ,East Asia & Pacific,OTHER,PLATFORM,0,0,0,0,0,0,0,NATIONAL
gaza,mainebiz.biz,biz,GLOBAL,GLOBAL,GLOBAL,PLATFORM,0,0,0,0,0,0,0,NATIONAL
gaza,manningrivertimes.com.au,au,AU,East Asia & Pacific,OTHER,PLATFORM,0,0,0,0,0,0,0,NATIONAL
gaza,margaretrivermail.com.au,au,AU,East Asia & Pacific,OTHER,PLATFORM,0,0,0,0,0,0,0,NATIONAL
gaza,messenger-inquirer.com,com,GLOBAL,GLOBAL,GLOBAL,PLATFORM,0,0,0,0,0,0,0,NATIONAL
gaza,metro.co.uk,uk,GB,Europe & Central Asia,OTHER,PLATFORM,0,0,0,0,0,0,0,NATIONAL
gaza,miamidolphins.com,com,GLOBAL,GLOBAL,GLOBAL,PLATFORM,0,0,0,0,0,0,0,NATIONAL
gaza,movies.mxdwn.com,com,GLOBAL,GLOBAL,GLOBAL,PLATFORM,0,0,0,0,0,0,0,NATIONAL
gaza,mykisscountry937.com,com,GLOBAL,GLOBAL,GLOBAL,PLATFORM,0,0,0,0,0,0,0,NATIONAL
gaza,news.illinoisstate.edu,edu,NA,NA,OTHER,PLATFORM,0,0,0,0,0,0,0,PLATFORM
gaza,news4sanantonio.com,com,GLOBAL,GLOBAL,GLOBAL,PLATFORM,0,0,0,0,0,0,0,NATIONAL
gaza,nflmocks.com,com,GLOBAL,GLOBAL,GLOBAL,PLATFORM,0,0,0,0,0,0,0,NATIONAL
gaza,northcountrypublicradio.org,org,GLOBAL,GLOBAL,GLOBAL,PLATFORM,0,0,0,0,0,0,0,NATIONAL
gaza,northislandgazette.com,com,GLOBAL,GLOBAL,GLOBAL,PLATFORM,0,0,0,0,0,0,0,NATIONAL
gaza,npmjs.com,com,GLOBAL,GLOBAL,GLOBAL,PLATFORM,0,0,0,0,0,0,0,NATIONAL
gaza,nvi.com.au,au,AU,East Asia & Pacific,OTHER,PLATFORM,0,0,0,0,0,0,0,NATIONAL
gaza,obituaries.heraldbulletin.com,com,GLOBAL,GLOBAL,GLOBAL,PLATFORM,0,0,0,0,0,0,0,NATIONAL
gaza,oldvcr.blogspot.com,com,GLOBAL,GLOBAL,GLOBAL,PLATFORM,0,0,0,0,0,0,0,NATIONAL
gaza,paloaltoonline.com,com,GLOBAL,GLOBAL,GLOBAL,PLATFORM,0,0,0,0,0,0,0,NATIONAL
gaza,purerock96.com,com,GLOBAL,GLOBAL,GLOBAL,PLATFORM,0,0,0,0,0,0,0,NATIONAL
gaza,q102.iheart.com,com,GLOBAL,GLOBAL,GLOBAL,PLATFORM,0,0,0,0,0,0,0,NATIONAL
gaza,q1041.iheart.com,com,GLOBAL,GLOBAL,GLOBAL,PLATFORM,0,0,0,0,0,0,0,NATIONAL
gaza,q93fm.com,com,GLOBAL,GLOBAL,GLOBAL,PLATFORM,0,0,0,0,0,0,0,NATIONAL
gaza,rapidcityjournal.com,com,GLOBAL,GLOBAL,GLOBAL,PLATFORM,0,0,0,0,0,0,0,NATIONAL
gaza,recorderonline.com,com,GLOBAL,GLOBAL,GLOBAL,PLATFORM,0,0,0,0,0,0,0,NATIONAL
gaza,ricochet.com,com,GLOBAL,GLOBAL,GLOBAL,PLATFORM,0,0,0,0,0,0,0,NATIONAL
gaza,sail-world.com,com,GLOBAL,GLOBAL,GLOBAL,PLATFORM,0,0,0,0,0,0,0,NATIONAL
gaza,samaa.tv,tv,NA,NA,OTHER,PLATFORM,0,0,0,0,0,0,0,PLATFORM
gaza,savageandwhitten.com,com,GLOBAL,GLOBAL,GLOBAL,PLATFORM,0,0,0,0,0,0,0,NATIONAL
gaza,sciencealert.com,com,GLOBAL,GLOBAL,GLOBAL,PLATFORM,0,0,0,0,0,0,0,NATIONAL
gaza,sdjewishworld.com,com,GLOBAL,GLOBAL,GLOBAL,PLATFORM,0,0,0,0,0,0,0,NATIONAL
gaza,spartaindependent.com,com,GLOBAL,GLOBAL,GLOBAL,PLATFORM,0,0,0,0,0,0,0,NATIONAL
gaza,squatchrocks.com,com,GLOBAL,GLOBAL,GLOBAL,PLATFORM,0,0,0,0,0,0,0,NATIONAL
gaza,steamboatpilot.com,com,GLOBAL,GLOBAL,GLOBAL,PLATFORM,0,0,0,0,0,0,0,NATIONAL
gaza,stupiddope.com,com,GLOBAL,GLOBAL,GLOBAL,PLATFORM,0,0,0,0,0,0,0,NATIONAL
gaza,sunlive.co.nz,nz,NZ,East Asia & Pacific,OTHER,PLATFORM,0,0,0,0,0,0,0,NATIONAL
gaza,sunny943.com,com,GLOBAL,GLOBAL,GLOBAL,PLATFORM,0,0,0,0,0,0,0,NATIONAL
gaza,syracuse.com,com,GLOBAL,GLOBAL,GLOBAL,PLATFORM,0,0,0,0,0,0,0,NATIONAL
gaza,syrianobserver.com,com,GLOBAL,GLOBAL,GLOBAL,PLATFORM,0,0,0,0,0,0,0,NATIONAL
gaza,tanzanianewsreports.com,com,GLOBAL,GLOBAL,GLOBAL,PLATFORM,0,0,0,0,0,0,0,NATIONAL
gaza,thecomet.net,net,GLOBAL,GLOBAL,GLOBAL,PLATFORM,0,0,0,0,0,0,0,NATIONAL
gaza,thedailyguardian.net,net,GLOBAL,GLOBAL,GLOBAL,PLATFORM,0,0,0,0,0,0,0,NATIONAL
gaza,themandarin.com.au,au,AU,East Asia & Pacific,OTHER,PLATFORM,0,0,0,0,0,0,0,NATIONAL
gaza,thoroughbreddailynews.com,com,GLOBAL,GLOBAL,GLOBAL,PLATFORM,0,0,0,0,0,0,0,NATIONAL
gaza,thv11.com,com,GLOBAL,GLOBAL,GLOBAL,PLATFORM,0,0,0,0,0,0,0,NATIONAL
gaza,tigernet.com,com,GLOBAL,GLOBAL,GLOBAL,PLATFORM,0,0,0,0,0,0,0,NATIONAL
gaza,times.co.nz,nz,NZ,East Asia & Pacific,OTHER,PLATFORM,0,0,0,0,0,0,0,NATIONAL
gaza,timesnews.net,net,GLOBAL,GLOBAL,GLOBAL,PLATFORM,0,0,0,0,0,0,0,NATIONAL
gaza,triblive.com,com,GLOBAL,GLOBAL,GLOBAL,PLATFORM,0,0,0,0,0,0,0,NATIONAL
gaza,tvovermind.com,com,GLOBAL,GLOBAL,GLOBAL,PLATFORM,0,0,0,0,0,0,0,NATIONAL
gaza,ukathletics.com,com,GLOBAL,GLOBAL,GLOBAL,PLATFORM,0,0,0,0,0,0,0,NATIONAL
gaza,unmultimedia.org,org,GLOBAL,GLOBAL,GLOBAL,PLATFORM,0,0,0,0,0,0,0,NATIONAL
gaza,utep.edu,edu,NA,NA,OTHER,PLATFORM,0,0,0,0,0,0,0,PLATFORM
gaza,wbrc.com,com,GLOBAL,GLOBAL,GLOBAL,PLATFORM,0,0,0,0,0,0,0,NATIONAL
gaza,wcrz.com,com,GLOBAL,GLOBAL,GLOBAL,PLATFORM,0,0,0,0,0,0,0,NATIONAL
gaza,weau.com,com,GLOBAL,GLOBAL,GLOBAL,PLATFORM,0,0,0,0,0,0,0,NATIONAL
gaza,wehoville.com,com,GLOBAL,GLOBAL,GLOBAL,PLATFORM,0,0,0,0,0,0,0,NATIONAL
gaza,westernwheel.ca,ca,CA,North America,OTHER,PLATFORM,0,0,0,0,0,0,0,NATIONAL
gaza,winchesterstar.com,com,GLOBAL,GLOBAL,GLOBAL,PLATFORM,0,0,0,0,0,0,0,NATIONAL
gaza,wjbt.iheart.com,com,GLOBAL,GLOBAL,GLOBAL,PLATFORM,0,0,0,0,0,0,0,NATIONAL
gaza,wmrn.iheart.com,com,GLOBAL,GLOBAL,GLOBAL,PLATFORM,0,0,0,0,0,0,0,NATIONAL
gaza,wondradio.com,com,GLOBAL,GLOBAL,GLOBAL,PLATFORM,0,0,0,0,0,0,0,NATIONAL
gaza,wsau.com,com,GLOBAL,GLOBAL,GLOBAL,PLATFORM,0,0,0,0,0,0,0,NATIONAL
gaza,wtvq.com,com,GLOBAL,GLOBAL,GLOBAL,PLATFORM,0,0,0,0,0,0,0,NATIONAL
gaza,wwlp.com,com,GLOBAL,GLOBAL,GLOBAL,PLATFORM,0,0,0,0,0,0,0,NATIONAL
gaza,z1077.iheart.com,com,GLOBAL,GLOBAL,GLOBAL,PLATFORM,0,0,0,0,0,0,0,NATIONAL
gaza,zimbabwestar.com,com,GLOBAL,GLOBAL,GLOBAL,PLATFORM,0,0,0,0,0,0,0,NATIONAL
gaza,1029thelake.iheart.com,com,GLOBAL,GLOBAL,GLOBAL,PLATFORM,0,0,0,0,0,0,0,NATIONAL
gaza,1045thezone.com,com,GLOBAL,GLOBAL,GLOBAL,PLATFORM,0,0,0,0,0,0,0,NATIONAL
gaza,1059thex.iheart.com,com,GLOBAL,GLOBAL,GLOBAL,PLATFORM,0,0,0,0,0,0,0,NATIONAL
gaza,1063thebear.iheart.com,com,GLOBAL,GLOBAL,GLOBAL,PLATFORM,0,0,0,0,0,0,0,NATIONAL
gaza,6pr.com.au,au,AU,East Asia & Pacific,OTHER,PLATFORM,0,0,0,0,0,0,0,NATIONAL
gaza,945themoose.com,com,GLOBAL,GLOBAL,GLOBAL,PLATFORM,0,0,0,0,0,0,0,NATIONAL
gaza,955wtvy.com,com,GLOBAL,GLOBAL,GLOBAL,PLATFORM,0,0,0,0,0,0,0,NATIONAL
gaza,975kgkl.com,com,GLOBAL,GLOBAL,GLOBAL,PLATFORM,0,0,0,0,0,0,0,NATIONAL
gaza,97x.com,com,GLOBAL,GLOBAL,GLOBAL,PLATFORM,0,0,0,0,0,0,0,NATIONAL
gaza,987jack.com,com,GLOBAL,GLOBAL,GLOBAL,PLATFORM,0,0,0,0,0,0,0,NATIONAL
gaza,991kggi.iheart.com,com,GLOBAL,GLOBAL,GLOBAL,PLATFORM,0,0,0,0,0,0,0,NATIONAL
gaza,accessonline.com,com,GLOBAL,GLOBAL,GLOBAL,PLATFORM,0,0,0,0,0,0,0,NATIONAL
gaza,addictedtoquack.com,com,GLOBAL,GLOBAL,GLOBAL,PLATFORM,0,0,0,0,0,0,0,NATIONAL
gaza,adweek.com,com,GLOBAL,GLOBAL,GLOBAL,PLATFORM,0,0,0,0,0,0,0,NATIONAL
gaza,alice955.iheart.com,com,GLOBAL,GLOBAL,GLOBAL,PLATFORM,0,0,0,0,0,0,0,NATIONAL
gaza,allure.com,com,GLOBAL,GLOBAL,GLOBAL,PLATFORM,0,0,0,0,0,0,0,NATIONAL
gaza,am-online.com,com,GLOBAL,GLOBAL,GLOBAL,PLATFORM,0,0,0,0,0,0,0,NATIONAL
gaza,amnestyusa.org,org,GLOBAL,GLOBAL,GLOBAL,PLATFORM,0,0,0,0,0,0,0,NATIONAL
gaza,andina.pe,pe,NA,NA,OTHER,PLATFORM,0,0,0,0,0,0,0,PLATFORM
gaza,apr.org,org,GLOBAL,GLOBAL,GLOBAL,PLATFORM,0,0,0,0,0,0,0,NATIONAL
gaza,arktimes.com,com,GLOBAL,GLOBAL,GLOBAL,PLATFORM,0,0,0,0,0,0,0,NATIONAL
gaza,asiaone.com,com,GLOBAL,GLOBAL,GLOBAL,PLATFORM,0,0,0,0,0,0,0,NATIONAL
gaza,au.lifestyle.yahoo.com,com,GLOBAL,GLOBAL,GLOBAL,PLATFORM,0,0,0,0,0,0,0,NATIONAL
gaza,australianageingagenda.com.au,au,AU,East Asia & Pacific,OTHER,PLATFORM,0,0,0,0,0,0,0,NATIONAL
gaza,autoguide.com,com,GLOBAL,GLOBAL,GLOBAL,PLATFORM,0,0,0,0,0,0,0,NATIONAL
gaza,autoremarketing.com,com,GLOBAL,GLOBAL,GLOBAL,PLATFORM,0,0,0,0,0,0,0,NATIONAL
gaza,autoweek.com,com,GLOBAL,GLOBAL,GLOBAL,PLATFORM,0,0,0,0,0,0,0,NATIONAL
gaza,awesome98.com,com,GLOBAL,GLOBAL,GLOBAL,PLATFORM,0,0,0,0,0,0,0,NATIONAL
gaza,b975.com,com,GLOBAL,GLOBAL,GLOBAL,PLATFORM,0,0,0,0,0,0,0,NATIONAL
gaza,baptiststandard.com,com,GLOBAL,GLOBAL,GLOBAL,PLATFORM,0,0,0,0,0,0,0,NATIONAL
gaza,baysidenews.com.au,au,AU,East Asia & Pacific,OTHER,PLATFORM,0,0,0,0,0,0,0,NATIONAL
gaza,billingsgazette.com,com,GLOBAL,GLOBAL,GLOBAL,PLATFORM,0,0,0,0,0,0,0,NATIONAL
gaza,billionaire.com,com,GLOBAL,GLOBAL,GLOBAL,PLATFORM,0,0,0,0,0,0,0,NATIONAL
gaza,bismarcksmix.iheart.com,com,GLOBAL,GLOBAL,GLOBAL,PLATFORM,0,0,0,0,0,0,0,NATIONAL
gaza,bjreview.com,com,GLOBAL,GLOBAL,GLOBAL,PLATFORM,0,0,0,0,0,0,0,NATIONAL
gaza,bleedinggreennation.com,com,GLOBAL,GLOBAL,GLOBAL,PLATFORM,0,0,0,0,0,0,0,NATIONAL
gaza,bobandsheri.com,com,GLOBAL,GLOBAL,GLOBAL,PLATFORM,0,0,0,0,0,0,0,NATIONAL
gaza,boingboing.net,net,GLOBAL,GLOBAL,GLOBAL,PLATFORM,0,0,0,0,0,0,0,NATIONAL
gaza,bruneinews.net,net,GLOBAL,GLOBAL,GLOBAL,PLATFORM,0,0,0,0,0,0,0,NATIONAL
gaza,buchtelite.com,com,GLOBAL,GLOBAL,GLOBAL,PLATFORM,0,0,0,0,0,0,0,NATIONAL
gaza,buckeyecountry943.iheart.com,com,GLOBAL,GLOBAL,GLOBAL,PLATFORM,0,0,0,0,0,0,0,NATIONAL
gaza,californianewswire.com,com,GLOBAL,GLOBAL,GLOBAL,PLATFORM,0,0,0,0,0,0,0,NATIONAL
gaza,cambridgeday.com,com,GLOBAL,GLOBAL,GLOBAL,PLATFORM,0,0,0,0,0,0,0,NATIONAL
gaza,capradio.org,org,GLOBAL,GLOBAL,GLOBAL,PLATFORM,0,0,0,0,0,0,0,NATIONAL
gaza,caranddriver.com,com,GLOBAL,GLOBAL,GLOBAL,PLATFORM,0,0,0,0,0,0,0,NATIONAL
gaza,carbon-pulse.com,com,GLOBAL,GLOBAL,GLOBAL,PLATFORM,0,0,0,0,0,0,0,NATIONAL
gaza,chatelaine.com,com,GLOBAL,GLOBAL,GLOBAL,PLATFORM,0,0,0,0,0,0,0,NATIONAL
gaza,chinaaid.org,org,GLOBAL,GLOBAL,GLOBAL,PLATFORM,0,0,0,0,0,0,0,NATIONAL
gaza,chri.ca,ca,CA,North America,OTHER,PLATFORM,0,0,0,0,0,0,0,NATIONAL
gaza,chronicle.lu,lu,NA,NA,OTHER,PLATFORM,0,0,0,0,0,0,0,PLATFORM
gaza,chronofhorse.com,com,GLOBAL,GLOBAL,GLOBAL,PLATFORM,0,0,0,0,0,0,0,NATIONAL
gaza,ckxsfm.com,com,GLOBAL,GLOBAL,GLOBAL,PLATFORM,0,0,0,0,0,0,0,NATIONAL
gaza,colombiareports.com,com,GLOBAL,GLOBAL,GLOBAL,PLATFORM,0,0,0,0,0,0,0,NATIONAL
gaza,countytimes.co.uk,uk,GB,Europe & Central Asia,OTHER,PLATFORM,0,0,0,0,0,0,0,NATIONAL
gaza,crossville-chronicle.com,com,GLOBAL,GLOBAL,GLOBAL,PLATFORM,0,0,0,0,0,0,0,NATIONAL
gaza,dailyfreeman.com,com,GLOBAL,GLOBAL,GLOBAL,PLATFORM,0,0,0,0,0,0,0,NATIONAL
gaza,dailyheraldtribune.com:443,NA,NA,NA,OTHER,PLATFORM,0,0,0,0,0,0,0,PLATFORM
gaza,dawindycity.com,com,GLOBAL,GLOBAL,GLOBAL,PLATFORM,0,0,0,0,0,0,0,NATIONAL
gaza,discoverairdrie.com,com,GLOBAL,GLOBAL,GLOBAL,PLATFORM,0,0,0,0,0,0,0,NATIONAL
gaza,dothaneagle.com,com,GLOBAL,GLOBAL,GLOBAL,PLATFORM,0,0,0,0,0,0,0,NATIONAL
gaza,dualshockers.com,com,GLOBAL,GLOBAL,GLOBAL,PLATFORM,0,0,0,0,0,0,0,NATIONAL
gaza,duluthnewstribune.com,com,GLOBAL,GLOBAL,GLOBAL,PLATFORM,0,0,0,0,0,0,0,NATIONAL
gaza,dungogchronicle.com.au,au,AU,East Asia & Pacific,OTHER,PLATFORM,0,0,0,0,0,0,0,NATIONAL
gaza,dve.iheart.com,com,GLOBAL,GLOBAL,GLOBAL,PLATFORM,0,0,0,0,0,0,0,NATIONAL
gaza,economist.com,com,GLOBAL,GLOBAL,GLOBAL,PLATFORM,0,0,0,0,0,0,0,NATIONAL
gaza,elclasificado.com,com,GLOBAL,GLOBAL,GLOBAL,PLATFORM,0,0,0,0,0,0,0,NATIONAL
gaza,elliotlakestandard.ca:443,NA,NA,NA,OTHER,PLATFORM,0,0,0,0,0,0,0,PLATFORM
gaza,ems1.com:443,NA,NA,NA,OTHER,PLATFORM,0,0,0,0,0,0,0,PLATFORM
gaza,ethanolproducer.com,com,GLOBAL,GLOBAL,GLOBAL,PLATFORM,0,0,0,0,0,0,0,NATIONAL
gaza,fashionmagazine.com,com,GLOBAL,GLOBAL,GLOBAL,PLATFORM,0,0,0,0,0,0,0,NATIONAL
gaza,feedstuffs.com,com,GLOBAL,GLOBAL,GLOBAL,PLATFORM,0,0,0,0,0,0,0,NATIONAL
gaza,fiercewireless.com,com,GLOBAL,GLOBAL,GLOBAL,PLATFORM,0,0,0,0,0,0,0,NATIONAL
gaza,file770.com,com,GLOBAL,GLOBAL,GLOBAL,PLATFORM,0,0,0,0,0,0,0,NATIONAL
gaza,findbiometrics.com,com,GLOBAL,GLOBAL,GLOBAL,PLATFORM,0,0,0,0,0,0,0,NATIONAL
gaza,forexlive.com,com,GLOBAL,GLOBAL,GLOBAL,PLATFORM,0,0,0,0,0,0,0,NATIONAL
gaza,fortworthbusiness.com,com,GLOBAL,GLOBAL,GLOBAL,PLATFORM,0,0,0,0,0,0,0,NATIONAL
gaza,fox17online.com,com,GLOBAL,GLOBAL,GLOBAL,PLATFORM,0,0,0,0,0,0,0,NATIONAL
gaza,gameranx.com,com,GLOBAL,GLOBAL,GLOBAL,PLATFORM,0,0,0,0,0,0,0,NATIONAL
gaza,gazetteherald.co.uk,uk,GB,Europe & Central Asia,OTHER,PLATFORM,0,0,0,0,0,0,0,NATIONAL
gaza,gazetteseries.co.uk,uk,GB,Europe & Central Asia,OTHER,PLATFORM,0,0,0,0,0,0,0,NATIONAL
gaza,ghanafa.org,org,GLOBAL,GLOBAL,GLOBAL,PLATFORM,0,0,0,0,0,0,0,NATIONAL
gaza,gov.vc,vc,NA,NA,OTHER,PLATFORM,0,0,0,0,0,0,0,PLATFORM
gaza,grenfellrecord.com.au,au,AU,East Asia & Pacific,OTHER,PLATFORM,0,0,0,0,0,0,0,NATIONAL
gaza,hartenergy.com,com,GLOBAL,GLOBAL,GLOBAL,PLATFORM,0,0,0,0,0,0,0,NATIONAL
gaza,heraldonline.com,com,GLOBAL,GLOBAL,GLOBAL,PLATFORM,0,0,0,0,0,0,0,NATIONAL
gaza,heraldscotland.com,com,GLOBAL,GLOBAL,GLOBAL,PLATFORM,0,0,0,0,0,0,0,NATIONAL
gaza,heraldseries.co.uk,uk,GB,Europe & Central Asia,OTHER,PLATFORM,0,0,0,0,0,0,0,NATIONAL
gaza,horseshoeheroes.com,com,GLOBAL,GLOBAL,GLOBAL,PLATFORM,0,0,0,0,0,0,0,NATIONAL
gaza,hot975fm.com,com,GLOBAL,GLOBAL,GLOBAL,PLATFORM,0,0,0,0,0,0,0,NATIONAL
gaza,hpcwire.com,com,GLOBAL,GLOBAL,GLOBAL,PLATFORM,0,0,0,0,0,0,0,NATIONAL
gaza,humbernews.ca,ca,CA,North America,OTHER,PLATFORM,0,0,0,0,0,0,0,NATIONAL
gaza,idahopress.com,com,GLOBAL,GLOBAL,GLOBAL,PLATFORM,0,0,0,0,0,0,0,NATIONAL
gaza,inquirer.com,com,GLOBAL,GLOBAL,GLOBAL,PLATFORM,0,0,0,0,0,0,0,NATIONAL
gaza,insidehoops.com,com,GLOBAL,GLOBAL,GLOBAL,PLATFORM,0,0,0,0,0,0,0,NATIONAL
gaza,intomore.com,com,GLOBAL,GLOBAL,GLOBAL,PLATFORM,0,0,0,0,0,0,0,NATIONAL
gaza,itemonline.com,com,GLOBAL,GLOBAL,GLOBAL,PLATFORM,0,0,0,0,0,0,0,NATIONAL
gaza,j-14.com,com,GLOBAL,GLOBAL,GLOBAL,PLATFORM,0,0,0,0,0,0,0,NATIONAL
gaza,jamn945.iheart.com,com,GLOBAL,GLOBAL,GLOBAL,PLATFORM,0,0,0,0,0,0,0,NATIONAL
gaza,jdnews.com,com,GLOBAL,GLOBAL,GLOBAL,PLATFORM,0,0,0,0,0,0,0,NATIONAL
gaza,journal-advocate.com,com,GLOBAL,GLOBAL,GLOBAL,PLATFORM,0,0,0,0,0,0,0,NATIONAL
gaza,journalismpakistan.com,com,GLOBAL,GLOBAL,GLOBAL,PLATFORM,0,0,0,0,0,0,0,NATIONAL
gaza,justblogbaby.com,com,GLOBAL,GLOBAL,GLOBAL,PLATFORM,0,0,0,0,0,0,0,NATIONAL
gaza,kcci.com,com,GLOBAL,GLOBAL,GLOBAL,PLATFORM,0,0,0,0,0,0,0,NATIONAL
gaza,kdks.fm,fm,NA,NA,OTHER,PLATFORM,0,0,0,0,0,0,0,PLATFORM
gaza,keanradio.com,com,GLOBAL,GLOBAL,GLOBAL,PLATFORM,0,0,0,0,0,0,0,NATIONAL
gaza,kelownacapnews.com,com,GLOBAL,GLOBAL,GLOBAL,PLATFORM,0,0,0,0,0,0,0,NATIONAL
gaza,kentonline.co.uk,uk,GB,Europe & Central Asia,OTHER,PLATFORM,0,0,0,0,0,0,0,NATIONAL
gaza,kfan.iheart.com,com,GLOBAL,GLOBAL,GLOBAL,PLATFORM,0,0,0,0,0,0,0,NATIONAL
gaza,kicks1063.com,com,GLOBAL,GLOBAL,GLOBAL,PLATFORM,0,0,0,0,0,0,0,NATIONAL
gaza,kiss1023.iheart.com,com,GLOBAL,GLOBAL,GLOBAL,PLATFORM,0,0,0,0,0,0,0,NATIONAL
gaza,kitchener.ctvnews.ca,ca,CA,North America,OTHER,PLATFORM,0,0,0,0,0,0,0,NATIONAL
gaza,kix104.iheart.com,com,GLOBAL,GLOBAL,GLOBAL,PLATFORM,0,0,0,0,0,0,0,NATIONAL
gaza,klin.com,com,GLOBAL,GLOBAL,GLOBAL,PLATFORM,0,0,0,0,0,0,0,NATIONAL
gaza,knuj.net,net,GLOBAL,GLOBAL,GLOBAL,PLATFORM,0,0,0,0,0,0,0,NATIONAL
gaza,kopsource.com,com,GLOBAL,GLOBAL,GLOBAL,PLATFORM,0,0,0,0,0,0,0,NATIONAL
gaza,koreabizwire.com,com,GLOBAL,GLOBAL,GLOBAL,PLATFORM,0,0,0,0,0,0,0,NATIONAL
gaza,kosu.org,org,GLOBAL,GLOBAL,GLOBAL,PLATFORM,0,0,0,0,0,0,0,NATIONAL
gaza,kq2.com,com,GLOBAL,GLOBAL,GLOBAL,PLATFORM,0,0,0,0,0,0,0,NATIONAL
gaza,krbe.com,com,GLOBAL,GLOBAL,GLOBAL,PLATFORM,0,0,0,0,0,0,0,NATIONAL
gaza,ksbw.com,com,GLOBAL,GLOBAL,GLOBAL,PLATFORM,0,0,0,0,0,0,0,NATIONAL
gaza,ksby.com,com,GLOBAL,GLOBAL,GLOBAL,PLATFORM,0,0,0,0,0,0,0,NATIONAL
gaza,ktnv.com,com,GLOBAL,GLOBAL,GLOBAL,PLATFORM,0,0,0,0,0,0,0,NATIONAL
gaza,kuzz.com,com,GLOBAL,GLOBAL,GLOBAL,PLATFORM,0,0,0,0,0,0,0,NATIONAL
gaza,kwcdcountry.com,com,GLOBAL,GLOBAL,GLOBAL,PLATFORM,0,0,0,0,0,0,0,NATIONAL
gaza,kwsn.com,com,GLOBAL,GLOBAL,GLOBAL,PLATFORM,0,0,0,0,0,0,0,NATIONAL
gaza,kzbb.iheart.com,com,GLOBAL,GLOBAL,GLOBAL,PLATFORM,0,0,0,0,0,0,0,NATIONAL
gaza,la.eater.com,com,GLOBAL,GLOBAL,GLOBAL,PLATFORM,0,0,0,0,0,0,0,NATIONAL
gaza,labnews.co.uk,uk,GB,Europe & Central Asia,OTHER,PLATFORM,0,0,0,0,0,0,0,NATIONAL
gaza,lakecowichangazette.com,com,GLOBAL,GLOBAL,GLOBAL,PLATFORM,0,0,0,0,0,0,0,NATIONAL
gaza,latina.com,com,GLOBAL,GLOBAL,GLOBAL,PLATFORM,0,0,0,0,0,0,0,NATIONAL
gaza,latintimes.com,com,GLOBAL,GLOBAL,GLOBAL,PLATFORM,0,0,0,0,0,0,0,NATIONAL
gaza,lgfocus.com.au,au,AU,East Asia & Pacific,OTHER,PLATFORM,0,0,0,0,0,0,0,NATIONAL
gaza,lionsroarnews.com,com,GLOBAL,GLOBAL,GLOBAL,PLATFORM,0,0,0,0,0,0,0,NATIONAL
gaza,live5news.com,com,GLOBAL,GLOBAL,GLOBAL,PLATFORM,0,0,0,0,0,0,0,NATIONAL
gaza,mediaforfreedom.com,com,GLOBAL,GLOBAL,GLOBAL,PLATFORM,0,0,0,0,0,0,0,NATIONAL
gaza,mexicostar.com,com,GLOBAL,GLOBAL,GLOBAL,PLATFORM,0,0,0,0,0,0,0,NATIONAL
gaza,military.com,com,GLOBAL,GLOBAL,GLOBAL,PLATFORM,0,0,0,0,0,0,0,NATIONAL
gaza,mining-journal.com,com,GLOBAL,GLOBAL,GLOBAL,PLATFORM,0,0,0,0,0,0,0,NATIONAL
gaza,minnlawyer.com,com,GLOBAL,GLOBAL,GLOBAL,PLATFORM,0,0,0,0,0,0,0,NATIONAL
gaza,mix1077.iheart.com,com,GLOBAL,GLOBAL,GLOBAL,PLATFORM,0,0,0,0,0,0,0,NATIONAL
gaza,mojo1029.com,com,GLOBAL,GLOBAL,GLOBAL,PLATFORM,0,0,0,0,0,0,0,NATIONAL
gaza,morganhilltimes.com,com,GLOBAL,GLOBAL,GLOBAL,PLATFORM,0,0,0,0,0,0,0,NATIONAL
gaza,mtstandard.com,com,GLOBAL,GLOBAL,GLOBAL,PLATFORM,0,0,0,0,0,0,0,NATIONAL
gaza,myhits106.com,com,GLOBAL,GLOBAL,GLOBAL,PLATFORM,0,0,0,0,0,0,0,NATIONAL
gaza,nasa.gov,gov,NA,NA,OTHER,PLATFORM,0,0,0,1,0,0,1,GOV
gaza,nashfm1025.com,com,GLOBAL,GLOBAL,GLOBAL,PLATFORM,0,0,0,0,0,0,0,NATIONAL
gaza,nationalhogfarmer.com,com,GLOBAL,GLOBAL,GLOBAL,PLATFORM,0,0,0,0,0,0,0,NATIONAL
gaza,nbc11news.com,com,GLOBAL,GLOBAL,GLOBAL,PLATFORM,0,0,0,0,0,0,0,NATIONAL
gaza,nbcmontana.com,com,GLOBAL,GLOBAL,GLOBAL,PLATFORM,0,0,0,0,0,0,0,NATIONAL
gaza,nbcsvg.com,com,GLOBAL,GLOBAL,GLOBAL,PLATFORM,0,0,0,0,0,0,0,NATIONAL
gaza,newstalkkgvo.com,com,GLOBAL,GLOBAL,GLOBAL,PLATFORM,0,0,0,0,0,0,0,NATIONAL
gaza,noise11.com,com,GLOBAL,GLOBAL,GLOBAL,PLATFORM,0,0,0,0,0,0,0,NATIONAL
gaza,northwestmoinfo.com,com,GLOBAL,GLOBAL,GLOBAL,PLATFORM,0,0,0,0,0,0,0,NATIONAL
gaza,novinite.com,com,GLOBAL,GLOBAL,GLOBAL,PLATFORM,0,0,0,0,0,0,0,NATIONAL
gaza,nripress.com,com,GLOBAL,GLOBAL,GLOBAL,PLATFORM,0,0,0,0,0,0,0,NATIONAL
gaza,nwnewsnetwork.org,org,GLOBAL,GLOBAL,GLOBAL,PLATFORM,0,0,0,0,0,0,0,NATIONAL
gaza,obituaries.corsicanadailysun.com,com,GLOBAL,GLOBAL,GLOBAL,PLATFORM,0,0,0,0,0,0,0,NATIONAL
gaza,obituaries.itemonline.com,com,GLOBAL,GLOBAL,GLOBAL,PLATFORM,0,0,0,0,0,0,0,NATIONAL
gaza,obituaries.ncnewsonline.com,com,GLOBAL,GLOBAL,GLOBAL,PLATFORM,0,0,0,0,0,0,0,NATIONAL
gaza,observer-reporter.com,com,GLOBAL,GLOBAL,GLOBAL,PLATFORM,0,0,0,0,0,0,0,NATIONAL
gaza,odnako.org,org,GLOBAL,GLOBAL,GLOBAL,PLATFORM,0,0,0,0,0,0,0,NATIONAL
gaza,odt.co.nz,nz,NZ,East Asia & Pacific,OTHER,PLATFORM,0,0,0,0,0,0,0,NATIONAL
gaza,paherald.sk.ca,ca,CA,North America,OTHER,PLATFORM,0,0,0,0,0,0,0,NATIONAL
gaza,polity.org.za,za,ZA,Sub-Saharan Africa,AFRICA,PLATFORM,0,0,0,0,0,0,0,NATIONAL
gaza,polygon.com,com,GLOBAL,GLOBAL,GLOBAL,PLATFORM,0,0,0,0,0,0,0,NATIONAL
gaza,pridesource.com,com,GLOBAL,GLOBAL,GLOBAL,PLATFORM,0,0,0,0,0,0,0,NATIONAL
gaza,proactiveinvestors.com,com,GLOBAL,GLOBAL,GLOBAL,PLATFORM,0,0,0,0,0,0,0,NATIONAL
gaza,q1043.iheart.com,com,GLOBAL,GLOBAL,GLOBAL,PLATFORM,0,0,0,0,0,0,0,NATIONAL
gaza,qconline.com,com,GLOBAL,GLOBAL,GLOBAL,PLATFORM,0,0,0,0,0,0,0,NATIONAL
gaza,rappler.com,com,GLOBAL,GLOBAL,GLOBAL,PLATFORM,0,0,0,0,0,0,0,NATIONAL
gaza,realgeni.com,com,GLOBAL,GLOBAL,GLOBAL,PLATFORM,0,0,0,0,0,0,0,NATIONAL
gaza,rigzone.com,com,GLOBAL,GLOBAL,GLOBAL,PLATFORM,0,0,0,0,0,0,0,NATIONAL
gaza,rsuradio.com,com,GLOBAL,GLOBAL,GLOBAL,PLATFORM,0,0,0,0,0,0,0,NATIONAL
gaza,runthetrap.com,com,GLOBAL,GLOBAL,GLOBAL,PLATFORM,0,0,0,0,0,0,0,NATIONAL
gaza,salinapost.com,com,GLOBAL,GLOBAL,GLOBAL,PLATFORM,0,0,0,0,0,0,0,NATIONAL
gaza,sanangelolive.com,com,GLOBAL,GLOBAL,GLOBAL,PLATFORM,0,0,0,0,0,0,0,NATIONAL
gaza,sanjuanjournal.com,com,GLOBAL,GLOBAL,GLOBAL,PLATFORM,0,0,0,0,0,0,0,NATIONAL
gaza,sg.style.yahoo.com,com,GLOBAL,GLOBAL,GLOBAL,PLATFORM,0,0,0,0,0,0,0,NATIONAL
gaza,slashfilm.com,com,GLOBAL,GLOBAL,GLOBAL,PLATFORM,0,0,0,0,0,0,0,NATIONAL
gaza,solomonstarnews.com,com,GLOBAL,GLOBAL,GLOBAL,PLATFORM,0,0,0,0,0,0,0,NATIONAL
gaza,south.maine207.org,org,GLOBAL,GLOBAL,GLOBAL,PLATFORM,0,0,0,0,0,0,0,NATIONAL
gaza,southernhighlandnews.com.au,au,AU,East Asia & Pacific,OTHER,PLATFORM,0,0,0,0,0,0,0,NATIONAL
gaza,starherald.com,com,GLOBAL,GLOBAL,GLOBAL,PLATFORM,0,0,0,0,0,0,0,NATIONAL
gaza,statesboroherald.com,com,GLOBAL,GLOBAL,GLOBAL,PLATFORM,0,0,0,0,0,0,0,NATIONAL
gaza,stopthedrugwar.org,org,GLOBAL,GLOBAL,GLOBAL,PLATFORM,0,0,0,0,0,0,0,NATIONAL
gaza,stwnewspress.com,com,GLOBAL,GLOBAL,GLOBAL,PLATFORM,0,0,0,0,0,0,0,NATIONAL
gaza,stylecaster.com,com,GLOBAL,GLOBAL,GLOBAL,PLATFORM,0,0,0,0,0,0,0,NATIONAL
gaza,syfy.com,com,GLOBAL,GLOBAL,GLOBAL,PLATFORM,0,0,0,0,0,0,0,NATIONAL
gaza,tap.info.tn,tn,NA,NA,OTHER,PLATFORM,0,0,0,0,0,0,0,PLATFORM
gaza,tech.hindustantimes.com,com,GLOBAL,GLOBAL,GLOBAL,PLATFORM,0,0,0,0,0,0,0,NATIONAL
gaza,techcrunch.com,com,GLOBAL,GLOBAL,GLOBAL,PLATFORM,0,0,0,0,0,0,0,NATIONAL
gaza,tennesseedaily.com,com,GLOBAL,GLOBAL,GLOBAL,PLATFORM,0,0,0,0,0,0,0,NATIONAL
gaza,thebig98.iheart.com,com,GLOBAL,GLOBAL,GLOBAL,PLATFORM,0,0,0,0,0,0,0,NATIONAL
gaza,thebulltulsa.com,com,GLOBAL,GLOBAL,GLOBAL,PLATFORM,0,0,0,0,0,0,0,NATIONAL
gaza,thecitizen.com,com,GLOBAL,GLOBAL,GLOBAL,PLATFORM,0,0,0,0,0,0,0,NATIONAL
gaza,thedailyreview.com,com,GLOBAL,GLOBAL,GLOBAL,PLATFORM,0,0,0,0,0,0,0,NATIONAL
gaza,thegrio.com,com,GLOBAL,GLOBAL,GLOBAL,PLATFORM,0,0,0,0,0,0,0,NATIONAL
gaza,thelansingjournal.com,com,GLOBAL,GLOBAL,GLOBAL,PLATFORM,0,0,0,0,0,0,0,NATIONAL
gaza,themusic.com.au,au,AU,East Asia & Pacific,OTHER,PLATFORM,0,0,0,0,0,0,0,NATIONAL
gaza,thesourcefm.co.uk,uk,GB,Europe & Central Asia,OTHER,PLATFORM,0,0,0,0,0,0,0,NATIONAL
gaza,thetimesnews.com,com,GLOBAL,GLOBAL,GLOBAL,PLATFORM,0,0,0,0,0,0,0,NATIONAL
gaza,thisisoxfordshire.co.uk,uk,GB,Europe & Central Asia,OTHER,PLATFORM,0,0,0,0,0,0,0,NATIONAL
gaza,timesdaily.com,com,GLOBAL,GLOBAL,GLOBAL,PLATFORM,0,0,0,0,0,0,0,NATIONAL
gaza,timesnewspapers.com,com,GLOBAL,GLOBAL,GLOBAL,PLATFORM,0,0,0,0,0,0,0,NATIONAL
gaza,toffeeweb.com,com,GLOBAL,GLOBAL,GLOBAL,PLATFORM,0,0,0,0,0,0,0,NATIONAL
gaza,tomsguide.com,com,GLOBAL,GLOBAL,GLOBAL,PLATFORM,0,0,0,0,0,0,0,NATIONAL
gaza,torontotelegraph.com,com,GLOBAL,GLOBAL,GLOBAL,PLATFORM,0,0,0,0,0,0,0,NATIONAL
gaza,travelweekly.com.au,au,AU,East Asia & Pacific,OTHER,PLATFORM,0,0,0,0,0,0,0,NATIONAL
gaza,tribune.net.ph,ph,NA,NA,OTHER,PLATFORM,0,0,0,0,0,0,0,PLATFORM
gaza,tribuneindia.com,com,GLOBAL,GLOBAL,GLOBAL,PLATFORM,0,0,0,0,0,0,0,NATIONAL
gaza,tucson.com,com,GLOBAL,GLOBAL,GLOBAL,PLATFORM,0,0,0,0,0,0,0,NATIONAL
gaza,twinsdaily.com,com,GLOBAL,GLOBAL,GLOBAL,PLATFORM,0,0,0,0,0,0,0,NATIONAL
gaza,unhcr.org,org,GLOBAL,GLOBAL,GLOBAL,PLATFORM,0,0,0,0,0,0,0,NATIONAL
gaza,us.cnn.com,com,GLOBAL,GLOBAL,GLOBAL,PLATFORM,0,0,0,0,0,0,0,NATIONAL
gaza,vanguardngr.com,com,GLOBAL,GLOBAL,GLOBAL,PLATFORM,0,0,0,0,0,0,0,NATIONAL
gaza,vice.com,com,GLOBAL,GLOBAL,GLOBAL,PLATFORM,0,0,0,0,0,0,0,NATIONAL
gaza,vicnews.com,com,GLOBAL,GLOBAL,GLOBAL,PLATFORM,0,0,0,0,0,0,0,NATIONAL
gaza,vulture.com,com,GLOBAL,GLOBAL,GLOBAL,PLATFORM,0,0,0,0,0,0,0,NATIONAL
gaza,washingtoninstitute.org,org,GLOBAL,GLOBAL,GLOBAL,PLATFORM,0,0,0,0,0,0,0,NATIONAL
gaza,wccq.com,com,GLOBAL,GLOBAL,GLOBAL,PLATFORM,0,0,0,0,0,0,0,NATIONAL
gaza,wdel.com,com,GLOBAL,GLOBAL,GLOBAL,PLATFORM,0,0,0,0,0,0,0,NATIONAL
gaza,wdrb.com,com,GLOBAL,GLOBAL,GLOBAL,PLATFORM,0,0,0,0,0,0,0,NATIONAL
gaza,westfaironline.com,com,GLOBAL,GLOBAL,GLOBAL,PLATFORM,0,0,0,0,0,0,0,NATIONAL
gaza,whio.com,com,GLOBAL,GLOBAL,GLOBAL,PLATFORM,0,0,0,0,0,0,0,NATIONAL
gaza,whittierdailynews.com,com,GLOBAL,GLOBAL,GLOBAL,PLATFORM,0,0,0,0,0,0,0,NATIONAL
gaza,wiltsglosstandard.co.uk,uk,GB,Europe & Central Asia,OTHER,PLATFORM,0,0,0,0,0,0,0,NATIONAL
gaza,wiod.iheart.com,com,GLOBAL,GLOBAL,GLOBAL,PLATFORM,0,0,0,0,0,0,0,NATIONAL
gaza,wiu.edu,edu,NA,NA,OTHER,PLATFORM,0,0,0,0,0,0,0,PLATFORM
gaza,wjbq.com,com,GLOBAL,GLOBAL,GLOBAL,PLATFORM,0,0,0,0,0,0,0,NATIONAL
gaza,wjlbdetroit.iheart.com,com,GLOBAL,GLOBAL,GLOBAL,PLATFORM,0,0,0,0,0,0,0,NATIONAL
gaza,wlrn.org,org,GLOBAL,GLOBAL,GLOBAL,PLATFORM,0,0,0,0,0,0,0,NATIONAL
gaza,wnci.iheart.com,com,GLOBAL,GLOBAL,GLOBAL,PLATFORM,0,0,0,0,0,0,0,NATIONAL
gaza,wnep.com,com,GLOBAL,GLOBAL,GLOBAL,PLATFORM,0,0,0,0,0,0,0,NATIONAL
gaza,woai.iheart.com,com,GLOBAL,GLOBAL,GLOBAL,PLATFORM,0,0,0,0,0,0,0,NATIONAL
gaza,wrwdcountry.iheart.com,com,GLOBAL,GLOBAL,GLOBAL,PLATFORM,0,0,0,0,0,0,0,NATIONAL
gaza,wshu.org,org,GLOBAL,GLOBAL,GLOBAL,PLATFORM,0,0,0,0,0,0,0,NATIONAL
gaza,wthitv.com,com,GLOBAL,GLOBAL,GLOBAL,PLATFORM,0,0,0,0,0,0,0,NATIONAL
gaza,wtug.com,com,GLOBAL,GLOBAL,GLOBAL,PLATFORM,0,0,0,0,0,0,0,NATIONAL
gaza,www2.fundsforngos.org,org,GLOBAL,GLOBAL,GLOBAL,PLATFORM,0,0,0,0,0,0,0,NATIONAL
gaza,y94.com,com,GLOBAL,GLOBAL,GLOBAL,PLATFORM,0,0,0,0,0,0,0,NATIONAL
gaza,z100missoula.com,com,GLOBAL,GLOBAL,GLOBAL,PLATFORM,0,0,0,0,0,0,0,NATIONAL
gaza,1015thehawk.com,com,GLOBAL,GLOBAL,GLOBAL,PLATFORM,0,0,0,0,0,0,0,NATIONAL
gaza,103gbfrocks.com,com,GLOBAL,GLOBAL,GLOBAL,PLATFORM,0,0,0,0,0,0,0,NATIONAL
gaza,afloat.ie,ie,NA,NA,OTHER,PLATFORM,0,0,0,0,0,0,0,PLATFORM
gaza,africa.chinadaily.com.cn,cn,CN,East Asia & Pacific,OTHER,PLATFORM,0,0,0,0,0,0,0,NATIONAL
gaza,akihabaranews.com,com,GLOBAL,GLOBAL,GLOBAL,PLATFORM,0,0,0,0,0,0,0,NATIONAL
gaza,androidcentral.com,com,GLOBAL,GLOBAL,GLOBAL,PLATFORM,0,0,0,0,0,0,0,NATIONAL
gaza,animenewsnetwork.com,com,GLOBAL,GLOBAL,GLOBAL,PLATFORM,0,0,0,0,0,0,0,NATIONAL
gaza,ansa.it,it,IT,Europe & Central Asia,OTHER,PLATFORM,0,0,0,0,0,0,0,NATIONAL
gaza,asianimage.co.uk,uk,GB,Europe & Central Asia,OTHER,PLATFORM,0,0,0,0,0,0,0,NATIONAL
gaza,atlantablackstar.com,com,GLOBAL,GLOBAL,GLOBAL,PLATFORM,0,0,0,0,0,0,0,NATIONAL
gaza,badgerofhonor.com,com,GLOBAL,GLOBAL,GLOBAL,PLATFORM,0,0,0,0,0,0,0,NATIONAL
gaza,barrie.ctvnews.ca,ca,CA,North America,OTHER,PLATFORM,0,0,0,0,0,0,0,NATIONAL
gaza,bartlesvilleradio.com,com,GLOBAL,GLOBAL,GLOBAL,PLATFORM,0,0,0,0,0,0,0,NATIONAL
gaza,bbc.com,com,GLOBAL,GLOBAL,GLOBAL,PLATFORM,0,0,0,0,0,0,0,NATIONAL
gaza,bcmag.ca,ca,CA,North America,OTHER,PLATFORM,0,0,0,0,0,0,0,NATIONAL
gaza,bengals.com,com,GLOBAL,GLOBAL,GLOBAL,PLATFORM,0,0,0,0,0,0,0,NATIONAL
gaza,borehamwoodtimes.co.uk,uk,GB,Europe & Central Asia,OTHER,PLATFORM,0,0,0,0,0,0,0,NATIONAL
gaza,brandonsun.com,com,GLOBAL,GLOBAL,GLOBAL,PLATFORM,0,0,0,0,0,0,0,NATIONAL
gaza,bransontrilakesnews.com,com,GLOBAL,GLOBAL,GLOBAL,PLATFORM,0,0,0,0,0,0,0,NATIONAL
gaza,briefingwire.com,com,GLOBAL,GLOBAL,GLOBAL,PLATFORM,0,0,0,0,0,0,0,NATIONAL
gaza,bubblear.com,com,GLOBAL,GLOBAL,GLOBAL,PLATFORM,0,0,0,0,0,0,0,NATIONAL
gaza,buffalonews.com,com,GLOBAL,GLOBAL,GLOBAL,PLATFORM,0,0,0,0,0,0,0,NATIONAL
gaza,businessnorth.com,com,GLOBAL,GLOBAL,GLOBAL,PLATFORM,0,0,0,0,0,0,0,NATIONAL
gaza,businesstraveller.com,com,GLOBAL,GLOBAL,GLOBAL,PLATFORM,0,0,0,0,0,0,0,NATIONAL
gaza,canadafreepress.com,com,GLOBAL,GLOBAL,GLOBAL,PLATFORM,0,0,0,0,0,0,0,NATIONAL
gaza,catholicnewsagency.com,com,GLOBAL,GLOBAL,GLOBAL,PLATFORM,0,0,0,0,0,0,0,NATIONAL
gaza,cdapress.com,com,GLOBAL,GLOBAL,GLOBAL,PLATFORM,0,0,0,0,0,0,0,NATIONAL
gaza,celebdirtylaundry.com,com,GLOBAL,GLOBAL,GLOBAL,PLATFORM,0,0,0,0,0,0,0,NATIONAL
gaza,cltampa.com,com,GLOBAL,GLOBAL,GLOBAL,PLATFORM,0,0,0,0,0,0,0,NATIONAL
gaza,cruxnow.com,com,GLOBAL,GLOBAL,GLOBAL,PLATFORM,0,0,0,0,0,0,0,NATIONAL
gaza,dunfermlinepress.com,com,GLOBAL,GLOBAL,GLOBAL,PLATFORM,0,0,0,0,0,0,0,NATIONAL
gaza,earthquakenewstoday.com,com,GLOBAL,GLOBAL,GLOBAL,PLATFORM,0,0,0,0,0,0,0,NATIONAL
gaza,eham.net,net,GLOBAL,GLOBAL,GLOBAL,PLATFORM,0,0,0,0,0,0,0,NATIONAL
gaza,etftrends.com,com,GLOBAL,GLOBAL,GLOBAL,PLATFORM,0,0,0,0,0,0,0,NATIONAL
gaza,fnarena.com,com,GLOBAL,GLOBAL,GLOBAL,PLATFORM,0,0,0,0,0,0,0,NATIONAL
gaza,giornaledibrescia.it,it,IT,Europe & Central Asia,OTHER,PLATFORM,0,0,0,0,0,0,0,NATIONAL
gaza,greensboro.com,com,GLOBAL,GLOBAL,GLOBAL,PLATFORM,0,0,0,0,0,0,0,NATIONAL
gaza,gridleyherald.com,com,GLOBAL,GLOBAL,GLOBAL,PLATFORM,0,0,0,0,0,0,0,NATIONAL
gaza,houstontexans.com,com,GLOBAL,GLOBAL,GLOBAL,PLATFORM,0,0,0,0,0,0,0,NATIONAL
gaza,hpherald.com,com,GLOBAL,GLOBAL,GLOBAL,PLATFORM,0,0,0,0,0,0,0,NATIONAL
gaza,investing.com,com,GLOBAL,GLOBAL,GLOBAL,PLATFORM,0,0,0,0,0,0,0,NATIONAL
gaza,ipswichstar.co.uk,uk,GB,Europe & Central Asia,OTHER,PLATFORM,0,0,0,0,0,0,0,NATIONAL
gaza,jamn1075.iheart.com,com,GLOBAL,GLOBAL,GLOBAL,PLATFORM,0,0,0,0,0,0,0,NATIONAL
gaza,jewishpress.com,com,GLOBAL,GLOBAL,GLOBAL,PLATFORM,0,0,0,0,0,0,0,NATIONAL
gaza,jonathanturley.org,org,GLOBAL,GLOBAL,GLOBAL,PLATFORM,0,0,0,0,0,0,0,NATIONAL
gaza,journal-news.com,com,GLOBAL,GLOBAL,GLOBAL,PLATFORM,0,0,0,0,0,0,0,NATIONAL
gaza,kboo.fm,fm,NA,NA,OTHER,PLATFORM,0,0,0,0,0,0,0,PLATFORM
gaza,keyj.com,com,GLOBAL,GLOBAL,GLOBAL,PLATFORM,0,0,0,0,0,0,0,NATIONAL
gaza,kicnews.org,org,GLOBAL,GLOBAL,GLOBAL,PLATFORM,0,0,0,0,0,0,0,NATIONAL
gaza,kkoh.com,com,GLOBAL,GLOBAL,GLOBAL,PLATFORM,0,0,0,0,0,0,0,NATIONAL
gaza,klewtv.com,com,GLOBAL,GLOBAL,GLOBAL,PLATFORM,0,0,0,0,0,0,0,NATIONAL
gaza,kmaland.com,com,GLOBAL,GLOBAL,GLOBAL,PLATFORM,0,0,0,0,0,0,0,NATIONAL
gaza,kmjnow.com,com,GLOBAL,GLOBAL,GLOBAL,PLATFORM,0,0,0,0,0,0,0,NATIONAL
gaza,krforadio.com,com,GLOBAL,GLOBAL,GLOBAL,PLATFORM,0,0,0,0,0,0,0,NATIONAL
gaza,kugn.com,com,GLOBAL,GLOBAL,GLOBAL,PLATFORM,0,0,0,0,0,0,0,NATIONAL
gaza,leighjournal.co.uk,uk,GB,Europe & Central Asia,OTHER,PLATFORM,0,0,0,0,0,0,0,NATIONAL
gaza,leinsterexpress.ie,ie,NA,NA,OTHER,PLATFORM,0,0,0,0,0,0,0,PLATFORM
gaza,marketrealist.com,com,GLOBAL,GLOBAL,GLOBAL,PLATFORM,0,0,0,0,0,0,0,NATIONAL
gaza,messengernewspapers.co.uk,uk,GB,Europe & Central Asia,OTHER,PLATFORM,0,0,0,0,0,0,0,NATIONAL
gaza,mix965tulsa.com,com,GLOBAL,GLOBAL,GLOBAL,PLATFORM,0,0,0,0,0,0,0,NATIONAL
gaza,moldpres.md,md,NA,NA,OTHER,PLATFORM,0,0,0,0,0,0,0,PLATFORM
gaza,muswellbrookchronicle.com.au,au,AU,East Asia & Pacific,OTHER,PLATFORM,0,0,0,0,0,0,0,NATIONAL
gaza,nbc24.com,com,GLOBAL,GLOBAL,GLOBAL,PLATFORM,0,0,0,0,0,0,0,NATIONAL
gaza,ncr-iran.org,org,GLOBAL,GLOBAL,GLOBAL,PLATFORM,0,0,0,0,0,0,0,NATIONAL
gaza,news.crossmap.com,com,GLOBAL,GLOBAL,GLOBAL,PLATFORM,0,0,0,0,0,0,0,NATIONAL
gaza,newscentermaine.com,com,GLOBAL,GLOBAL,GLOBAL,PLATFORM,0,0,0,0,0,0,0,NATIONAL
gaza,newsday.co.zw,zw,NA,NA,OTHER,PLATFORM,0,0,0,0,0,0,0,PLATFORM
gaza,newsletter.co.uk,uk,GB,Europe & Central Asia,OTHER,PLATFORM,0,0,0,0,0,0,0,NATIONAL
gaza,oilonwhyte.com,com,GLOBAL,GLOBAL,GLOBAL,PLATFORM,0,0,0,0,0,0,0,NATIONAL
gaza,opednews.com,com,GLOBAL,GLOBAL,GLOBAL,PLATFORM,0,0,0,0,0,0,0,NATIONAL
gaza,openpr.com,com,GLOBAL,GLOBAL,GLOBAL,PLATFORM,0,0,0,0,0,0,0,NATIONAL
gaza,philippinetimes.com,com,GLOBAL,GLOBAL,GLOBAL,PLATFORM,0,0,0,0,0,0,0,NATIONAL
gaza,plenglish.com,com,GLOBAL,GLOBAL,GLOBAL,PLATFORM,0,0,0,0,0,0,0,NATIONAL
gaza,portal.rivals.com,com,GLOBAL,GLOBAL,GLOBAL,PLATFORM,0,0,0,0,0,0,0,NATIONAL
gaza,qatar-tribune.com,com,GLOBAL,GLOBAL,GLOBAL,PLATFORM,0,0,0,0,0,0,0,NATIONAL
gaza,radioiowa.com,com,GLOBAL,GLOBAL,GLOBAL,PLATFORM,0,0,0,0,0,0,0,NATIONAL
gaza,raiders.com,com,GLOBAL,GLOBAL,GLOBAL,PLATFORM,0,0,0,0,0,0,0,NATIONAL
gaza,rep-am.com,com,GLOBAL,GLOBAL,GLOBAL,PLATFORM,0,0,0,0,0,0,0,NATIONAL
gaza,rexburgstandardjournal.com,com,GLOBAL,GLOBAL,GLOBAL,PLATFORM,0,0,0,0,0,0,0,NATIONAL
gaza,royalgazette.com,com,GLOBAL,GLOBAL,GLOBAL,PLATFORM,0,0,0,0,0,0,0,NATIONAL
gaza,russianradio7.com,com,GLOBAL,GLOBAL,GLOBAL,PLATFORM,0,0,0,0,0,0,0,NATIONAL
gaza,si.com,com,GLOBAL,GLOBAL,GLOBAL,PLATFORM,0,0,0,0,0,0,0,NATIONAL
gaza,smnewsnet.com,com,GLOBAL,GLOBAL,GLOBAL,PLATFORM,0,0,0,0,0,0,0,NATIONAL
gaza,sprucegroveexaminer.com:443,NA,NA,NA,OTHER,PLATFORM,0,0,0,0,0,0,0,PLATFORM
gaza,steelerswire.usatoday.com,com,GLOBAL,GLOBAL,GLOBAL,PLATFORM,0,0,0,0,0,0,0,NATIONAL
gaza,theboar.org,org,GLOBAL,GLOBAL,GLOBAL,PLATFORM,0,0,0,0,0,0,0,NATIONAL
gaza,theislamicmonthly.com,com,GLOBAL,GLOBAL,GLOBAL,PLATFORM,0,0,0,0,0,0,0,NATIONAL
gaza,themarysue.com,com,GLOBAL,GLOBAL,GLOBAL,PLATFORM,0,0,0,0,0,0,0,NATIONAL
gaza,tvline.com,com,GLOBAL,GLOBAL,GLOBAL,PLATFORM,0,0,0,0,0,0,0,NATIONAL
gaza,ummid.com,com,GLOBAL,GLOBAL,GLOBAL,PLATFORM,0,0,0,0,0,0,0,NATIONAL
gaza,utne.com,com,GLOBAL,GLOBAL,GLOBAL,PLATFORM,0,0,0,0,0,0,0,NATIONAL
gaza,uzmanpara.milliyet.com.tr,tr,TR,Europe & Central Asia,OTHER,PLATFORM,0,0,0,0,0,0,0,NATIONAL
gaza,voaafrique.com,com,GLOBAL,GLOBAL,GLOBAL,PLATFORM,0,0,0,0,0,0,0,NATIONAL
gaza,volcanoes.usgs.gov,gov,NA,NA,OTHER,PLATFORM,0,0,0,1,0,0,1,GOV
gaza,wabi.tv,tv,NA,NA,OTHER,PLATFORM,0,0,0,0,0,0,0,PLATFORM
gaza,wallaceburgcourierpress.com:443,NA,NA,NA,OTHER,PLATFORM,0,0,0,0,0,0,0,PLATFORM
gaza,wallstreetpit.com,com,GLOBAL,GLOBAL,GLOBAL,PLATFORM,0,0,0,0,0,0,0,NATIONAL
gaza,wcbe.org,org,GLOBAL,GLOBAL,GLOBAL,PLATFORM,0,0,0,0,0,0,0,NATIONAL
gaza,westword.com,com,GLOBAL,GLOBAL,GLOBAL,PLATFORM,0,0,0,0,0,0,0,NATIONAL
gaza,wfnc640am.com,com,GLOBAL,GLOBAL,GLOBAL,PLATFORM,0,0,0,0,0,0,0,NATIONAL
gaza,whdh.com,com,GLOBAL,GLOBAL,GLOBAL,PLATFORM,0,0,0,0,0,0,0,NATIONAL
gaza,wild941.com,com,GLOBAL,GLOBAL,GLOBAL,PLATFORM,0,0,0,0,0,0,0,NATIONAL
gaza,wjtn.com,com,GLOBAL,GLOBAL,GLOBAL,PLATFORM,0,0,0,0,0,0,0,NATIONAL
gaza,worthynews.com,com,GLOBAL,GLOBAL,GLOBAL,PLATFORM,0,0,0,0,0,0,0,NATIONAL
gaza,wpdh.com,com,GLOBAL,GLOBAL,GLOBAL,PLATFORM,0,0,0,0,0,0,0,NATIONAL
gaza,wsfa.com,com,GLOBAL,GLOBAL,GLOBAL,PLATFORM,0,0,0,0,0,0,0,NATIONAL
gaza,wtap.com,com,GLOBAL,GLOBAL,GLOBAL,PLATFORM,0,0,0,0,0,0,0,NATIONAL
gaza,wtmj.com,com,GLOBAL,GLOBAL,GLOBAL,PLATFORM,0,0,0,0,0,0,0,NATIONAL
gaza,yardbarker.com,com,GLOBAL,GLOBAL,GLOBAL,PLATFORM,0,0,0,0,0,0,0,NATIONAL
gaza,1035thebeat.iheart.com,com,GLOBAL,GLOBAL,GLOBAL,PLATFORM,0,0,0,0,0,0,0,NATIONAL
gaza,1055thebeat.iheart.com,com,GLOBAL,GLOBAL,GLOBAL,PLATFORM,0,0,0,0,0,0,0,NATIONAL
gaza,1230thegambler.iheart.com,com,GLOBAL,GLOBAL,GLOBAL,PLATFORM,0,0,0,0,0,0,0,NATIONAL
gaza,12news.com,com,GLOBAL,GLOBAL,GLOBAL,PLATFORM,0,0,0,0,0,0,0,NATIONAL
gaza,13wham.com,com,GLOBAL,GLOBAL,GLOBAL,PLATFORM,0,0,0,0,0,0,0,NATIONAL
gaza,969thegame.iheart.com,com,GLOBAL,GLOBAL,GLOBAL,PLATFORM,0,0,0,0,0,0,0,NATIONAL
gaza,abc-7.com,com,GLOBAL,GLOBAL,GLOBAL,PLATFORM,0,0,0,0,0,0,0,NATIONAL
gaza,afriquesenlutte.org,org,GLOBAL,GLOBAL,GLOBAL,PLATFORM,0,0,0,0,0,0,0,NATIONAL
gaza,aninews.in,in,IN,South Asia,OTHER,PLATFORM,0,0,0,0,0,0,0,NATIONAL
gaza,bedfordgazette.com,com,GLOBAL,GLOBAL,GLOBAL,PLATFORM,0,0,0,0,0,0,0,NATIONAL
gaza,bollywoodhungama.com,com,GLOBAL,GLOBAL,GLOBAL,PLATFORM,0,0,0,0,0,0,0,NATIONAL
gaza,boredpanda.com,com,GLOBAL,GLOBAL,GLOBAL,PLATFORM,0,0,0,0,0,0,0,NATIONAL
gaza,businessmirror.com.ph,ph,NA,NA,OTHER,PLATFORM,0,0,0,0,0,0,0,PLATFORM
gaza,cbs4local.com,com,GLOBAL,GLOBAL,GLOBAL,PLATFORM,0,0,0,0,0,0,0,NATIONAL
gaza,chathamthisweek.com:443,NA,NA,NA,OTHER,PLATFORM,0,0,0,0,0,0,0,PLATFORM
gaza,dailyadvertiser.com.au,au,AU,East Asia & Pacific,OTHER,PLATFORM,0,0,0,0,0,0,0,NATIONAL
gaza,dailyecho.co.uk,uk,GB,Europe & Central Asia,OTHER,PLATFORM,0,0,0,0,0,0,0,NATIONAL
gaza,dailyhodl.com,com,GLOBAL,GLOBAL,GLOBAL,PLATFORM,0,0,0,0,0,0,0,NATIONAL
gaza,en.trend.az,az,NA,NA,OTHER,PLATFORM,0,0,0,0,0,0,0,PLATFORM
gaza,europe.chinadaily.com.cn,cn,CN,East Asia & Pacific,OTHER,PLATFORM,0,0,0,0,0,0,0,NATIONAL
gaza,farmersjournal.ie,ie,NA,NA,OTHER,PLATFORM,0,0,0,0,0,0,0,PLATFORM
gaza,fifetoday.co.uk,uk,GB,Europe & Central Asia,OTHER,PLATFORM,0,0,0,0,0,0,0,NATIONAL
gaza,finchannel.com,com,GLOBAL,GLOBAL,GLOBAL,PLATFORM,0,0,0,0,0,0,0,NATIONAL
gaza,firstalert4.com,com,GLOBAL,GLOBAL,GLOBAL,PLATFORM,0,0,0,0,0,0,0,NATIONAL
gaza,galvnews.com,com,GLOBAL,GLOBAL,GLOBAL,PLATFORM,0,0,0,0,0,0,0,NATIONAL
gaza,geo.tv,tv,NA,NA,OTHER,PLATFORM,0,0,0,0,0,0,0,PLATFORM
gaza,getsurrey.co.uk,uk,GB,Europe & Central Asia,OTHER,PLATFORM,0,0,0,0,0,0,0,NATIONAL
gaza,gloucestershirelive.co.uk,uk,GB,Europe & Central Asia,OTHER,PLATFORM,0,0,0,0,0,0,0,NATIONAL
gaza,goulburnpost.com.au,au,AU,East Asia & Pacific,OTHER,PLATFORM,0,0,0,0,0,0,0,NATIONAL
gaza,hepburnadvocate.com.au,au,AU,East Asia & Pacific,OTHER,PLATFORM,0,0,0,0,0,0,0,NATIONAL
gaza,himtimes.com,com,GLOBAL,GLOBAL,GLOBAL,PLATFORM,0,0,0,0,0,0,0,NATIONAL
gaza,interlochenpublicradio.org,org,GLOBAL,GLOBAL,GLOBAL,PLATFORM,0,0,0,0,0,0,0,NATIONAL
gaza,intouchweekly.com,com,GLOBAL,GLOBAL,GLOBAL,PLATFORM,0,0,0,0,0,0,0,NATIONAL
gaza,kjzz.org,org,GLOBAL,GLOBAL,GLOBAL,PLATFORM,0,0,0,0,0,0,0,NATIONAL
gaza,kyivpost.com,com,GLOBAL,GLOBAL,GLOBAL,PLATFORM,0,0,0,0,0,0,0,NATIONAL
gaza,mexicoledger.com,com,GLOBAL,GLOBAL,GLOBAL,PLATFORM,0,0,0,0,0,0,0,NATIONAL
gaza,mpnews.com.au,au,AU,East Asia & Pacific,OTHER,PLATFORM,0,0,0,0,0,0,0,NATIONAL
gaza,mprnews.org,org,GLOBAL,GLOBAL,GLOBAL,PLATFORM,0,0,0,0,0,0,0,NATIONAL
gaza,myedmondsnews.com,com,GLOBAL,GLOBAL,GLOBAL,PLATFORM,0,0,0,0,0,0,0,NATIONAL
gaza,ndsmcobserver.com,com,GLOBAL,GLOBAL,GLOBAL,PLATFORM,0,0,0,0,0,0,0,NATIONAL
gaza,newnigerianpolitics.com,com,GLOBAL,GLOBAL,GLOBAL,PLATFORM,0,0,0,0,0,0,0,NATIONAL
gaza,newstalkzb.co.nz,nz,NZ,East Asia & Pacific,OTHER,PLATFORM,0,0,0,0,0,0,0,NATIONAL
gaza,nfl.com,com,GLOBAL,GLOBAL,GLOBAL,PLATFORM,0,0,0,0,0,0,0,NATIONAL
gaza,oklahomacitysun.com,com,GLOBAL,GLOBAL,GLOBAL,PLATFORM,0,0,0,0,0,0,0,NATIONAL
gaza,peeblesshirenews.com,com,GLOBAL,GLOBAL,GLOBAL,PLATFORM,0,0,0,0,0,0,0,NATIONAL
gaza,performancedrive.com.au,au,AU,East Asia & Pacific,OTHER,PLATFORM,0,0,0,0,0,0,0,NATIONAL
gaza,piquenewsmagazine.com,com,GLOBAL,GLOBAL,GLOBAL,PLATFORM,0,0,0,0,0,0,0,NATIONAL
gaza,primepublishers.com,com,GLOBAL,GLOBAL,GLOBAL,PLATFORM,0,0,0,0,0,0,0,NATIONAL
gaza,rador.ro,ro,NA,NA,OTHER,PLATFORM,0,0,0,0,0,0,0,PLATFORM
gaza,rock967online.com,com,GLOBAL,GLOBAL,GLOBAL,PLATFORM,0,0,0,0,0,0,0,NATIONAL
gaza,semissourian.com,com,GLOBAL,GLOBAL,GLOBAL,PLATFORM,0,0,0,0,0,0,0,NATIONAL
gaza,slguardian.org,org,GLOBAL,GLOBAL,GLOBAL,PLATFORM,0,0,0,0,0,0,0,NATIONAL
gaza,southernminn.com,com,GLOBAL,GLOBAL,GLOBAL,PLATFORM,0,0,0,0,0,0,0,NATIONAL
gaza,southwalesargus.co.uk,uk,GB,Europe & Central Asia,OTHER,PLATFORM,0,0,0,0,0,0,0,NATIONAL
gaza,summitdaily.com,com,GLOBAL,GLOBAL,GLOBAL,PLATFORM,0,0,0,0,0,0,0,NATIONAL
gaza,telegrafi.com,com,GLOBAL,GLOBAL,GLOBAL,PLATFORM,0,0,0,0,0,0,0,NATIONAL
gaza,theportugalnews.com,com,GLOBAL,GLOBAL,GLOBAL,PLATFORM,0,0,0,0,0,0,0,NATIONAL
gaza,thesmokinggun.com,com,GLOBAL,GLOBAL,GLOBAL,PLATFORM,0,0,0,0,0,0,0,NATIONAL
gaza,trentonian.com,com,GLOBAL,GLOBAL,GLOBAL,PLATFORM,0,0,0,0,0,0,0,NATIONAL
gaza,tribune.com.pk,pk,NA,NA,OTHER,PLATFORM,0,0,0,0,0,0,0,PLATFORM
gaza,undeadwalking.com,com,GLOBAL,GLOBAL,GLOBAL,PLATFORM,0,0,0,0,0,0,0,NATIONAL
gaza,usa.chinadaily.com.cn,cn,CN,East Asia & Pacific,OTHER,PLATFORM,0,0,0,0,0,0,0,NATIONAL
gaza,vientianetimes.org.la,la,NA,NA,OTHER,PLATFORM,0,0,0,0,0,0,0,PLATFORM
gaza,volcanodiscovery.com,com,GLOBAL,GLOBAL,GLOBAL,PLATFORM,0,0,0,0,0,0,0,NATIONAL
gaza,waff.com,com,GLOBAL,GLOBAL,GLOBAL,PLATFORM,0,0,0,0,0,0,0,NATIONAL
gaza,wcvu.iheart.com,com,GLOBAL,GLOBAL,GLOBAL,PLATFORM,0,0,0,0,0,0,0,NATIONAL
gaza,wemu.org,org,GLOBAL,GLOBAL,GLOBAL,PLATFORM,0,0,0,0,0,0,0,NATIONAL
gaza,whtimes.co.uk,uk,GB,Europe & Central Asia,OTHER,PLATFORM,0,0,0,0,0,0,0,NATIONAL
gaza,wiscnews.com,com,GLOBAL,GLOBAL,GLOBAL,PLATFORM,0,0,0,0,0,0,0,NATIONAL
gaza,wkms.org,org,GLOBAL,GLOBAL,GLOBAL,PLATFORM,0,0,0,0,0,0,0,NATIONAL
gaza,wknofm.org,org,GLOBAL,GLOBAL,GLOBAL,PLATFORM,0,0,0,0,0,0,0,NATIONAL
gaza,wogx.com,com,GLOBAL,GLOBAL,GLOBAL,PLATFORM,0,0,0,0,0,0,0,NATIONAL
gaza,wvva.com,com,GLOBAL,GLOBAL,GLOBAL,PLATFORM,0,0,0,0,0,0,0,NATIONAL
gaza,wypr.org,org,GLOBAL,GLOBAL,GLOBAL,PLATFORM,0,0,0,0,0,0,0,NATIONAL
gaza,x1015.iheart.com,com,GLOBAL,GLOBAL,GLOBAL,PLATFORM,0,0,0,0,0,0,0,NATIONAL
gaza,yourdemocracy.net,net,GLOBAL,GLOBAL,GLOBAL,PLATFORM,0,0,0,0,0,0,0,NATIONAL
gaza,zehabesha.com,com,GLOBAL,GLOBAL,GLOBAL,PLATFORM,0,0,0,0,0,0,0,NATIONAL
gaza,1015.iheart.com,com,GLOBAL,GLOBAL,GLOBAL,PLATFORM,0,0,0,0,0,0,0,NATIONAL
gaza,1025thelake.iheart.com,com,GLOBAL,GLOBAL,GLOBAL,PLATFORM,0,0,0,0,0,0,0,NATIONAL
gaza,1069thefox.com,com,GLOBAL,GLOBAL,GLOBAL,PLATFORM,0,0,0,0,0,0,0,NATIONAL
gaza,1280wnam.com,com,GLOBAL,GLOBAL,GLOBAL,PLATFORM,0,0,0,0,0,0,0,NATIONAL
gaza,600wmtradio.iheart.com,com,GLOBAL,GLOBAL,GLOBAL,PLATFORM,0,0,0,0,0,0,0,NATIONAL
gaza,937kcountry.com,com,GLOBAL,GLOBAL,GLOBAL,PLATFORM,0,0,0,0,0,0,0,NATIONAL
gaza,961therocket.iheart.com,com,GLOBAL,GLOBAL,GLOBAL,PLATFORM,0,0,0,0,0,0,0,NATIONAL
gaza,abc15.com,com,GLOBAL,GLOBAL,GLOBAL,PLATFORM,0,0,0,0,0,0,0,NATIONAL
gaza,ajc.com,com,GLOBAL,GLOBAL,GLOBAL,PLATFORM,0,0,0,0,0,0,0,NATIONAL
gaza,alaskapublic.org,org,GLOBAL,GLOBAL,GLOBAL,PLATFORM,0,0,0,0,0,0,0,NATIONAL
gaza,alt1073.iheart.com,com,GLOBAL,GLOBAL,GLOBAL,PLATFORM,0,0,0,0,0,0,0,NATIONAL
gaza,aps.dz:443,NA,NA,NA,OTHER,PLATFORM,0,0,0,0,0,0,0,PLATFORM
gaza,areanews.com.au,au,AU,East Asia & Pacific,OTHER,PLATFORM,0,0,0,0,0,0,0,NATIONAL
gaza,b1039.com,com,GLOBAL,GLOBAL,GLOBAL,PLATFORM,0,0,0,0,0,0,0,NATIONAL
gaza,b939country.iheart.com,com,GLOBAL,GLOBAL,GLOBAL,PLATFORM,0,0,0,0,0,0,0,NATIONAL
gaza,b98fm.iheart.com,com,GLOBAL,GLOBAL,GLOBAL,PLATFORM,0,0,0,0,0,0,0,NATIONAL
gaza,banana1015.com,com,GLOBAL,GLOBAL,GLOBAL,PLATFORM,0,0,0,0,0,0,0,NATIONAL
gaza,bear953.com,com,GLOBAL,GLOBAL,GLOBAL,PLATFORM,0,0,0,0,0,0,0,NATIONAL
gaza,belfasttelegraph.co.uk,uk,GB,Europe & Central Asia,OTHER,PLATFORM,0,0,0,0,0,0,0,NATIONAL
gaza,bendigoadvertiser.com.au,au,AU,East Asia & Pacific,OTHER,PLATFORM,0,0,0,0,0,0,0,NATIONAL
gaza,big979.iheart.com,com,GLOBAL,GLOBAL,GLOBAL,PLATFORM,0,0,0,0,0,0,0,NATIONAL
gaza,bigcountry969.com,com,GLOBAL,GLOBAL,GLOBAL,PLATFORM,0,0,0,0,0,0,0,NATIONAL
gaza,blackamericaweb.com,com,GLOBAL,GLOBAL,GLOBAL,PLATFORM,0,0,0,0,0,0,0,NATIONAL
gaza,bordermail.com.au,au,AU,East Asia & Pacific,OTHER,PLATFORM,0,0,0,0,0,0,0,NATIONAL
gaza,breitbart.com,com,GLOBAL,GLOBAL,GLOBAL,PLATFORM,0,0,0,0,0,0,0,NATIONAL
gaza,brobible.com,com,GLOBAL,GLOBAL,GLOBAL,PLATFORM,0,0,0,0,0,0,0,NATIONAL
gaza,brookingsradio.com,com,GLOBAL,GLOBAL,GLOBAL,PLATFORM,0,0,0,0,0,0,0,NATIONAL
gaza,brownfieldagnews.com,com,GLOBAL,GLOBAL,GLOBAL,PLATFORM,0,0,0,0,0,0,0,NATIONAL
gaza,bulgariagazette.com,com,GLOBAL,GLOBAL,GLOBAL,PLATFORM,0,0,0,0,0,0,0,NATIONAL
gaza,chfi.com,com,GLOBAL,GLOBAL,GLOBAL,PLATFORM,0,0,0,0,0,0,0,NATIONAL
gaza,colombogazette.com,com,GLOBAL,GLOBAL,GLOBAL,PLATFORM,0,0,0,0,0,0,0,NATIONAL
gaza,covers.com,com,GLOBAL,GLOBAL,GLOBAL,PLATFORM,0,0,0,0,0,0,0,NATIONAL
gaza,csindy.com,com,GLOBAL,GLOBAL,GLOBAL,PLATFORM,0,0,0,0,0,0,0,NATIONAL
gaza,cubaheadlines.com,com,GLOBAL,GLOBAL,GLOBAL,PLATFORM,0,0,0,0,0,0,0,NATIONAL
gaza,curetoday.com,com,GLOBAL,GLOBAL,GLOBAL,PLATFORM,0,0,0,0,0,0,0,NATIONAL
gaza,dailyprogress.com,com,GLOBAL,GLOBAL,GLOBAL,PLATFORM,0,0,0,0,0,0,0,NATIONAL
gaza,dailysignal.com,com,GLOBAL,GLOBAL,GLOBAL,PLATFORM,0,0,0,0,0,0,0,NATIONAL
gaza,dailytribune.com,com,GLOBAL,GLOBAL,GLOBAL,PLATFORM,0,0,0,0,0,0,0,NATIONAL
gaza,darientimes.com,com,GLOBAL,GLOBAL,GLOBAL,PLATFORM,0,0,0,0,0,0,0,NATIONAL
gaza,demerarawaves.com,com,GLOBAL,GLOBAL,GLOBAL,PLATFORM,0,0,0,0,0,0,0,NATIONAL
gaza,dmnews.com,com,GLOBAL,GLOBAL,GLOBAL,PLATFORM,0,0,0,0,0,0,0,NATIONAL
gaza,duncanbanner.com,com,GLOBAL,GLOBAL,GLOBAL,PLATFORM,0,0,0,0,0,0,0,NATIONAL
gaza,en.acnnewswire.com,com,GLOBAL,GLOBAL,GLOBAL,PLATFORM,0,0,0,0,0,0,0,NATIONAL
gaza,english.aawsat.com,com,GLOBAL,GLOBAL,GLOBAL,PLATFORM,0,0,0,0,0,0,0,NATIONAL
gaza,fortmorgantimes.com,com,GLOBAL,GLOBAL,GLOBAL,PLATFORM,0,0,0,0,0,0,0,NATIONAL
gaza,fox5atlanta.com,com,GLOBAL,GLOBAL,GLOBAL,PLATFORM,0,0,0,0,0,0,0,NATIONAL
gaza,freerepublic.com,com,GLOBAL,GLOBAL,GLOBAL,PLATFORM,0,0,0,0,0,0,0,NATIONAL
gaza,giantbomb.com,com,GLOBAL,GLOBAL,GLOBAL,PLATFORM,0,0,0,0,0,0,0,NATIONAL
gaza,greenleft.org.au,au,AU,East Asia & Pacific,OTHER,PLATFORM,0,0,0,0,0,0,0,NATIONAL
gaza,guampdn.com,com,GLOBAL,GLOBAL,GLOBAL,PLATFORM,0,0,0,0,0,0,0,NATIONAL
gaza,hanfordsentinel.com,com,GLOBAL,GLOBAL,GLOBAL,PLATFORM,0,0,0,0,0,0,0,NATIONAL
gaza,hendersondispatch.com,com,GLOBAL,GLOBAL,GLOBAL,PLATFORM,0,0,0,0,0,0,0,NATIONAL
gaza,hooversun.com,com,GLOBAL,GLOBAL,GLOBAL,PLATFORM,0,0,0,0,0,0,0,NATIONAL
gaza,hurriyetdailynews.com,com,GLOBAL,GLOBAL,GLOBAL,PLATFORM,0,0,0,0,0,0,0,NATIONAL
gaza,jordantimes.com,com,GLOBAL,GLOBAL,GLOBAL,PLATFORM,0,0,0,0,0,0,0,NATIONAL
gaza,kashmirtimes.com,com,GLOBAL,GLOBAL,GLOBAL,PLATFORM,0,0,0,0,0,0,0,NATIONAL
gaza,kawc.org,org,GLOBAL,GLOBAL,GLOBAL,PLATFORM,0,0,0,0,0,0,0,NATIONAL
gaza,kbtx.com,com,GLOBAL,GLOBAL,GLOBAL,PLATFORM,0,0,0,0,0,0,0,NATIONAL
gaza,kevinmd.com,com,GLOBAL,GLOBAL,GLOBAL,PLATFORM,0,0,0,0,0,0,0,NATIONAL
gaza,khmertimeskh.com,com,GLOBAL,GLOBAL,GLOBAL,PLATFORM,0,0,0,0,0,0,0,NATIONAL
gaza,kicksonfire.com,com,GLOBAL,GLOBAL,GLOBAL,PLATFORM,0,0,0,0,0,0,0,NATIONAL
gaza,kmch.com,com,GLOBAL,GLOBAL,GLOBAL,PLATFORM,0,0,0,0,0,0,0,NATIONAL
gaza,kmmsam.com,com,GLOBAL,GLOBAL,GLOBAL,PLATFORM,0,0,0,0,0,0,0,NATIONAL
gaza,koaa.com,com,GLOBAL,GLOBAL,GLOBAL,PLATFORM,0,0,0,0,0,0,0,NATIONAL
gaza,kslx.com,com,GLOBAL,GLOBAL,GLOBAL,PLATFORM,0,0,0,0,0,0,0,NATIONAL
gaza,ladailypost.com,com,GLOBAL,GLOBAL,GLOBAL,PLATFORM,0,0,0,0,0,0,0,NATIONAL
gaza,lebanondemocrat.com,com,GLOBAL,GLOBAL,GLOBAL,PLATFORM,0,0,0,0,0,0,0,NATIONAL
gaza,lockportjournal.com,com,GLOBAL,GLOBAL,GLOBAL,PLATFORM,0,0,0,0,0,0,0,NATIONAL
gaza,mactech.com,com,GLOBAL,GLOBAL,GLOBAL,PLATFORM,0,0,0,0,0,0,0,NATIONAL
gaza,manxradio.com,com,GLOBAL,GLOBAL,GLOBAL,PLATFORM,0,0,0,0,0,0,0,NATIONAL
gaza,mauinow.com,com,GLOBAL,GLOBAL,GLOBAL,PLATFORM,0,0,0,0,0,0,0,NATIONAL
gaza,militarytimes.com,com,GLOBAL,GLOBAL,GLOBAL,PLATFORM,0,0,0,0,0,0,0,NATIONAL
gaza,mix1049.com.au,au,AU,East Asia & Pacific,OTHER,PLATFORM,0,0,0,0,0,0,0,NATIONAL
gaza,mix981fm.iheart.com,com,GLOBAL,GLOBAL,GLOBAL,PLATFORM,0,0,0,0,0,0,0,NATIONAL
gaza,mobihealthnews.com,com,GLOBAL,GLOBAL,GLOBAL,PLATFORM,0,0,0,0,0,0,0,NATIONAL
gaza,myiowainfo.com,com,GLOBAL,GLOBAL,GLOBAL,PLATFORM,0,0,0,0,0,0,0,NATIONAL
gaza,mymagic949.com,com,GLOBAL,GLOBAL,GLOBAL,PLATFORM,0,0,0,0,0,0,0,NATIONAL
gaza,napaneeguide.com:443,NA,NA,NA,OTHER,PLATFORM,0,0,0,0,0,0,0,PLATFORM
gaza,newsbusters.org,org,GLOBAL,GLOBAL,GLOBAL,PLATFORM,0,0,0,0,0,0,0,NATIONAL
gaza,nv1.org,org,GLOBAL,GLOBAL,GLOBAL,PLATFORM,0,0,0,0,0,0,0,NATIONAL
gaza,oldies1320.iheart.com,com,GLOBAL,GLOBAL,GLOBAL,PLATFORM,0,0,0,0,0,0,0,NATIONAL
gaza,oleantimesherald.com,com,GLOBAL,GLOBAL,GLOBAL,PLATFORM,0,0,0,0,0,0,0,NATIONAL
gaza,pastemagazine.com,com,GLOBAL,GLOBAL,GLOBAL,PLATFORM,0,0,0,0,0,0,0,NATIONAL
gaza,phandroid.com,com,GLOBAL,GLOBAL,GLOBAL,PLATFORM,0,0,0,0,0,0,0,NATIONAL
gaza,portstephensexaminer.com.au,au,AU,East Asia & Pacific,OTHER,PLATFORM,0,0,0,0,0,0,0,NATIONAL
gaza,powerorlando.com,com,GLOBAL,GLOBAL,GLOBAL,PLATFORM,0,0,0,0,0,0,0,NATIONAL
gaza,pressdemocrat.com,com,GLOBAL,GLOBAL,GLOBAL,PLATFORM,0,0,0,0,0,0,0,NATIONAL
gaza,pushsquare.com,com,GLOBAL,GLOBAL,GLOBAL,PLATFORM,0,0,0,0,0,0,0,NATIONAL
gaza,reporter.net,net,GLOBAL,GLOBAL,GLOBAL,PLATFORM,0,0,0,0,0,0,0,NATIONAL
gaza,republicanherald.com,com,GLOBAL,GLOBAL,GLOBAL,PLATFORM,0,0,0,0,0,0,0,NATIONAL
gaza,rsn.net.au,au,AU,East Asia & Pacific,OTHER,PLATFORM,0,0,0,0,0,0,0,NATIONAL
gaza,se933.com,com,GLOBAL,GLOBAL,GLOBAL,PLATFORM,0,0,0,0,0,0,0,NATIONAL
gaza,sfchronicle.com,com,GLOBAL,GLOBAL,GLOBAL,PLATFORM,0,0,0,0,0,0,0,NATIONAL
gaza,shark1053.com,com,GLOBAL,GLOBAL,GLOBAL,PLATFORM,0,0,0,0,0,0,0,NATIONAL
gaza,shenandoahcountryq102.iheart.com,com,GLOBAL,GLOBAL,GLOBAL,PLATFORM,0,0,0,0,0,0,0,NATIONAL
gaza,shootonline.com,com,GLOBAL,GLOBAL,GLOBAL,PLATFORM,0,0,0,0,0,0,0,NATIONAL
gaza,siouxlandnews.com,com,GLOBAL,GLOBAL,GLOBAL,PLATFORM,0,0,0,0,0,0,0,NATIONAL
gaza,sknvibes.com,com,GLOBAL,GLOBAL,GLOBAL,PLATFORM,0,0,0,0,0,0,0,NATIONAL
gaza,somersetlive.co.uk,uk,GB,Europe & Central Asia,OTHER,PLATFORM,0,0,0,0,0,0,0,NATIONAL
gaza,southernliving.com,com,GLOBAL,GLOBAL,GLOBAL,PLATFORM,0,0,0,0,0,0,0,NATIONAL
gaza,srpressgazette.com,com,GLOBAL,GLOBAL,GLOBAL,PLATFORM,0,0,0,0,0,0,0,NATIONAL
gaza,star991hawaii.iheart.com,com,GLOBAL,GLOBAL,GLOBAL,PLATFORM,0,0,0,0,0,0,0,NATIONAL
gaza,taiwannews.com.tw,tw,NA,NA,OTHER,PLATFORM,0,0,0,0,0,0,0,PLATFORM
gaza,taylorvilledailynews.com,com,GLOBAL,GLOBAL,GLOBAL,PLATFORM,0,0,0,0,0,0,0,NATIONAL
gaza,techrepublic.com,com,GLOBAL,GLOBAL,GLOBAL,PLATFORM,0,0,0,0,0,0,0,NATIONAL
gaza,thecordovatimes.com,com,GLOBAL,GLOBAL,GLOBAL,PLATFORM,0,0,0,0,0,0,0,NATIONAL
gaza,theenterpriseleader.com,com,GLOBAL,GLOBAL,GLOBAL,PLATFORM,0,0,0,0,0,0,0,NATIONAL
gaza,thenewamerican.com,com,GLOBAL,GLOBAL,GLOBAL,PLATFORM,0,0,0,0,0,0,0,NATIONAL
gaza,thisislocallondon.co.uk,uk,GB,Europe & Central Asia,OTHER,PLATFORM,0,0,0,0,0,0,0,NATIONAL
gaza,timesofoman.com,com,GLOBAL,GLOBAL,GLOBAL,PLATFORM,0,0,0,0,0,0,0,NATIONAL
gaza,tweaktown.com,com,GLOBAL,GLOBAL,GLOBAL,PLATFORM,0,0,0,0,0,0,0,NATIONAL
gaza,union-bulletin.com,com,GLOBAL,GLOBAL,GLOBAL,PLATFORM,0,0,0,0,0,0,0,NATIONAL
gaza,victorharbortimes.com.au,au,AU,East Asia & Pacific,OTHER,PLATFORM,0,0,0,0,0,0,0,NATIONAL
gaza,wallstreet-online.de,de,DE,Europe & Central Asia,OTHER,PLATFORM,0,0,0,0,0,0,0,NATIONAL
gaza,wbckfm.com,com,GLOBAL,GLOBAL,GLOBAL,PLATFORM,0,0,0,0,0,0,0,NATIONAL
gaza,wbsm.com,com,GLOBAL,GLOBAL,GLOBAL,PLATFORM,0,0,0,0,0,0,0,NATIONAL
gaza,wcsg.org,org,GLOBAL,GLOBAL,GLOBAL,PLATFORM,0,0,0,0,0,0,0,NATIONAL
gaza,wgal.com,com,GLOBAL,GLOBAL,GLOBAL,PLATFORM,0,0,0,0,0,0,0,NATIONAL
gaza,wildcatbluenation.com,com,GLOBAL,GLOBAL,GLOBAL,PLATFORM,0,0,0,0,0,0,0,NATIONAL
gaza,wjol.com,com,GLOBAL,GLOBAL,GLOBAL,PLATFORM,0,0,0,0,0,0,0,NATIONAL
gaza,wlos.com,com,GLOBAL,GLOBAL,GLOBAL,PLATFORM,0,0,0,0,0,0,0,NATIONAL
gaza,wmtram.com,com,GLOBAL,GLOBAL,GLOBAL,PLATFORM,0,0,0,0,0,0,0,NATIONAL
gaza,worldtribune.com,com,GLOBAL,GLOBAL,GLOBAL,PLATFORM,0,0,0,0,0,0,0,NATIONAL
gaza,wqmf.iheart.com,com,GLOBAL,GLOBAL,GLOBAL,PLATFORM,0,0,0,0,0,0,0,NATIONAL
gaza,wsaw.com,com,GLOBAL,GLOBAL,GLOBAL,PLATFORM,0,0,0,0,0,0,0,NATIONAL
gaza,wsiu.org,org,GLOBAL,GLOBAL,GLOBAL,PLATFORM,0,0,0,0,0,0,0,NATIONAL
gaza,wsmv.com,com,GLOBAL,GLOBAL,GLOBAL,PLATFORM,0,0,0,0,0,0,0,NATIONAL
gaza,wtju.net,net,GLOBAL,GLOBAL,GLOBAL,PLATFORM,0,0,0,0,0,0,0,NATIONAL
gaza,wtok.com,com,GLOBAL,GLOBAL,GLOBAL,PLATFORM,0,0,0,0,0,0,0,NATIONAL
gaza,wtvy.com,com,GLOBAL,GLOBAL,GLOBAL,PLATFORM,0,0,0,0,0,0,0,NATIONAL
gaza,wxow.com,com,GLOBAL,GLOBAL,GLOBAL,PLATFORM,0,0,0,0,0,0,0,NATIONAL
gaza,xl93.iheart.com,com,GLOBAL,GLOBAL,GLOBAL,PLATFORM,0,0,0,0,0,0,0,NATIONAL
gaza,103xonline.iheart.com,com,GLOBAL,GLOBAL,GLOBAL,PLATFORM,0,0,0,0,0,0,0,NATIONAL
gaza,1061kissfm.iheart.com,com,GLOBAL,GLOBAL,GLOBAL,PLATFORM,0,0,0,0,0,0,0,NATIONAL
gaza,1077thefox.iheart.com,com,GLOBAL,GLOBAL,GLOBAL,PLATFORM,0,0,0,0,0,0,0,NATIONAL
gaza,1290wlby.com,com,GLOBAL,GLOBAL,GLOBAL,PLATFORM,0,0,0,0,0,0,0,NATIONAL
gaza,1360kmjm.iheart.com,com,GLOBAL,GLOBAL,GLOBAL,PLATFORM,0,0,0,0,0,0,0,NATIONAL
gaza,1450wkip.iheart.com,com,GLOBAL,GLOBAL,GLOBAL,PLATFORM,0,0,0,0,0,0,0,NATIONAL
gaza,21alivenews.com,com,GLOBAL,GLOBAL,GLOBAL,PLATFORM,0,0,0,0,0,0,0,NATIONAL
gaza,41nbc.com,com,GLOBAL,GLOBAL,GLOBAL,PLATFORM,0,0,0,0,0,0,0,NATIONAL
gaza,620ckrm.com,com,GLOBAL,GLOBAL,GLOBAL,PLATFORM,0,0,0,0,0,0,0,NATIONAL
gaza,720thevoice.iheart.com,com,GLOBAL,GLOBAL,GLOBAL,PLATFORM,0,0,0,0,0,0,0,NATIONAL
gaza,921theticket.com,com,GLOBAL,GLOBAL,GLOBAL,PLATFORM,0,0,0,0,0,0,0,NATIONAL
gaza,933fmthewolf.iheart.com,com,GLOBAL,GLOBAL,GLOBAL,PLATFORM,0,0,0,0,0,0,0,NATIONAL
gaza,971theeagle.iheart.com,com,GLOBAL,GLOBAL,GLOBAL,PLATFORM,0,0,0,0,0,0,0,NATIONAL
gaza,973thedawg.com,com,GLOBAL,GLOBAL,GLOBAL,PLATFORM,0,0,0,0,0,0,0,NATIONAL
gaza,981kvet.iheart.com,com,GLOBAL,GLOBAL,GLOBAL,PLATFORM,0,0,0,0,0,0,0,NATIONAL
gaza,abbynews.com,com,GLOBAL,GLOBAL,GLOBAL,PLATFORM,0,0,0,0,0,0,0,NATIONAL
gaza,abqjournal.com,com,GLOBAL,GLOBAL,GLOBAL,PLATFORM,0,0,0,0,0,0,0,NATIONAL
gaza,actionforex.com,com,GLOBAL,GLOBAL,GLOBAL,PLATFORM,0,0,0,0,0,0,0,NATIONAL
gaza,advisor.ca,ca,CA,North America,OTHER,PLATFORM,0,0,0,0,0,0,0,NATIONAL
gaza,aggie96.iheart.com,com,GLOBAL,GLOBAL,GLOBAL,PLATFORM,0,0,0,0,0,0,0,NATIONAL
gaza,arnnet.com.au,au,AU,East Asia & Pacific,OTHER,PLATFORM,0,0,0,0,0,0,0,NATIONAL
gaza,blogs.webmd.com,com,GLOBAL,GLOBAL,GLOBAL,PLATFORM,0,0,0,0,0,0,0,NATIONAL
gaza,bmj.com,com,GLOBAL,GLOBAL,GLOBAL,PLATFORM,0,0,0,0,0,0,0,NATIONAL
gaza,bmmagazine.co.uk,uk,GB,Europe & Central Asia,OTHER,PLATFORM,0,0,0,0,0,0,0,NATIONAL
gaza,bravenewcoin.com,com,GLOBAL,GLOBAL,GLOBAL,PLATFORM,0,0,0,0,0,0,0,NATIONAL
gaza,bucksinsider.com,com,GLOBAL,GLOBAL,GLOBAL,PLATFORM,0,0,0,0,0,0,0,NATIONAL
gaza,cagesideseats.com,com,GLOBAL,GLOBAL,GLOBAL,PLATFORM,0,0,0,0,0,0,0,NATIONAL
gaza,camdencourier.com.au,au,AU,East Asia & Pacific,OTHER,PLATFORM,0,0,0,0,0,0,0,NATIONAL
gaza,carolinajournal.com,com,GLOBAL,GLOBAL,GLOBAL,PLATFORM,0,0,0,0,0,0,0,NATIONAL
gaza,chisagocountypress.com,com,GLOBAL,GLOBAL,GLOBAL,PLATFORM,0,0,0,0,0,0,0,NATIONAL
gaza,classichits925.com,com,GLOBAL,GLOBAL,GLOBAL,PLATFORM,0,0,0,0,0,0,0,NATIONAL
gaza,clearwatertimes.com,com,GLOBAL,GLOBAL,GLOBAL,PLATFORM,0,0,0,0,0,0,0,NATIONAL
gaza,comicbook.com,com,GLOBAL,GLOBAL,GLOBAL,PLATFORM,0,0,0,0,0,0,0,NATIONAL
gaza,comicsbeat.com,com,GLOBAL,GLOBAL,GLOBAL,PLATFORM,0,0,0,0,0,0,0,NATIONAL
gaza,concordmonitor.com,com,GLOBAL,GLOBAL,GLOBAL,PLATFORM,0,0,0,0,0,0,0,NATIONAL
gaza,cootamundraherald.com.au,au,AU,East Asia & Pacific,OTHER,PLATFORM,0,0,0,0,0,0,0,NATIONAL
gaza,cowboystatedaily.com,com,GLOBAL,GLOBAL,GLOBAL,PLATFORM,0,0,0,0,0,0,0,NATIONAL
gaza,dawnofthedawg.com,com,GLOBAL,GLOBAL,GLOBAL,PLATFORM,0,0,0,0,0,0,0,NATIONAL
gaza,doorcountydailynews.com,com,GLOBAL,GLOBAL,GLOBAL,PLATFORM,0,0,0,0,0,0,0,NATIONAL
gaza,dose.ca,ca,CA,North America,OTHER,PLATFORM,0,0,0,0,0,0,0,NATIONAL
gaza,drive.com.au,au,AU,East Asia & Pacific,OTHER,PLATFORM,0,0,0,0,0,0,0,NATIONAL
gaza,eastasiaforum.org,org,GLOBAL,GLOBAL,GLOBAL,PLATFORM,0,0,0,0,0,0,0,NATIONAL
gaza,english.kyodonews.net:443,NA,NA,NA,OTHER,PLATFORM,0,0,0,0,0,0,0,PLATFORM
gaza,epthinktank.eu,eu,NA,NA,OTHER,PLATFORM,0,0,0,0,0,0,0,PLATFORM
gaza,fox5vegas.com,com,GLOBAL,GLOBAL,GLOBAL,PLATFORM,0,0,0,0,0,0,0,NATIONAL
gaza,freestonecountytimesonline.com,com,GLOBAL,GLOBAL,GLOBAL,PLATFORM,0,0,0,0,0,0,0,NATIONAL
gaza,georgeherald.com,com,GLOBAL,GLOBAL,GLOBAL,PLATFORM,0,0,0,0,0,0,0,NATIONAL
gaza,grenadachronicle.com,com,GLOBAL,GLOBAL,GLOBAL,PLATFORM,0,0,0,0,0,0,0,NATIONAL
gaza,hiphopnc.com,com,GLOBAL,GLOBAL,GLOBAL,PLATFORM,0,0,0,0,0,0,0,NATIONAL
gaza,ijpr.org,org,GLOBAL,GLOBAL,GLOBAL,PLATFORM,0,0,0,0,0,0,0,NATIONAL
gaza,insurancejournal.com,com,GLOBAL,GLOBAL,GLOBAL,PLATFORM,0,0,0,0,0,0,0,NATIONAL
gaza,jazz.fm,fm,NA,NA,OTHER,PLATFORM,0,0,0,0,0,0,0,PLATFORM
gaza,kfmqrock1061.iheart.com,com,GLOBAL,GLOBAL,GLOBAL,PLATFORM,0,0,0,0,0,0,0,NATIONAL
gaza,kfmx.com,com,GLOBAL,GLOBAL,GLOBAL,PLATFORM,0,0,0,0,0,0,0,NATIONAL
gaza,kjkj.iheart.com,com,GLOBAL,GLOBAL,GLOBAL,PLATFORM,0,0,0,0,0,0,0,NATIONAL
gaza,kkrt.com,com,GLOBAL,GLOBAL,GLOBAL,PLATFORM,0,0,0,0,0,0,0,NATIONAL
gaza,kosi101.com,com,GLOBAL,GLOBAL,GLOBAL,PLATFORM,0,0,0,0,0,0,0,NATIONAL
gaza,kotatv.com,com,GLOBAL,GLOBAL,GLOBAL,PLATFORM,0,0,0,0,0,0,0,NATIONAL
gaza,kowb1290.com,com,GLOBAL,GLOBAL,GLOBAL,PLATFORM,0,0,0,0,0,0,0,NATIONAL
gaza,krone.at,at,NA,NA,OTHER,PLATFORM,0,0,0,0,0,0,0,PLATFORM
gaza,ksyl.com,com,GLOBAL,GLOBAL,GLOBAL,PLATFORM,0,0,0,0,0,0,0,NATIONAL
gaza,ktvo.com,com,GLOBAL,GLOBAL,GLOBAL,PLATFORM,0,0,0,0,0,0,0,NATIONAL
gaza,kuam.com,com,GLOBAL,GLOBAL,GLOBAL,PLATFORM,0,0,0,0,0,0,0,NATIONAL
gaza,kxel.com,com,GLOBAL,GLOBAL,GLOBAL,PLATFORM,0,0,0,0,0,0,0,NATIONAL
gaza,leaderpost.com:443,NA,NA,NA,OTHER,PLATFORM,0,0,0,0,0,0,0,PLATFORM
gaza,leitrimobserver.ie,ie,NA,NA,OTHER,PLATFORM,0,0,0,0,0,0,0,PLATFORM
gaza,localmemphis.com,com,GLOBAL,GLOBAL,GLOBAL,PLATFORM,0,0,0,0,0,0,0,NATIONAL
gaza,locusmag.com,com,GLOBAL,GLOBAL,GLOBAL,PLATFORM,0,0,0,0,0,0,0,NATIONAL
gaza,maizenbrew.com,com,GLOBAL,GLOBAL,GLOBAL,PLATFORM,0,0,0,0,0,0,0,NATIONAL
gaza,makeuseof.com,com,GLOBAL,GLOBAL,GLOBAL,PLATFORM,0,0,0,0,0,0,0,NATIONAL
gaza,mcnews.com.au,au,AU,East Asia & Pacific,OTHER,PLATFORM,0,0,0,0,0,0,0,NATIONAL
gaza,mix106radio.com,com,GLOBAL,GLOBAL,GLOBAL,PLATFORM,0,0,0,0,0,0,0,NATIONAL
gaza,mix969.iheart.com,com,GLOBAL,GLOBAL,GLOBAL,PLATFORM,0,0,0,0,0,0,0,NATIONAL
gaza,mix989.iheart.com,com,GLOBAL,GLOBAL,GLOBAL,PLATFORM,0,0,0,0,0,0,0,NATIONAL
gaza,mixgulfcoast.iheart.com,com,GLOBAL,GLOBAL,GLOBAL,PLATFORM,0,0,0,0,0,0,0,NATIONAL
gaza,news-herald.com,com,GLOBAL,GLOBAL,GLOBAL,PLATFORM,0,0,0,0,0,0,0,NATIONAL
gaza,newscenter1.tv,tv,NA,NA,OTHER,PLATFORM,0,0,0,0,0,0,0,PLATFORM
gaza,newstalk1030.com,com,GLOBAL,GLOBAL,GLOBAL,PLATFORM,0,0,0,0,0,0,0,NATIONAL
gaza,northbaynipissing.com,com,GLOBAL,GLOBAL,GLOBAL,PLATFORM,0,0,0,0,0,0,0,NATIONAL
gaza,oregonbusiness.com,com,GLOBAL,GLOBAL,GLOBAL,PLATFORM,0,0,0,0,0,0,0,NATIONAL
gaza,oregoncatalyst.com,com,GLOBAL,GLOBAL,GLOBAL,PLATFORM,0,0,0,0,0,0,0,NATIONAL
gaza,ottawacitizen.com:443,NA,NA,NA,OTHER,PLATFORM,0,0,0,0,0,0,0,PLATFORM
gaza,popcrush.com,com,GLOBAL,GLOBAL,GLOBAL,PLATFORM,0,0,0,0,0,0,0,NATIONAL
gaza,powerlineblog.com,com,GLOBAL,GLOBAL,GLOBAL,PLATFORM,0,0,0,0,0,0,0,NATIONAL
gaza,presspublications.com,com,GLOBAL,GLOBAL,GLOBAL,PLATFORM,0,0,0,0,0,0,0,NATIONAL
gaza,quintenews.com,com,GLOBAL,GLOBAL,GLOBAL,PLATFORM,0,0,0,0,0,0,0,NATIONAL
gaza,raptorsrapture.com,com,GLOBAL,GLOBAL,GLOBAL,PLATFORM,0,0,0,0,0,0,0,NATIONAL
gaza,redstate.com,com,GLOBAL,GLOBAL,GLOBAL,PLATFORM,0,0,0,0,0,0,0,NATIONAL
gaza,rfdtv.com,com,GLOBAL,GLOBAL,GLOBAL,PLATFORM,0,0,0,0,0,0,0,NATIONAL
gaza,riverheadnewsreview.timesreview.com,com,GLOBAL,GLOBAL,GLOBAL,PLATFORM,0,0,0,0,0,0,0,NATIONAL
gaza,rutland-times.co.uk,uk,GB,Europe & Central Asia,OTHER,PLATFORM,0,0,0,0,0,0,0,NATIONAL
gaza,saharareporters.com,com,GLOBAL,GLOBAL,GLOBAL,PLATFORM,0,0,0,0,0,0,0,NATIONAL
gaza,sedaliademocrat.com,com,GLOBAL,GLOBAL,GLOBAL,PLATFORM,0,0,0,0,0,0,0,NATIONAL
gaza,shannonside.ie,ie,NA,NA,OTHER,PLATFORM,0,0,0,0,0,0,0,PLATFORM
gaza,shtfplan.com,com,GLOBAL,GLOBAL,GLOBAL,PLATFORM,0,0,0,0,0,0,0,NATIONAL
gaza,smartcompany.com.au,au,AU,East Asia & Pacific,OTHER,PLATFORM,0,0,0,0,0,0,0,NATIONAL
gaza,speedhunters.com,com,GLOBAL,GLOBAL,GLOBAL,PLATFORM,0,0,0,0,0,0,0,NATIONAL
gaza,theage.com.au,au,AU,East Asia & Pacific,OTHER,PLATFORM,0,0,0,0,0,0,0,NATIONAL
gaza,thecitizen.co.tz,tz,NA,NA,OTHER,PLATFORM,0,0,0,0,0,0,0,PLATFORM
gaza,thefreepress.ca,ca,CA,North America,OTHER,PLATFORM,0,0,0,0,0,0,0,NATIONAL
gaza,thejetpress.com,com,GLOBAL,GLOBAL,GLOBAL,PLATFORM,0,0,0,0,0,0,0,NATIONAL
gaza,theland.com.au,au,AU,East Asia & Pacific,OTHER,PLATFORM,0,0,0,0,0,0,0,NATIONAL
gaza,theoaklandpress.com,com,GLOBAL,GLOBAL,GLOBAL,PLATFORM,0,0,0,0,0,0,0,NATIONAL
gaza,theurbandaily.com,com,GLOBAL,GLOBAL,GLOBAL,PLATFORM,0,0,0,0,0,0,0,NATIONAL
gaza,throwback963.iheart.com,com,GLOBAL,GLOBAL,GLOBAL,PLATFORM,0,0,0,0,0,0,0,NATIONAL
gaza,ticotimes.net,net,GLOBAL,GLOBAL,GLOBAL,PLATFORM,0,0,0,0,0,0,0,NATIONAL
gaza,trustedreviews.com,com,GLOBAL,GLOBAL,GLOBAL,PLATFORM,0,0,0,0,0,0,0,NATIONAL
gaza,utv44.com,com,GLOBAL,GLOBAL,GLOBAL,PLATFORM,0,0,0,0,0,0,0,NATIONAL
gaza,wateronline.com,com,GLOBAL,GLOBAL,GLOBAL,PLATFORM,0,0,0,0,0,0,0,NATIONAL
gaza,wattsupwiththat.com,com,GLOBAL,GLOBAL,GLOBAL,PLATFORM,0,0,0,0,0,0,0,NATIONAL
gaza,wboi.org,org,GLOBAL,GLOBAL,GLOBAL,PLATFORM,0,0,0,0,0,0,0,NATIONAL
gaza,wdasfm.iheart.com,com,GLOBAL,GLOBAL,GLOBAL,PLATFORM,0,0,0,0,0,0,0,NATIONAL
gaza,wdsd.iheart.com,com,GLOBAL,GLOBAL,GLOBAL,PLATFORM,0,0,0,0,0,0,0,NATIONAL
gaza,webpronews.com,com,GLOBAL,GLOBAL,GLOBAL,PLATFORM,0,0,0,0,0,0,0,NATIONAL
gaza,weirtondailytimes.com,com,GLOBAL,GLOBAL,GLOBAL,PLATFORM,0,0,0,0,0,0,0,NATIONAL
gaza,wenxuecity.com,com,GLOBAL,GLOBAL,GLOBAL,PLATFORM,0,0,0,0,0,0,0,NATIONAL
gaza,westcentralonline.com,com,GLOBAL,GLOBAL,GLOBAL,PLATFORM,0,0,0,0,0,0,0,NATIONAL
gaza,westmeathexaminer.ie,ie,NA,NA,OTHER,PLATFORM,0,0,0,0,0,0,0,PLATFORM
gaza,westmeathindependent.ie,ie,NA,NA,OTHER,PLATFORM,0,0,0,0,0,0,0,PLATFORM
gaza,westmichiganstar.iheart.com,com,GLOBAL,GLOBAL,GLOBAL,PLATFORM,0,0,0,0,0,0,0,NATIONAL
gaza,whro.org,org,GLOBAL,GLOBAL,GLOBAL,PLATFORM,0,0,0,0,0,0,0,NATIONAL
gaza,wimsradio.com,com,GLOBAL,GLOBAL,GLOBAL,PLATFORM,0,0,0,0,0,0,0,NATIONAL
gaza,wlsam.com,com,GLOBAL,GLOBAL,GLOBAL,PLATFORM,0,0,0,0,0,0,0,NATIONAL
gaza,wrtv.com,com,GLOBAL,GLOBAL,GLOBAL,PLATFORM,0,0,0,0,0,0,0,NATIONAL
gaza,wsaz.com,com,GLOBAL,GLOBAL,GLOBAL,PLATFORM,0,0,0,0,0,0,0,NATIONAL
gaza,wvtm13.com,com,GLOBAL,GLOBAL,GLOBAL,PLATFORM,0,0,0,0,0,0,0,NATIONAL
gaza,yorknewstimes.com,com,GLOBAL,GLOBAL,GLOBAL,PLATFORM,0,0,0,0,0,0,0,NATIONAL
gaza,z93hv.iheart.com,com,GLOBAL,GLOBAL,GLOBAL,PLATFORM,0,0,0,0,0,0,0,NATIONAL
gaza,zennie62blog.com,com,GLOBAL,GLOBAL,GLOBAL,PLATFORM,0,0,0,0,0,0,0,NATIONAL
gaza,1039wvbo.com,com,GLOBAL,GLOBAL,GLOBAL,PLATFORM,0,0,0,0,0,0,0,NATIONAL
gaza,2gb.com,com,GLOBAL,GLOBAL,GLOBAL,PLATFORM,0,0,0,0,0,0,0,NATIONAL
gaza,640wxsm.com,com,GLOBAL,GLOBAL,GLOBAL,PLATFORM,0,0,0,0,0,0,0,NATIONAL
gaza,949whom.com,com,GLOBAL,GLOBAL,GLOBAL,PLATFORM,0,0,0,0,0,0,0,NATIONAL
gaza,airdrieecho.com:443,NA,NA,NA,OTHER,PLATFORM,0,0,0,0,0,0,0,PLATFORM
gaza,airliners.net,net,GLOBAL,GLOBAL,GLOBAL,PLATFORM,0,0,0,0,0,0,0,NATIONAL
gaza,arrowheadaddict.com,com,GLOBAL,GLOBAL,GLOBAL,PLATFORM,0,0,0,0,0,0,0,NATIONAL
gaza,awate.com,com,GLOBAL,GLOBAL,GLOBAL,PLATFORM,0,0,0,0,0,0,0,NATIONAL
gaza,awfulannouncing.com,com,GLOBAL,GLOBAL,GLOBAL,PLATFORM,0,0,0,0,0,0,0,NATIONAL
gaza,blueshirtbanter.com,com,GLOBAL,GLOBAL,GLOBAL,PLATFORM,0,0,0,0,0,0,0,NATIONAL
gaza,breakingnews.ie,ie,NA,NA,OTHER,PLATFORM,0,0,0,0,0,0,0,PLATFORM
gaza,brecorder.com,com,GLOBAL,GLOBAL,GLOBAL,PLATFORM,0,0,0,0,0,0,0,NATIONAL
gaza,bssnews.net,net,GLOBAL,GLOBAL,GLOBAL,PLATFORM,0,0,0,0,0,0,0,NATIONAL
gaza,buzztulsa.iheart.com,com,GLOBAL,GLOBAL,GLOBAL,PLATFORM,0,0,0,0,0,0,0,NATIONAL
gaza,calgarysun.com,com,GLOBAL,GLOBAL,GLOBAL,PLATFORM,0,0,0,0,0,0,0,NATIONAL
gaza,catcountry1073.com,com,GLOBAL,GLOBAL,GLOBAL,PLATFORM,0,0,0,0,0,0,0,NATIONAL
gaza,clydebankpost.co.uk,uk,GB,Europe & Central Asia,OTHER,PLATFORM,0,0,0,0,0,0,0,NATIONAL
gaza,cointelegraph.com,com,GLOBAL,GLOBAL,GLOBAL,PLATFORM,0,0,0,0,0,0,0,NATIONAL
gaza,crooksandliars.com,com,GLOBAL,GLOBAL,GLOBAL,PLATFORM,0,0,0,0,0,0,0,NATIONAL
gaza,cubbiescrib.com,com,GLOBAL,GLOBAL,GLOBAL,PLATFORM,0,0,0,0,0,0,0,NATIONAL
gaza,enca.com,com,GLOBAL,GLOBAL,GLOBAL,PLATFORM,0,0,0,0,0,0,0,NATIONAL
gaza,firstalert7.com,com,GLOBAL,GLOBAL,GLOBAL,PLATFORM,0,0,0,0,0,0,0,NATIONAL
gaza,fishshell.com,com,GLOBAL,GLOBAL,GLOBAL,PLATFORM,0,0,0,0,0,0,0,NATIONAL
gaza,gazette-news.co.uk,uk,GB,Europe & Central Asia,OTHER,PLATFORM,0,0,0,0,0,0,0,NATIONAL
gaza,harrisondaily.com,com,GLOBAL,GLOBAL,GLOBAL,PLATFORM,0,0,0,0,0,0,0,NATIONAL
gaza,hazard-herald.com,com,GLOBAL,GLOBAL,GLOBAL,PLATFORM,0,0,0,0,0,0,0,NATIONAL
gaza,henryherald.com,com,GLOBAL,GLOBAL,GLOBAL,PLATFORM,0,0,0,0,0,0,0,NATIONAL
gaza,heraldstandard.com,com,GLOBAL,GLOBAL,GLOBAL,PLATFORM,0,0,0,0,0,0,0,NATIONAL
gaza,hiphopdx.com,com,GLOBAL,GLOBAL,GLOBAL,PLATFORM,0,0,0,0,0,0,0,NATIONAL
gaza,informationng.com,com,GLOBAL,GLOBAL,GLOBAL,PLATFORM,0,0,0,0,0,0,0,NATIONAL
gaza,iowapublicradio.org,org,GLOBAL,GLOBAL,GLOBAL,PLATFORM,0,0,0,0,0,0,0,NATIONAL
gaza,jamz963.com,com,GLOBAL,GLOBAL,GLOBAL,PLATFORM,0,0,0,0,0,0,0,NATIONAL
gaza,jirevwe.github.io,io,NA,NA,OTHER,PLATFORM,0,0,0,0,0,0,0,PLATFORM
gaza,kansaspublicradio.org,org,GLOBAL,GLOBAL,GLOBAL,PLATFORM,0,0,0,0,0,0,0,NATIONAL
gaza,kazu.org,org,GLOBAL,GLOBAL,GLOBAL,PLATFORM,0,0,0,0,0,0,0,NATIONAL
gaza,kfm.co.ug,ug,NA,NA,OTHER,PLATFORM,0,0,0,0,0,0,0,PLATFORM
gaza,khow.iheart.com,com,GLOBAL,GLOBAL,GLOBAL,PLATFORM,0,0,0,0,0,0,0,NATIONAL
gaza,koolam.com,com,GLOBAL,GLOBAL,GLOBAL,PLATFORM,0,0,0,0,0,0,0,NATIONAL
gaza,ktbb.com,com,GLOBAL,GLOBAL,GLOBAL,PLATFORM,0,0,0,0,0,0,0,NATIONAL
gaza,limaohio.com,com,GLOBAL,GLOBAL,GLOBAL,PLATFORM,0,0,0,0,0,0,0,NATIONAL
gaza,madrock1025.com,com,GLOBAL,GLOBAL,GLOBAL,PLATFORM,0,0,0,0,0,0,0,NATIONAL
gaza,maitlandmercury.com.au,au,AU,East Asia & Pacific,OTHER,PLATFORM,0,0,0,0,0,0,0,NATIONAL
gaza,managingmadrid.com,com,GLOBAL,GLOBAL,GLOBAL,PLATFORM,0,0,0,0,0,0,0,NATIONAL
gaza,mdjonline.com,com,GLOBAL,GLOBAL,GLOBAL,PLATFORM,0,0,0,0,0,0,0,NATIONAL
gaza,medium.com,com,GLOBAL,GLOBAL,GLOBAL,PLATFORM,0,0,0,0,0,0,0,NATIONAL
gaza,montereyherald.com,com,GLOBAL,GLOBAL,GLOBAL,PLATFORM,0,0,0,0,0,0,0,NATIONAL
gaza,mymotherlode.com,com,GLOBAL,GLOBAL,GLOBAL,PLATFORM,0,0,0,0,0,0,0,NATIONAL
gaza,nbc-2.com,com,GLOBAL,GLOBAL,GLOBAL,PLATFORM,0,0,0,0,0,0,0,NATIONAL
gaza,newsindiatimes.com,com,GLOBAL,GLOBAL,GLOBAL,PLATFORM,0,0,0,0,0,0,0,NATIONAL
gaza,nichegamer.com,com,GLOBAL,GLOBAL,GLOBAL,PLATFORM,0,0,0,0,0,0,0,NATIONAL
gaza,pakistantoday.com.pk,pk,NA,NA,OTHER,PLATFORM,0,0,0,0,0,0,0,PLATFORM
gaza,palestinechronicle.com,com,GLOBAL,GLOBAL,GLOBAL,PLATFORM,0,0,0,0,0,0,0,NATIONAL
gaza,redlandsdailyfacts.com,com,GLOBAL,GLOBAL,GLOBAL,PLATFORM,0,0,0,0,0,0,0,NATIONAL
gaza,righto.com,com,GLOBAL,GLOBAL,GLOBAL,PLATFORM,0,0,0,0,0,0,0,NATIONAL
gaza,sabareesh.com,com,GLOBAL,GLOBAL,GLOBAL,PLATFORM,0,0,0,0,0,0,0,NATIONAL
gaza,santamariatimes.com,com,GLOBAL,GLOBAL,GLOBAL,PLATFORM,0,0,0,0,0,0,0,NATIONAL
gaza,smmirror.com,com,GLOBAL,GLOBAL,GLOBAL,PLATFORM,0,0,0,0,0,0,0,NATIONAL
gaza,standard.co.uk,uk,GB,Europe & Central Asia,OTHER,PLATFORM,0,0,0,0,0,0,0,NATIONAL
gaza,statepress.com,com,GLOBAL,GLOBAL,GLOBAL,PLATFORM,0,0,0,0,0,0,0,NATIONAL
gaza,takungpao.com,com,GLOBAL,GLOBAL,GLOBAL,PLATFORM,0,0,0,0,0,0,0,NATIONAL
gaza,tbsnews.net,net,GLOBAL,GLOBAL,GLOBAL,PLATFORM,0,0,0,0,0,0,0,NATIONAL
gaza,theborneopost.com,com,GLOBAL,GLOBAL,GLOBAL,PLATFORM,0,0,0,0,0,0,0,NATIONAL
gaza,thecentersquare.com,com,GLOBAL,GLOBAL,GLOBAL,PLATFORM,0,0,0,0,0,0,0,NATIONAL
gaza,theeagle.com,com,GLOBAL,GLOBAL,GLOBAL,PLATFORM,0,0,0,0,0,0,0,NATIONAL
gaza,thepostathens.com,com,GLOBAL,GLOBAL,GLOBAL,PLATFORM,0,0,0,0,0,0,0,NATIONAL
gaza,thesun.ie,ie,NA,NA,OTHER,PLATFORM,0,0,0,0,0,0,0,PLATFORM
gaza,thewhistler.ng,ng,NG,Sub-Saharan Africa,AFRICA,PLATFORM,0,0,0,0,0,0,0,NATIONAL
gaza,toronto.com,com,GLOBAL,GLOBAL,GLOBAL,PLATFORM,0,0,0,0,0,0,0,NATIONAL
gaza,troyrecord.com,com,GLOBAL,GLOBAL,GLOBAL,PLATFORM,0,0,0,0,0,0,0,NATIONAL
gaza,uatrav.com,com,GLOBAL,GLOBAL,GLOBAL,PLATFORM,0,0,0,0,0,0,0,NATIONAL
gaza,wccftech.com,com,GLOBAL,GLOBAL,GLOBAL,PLATFORM,0,0,0,0,0,0,0,NATIONAL
gaza,wflanews.iheart.com,com,GLOBAL,GLOBAL,GLOBAL,PLATFORM,0,0,0,0,0,0,0,NATIONAL
gaza,wgbh.org,org,GLOBAL,GLOBAL,GLOBAL,PLATFORM,0,0,0,0,0,0,0,NATIONAL
gaza,wilsoncountynews.com,com,GLOBAL,GLOBAL,GLOBAL,PLATFORM,0,0,0,0,0,0,0,NATIONAL
gaza,wjcw.com,com,GLOBAL,GLOBAL,GLOBAL,PLATFORM,0,0,0,0,0,0,0,NATIONAL
gaza,worthplaying.com,com,GLOBAL,GLOBAL,GLOBAL,PLATFORM,0,0,0,0,0,0,0,NATIONAL
gaza,wuky.org,org,GLOBAL,GLOBAL,GLOBAL,PLATFORM,0,0,0,0,0,0,0,NATIONAL
gaza,wwmt.com,com,GLOBAL,GLOBAL,GLOBAL,PLATFORM,0,0,0,0,0,0,0,NATIONAL
gaza,10tv.com,com,GLOBAL,GLOBAL,GLOBAL,PLATFORM,0,0,0,0,0,0,0,NATIONAL
gaza,4bu.com.au,au,AU,East Asia & Pacific,OTHER,PLATFORM,0,0,0,0,0,0,0,NATIONAL
gaza,5newsonline.com,com,GLOBAL,GLOBAL,GLOBAL,PLATFORM,0,0,0,0,0,0,0,NATIONAL
gaza,92moose.fm,fm,NA,NA,OTHER,PLATFORM,0,0,0,0,0,0,0,PLATFORM
gaza,abc12.com,com,GLOBAL,GLOBAL,GLOBAL,PLATFORM,0,0,0,0,0,0,0,NATIONAL
gaza,bayshorebroadcasting.ca,ca,CA,North America,OTHER,PLATFORM,0,0,0,0,0,0,0,NATIONAL
gaza,bomboradyo.com,com,GLOBAL,GLOBAL,GLOBAL,PLATFORM,0,0,0,0,0,0,0,NATIONAL
gaza,britannica.com:443,NA,NA,NA,OTHER,PLATFORM,0,0,0,0,0,0,0,PLATFORM
gaza,cardchronicle.com,com,GLOBAL,GLOBAL,GLOBAL,PLATFORM,0,0,0,0,0,0,0,NATIONAL
gaza,caribjournal.com,com,GLOBAL,GLOBAL,GLOBAL,PLATFORM,0,0,0,0,0,0,0,NATIONAL
gaza,charismanews.com,com,GLOBAL,GLOBAL,GLOBAL,PLATFORM,0,0,0,0,0,0,0,NATIONAL
gaza,chickashanews.com,com,GLOBAL,GLOBAL,GLOBAL,PLATFORM,0,0,0,0,0,0,0,NATIONAL
gaza,chvnradio.com,com,GLOBAL,GLOBAL,GLOBAL,PLATFORM,0,0,0,0,0,0,0,NATIONAL
gaza,cnycentral.com,com,GLOBAL,GLOBAL,GLOBAL,PLATFORM,0,0,0,0,0,0,0,NATIONAL
gaza,coincommunity.com,com,GLOBAL,GLOBAL,GLOBAL,PLATFORM,0,0,0,0,0,0,0,NATIONAL
gaza,conservativehq.com,com,GLOBAL,GLOBAL,GLOBAL,PLATFORM,0,0,0,0,0,0,0,NATIONAL
gaza,daily-journal.com,com,GLOBAL,GLOBAL,GLOBAL,PLATFORM,0,0,0,0,0,0,0,NATIONAL
gaza,dailypost.co.uk,uk,GB,Europe & Central Asia,OTHER,PLATFORM,0,0,0,0,0,0,0,NATIONAL
gaza,dglobe.com,com,GLOBAL,GLOBAL,GLOBAL,PLATFORM,0,0,0,0,0,0,0,NATIONAL
gaza,effinghamdailynews.com,com,GLOBAL,GLOBAL,GLOBAL,PLATFORM,0,0,0,0,0,0,0,NATIONAL
gaza,english.republika.mk,mk,NA,NA,OTHER,PLATFORM,0,0,0,0,0,0,0,PLATFORM
gaza,ewrestlingnews.com,com,GLOBAL,GLOBAL,GLOBAL,PLATFORM,0,0,0,0,0,0,0,NATIONAL
gaza,expressnews.com,com,GLOBAL,GLOBAL,GLOBAL,PLATFORM,0,0,0,0,0,0,0,NATIONAL
gaza,fool.com.au,au,AU,East Asia & Pacific,OTHER,PLATFORM,0,0,0,0,0,0,0,NATIONAL
gaza,freedom970.com,com,GLOBAL,GLOBAL,GLOBAL,PLATFORM,0,0,0,0,0,0,0,NATIONAL
gaza,gazettextra.com,com,GLOBAL,GLOBAL,GLOBAL,PLATFORM,0,0,0,0,0,0,0,NATIONAL
gaza,hamhigh.co.uk,uk,GB,Europe & Central Asia,OTHER,PLATFORM,0,0,0,0,0,0,0,NATIONAL
gaza,hltv.org,org,GLOBAL,GLOBAL,GLOBAL,PLATFORM,0,0,0,0,0,0,0,NATIONAL
gaza,homelandsecuritynewswire.com,com,GLOBAL,GLOBAL,GLOBAL,PLATFORM,0,0,0,0,0,0,0,NATIONAL
gaza,iafrica.com,com,GLOBAL,GLOBAL,GLOBAL,PLATFORM,0,0,0,0,0,0,0,NATIONAL
gaza,jaguars.com,com,GLOBAL,GLOBAL,GLOBAL,PLATFORM,0,0,0,0,0,0,0,NATIONAL
gaza,japantimes.co.jp,jp,JP,East Asia & Pacific,OTHER,PLATFORM,0,0,0,0,0,0,0,NATIONAL
gaza,k2radio.com,com,GLOBAL,GLOBAL,GLOBAL,PLATFORM,0,0,0,0,0,0,0,NATIONAL
gaza,keyc.com,com,GLOBAL,GLOBAL,GLOBAL,PLATFORM,0,0,0,0,0,0,0,NATIONAL
gaza,keyzradio.com,com,GLOBAL,GLOBAL,GLOBAL,PLATFORM,0,0,0,0,0,0,0,NATIONAL
gaza,koka.am,am,NA,NA,OTHER,PLATFORM,0,0,0,0,0,0,0,PLATFORM
gaza,kvia.com,com,GLOBAL,GLOBAL,GLOBAL,PLATFORM,0,0,0,0,0,0,0,NATIONAL
gaza,livemint.com,com,GLOBAL,GLOBAL,GLOBAL,PLATFORM,0,0,0,0,0,0,0,NATIONAL
gaza,lufkindailynews.com,com,GLOBAL,GLOBAL,GLOBAL,PLATFORM,0,0,0,0,0,0,0,NATIONAL
gaza,mapleridgenews.com,com,GLOBAL,GLOBAL,GLOBAL,PLATFORM,0,0,0,0,0,0,0,NATIONAL
gaza,maritime-executive.com,com,GLOBAL,GLOBAL,GLOBAL,PLATFORM,0,0,0,0,0,0,0,NATIONAL
gaza,mb.com.ph,ph,NA,NA,OTHER,PLATFORM,0,0,0,0,0,0,0,PLATFORM
gaza,mewc.org,org,GLOBAL,GLOBAL,GLOBAL,PLATFORM,0,0,0,0,0,0,0,NATIONAL
gaza,mountvernonnews.com,com,GLOBAL,GLOBAL,GLOBAL,PLATFORM,0,0,0,0,0,0,0,NATIONAL
gaza,mtdemocrat.com,com,GLOBAL,GLOBAL,GLOBAL,PLATFORM,0,0,0,0,0,0,0,NATIONAL
gaza,mykiss1031.com,com,GLOBAL,GLOBAL,GLOBAL,PLATFORM,0,0,0,0,0,0,0,NATIONAL
gaza,normantranscript.com,com,GLOBAL,GLOBAL,GLOBAL,PLATFORM,0,0,0,0,0,0,0,NATIONAL
gaza,northernpublicradio.org,org,GLOBAL,GLOBAL,GLOBAL,PLATFORM,0,0,0,0,0,0,0,NATIONAL
gaza,panorama.am,am,NA,NA,OTHER,PLATFORM,0,0,0,0,0,0,0,PLATFORM
gaza,pennrecord.com,com,GLOBAL,GLOBAL,GLOBAL,PLATFORM,0,0,0,0,0,0,0,NATIONAL
gaza,phinphanatic.com,com,GLOBAL,GLOBAL,GLOBAL,PLATFORM,0,0,0,0,0,0,0,NATIONAL
gaza,power96radio.com,com,GLOBAL,GLOBAL,GLOBAL,PLATFORM,0,0,0,0,0,0,0,NATIONAL
gaza,progressive-charlestown.com,com,GLOBAL,GLOBAL,GLOBAL,PLATFORM,0,0,0,0,0,0,0,NATIONAL
gaza,progressiverailroading.com,com,GLOBAL,GLOBAL,GLOBAL,PLATFORM,0,0,0,0,0,0,0,NATIONAL
gaza,radiojamaicanewsonline.com,com,GLOBAL,GLOBAL,GLOBAL,PLATFORM,0,0,0,0,0,0,0,NATIONAL
gaza,rivergrandrapids.com,com,GLOBAL,GLOBAL,GLOBAL,PLATFORM,0,0,0,0,0,0,0,NATIONAL
gaza,somerset-kentucky.com,com,GLOBAL,GLOBAL,GLOBAL,PLATFORM,0,0,0,0,0,0,0,NATIONAL
gaza,stalbertgazette.com,com,GLOBAL,GLOBAL,GLOBAL,PLATFORM,0,0,0,0,0,0,0,NATIONAL
gaza,steinbachonline.com,com,GLOBAL,GLOBAL,GLOBAL,PLATFORM,0,0,0,0,0,0,0,NATIONAL
gaza,stripes.com,com,GLOBAL,GLOBAL,GLOBAL,PLATFORM,0,0,0,0,0,0,0,NATIONAL
gaza,sundayworld.com,com,GLOBAL,GLOBAL,GLOBAL,PLATFORM,0,0,0,0,0,0,0,NATIONAL
gaza,sunny1063.com,com,GLOBAL,GLOBAL,GLOBAL,PLATFORM,0,0,0,0,0,0,0,NATIONAL
gaza,swindonadvertiser.co.uk,uk,GB,Europe & Central Asia,OTHER,PLATFORM,0,0,0,0,0,0,0,NATIONAL
gaza,techcabal.com,com,GLOBAL,GLOBAL,GLOBAL,PLATFORM,0,0,0,0,0,0,0,NATIONAL
gaza,thatballsouttahere.com,com,GLOBAL,GLOBAL,GLOBAL,PLATFORM,0,0,0,0,0,0,0,NATIONAL
gaza,thetimes-tribune.com,com,GLOBAL,GLOBAL,GLOBAL,PLATFORM,0,0,0,0,0,0,0,NATIONAL
gaza,times-series.co.uk,uk,GB,Europe & Central Asia,OTHER,PLATFORM,0,0,0,0,0,0,0,NATIONAL
gaza,universetoday.com,com,GLOBAL,GLOBAL,GLOBAL,PLATFORM,0,0,0,0,0,0,0,NATIONAL
gaza,vanityfair.com,com,GLOBAL,GLOBAL,GLOBAL,PLATFORM,0,0,0,0,0,0,0,NATIONAL
gaza,wclk.com,com,GLOBAL,GLOBAL,GLOBAL,PLATFORM,0,0,0,0,0,0,0,NATIONAL
gaza,wdov.iheart.com,com,GLOBAL,GLOBAL,GLOBAL,PLATFORM,0,0,0,0,0,0,0,NATIONAL
gaza,weartv.com,com,GLOBAL,GLOBAL,GLOBAL,PLATFORM,0,0,0,0,0,0,0,NATIONAL
gaza,wellingtontimes.com.au,au,AU,East Asia & Pacific,OTHER,PLATFORM,0,0,0,0,0,0,0,NATIONAL
gaza,westerntelegraph.co.uk,uk,GB,Europe & Central Asia,OTHER,PLATFORM,0,0,0,0,0,0,0,NATIONAL
gaza,westseattleblog.com,com,GLOBAL,GLOBAL,GLOBAL,PLATFORM,0,0,0,0,0,0,0,NATIONAL
gaza,wfnt.com,com,GLOBAL,GLOBAL,GLOBAL,PLATFORM,0,0,0,0,0,0,0,NATIONAL
gaza,winnipegsun.com,com,GLOBAL,GLOBAL,GLOBAL,PLATFORM,0,0,0,0,0,0,0,NATIONAL
gaza,witl.com,com,GLOBAL,GLOBAL,GLOBAL,PLATFORM,0,0,0,0,0,0,0,NATIONAL
gaza,wkuf.fm,fm,NA,NA,OTHER,PLATFORM,0,0,0,0,0,0,0,PLATFORM
gaza,wosu.org,org,GLOBAL,GLOBAL,GLOBAL,PLATFORM,0,0,0,0,0,0,0,NATIONAL
gaza,wowo.com,com,GLOBAL,GLOBAL,GLOBAL,PLATFORM,0,0,0,0,0,0,0,NATIONAL
gaza,wtkr.com,com,GLOBAL,GLOBAL,GLOBAL,PLATFORM,0,0,0,0,0,0,0,NATIONAL
gaza,wzzm13.com,com,GLOBAL,GLOBAL,GLOBAL,PLATFORM,0,0,0,0,0,0,0,NATIONAL
gaza,y100.iheart.com,com,GLOBAL,GLOBAL,GLOBAL,PLATFORM,0,0,0,0,0,0,0,NATIONAL
gaza,yachtsandyachting.com,com,GLOBAL,GLOBAL,GLOBAL,PLATFORM,0,0,0,0,0,0,0,NATIONAL
gaza,1031wndh.iheart.com,com,GLOBAL,GLOBAL,GLOBAL,PLATFORM,0,0,0,0,0,0,0,NATIONAL
gaza,1049bobfm.iheart.com,com,GLOBAL,GLOBAL,GLOBAL,PLATFORM,0,0,0,0,0,0,0,NATIONAL
gaza,1051kocean.iheart.com,com,GLOBAL,GLOBAL,GLOBAL,PLATFORM,0,0,0,0,0,0,0,NATIONAL
gaza,247ureports.com,com,GLOBAL,GLOBAL,GLOBAL,PLATFORM,0,0,0,0,0,0,0,NATIONAL
gaza,55krc.iheart.com,com,GLOBAL,GLOBAL,GLOBAL,PLATFORM,0,0,0,0,0,0,0,NATIONAL
gaza,600kcol.iheart.com,com,GLOBAL,GLOBAL,GLOBAL,PLATFORM,0,0,0,0,0,0,0,NATIONAL
gaza,943thepoint.com,com,GLOBAL,GLOBAL,GLOBAL,PLATFORM,0,0,0,0,0,0,0,NATIONAL
gaza,943wsc.iheart.com,com,GLOBAL,GLOBAL,GLOBAL,PLATFORM,0,0,0,0,0,0,0,NATIONAL
gaza,955themountain.iheart.com,com,GLOBAL,GLOBAL,GLOBAL,PLATFORM,0,0,0,0,0,0,0,NATIONAL
gaza,95ksj.iheart.com,com,GLOBAL,GLOBAL,GLOBAL,PLATFORM,0,0,0,0,0,0,0,NATIONAL
gaza,99kisscountry.iheart.com,com,GLOBAL,GLOBAL,GLOBAL,PLATFORM,0,0,0,0,0,0,0,NATIONAL
gaza,abc7amarillo.com,com,GLOBAL,GLOBAL,GLOBAL,PLATFORM,0,0,0,0,0,0,0,NATIONAL
gaza,abc7news.com,com,GLOBAL,GLOBAL,GLOBAL,PLATFORM,0,0,0,0,0,0,0,NATIONAL
gaza,abcactionnews.com,com,GLOBAL,GLOBAL,GLOBAL,PLATFORM,0,0,0,0,0,0,0,NATIONAL
gaza,accountingtoday.com,com,GLOBAL,GLOBAL,GLOBAL,PLATFORM,0,0,0,0,0,0,0,NATIONAL
gaza,ajot.com,com,GLOBAL,GLOBAL,GLOBAL,PLATFORM,0,0,0,0,0,0,0,NATIONAL
gaza,allafrica.com,com,GLOBAL,GLOBAL,GLOBAL,PLATFORM,0,0,0,0,0,0,0,NATIONAL
gaza,allhiphop.com,com,GLOBAL,GLOBAL,GLOBAL,PLATFORM,0,0,0,0,0,0,0,NATIONAL
gaza,altaz933.com,com,GLOBAL,GLOBAL,GLOBAL,PLATFORM,0,0,0,0,0,0,0,NATIONAL
gaza,appleinsider.com,com,GLOBAL,GLOBAL,GLOBAL,PLATFORM,0,0,0,0,0,0,0,NATIONAL
gaza,applevalleynewsnow.com,com,GLOBAL,GLOBAL,GLOBAL,PLATFORM,0,0,0,0,0,0,0,NATIONAL
gaza,bahamaspress.com,com,GLOBAL,GLOBAL,GLOBAL,PLATFORM,0,0,0,0,0,0,0,NATIONAL
gaza,basingstokegazette.co.uk,uk,GB,Europe & Central Asia,OTHER,PLATFORM,0,0,0,0,0,0,0,NATIONAL
gaza,begadistrictnews.com.au,au,AU,East Asia & Pacific,OTHER,PLATFORM,0,0,0,0,0,0,0,NATIONAL
gaza,bendbulletin.com,com,GLOBAL,GLOBAL,GLOBAL,PLATFORM,0,0,0,0,0,0,0,NATIONAL
gaza,bigcountry995.com,com,GLOBAL,GLOBAL,GLOBAL,PLATFORM,0,0,0,0,0,0,0,NATIONAL
gaza,bull1057.iheart.com,com,GLOBAL,GLOBAL,GLOBAL,PLATFORM,0,0,0,0,0,0,0,NATIONAL
gaza,buzznet.com,com,GLOBAL,GLOBAL,GLOBAL,PLATFORM,0,0,0,0,0,0,0,NATIONAL
gaza,climatechangedispatch.com,com,GLOBAL,GLOBAL,GLOBAL,PLATFORM,0,0,0,0,0,0,0,NATIONAL
gaza,dailysach.in,in,IN,South Asia,OTHER,PLATFORM,0,0,0,0,0,0,0,NATIONAL
gaza,dnyuz.com,com,GLOBAL,GLOBAL,GLOBAL,PLATFORM,0,0,0,0,0,0,0,NATIONAL
gaza,downeys.co.uk,uk,GB,Europe & Central Asia,OTHER,PLATFORM,0,0,0,0,0,0,0,NATIONAL
gaza,durhamregion.com,com,GLOBAL,GLOBAL,GLOBAL,PLATFORM,0,0,0,0,0,0,0,NATIONAL
gaza,eagledayton.com,com,GLOBAL,GLOBAL,GLOBAL,PLATFORM,0,0,0,0,0,0,0,NATIONAL
gaza,elpasoinc.com,com,GLOBAL,GLOBAL,GLOBAL,PLATFORM,0,0,0,0,0,0,0,NATIONAL
gaza,en.apa.az,az,NA,NA,OTHER,PLATFORM,0,0,0,0,0,0,0,PLATFORM
gaza,en.mercopress.com,com,GLOBAL,GLOBAL,GLOBAL,PLATFORM,0,0,0,0,0,0,0,NATIONAL
gaza,en.yna.co.kr,kr,KR,East Asia & Pacific,OTHER,PLATFORM,0,0,0,0,0,0,0,NATIONAL
gaza,erwinrecord.net,net,GLOBAL,GLOBAL,GLOBAL,PLATFORM,0,0,0,0,0,0,0,NATIONAL
gaza,forums.appleinsider.com,com,GLOBAL,GLOBAL,GLOBAL,PLATFORM,0,0,0,0,0,0,0,NATIONAL
gaza,foxie105fm.com,com,GLOBAL,GLOBAL,GLOBAL,PLATFORM,0,0,0,0,0,0,0,NATIONAL
gaza,frontpageafricaonline.com,com,GLOBAL,GLOBAL,GLOBAL,PLATFORM,0,0,0,0,0,0,0,NATIONAL
gaza,gdnonline.com:443,NA,NA,NA,OTHER,PLATFORM,0,0,0,0,0,0,0,PLATFORM
gaza,gillettenewsrecord.com,com,GLOBAL,GLOBAL,GLOBAL,PLATFORM,0,0,0,0,0,0,0,NATIONAL
gaza,gov.uk,uk,GB,Europe & Central Asia,OTHER,PLATFORM,0,0,0,0,0,0,0,NATIONAL
gaza,greystar.co.nz,nz,NZ,East Asia & Pacific,OTHER,PLATFORM,0,0,0,0,0,0,0,NATIONAL
gaza,harrowtimes.co.uk,uk,GB,Europe & Central Asia,OTHER,PLATFORM,0,0,0,0,0,0,0,NATIONAL
gaza,hellenicshippingnews.com,com,GLOBAL,GLOBAL,GLOBAL,PLATFORM,0,0,0,0,0,0,0,NATIONAL
gaza,heraldcourier.com,com,GLOBAL,GLOBAL,GLOBAL,PLATFORM,0,0,0,0,0,0,0,NATIONAL
gaza,hits957.iheart.com,com,GLOBAL,GLOBAL,GLOBAL,PLATFORM,0,0,0,0,0,0,0,NATIONAL
gaza,houstonpress.com,com,GLOBAL,GLOBAL,GLOBAL,PLATFORM,0,0,0,0,0,0,0,NATIONAL
gaza,howtogeek.com,com,GLOBAL,GLOBAL,GLOBAL,PLATFORM,0,0,0,0,0,0,0,NATIONAL
gaza,humanevents.com,com,GLOBAL,GLOBAL,GLOBAL,PLATFORM,0,0,0,0,0,0,0,NATIONAL
gaza,ilcittadinoonline.it,it,IT,Europe & Central Asia,OTHER,PLATFORM,0,0,0,0,0,0,0,NATIONAL
gaza,industrialinfo.com,com,GLOBAL,GLOBAL,GLOBAL,PLATFORM,0,0,0,0,0,0,0,NATIONAL
gaza,investmentexecutive.com,com,GLOBAL,GLOBAL,GLOBAL,PLATFORM,0,0,0,0,0,0,0,NATIONAL
gaza,irrigator.com.au,au,AU,East Asia & Pacific,OTHER,PLATFORM,0,0,0,0,0,0,0,NATIONAL
gaza,jamestownsun.com,com,GLOBAL,GLOBAL,GLOBAL,PLATFORM,0,0,0,0,0,0,0,NATIONAL
gaza,journal-topics.com,com,GLOBAL,GLOBAL,GLOBAL,PLATFORM,0,0,0,0,0,0,0,NATIONAL
gaza,juniorminingnetwork.com,com,GLOBAL,GLOBAL,GLOBAL,PLATFORM,0,0,0,0,0,0,0,NATIONAL
gaza,k101fm.net,net,GLOBAL,GLOBAL,GLOBAL,PLATFORM,0,0,0,0,0,0,0,NATIONAL
gaza,kansascityhomes.com,com,GLOBAL,GLOBAL,GLOBAL,PLATFORM,0,0,0,0,0,0,0,NATIONAL
gaza,kcbd.com,com,GLOBAL,GLOBAL,GLOBAL,PLATFORM,0,0,0,0,0,0,0,NATIONAL
gaza,kcby.com,com,GLOBAL,GLOBAL,GLOBAL,PLATFORM,0,0,0,0,0,0,0,NATIONAL
gaza,kisslima.iheart.com,com,GLOBAL,GLOBAL,GLOBAL,PLATFORM,0,0,0,0,0,0,0,NATIONAL
gaza,knoxvilledailysun.com,com,GLOBAL,GLOBAL,GLOBAL,PLATFORM,0,0,0,0,0,0,0,NATIONAL
gaza,kool965.com,com,GLOBAL,GLOBAL,GLOBAL,PLATFORM,0,0,0,0,0,0,0,NATIONAL
gaza,kool973.com,com,GLOBAL,GLOBAL,GLOBAL,PLATFORM,0,0,0,0,0,0,0,NATIONAL
gaza,ktxs.com,com,GLOBAL,GLOBAL,GLOBAL,PLATFORM,0,0,0,0,0,0,0,NATIONAL
gaza,kxy.iheart.com,com,GLOBAL,GLOBAL,GLOBAL,PLATFORM,0,0,0,0,0,0,0,NATIONAL
gaza,lichfieldlive.co.uk,uk,GB,Europe & Central Asia,OTHER,PLATFORM,0,0,0,0,0,0,0,NATIONAL
gaza,lonestarball.com,com,GLOBAL,GLOBAL,GLOBAL,PLATFORM,0,0,0,0,0,0,0,NATIONAL
gaza,louisianaradionetwork.com,com,GLOBAL,GLOBAL,GLOBAL,PLATFORM,0,0,0,0,0,0,0,NATIONAL
gaza,maciverinstitute.com,com,GLOBAL,GLOBAL,GLOBAL,PLATFORM,0,0,0,0,0,0,0,NATIONAL
gaza,mfa.gov.tr,tr,TR,Europe & Central Asia,OTHER,PLATFORM,0,0,0,0,0,0,0,NATIONAL
gaza,militaryschool.com,com,GLOBAL,GLOBAL,GLOBAL,PLATFORM,0,0,0,0,0,0,0,NATIONAL
gaza,mix941.com,com,GLOBAL,GLOBAL,GLOBAL,PLATFORM,0,0,0,0,0,0,0,NATIONAL
gaza,mobilesyrup.com,com,GLOBAL,GLOBAL,GLOBAL,PLATFORM,0,0,0,0,0,0,0,NATIONAL
gaza,nationalpost.com,com,GLOBAL,GLOBAL,GLOBAL,PLATFORM,0,0,0,0,0,0,0,NATIONAL
gaza,ncregister.com,com,GLOBAL,GLOBAL,GLOBAL,PLATFORM,0,0,0,0,0,0,0,NATIONAL
gaza,nerdist.com,com,GLOBAL,GLOBAL,GLOBAL,PLATFORM,0,0,0,0,0,0,0,NATIONAL
gaza,newschannel6now.com,com,GLOBAL,GLOBAL,GLOBAL,PLATFORM,0,0,0,0,0,0,0,NATIONAL
gaza,nhpbs.org,org,GLOBAL,GLOBAL,GLOBAL,PLATFORM,0,0,0,0,0,0,0,NATIONAL
gaza,nj1015.com,com,GLOBAL,GLOBAL,GLOBAL,PLATFORM,0,0,0,0,0,0,0,NATIONAL
gaza,nny360.com,com,GLOBAL,GLOBAL,GLOBAL,PLATFORM,0,0,0,0,0,0,0,NATIONAL
gaza,northwalespioneer.co.uk,uk,GB,Europe & Central Asia,OTHER,PLATFORM,0,0,0,0,0,0,0,NATIONAL
gaza,obituaries.somerset-kentucky.com,com,GLOBAL,GLOBAL,GLOBAL,PLATFORM,0,0,0,0,0,0,0,NATIONAL
gaza,odditycentral.com,com,GLOBAL,GLOBAL,GLOBAL,PLATFORM,0,0,0,0,0,0,0,NATIONAL
gaza,orangeville.com,com,GLOBAL,GLOBAL,GLOBAL,PLATFORM,0,0,0,0,0,0,0,NATIONAL
gaza,outdoornews.com,com,GLOBAL,GLOBAL,GLOBAL,PLATFORM,0,0,0,0,0,0,0,NATIONAL
gaza,patrickruffini.com,com,GLOBAL,GLOBAL,GLOBAL,PLATFORM,0,0,0,0,0,0,0,NATIONAL
gaza,peterboroughtoday.co.uk,uk,GB,Europe & Central Asia,OTHER,PLATFORM,0,0,0,0,0,0,0,NATIONAL
gaza,pressenza.com,com,GLOBAL,GLOBAL,GLOBAL,PLATFORM,0,0,0,0,0,0,0,NATIONAL
gaza,princegeorgecitizen.com,com,GLOBAL,GLOBAL,GLOBAL,PLATFORM,0,0,0,0,0,0,0,NATIONAL
gaza,ripcityproject.com,com,GLOBAL,GLOBAL,GLOBAL,PLATFORM,0,0,0,0,0,0,0,NATIONAL
gaza,rock921.iheart.com,com,GLOBAL,GLOBAL,GLOBAL,PLATFORM,0,0,0,0,0,0,0,NATIONAL
gaza,sacurrent.com,com,GLOBAL,GLOBAL,GLOBAL,PLATFORM,0,0,0,0,0,0,0,NATIONAL
gaza,sanantoniomag.com,com,GLOBAL,GLOBAL,GLOBAL,PLATFORM,0,0,0,0,0,0,0,NATIONAL
gaza,seaforthhuronexpositor.com:443,NA,NA,NA,OTHER,PLATFORM,0,0,0,0,0,0,0,PLATFORM
gaza,silverandblackpride.com,com,GLOBAL,GLOBAL,GLOBAL,PLATFORM,0,0,0,0,0,0,0,NATIONAL
gaza,simcoe.com,com,GLOBAL,GLOBAL,GLOBAL,PLATFORM,0,0,0,0,0,0,0,NATIONAL
gaza,slashgear.com,com,GLOBAL,GLOBAL,GLOBAL,PLATFORM,0,0,0,0,0,0,0,NATIONAL
gaza,sluggerotoole.com,com,GLOBAL,GLOBAL,GLOBAL,PLATFORM,0,0,0,0,0,0,0,NATIONAL
gaza,smdailyjournal.com,com,GLOBAL,GLOBAL,GLOBAL,PLATFORM,0,0,0,0,0,0,0,NATIONAL
gaza,sookenewsmirror.com,com,GLOBAL,GLOBAL,GLOBAL,PLATFORM,0,0,0,0,0,0,0,NATIONAL
gaza,spacedaily.com,com,GLOBAL,GLOBAL,GLOBAL,PLATFORM,0,0,0,0,0,0,0,NATIONAL
gaza,star945.com,com,GLOBAL,GLOBAL,GLOBAL,PLATFORM,0,0,0,0,0,0,0,NATIONAL
gaza,statejournal.com,com,GLOBAL,GLOBAL,GLOBAL,PLATFORM,0,0,0,0,0,0,0,NATIONAL
gaza,stlamerican.com,com,GLOBAL,GLOBAL,GLOBAL,PLATFORM,0,0,0,0,0,0,0,NATIONAL
gaza,strategypage.com,com,GLOBAL,GLOBAL,GLOBAL,PLATFORM,0,0,0,0,0,0,0,NATIONAL
gaza,swimswam.com,com,GLOBAL,GLOBAL,GLOBAL,PLATFORM,0,0,0,0,0,0,0,NATIONAL
gaza,taftmidwaydriller.com,com,GLOBAL,GLOBAL,GLOBAL,PLATFORM,0,0,0,0,0,0,0,NATIONAL
gaza,tennesseetitans.com,com,GLOBAL,GLOBAL,GLOBAL,PLATFORM,0,0,0,0,0,0,0,NATIONAL
gaza,the-messenger.com,com,GLOBAL,GLOBAL,GLOBAL,PLATFORM,0,0,0,0,0,0,0,NATIONAL
gaza,theeagleonline.com.ng,ng,NG,Sub-Saharan Africa,AFRICA,PLATFORM,0,0,0,0,0,0,0,NATIONAL
gaza,theifp.ca,ca,CA,North America,OTHER,PLATFORM,0,0,0,0,0,0,0,NATIONAL
gaza,thesalemnewsonline.com,com,GLOBAL,GLOBAL,GLOBAL,PLATFORM,0,0,0,0,0,0,0,NATIONAL
gaza,thetidenewsonline.com,com,GLOBAL,GLOBAL,GLOBAL,PLATFORM,0,0,0,0,0,0,0,NATIONAL
gaza,thewave.ca,ca,CA,North America,OTHER,PLATFORM,0,0,0,0,0,0,0,NATIONAL
gaza,timesleader.com,com,GLOBAL,GLOBAL,GLOBAL,PLATFORM,0,0,0,0,0,0,0,NATIONAL
gaza,trinidadexpress.com,com,GLOBAL,GLOBAL,GLOBAL,PLATFORM,0,0,0,0,0,0,0,NATIONAL
gaza,trucknews.com,com,GLOBAL,GLOBAL,GLOBAL,PLATFORM,0,0,0,0,0,0,0,NATIONAL
gaza,ukiahdailyjournal.com,com,GLOBAL,GLOBAL,GLOBAL,PLATFORM,0,0,0,0,0,0,0,NATIONAL
gaza,uproxx.com,com,GLOBAL,GLOBAL,GLOBAL,PLATFORM,0,0,0,0,0,0,0,NATIONAL
gaza,vanderbilthustler.com,com,GLOBAL,GLOBAL,GLOBAL,PLATFORM,0,0,0,0,0,0,0,NATIONAL
gaza,veranda.com,com,GLOBAL,GLOBAL,GLOBAL,PLATFORM,0,0,0,0,0,0,0,NATIONAL
gaza,vernonmorningstar.com,com,GLOBAL,GLOBAL,GLOBAL,PLATFORM,0,0,0,0,0,0,0,NATIONAL
gaza,waaytv.com,com,GLOBAL,GLOBAL,GLOBAL,PLATFORM,0,0,0,0,0,0,0,NATIONAL
gaza,wacotrib.com,com,GLOBAL,GLOBAL,GLOBAL,PLATFORM,0,0,0,0,0,0,0,NATIONAL
gaza,wbaa.org,org,GLOBAL,GLOBAL,GLOBAL,PLATFORM,0,0,0,0,0,0,0,NATIONAL
gaza,wellington.scoop.co.nz,nz,NZ,East Asia & Pacific,OTHER,PLATFORM,0,0,0,0,0,0,0,NATIONAL
gaza,westernnebraskaobserver.net,net,GLOBAL,GLOBAL,GLOBAL,PLATFORM,0,0,0,0,0,0,0,NATIONAL
gaza,wfmj.com,com,GLOBAL,GLOBAL,GLOBAL,PLATFORM,0,0,0,0,0,0,0,NATIONAL
gaza,wftw.com,com,GLOBAL,GLOBAL,GLOBAL,PLATFORM,0,0,0,0,0,0,0,NATIONAL
gaza,wgmz.iheart.com,com,GLOBAL,GLOBAL,GLOBAL,PLATFORM,0,0,0,0,0,0,0,NATIONAL
gaza,whatech.com,com,GLOBAL,GLOBAL,GLOBAL,PLATFORM,0,0,0,0,0,0,0,NATIONAL
gaza,wjactv.com,com,GLOBAL,GLOBAL,GLOBAL,PLATFORM,0,0,0,0,0,0,0,NATIONAL
gaza,wral.com,com,GLOBAL,GLOBAL,GLOBAL,PLATFORM,0,0,0,0,0,0,0,NATIONAL
gaza,xtra99.com,com,GLOBAL,GLOBAL,GLOBAL,PLATFORM,0,0,0,0,0,0,0,NATIONAL
gaza,yakimaherald.com,com,GLOBAL,GLOBAL,GLOBAL,PLATFORM,0,0,0,0,0,0,0,NATIONAL
gaza,ynetnews.com,com,GLOBAL,GLOBAL,GLOBAL,PLATFORM,0,0,0,0,0,0,0,NATIONAL
gaza,yumasun.com,com,GLOBAL,GLOBAL,GLOBAL,PLATFORM,0,0,0,0,0,0,0,NATIONAL
venezuela,1005thewolf.iheart.com,com,GLOBAL,GLOBAL,GLOBAL,PLATFORM,0,0,0,0,0,0,0,NATIONAL
venezuela,1011now.com,com,GLOBAL,GLOBAL,GLOBAL,PLATFORM,0,0,0,0,0,0,0,NATIONAL
venezuela,1013kissfm.iheart.com,com,GLOBAL,GLOBAL,GLOBAL,PLATFORM,0,0,0,0,0,0,0,NATIONAL
venezuela,1057thebull.iheart.com,com,GLOBAL,GLOBAL,GLOBAL,PLATFORM,0,0,0,0,0,0,0,NATIONAL
venezuela,1071kissfm.iheart.com,com,GLOBAL,GLOBAL,GLOBAL,PLATFORM,0,0,0,0,0,0,0,NATIONAL
venezuela,38north.org,org,GLOBAL,GLOBAL,GLOBAL,PLATFORM,0,0,0,0,0,0,0,NATIONAL
venezuela,49ers.com,com,GLOBAL,GLOBAL,GLOBAL,PLATFORM,0,0,0,0,0,0,0,NATIONAL
venezuela,919thebend.ca,ca,CA,North America,OTHER,PLATFORM,0,0,0,0,0,0,0,NATIONAL
venezuela,931kmkt.com,com,GLOBAL,GLOBAL,GLOBAL,PLATFORM,0,0,0,0,0,0,0,NATIONAL
venezuela,939litefm.iheart.com,com,GLOBAL,GLOBAL,GLOBAL,PLATFORM,0,0,0,0,0,0,0,NATIONAL
venezuela,945thehawkradio.com,com,GLOBAL,GLOBAL,GLOBAL,PLATFORM,0,0,0,0,0,0,0,NATIONAL
venezuela,957thebeat.iheart.com,com,GLOBAL,GLOBAL,GLOBAL,PLATFORM,0,0,0,0,0,0,0,NATIONAL
venezuela,969therock.com,com,GLOBAL,GLOBAL,GLOBAL,PLATFORM,0,0,0,0,0,0,0,NATIONAL
venezuela,975thevibe.com,com,GLOBAL,GLOBAL,GLOBAL,PLATFORM,0,0,0,0,0,0,0,NATIONAL
venezuela,979kissfm.iheart.com,com,GLOBAL,GLOBAL,GLOBAL,PLATFORM,0,0,0,0,0,0,0,NATIONAL
venezuela,981thebreeze.iheart.com,com,GLOBAL,GLOBAL,GLOBAL,PLATFORM,0,0,0,0,0,0,0,NATIONAL
venezuela,983try.iheart.com,com,GLOBAL,GLOBAL,GLOBAL,PLATFORM,0,0,0,0,0,0,0,NATIONAL
venezuela,98kupd.com,com,GLOBAL,GLOBAL,GLOBAL,PLATFORM,0,0,0,0,0,0,0,NATIONAL
venezuela,abc.net.au,au,AU,East Asia & Pacific,OTHER,PLATFORM,0,0,0,0,0,0,0,NATIONAL
venezuela,abc10.com,com,GLOBAL,GLOBAL,GLOBAL,PLATFORM,0,0,0,0,0,0,0,NATIONAL
venezuela,abc30.com,com,GLOBAL,GLOBAL,GLOBAL,PLATFORM,0,0,0,0,0,0,0,NATIONAL
venezuela,abc7chicago.com,com,GLOBAL,GLOBAL,GLOBAL,PLATFORM,0,0,0,0,0,0,0,NATIONAL
venezuela,abcnews.go.com,com,GLOBAL,GLOBAL,GLOBAL,PLATFORM,0,0,0,0,0,0,0,NATIONAL
venezuela,advocate-news.com,com,GLOBAL,GLOBAL,GLOBAL,PLATFORM,0,0,0,0,0,0,0,NATIONAL
venezuela,aei.org,org,GLOBAL,GLOBAL,GLOBAL,PLATFORM,0,0,0,0,0,0,0,NATIONAL
venezuela,agassizharrisonobserver.com,com,GLOBAL,GLOBAL,GLOBAL,PLATFORM,0,0,0,0,0,0,0,NATIONAL
venezuela,alaskasnewssource.com,com,GLOBAL,GLOBAL,GLOBAL,PLATFORM,0,0,0,0,0,0,0,NATIONAL
venezuela,allclassical.org,org,GLOBAL,GLOBAL,GLOBAL,PLATFORM,0,0,0,0,0,0,0,NATIONAL
venezuela,allgov.com,com,GLOBAL,GLOBAL,GLOBAL,PLATFORM,0,0,0,0,0,0,0,NATIONAL
venezuela,amny.com,com,GLOBAL,GLOBAL,GLOBAL,PLATFORM,0,0,0,0,0,0,0,NATIONAL
venezuela,amren.com,com,GLOBAL,GLOBAL,GLOBAL,PLATFORM,0,0,0,0,0,0,0,NATIONAL
venezuela,androidheadlines.com,com,GLOBAL,GLOBAL,GLOBAL,PLATFORM,0,0,0,0,0,0,0,NATIONAL
venezuela,apnews.com,com,GLOBAL,GLOBAL,GLOBAL,PLATFORM,0,0,0,0,0,0,0,NATIONAL
venezuela,asia.nikkei.com,com,GLOBAL,GLOBAL,GLOBAL,PLATFORM,0,0,0,0,0,0,0,NATIONAL
venezuela,avclub.com,com,GLOBAL,GLOBAL,GLOBAL,PLATFORM,0,0,0,0,0,0,0,NATIONAL
venezuela,barrons.com,com,GLOBAL,GLOBAL,GLOBAL,PLATFORM,0,0,0,0,0,0,0,NATIONAL
venezuela,beaufortcountynow.com,com,GLOBAL,GLOBAL,GLOBAL,PLATFORM,0,0,0,0,0,0,0,NATIONAL
venezuela,belfastlive.co.uk,uk,GB,Europe & Central Asia,OTHER,PLATFORM,0,0,0,0,0,0,0,NATIONAL
venezuela,benzinga.com,com,GLOBAL,GLOBAL,GLOBAL,PLATFORM,0,0,0,0,0,0,0,NATIONAL
venezuela,bigfrog104.com,com,GLOBAL,GLOBAL,GLOBAL,PLATFORM,0,0,0,0,0,0,0,NATIONAL
venezuela,bignewsnetwork.com,com,GLOBAL,GLOBAL,GLOBAL,PLATFORM,0,0,0,0,0,0,0,NATIONAL
venezuela,birminghammail.co.uk,uk,GB,Europe & Central Asia,OTHER,PLATFORM,0,0,0,0,0,0,0,NATIONAL
venezuela,biztoc.com,com,GLOBAL,GLOBAL,GLOBAL,PLATFORM,0,0,0,0,0,0,0,NATIONAL
venezuela,blazersedge.com,com,GLOBAL,GLOBAL,GLOBAL,PLATFORM,0,0,0,0,0,0,0,NATIONAL
venezuela,bloomberg.com,com,GLOBAL,GLOBAL,GLOBAL,PLATFORM,1,0,0,0,0,0,1,FIN
venezuela,bobfm.co.uk,uk,GB,Europe & Central Asia,OTHER,PLATFORM,0,0,0,0,0,0,0,NATIONAL
venezuela,bondbuyer.com,com,GLOBAL,GLOBAL,GLOBAL,PLATFORM,0,0,0,0,0,0,0,NATIONAL
venezuela,bordertelegraph.com,com,GLOBAL,GLOBAL,GLOBAL,PLATFORM,0,0,0,0,0,0,0,NATIONAL
venezuela,boston.com,com,GLOBAL,GLOBAL,GLOBAL,PLATFORM,0,0,0,0,0,0,0,NATIONAL
venezuela,bostonglobe.com,com,GLOBAL,GLOBAL,GLOBAL,PLATFORM,0,0,0,0,0,0,0,NATIONAL
venezuela,bovada.lv,lv,NA,NA,OTHER,PLATFORM,0,0,0,0,0,0,0,PLATFORM
venezuela,boxden.com,com,GLOBAL,GLOBAL,GLOBAL,PLATFORM,0,0,0,0,0,0,0,NATIONAL
venezuela,bozemanskissfm.com,com,GLOBAL,GLOBAL,GLOBAL,PLATFORM,0,0,0,0,0,0,0,NATIONAL
venezuela,brantfordexpositor.ca:443,NA,NA,NA,OTHER,PLATFORM,0,0,0,0,0,0,0,PLATFORM
venezuela,brazilsun.com,com,GLOBAL,GLOBAL,GLOBAL,PLATFORM,0,0,0,0,0,0,0,NATIONAL
venezuela,breitbart.com:443,NA,NA,NA,OTHER,PLATFORM,0,0,0,0,0,0,0,PLATFORM
venezuela,bridgwatermercury.co.uk,uk,GB,Europe & Central Asia,OTHER,PLATFORM,0,0,0,0,0,0,0,NATIONAL
venezuela,brooklynvegan.com,com,GLOBAL,GLOBAL,GLOBAL,PLATFORM,0,0,0,0,0,0,0,NATIONAL
venezuela,burytimes.co.uk,uk,GB,Europe & Central Asia,OTHER,PLATFORM,0,0,0,0,0,0,0,NATIONAL
venezuela,businessworld.in,in,IN,South Asia,OTHER,PLATFORM,0,0,0,0,0,0,0,NATIONAL
venezuela,cairnspost.com.au,au,AU,East Asia & Pacific,OTHER,PLATFORM,0,0,0,0,0,0,0,NATIONAL
venezuela,carolinacoastonline.com,com,GLOBAL,GLOBAL,GLOBAL,PLATFORM,0,0,0,0,0,0,0,NATIONAL
venezuela,carsonnow.org,org,GLOBAL,GLOBAL,GLOBAL,PLATFORM,0,0,0,0,0,0,0,NATIONAL
venezuela,cbc.bb,bb,NA,NA,OTHER,PLATFORM,0,0,0,0,0,0,0,PLATFORM
venezuela,cbs19.tv,tv,NA,NA,OTHER,PLATFORM,0,0,0,0,0,0,0,PLATFORM
venezuela,cbs4indy.com,com,GLOBAL,GLOBAL,GLOBAL,PLATFORM,0,0,0,0,0,0,0,NATIONAL
venezuela,cbsnews.com,com,GLOBAL,GLOBAL,GLOBAL,PLATFORM,0,0,0,0,0,0,0,NATIONAL
venezuela,cfox.com,com,GLOBAL,GLOBAL,GLOBAL,PLATFORM,0,0,0,0,0,0,0,NATIONAL
venezuela,cfweradio.ca,ca,CA,North America,OTHER,PLATFORM,0,0,0,0,0,0,0,NATIONAL
venezuela,cgdev.org,org,GLOBAL,GLOBAL,GLOBAL,PLATFORM,0,0,0,0,0,0,0,NATIONAL
venezuela,charlotteobserver.com,com,GLOBAL,GLOBAL,GLOBAL,PLATFORM,0,0,0,0,0,0,0,NATIONAL
venezuela,chicago.suntimes.com,com,GLOBAL,GLOBAL,GLOBAL,PLATFORM,0,0,0,0,0,0,0,NATIONAL
venezuela,christianpost.com,com,GLOBAL,GLOBAL,GLOBAL,PLATFORM,0,0,0,0,0,0,0,NATIONAL
venezuela,christianpost.com:443,NA,NA,NA,OTHER,PLATFORM,0,0,0,0,0,0,0,PLATFORM
venezuela,chronicleonline.com,com,GLOBAL,GLOBAL,GLOBAL,PLATFORM,0,0,0,0,0,0,0,NATIONAL
venezuela,chronogram.com,com,GLOBAL,GLOBAL,GLOBAL,PLATFORM,0,0,0,0,0,0,0,NATIONAL
venezuela,cincinnatisun.com,com,GLOBAL,GLOBAL,GLOBAL,PLATFORM,0,0,0,0,0,0,0,NATIONAL
venezuela,citynews.com.au,au,AU,East Asia & Pacific,OTHER,PLATFORM,0,0,0,0,0,0,0,NATIONAL
venezuela,cleveland19.com,com,GLOBAL,GLOBAL,GLOBAL,PLATFORM,0,0,0,0,0,0,0,NATIONAL
venezuela,clevescene.com,com,GLOBAL,GLOBAL,GLOBAL,PLATFORM,0,0,0,0,0,0,0,NATIONAL
venezuela,cnn.com,com,GLOBAL,GLOBAL,GLOBAL,PLATFORM,0,0,0,0,0,0,0,NATIONAL
venezuela,cnynews.com,com,GLOBAL,GLOBAL,GLOBAL,PLATFORM,0,0,0,0,0,0,0,NATIONAL
venezuela,coast1009.com,com,GLOBAL,GLOBAL,GLOBAL,PLATFORM,0,0,0,0,0,0,0,NATIONAL
venezuela,columbustelegram.com,com,GLOBAL,GLOBAL,GLOBAL,PLATFORM,0,0,0,0,0,0,0,NATIONAL
venezuela,county10.com,com,GLOBAL,GLOBAL,GLOBAL,PLATFORM,0,0,0,0,0,0,0,NATIONAL
venezuela,cp24.com,com,GLOBAL,GLOBAL,GLOBAL,PLATFORM,0,0,0,0,0,0,0,NATIONAL
venezuela,cravenherald.co.uk,uk,GB,Europe & Central Asia,OTHER,PLATFORM,0,0,0,0,0,0,0,NATIONAL
venezuela,crossrhythms.co.uk,uk,GB,Europe & Central Asia,OTHER,PLATFORM,0,0,0,0,0,0,0,NATIONAL
venezuela,dailycaller.com,com,GLOBAL,GLOBAL,GLOBAL,PLATFORM,0,0,0,0,0,0,0,NATIONAL
venezuela,dailycamera.com,com,GLOBAL,GLOBAL,GLOBAL,PLATFORM,0,0,0,0,0,0,0,NATIONAL
venezuela,dailyherald.com,com,GLOBAL,GLOBAL,GLOBAL,PLATFORM,0,0,0,0,0,0,0,NATIONAL
venezuela,dailyitem.com,com,GLOBAL,GLOBAL,GLOBAL,PLATFORM,0,0,0,0,0,0,0,NATIONAL
venezuela,dailymail.co.uk,uk,GB,Europe & Central Asia,OTHER,PLATFORM,0,0,0,0,0,0,0,NATIONAL
venezuela,dailytimes.com,com,GLOBAL,GLOBAL,GLOBAL,PLATFORM,0,0,0,0,0,0,0,NATIONAL
venezuela,dallasinnovates.com,com,GLOBAL,GLOBAL,GLOBAL,PLATFORM,0,0,0,0,0,0,0,NATIONAL
venezuela,dallasnews.com,com,GLOBAL,GLOBAL,GLOBAL,PLATFORM,0,0,0,0,0,0,0,NATIONAL
venezuela,dealgenius.com,com,GLOBAL,GLOBAL,GLOBAL,PLATFORM,0,0,0,0,0,0,0,NATIONAL
venezuela,democratherald.com,com,GLOBAL,GLOBAL,GLOBAL,PLATFORM,0,0,0,0,0,0,0,NATIONAL
venezuela,devdiscourse.com,com,GLOBAL,GLOBAL,GLOBAL,PLATFORM,0,0,0,0,0,0,0,NATIONAL
venezuela,donegalnews.com,com,GLOBAL,GLOBAL,GLOBAL,PLATFORM,0,0,0,0,0,0,0,NATIONAL
venezuela,eastidahonews.com,com,GLOBAL,GLOBAL,GLOBAL,PLATFORM,0,0,0,0,0,0,0,NATIONAL
venezuela,editorial.rottentomatoes.com,com,GLOBAL,GLOBAL,GLOBAL,PLATFORM,0,0,0,0,0,0,0,NATIONAL
venezuela,elwakt.com,com,GLOBAL,GLOBAL,GLOBAL,PLATFORM,0,0,0,0,0,0,0,NATIONAL
venezuela,energyintel.com,com,GLOBAL,GLOBAL,GLOBAL,PLATFORM,0,0,0,0,0,0,0,NATIONAL
venezuela,enidnews.com,com,GLOBAL,GLOBAL,GLOBAL,PLATFORM,0,0,0,0,0,0,0,NATIONAL
venezuela,etonline.com,com,GLOBAL,GLOBAL,GLOBAL,PLATFORM,0,0,0,0,0,0,0,NATIONAL
venezuela,eurasiareview.com,com,GLOBAL,GLOBAL,GLOBAL,PLATFORM,0,0,0,0,0,0,0,NATIONAL
venezuela,euromaidanpress.com,com,GLOBAL,GLOBAL,GLOBAL,PLATFORM,0,0,0,0,0,0,0,NATIONAL
venezuela,exploreseiowa.com,com,GLOBAL,GLOBAL,GLOBAL,PLATFORM,0,0,0,0,0,0,0,NATIONAL
venezuela,fairviewpost.com:443,NA,NA,NA,OTHER,PLATFORM,0,0,0,0,0,0,0,PLATFORM
venezuela,farmweekly.com.au,au,AU,East Asia & Pacific,OTHER,PLATFORM,0,0,0,0,0,0,0,NATIONAL
venezuela,fhtimes.com,com,GLOBAL,GLOBAL,GLOBAL,PLATFORM,0,0,0,0,0,0,0,NATIONAL
venezuela,fijitimes.com,com,GLOBAL,GLOBAL,GLOBAL,PLATFORM,0,0,0,0,0,0,0,NATIONAL
venezuela,finance.yahoo.com,com,GLOBAL,GLOBAL,GLOBAL,PLATFORM,0,0,0,0,0,0,0,NATIONAL
venezuela,fm96.com,com,GLOBAL,GLOBAL,GLOBAL,PLATFORM,0,0,0,0,0,0,0,NATIONAL
venezuela,fox13now.com,com,GLOBAL,GLOBAL,GLOBAL,PLATFORM,0,0,0,0,0,0,0,NATIONAL
venezuela,fox23.com,com,GLOBAL,GLOBAL,GLOBAL,PLATFORM,0,0,0,0,0,0,0,NATIONAL
venezuela,fox7austin.com,com,GLOBAL,GLOBAL,GLOBAL,PLATFORM,0,0,0,0,0,0,0,NATIONAL
venezuela,ftw.usatoday.com,com,GLOBAL,GLOBAL,GLOBAL,PLATFORM,0,0,0,0,0,0,0,NATIONAL
venezuela,fun107.com,com,GLOBAL,GLOBAL,GLOBAL,PLATFORM,0,0,0,0,0,0,0,NATIONAL
venezuela,fxstreet.com,com,GLOBAL,GLOBAL,GLOBAL,PLATFORM,0,0,0,0,0,0,0,NATIONAL
venezuela,gambling.com,com,GLOBAL,GLOBAL,GLOBAL,PLATFORM,0,0,0,0,0,0,0,NATIONAL
venezuela,gamerevolution.com,com,GLOBAL,GLOBAL,GLOBAL,PLATFORM,0,0,0,0,0,0,0,NATIONAL
venezuela,geographicus.com,com,GLOBAL,GLOBAL,GLOBAL,PLATFORM,0,0,0,0,0,0,0,NATIONAL
venezuela,gigulate.com,com,GLOBAL,GLOBAL,GLOBAL,PLATFORM,0,0,0,0,0,0,0,NATIONAL
venezuela,glamour.com,com,GLOBAL,GLOBAL,GLOBAL,PLATFORM,0,0,0,0,0,0,0,NATIONAL
venezuela,global.chinadaily.com.cn,cn,CN,East Asia & Pacific,OTHER,PLATFORM,0,0,0,0,0,0,0,NATIONAL
venezuela,globalnews.ca,ca,CA,North America,OTHER,PLATFORM,0,0,0,0,0,0,0,NATIONAL
venezuela,goldcoastbulletin.com.au,au,AU,East Asia & Pacific,OTHER,PLATFORM,0,0,0,0,0,0,0,NATIONAL
venezuela,goskagit.com,com,GLOBAL,GLOBAL,GLOBAL,PLATFORM,0,0,0,0,0,0,0,NATIONAL
venezuela,gothamist.com,com,GLOBAL,GLOBAL,GLOBAL,PLATFORM,0,0,0,0,0,0,0,NATIONAL
venezuela,hancinema.net,net,GLOBAL,GLOBAL,GLOBAL,PLATFORM,0,0,0,0,0,0,0,NATIONAL
venezuela,hapblog.com,com,GLOBAL,GLOBAL,GLOBAL,PLATFORM,0,0,0,0,0,0,0,NATIONAL
venezuela,hastingstribune.com,com,GLOBAL,GLOBAL,GLOBAL,PLATFORM,0,0,0,0,0,0,0,NATIONAL
venezuela,health.usnews.com,com,GLOBAL,GLOBAL,GLOBAL,PLATFORM,0,0,0,0,0,0,0,NATIONAL
venezuela,hellomagazine.com,com,GLOBAL,GLOBAL,GLOBAL,PLATFORM,0,0,0,0,0,0,0,NATIONAL
venezuela,henleystandard.co.uk,uk,GB,Europe & Central Asia,OTHER,PLATFORM,0,0,0,0,0,0,0,NATIONAL
venezuela,henricocitizen.com,com,GLOBAL,GLOBAL,GLOBAL,PLATFORM,0,0,0,0,0,0,0,NATIONAL
venezuela,her.ie,ie,NA,NA,OTHER,PLATFORM,0,0,0,0,0,0,0,PLATFORM
venezuela,heraldsun.com.au,au,AU,East Asia & Pacific,OTHER,PLATFORM,0,0,0,0,0,0,0,NATIONAL
venezuela,hindustantimes.com,com,GLOBAL,GLOBAL,GLOBAL,PLATFORM,0,0,0,0,0,0,0,NATIONAL
venezuela,hits1061seattle.iheart.com,com,GLOBAL,GLOBAL,GLOBAL,PLATFORM,0,0,0,0,0,0,0,NATIONAL
venezuela,hudsoncountyview.com,com,GLOBAL,GLOBAL,GLOBAL,PLATFORM,0,0,0,0,0,0,0,NATIONAL
venezuela,huffpost.com,com,GLOBAL,GLOBAL,GLOBAL,PLATFORM,0,0,0,0,0,0,0,NATIONAL
venezuela,idahocapitalsun.com,com,GLOBAL,GLOBAL,GLOBAL,PLATFORM,0,0,0,0,0,0,0,NATIONAL
venezuela,independenttribune.com,com,GLOBAL,GLOBAL,GLOBAL,PLATFORM,0,0,0,0,0,0,0,NATIONAL
venezuela,infowars.com,com,GLOBAL,GLOBAL,GLOBAL,PLATFORM,0,0,0,0,0,0,0,NATIONAL
venezuela,insideselfstorage.com,com,GLOBAL,GLOBAL,GLOBAL,PLATFORM,0,0,0,0,0,0,0,NATIONAL
venezuela,instyle.com,com,GLOBAL,GLOBAL,GLOBAL,PLATFORM,0,0,0,0,0,0,0,NATIONAL
venezuela,investopedia.com,com,GLOBAL,GLOBAL,GLOBAL,PLATFORM,0,0,0,0,0,0,0,NATIONAL
venezuela,iranherald.com,com,GLOBAL,GLOBAL,GLOBAL,PLATFORM,0,0,0,0,0,0,0,NATIONAL
venezuela,iraqsun.com,com,GLOBAL,GLOBAL,GLOBAL,PLATFORM,0,0,0,0,0,0,0,NATIONAL
venezuela,journalnow.com,com,GLOBAL,GLOBAL,GLOBAL,PLATFORM,0,0,0,0,0,0,0,NATIONAL
venezuela,jox2fm.com,com,GLOBAL,GLOBAL,GLOBAL,PLATFORM,0,0,0,0,0,0,0,NATIONAL
venezuela,juneauempire.com,com,GLOBAL,GLOBAL,GLOBAL,PLATFORM,0,0,0,0,0,0,0,NATIONAL
venezuela,kalb.com,com,GLOBAL,GLOBAL,GLOBAL,PLATFORM,0,0,0,0,0,0,0,NATIONAL
venezuela,kcra.com,com,GLOBAL,GLOBAL,GLOBAL,PLATFORM,0,0,0,0,0,0,0,NATIONAL
venezuela,kdal610.com,com,GLOBAL,GLOBAL,GLOBAL,PLATFORM,0,0,0,0,0,0,0,NATIONAL
venezuela,kelo.com,com,GLOBAL,GLOBAL,GLOBAL,PLATFORM,0,0,0,0,0,0,0,NATIONAL
venezuela,ketv.com,com,GLOBAL,GLOBAL,GLOBAL,PLATFORM,0,0,0,0,0,0,0,NATIONAL
venezuela,kfdm.com,com,GLOBAL,GLOBAL,GLOBAL,PLATFORM,0,0,0,0,0,0,0,NATIONAL
venezuela,kgw.com,com,GLOBAL,GLOBAL,GLOBAL,PLATFORM,0,0,0,0,0,0,0,NATIONAL
venezuela,kicks99.com,com,GLOBAL,GLOBAL,GLOBAL,PLATFORM,0,0,0,0,0,0,0,NATIONAL
venezuela,kingstonthisweek.com:443,NA,NA,NA,OTHER,PLATFORM,0,0,0,0,0,0,0,PLATFORM
venezuela,kiss1027fm.iheart.com,com,GLOBAL,GLOBAL,GLOBAL,PLATFORM,0,0,0,0,0,0,0,NATIONAL
venezuela,kiss1067.iheart.com,com,GLOBAL,GLOBAL,GLOBAL,PLATFORM,0,0,0,0,0,0,0,NATIONAL
venezuela,kisswtlz.com,com,GLOBAL,GLOBAL,GLOBAL,PLATFORM,0,0,0,0,0,0,0,NATIONAL
venezuela,kizzmyanthia.com,com,GLOBAL,GLOBAL,GLOBAL,PLATFORM,0,0,0,0,0,0,0,NATIONAL
venezuela,kjas.com,com,GLOBAL,GLOBAL,GLOBAL,PLATFORM,0,0,0,0,0,0,0,NATIONAL
venezuela,klaq.com,com,GLOBAL,GLOBAL,GLOBAL,PLATFORM,0,0,0,0,0,0,0,NATIONAL
venezuela,kmaj1440.com,com,GLOBAL,GLOBAL,GLOBAL,PLATFORM,0,0,0,0,0,0,0,NATIONAL
venezuela,knbr.com,com,GLOBAL,GLOBAL,GLOBAL,PLATFORM,0,0,0,0,0,0,0,NATIONAL
venezuela,knopnews2.com,com,GLOBAL,GLOBAL,GLOBAL,PLATFORM,0,0,0,0,0,0,0,NATIONAL
venezuela,koco.com,com,GLOBAL,GLOBAL,GLOBAL,PLATFORM,0,0,0,0,0,0,0,NATIONAL
venezuela,kpcw.org,org,GLOBAL,GLOBAL,GLOBAL,PLATFORM,0,0,0,0,0,0,0,NATIONAL
venezuela,kplctv.com,com,GLOBAL,GLOBAL,GLOBAL,PLATFORM,0,0,0,0,0,0,0,NATIONAL
venezuela,krcrtv.com,com,GLOBAL,GLOBAL,GLOBAL,PLATFORM,0,0,0,0,0,0,0,NATIONAL
venezuela,krqe.com,com,GLOBAL,GLOBAL,GLOBAL,PLATFORM,0,0,0,0,0,0,0,NATIONAL
venezuela,ksenam.com,com,GLOBAL,GLOBAL,GLOBAL,PLATFORM,0,0,0,0,0,0,0,NATIONAL
venezuela,ksfa860.com,com,GLOBAL,GLOBAL,GLOBAL,PLATFORM,0,0,0,0,0,0,0,NATIONAL
venezuela,ksjbam.com,com,GLOBAL,GLOBAL,GLOBAL,PLATFORM,0,0,0,0,0,0,0,NATIONAL
venezuela,ksnt.com,com,GLOBAL,GLOBAL,GLOBAL,PLATFORM,0,0,0,0,0,0,0,NATIONAL
venezuela,ktiv.com,com,GLOBAL,GLOBAL,GLOBAL,PLATFORM,0,0,0,0,0,0,0,NATIONAL
venezuela,ktom.iheart.com,com,GLOBAL,GLOBAL,GLOBAL,PLATFORM,0,0,0,0,0,0,0,NATIONAL
venezuela,ktvb.com,com,GLOBAL,GLOBAL,GLOBAL,PLATFORM,0,0,0,0,0,0,0,NATIONAL
venezuela,kxlf.com,com,GLOBAL,GLOBAL,GLOBAL,PLATFORM,0,0,0,0,0,0,0,NATIONAL
venezuela,kxly.com,com,GLOBAL,GLOBAL,GLOBAL,PLATFORM,0,0,0,0,0,0,0,NATIONAL
venezuela,kyma.com,com,GLOBAL,GLOBAL,GLOBAL,PLATFORM,0,0,0,0,0,0,0,NATIONAL
venezuela,ladysmithchronicle.com,com,GLOBAL,GLOBAL,GLOBAL,PLATFORM,0,0,0,0,0,0,0,NATIONAL
venezuela,lagrandeobserver.com,com,GLOBAL,GLOBAL,GLOBAL,PLATFORM,0,0,0,0,0,0,0,NATIONAL
venezuela,lankaweb.com,com,GLOBAL,GLOBAL,GLOBAL,PLATFORM,0,0,0,0,0,0,0,NATIONAL
venezuela,latimes.com,com,GLOBAL,GLOBAL,GLOBAL,PLATFORM,0,0,0,0,0,0,0,NATIONAL
venezuela,laurinburgexchange.com,com,GLOBAL,GLOBAL,GLOBAL,PLATFORM,0,0,0,0,0,0,0,NATIONAL
venezuela,ledburyreporter.co.uk,uk,GB,Europe & Central Asia,OTHER,PLATFORM,0,0,0,0,0,0,0,NATIONAL
venezuela,lexology.com,com,GLOBAL,GLOBAL,GLOBAL,PLATFORM,0,0,0,0,0,0,0,NATIONAL
venezuela,lexpansion.lexpress.fr,fr,FR,Europe & Central Asia,OTHER,PLATFORM,0,0,0,0,0,0,0,NATIONAL
venezuela,lgbtqnation.com,com,GLOBAL,GLOBAL,GLOBAL,PLATFORM,0,0,0,0,0,0,0,NATIONAL
venezuela,lifenews.com,com,GLOBAL,GLOBAL,GLOBAL,PLATFORM,0,0,0,0,0,0,0,NATIONAL
venezuela,litefm.iheart.com,com,GLOBAL,GLOBAL,GLOBAL,PLATFORM,0,0,0,0,0,0,0,NATIONAL
venezuela,liteonline.com,com,GLOBAL,GLOBAL,GLOBAL,PLATFORM,0,0,0,0,0,0,0,NATIONAL
venezuela,london.ctvnews.ca,ca,CA,North America,OTHER,PLATFORM,0,0,0,0,0,0,0,NATIONAL
venezuela,lportepilot.ca,ca,CA,North America,OTHER,PLATFORM,0,0,0,0,0,0,0,NATIONAL
venezuela,macaubusiness.com,com,GLOBAL,GLOBAL,GLOBAL,PLATFORM,0,0,0,0,0,0,0,NATIONAL
venezuela,mainichi.jp,jp,JP,East Asia & Pacific,OTHER,PLATFORM,0,0,0,0,0,0,0,NATIONAL
venezuela,majic959.iheart.com,com,GLOBAL,GLOBAL,GLOBAL,PLATFORM,0,0,0,0,0,0,0,NATIONAL
venezuela,markets.businessinsider.com,com,GLOBAL,GLOBAL,GLOBAL,PLATFORM,0,0,0,0,0,0,0,NATIONAL
venezuela,marketwatch.com,com,GLOBAL,GLOBAL,GLOBAL,PLATFORM,1,0,0,0,0,0,1,FIN
venezuela,matadornetwork.com,com,GLOBAL,GLOBAL,GLOBAL,PLATFORM,0,0,0,0,0,0,0,NATIONAL
venezuela,menafn.com,com,GLOBAL,GLOBAL,GLOBAL,PLATFORM,0,0,0,0,0,0,0,NATIONAL
venezuela,metro.us,us,US,North America,OTHER,PLATFORM,0,0,0,0,0,0,0,NATIONAL
venezuela,mgoblog.com,com,GLOBAL,GLOBAL,GLOBAL,PLATFORM,0,0,0,0,0,0,0,NATIONAL
venezuela,miamistudent.net,net,GLOBAL,GLOBAL,GLOBAL,PLATFORM,0,0,0,0,0,0,0,NATIONAL
venezuela,mindat.org,org,GLOBAL,GLOBAL,GLOBAL,PLATFORM,0,0,0,0,0,0,0,NATIONAL
venezuela,mirror.co.uk,uk,GB,Europe & Central Asia,OTHER,PLATFORM,0,0,0,0,0,0,0,NATIONAL
venezuela,modernreaders.com,com,GLOBAL,GLOBAL,GLOBAL,PLATFORM,0,0,0,0,0,0,0,NATIONAL
venezuela,morningstar.com,com,GLOBAL,GLOBAL,GLOBAL,PLATFORM,0,0,0,0,0,0,0,NATIONAL
venezuela,msnbc.com,com,GLOBAL,GLOBAL,GLOBAL,PLATFORM,0,0,0,0,0,0,0,NATIONAL
venezuela,my1035.com,com,GLOBAL,GLOBAL,GLOBAL,PLATFORM,0,0,0,0,0,0,0,NATIONAL
venezuela,mykfan.iheart.com,com,GLOBAL,GLOBAL,GLOBAL,PLATFORM,0,0,0,0,0,0,0,NATIONAL
venezuela,mymmanews.com,com,GLOBAL,GLOBAL,GLOBAL,PLATFORM,0,0,0,0,0,0,0,NATIONAL
venezuela,mynorthwest.com,com,GLOBAL,GLOBAL,GLOBAL,PLATFORM,0,0,0,0,0,0,0,NATIONAL
venezuela,mysouth1061.iheart.com,com,GLOBAL,GLOBAL,GLOBAL,PLATFORM,0,0,0,0,0,0,0,NATIONAL
venezuela,n4g.com,com,GLOBAL,GLOBAL,GLOBAL,PLATFORM,0,0,0,0,0,0,0,NATIONAL
venezuela,nashfm1065.com,com,GLOBAL,GLOBAL,GLOBAL,PLATFORM,0,0,0,0,0,0,0,NATIONAL
venezuela,natlawreview.com,com,GLOBAL,GLOBAL,GLOBAL,PLATFORM,0,0,0,0,0,0,0,NATIONAL
venezuela,nbcnews.com,com,GLOBAL,GLOBAL,GLOBAL,PLATFORM,0,0,0,0,0,0,0,NATIONAL
venezuela,new.irasciblemusings.com,com,GLOBAL,GLOBAL,GLOBAL,PLATFORM,0,0,0,0,0,0,0,NATIONAL
venezuela,newcastleherald.com.au,au,AU,East Asia & Pacific,OTHER,PLATFORM,0,0,0,0,0,0,0,NATIONAL
venezuela,newjerseyglobe.com,com,GLOBAL,GLOBAL,GLOBAL,PLATFORM,0,0,0,0,0,0,0,NATIONAL
venezuela,news.coinupdate.com,com,GLOBAL,GLOBAL,GLOBAL,PLATFORM,0,0,0,0,0,0,0,NATIONAL
venezuela,news.wgcu.org,org,GLOBAL,GLOBAL,GLOBAL,PLATFORM,0,0,0,0,0,0,0,NATIONAL
venezuela,news.yahoo.com,com,GLOBAL,GLOBAL,GLOBAL,PLATFORM,0,0,0,0,0,0,0,NATIONAL
venezuela,news18.com,com,GLOBAL,GLOBAL,GLOBAL,PLATFORM,0,0,0,0,0,0,0,NATIONAL
venezuela,news9.com,com,GLOBAL,GLOBAL,GLOBAL,PLATFORM,0,0,0,0,0,0,0,NATIONAL
venezuela,newsandtribune.com,com,GLOBAL,GLOBAL,GLOBAL,PLATFORM,0,0,0,0,0,0,0,NATIONAL
venezuela,newsdzezimbabwe.co.uk,uk,GB,Europe & Central Asia,OTHER,PLATFORM,0,0,0,0,0,0,0,NATIONAL
venezuela,newson6.com,com,GLOBAL,GLOBAL,GLOBAL,PLATFORM,0,0,0,0,0,0,0,NATIONAL
venezuela,newsone.com,com,GLOBAL,GLOBAL,GLOBAL,PLATFORM,0,0,0,0,0,0,0,NATIONAL
venezuela,newsregister.com,com,GLOBAL,GLOBAL,GLOBAL,PLATFORM,0,0,0,0,0,0,0,NATIONAL
venezuela,newsshopper.co.uk,uk,GB,Europe & Central Asia,OTHER,PLATFORM,0,0,0,0,0,0,0,NATIONAL
venezuela,newstalk1130.iheart.com,com,GLOBAL,GLOBAL,GLOBAL,PLATFORM,0,0,0,0,0,0,0,NATIONAL
venezuela,newstalk1230.iheart.com,com,GLOBAL,GLOBAL,GLOBAL,PLATFORM,0,0,0,0,0,0,0,NATIONAL
venezuela,newtelegraphng.com,com,GLOBAL,GLOBAL,GLOBAL,PLATFORM,0,0,0,0,0,0,0,NATIONAL
venezuela,nhpr.org,org,GLOBAL,GLOBAL,GLOBAL,PLATFORM,0,0,0,0,0,0,0,NATIONAL
venezuela,northerndailyleader.com.au,au,AU,East Asia & Pacific,OTHER,PLATFORM,0,0,0,0,0,0,0,NATIONAL
venezuela,northwestgeorgianews.com,com,GLOBAL,GLOBAL,GLOBAL,PLATFORM,0,0,0,0,0,0,0,NATIONAL
venezuela,nowgrenada.com,com,GLOBAL,GLOBAL,GLOBAL,PLATFORM,0,0,0,0,0,0,0,NATIONAL
venezuela,nowtoronto.com,com,GLOBAL,GLOBAL,GLOBAL,PLATFORM,0,0,0,0,0,0,0,NATIONAL
venezuela,nydailynews.com,com,GLOBAL,GLOBAL,GLOBAL,PLATFORM,0,0,0,0,0,0,0,NATIONAL
venezuela,nymag.com,com,GLOBAL,GLOBAL,GLOBAL,PLATFORM,0,0,0,0,0,0,0,NATIONAL
venezuela,nypost.com,com,GLOBAL,GLOBAL,GLOBAL,PLATFORM,0,0,0,0,0,0,0,NATIONAL
venezuela,nystateofpolitics.com,com,GLOBAL,GLOBAL,GLOBAL,PLATFORM,0,0,0,0,0,0,0,NATIONAL
venezuela,obituaries.dailyitem.com,com,GLOBAL,GLOBAL,GLOBAL,PLATFORM,0,0,0,0,0,0,0,NATIONAL
venezuela,obituaries.enidnews.com,com,GLOBAL,GLOBAL,GLOBAL,PLATFORM,0,0,0,0,0,0,0,NATIONAL
venezuela,obituaries.starbeacon.com,com,GLOBAL,GLOBAL,GLOBAL,PLATFORM,0,0,0,0,0,0,0,NATIONAL
venezuela,ocregister.com,com,GLOBAL,GLOBAL,GLOBAL,PLATFORM,0,0,0,0,0,0,0,NATIONAL
venezuela,ojaivalleynews.com,com,GLOBAL,GLOBAL,GLOBAL,PLATFORM,0,0,0,0,0,0,0,NATIONAL
venezuela,omaha.com,com,GLOBAL,GLOBAL,GLOBAL,PLATFORM,0,0,0,0,0,0,0,NATIONAL
venezuela,onmilwaukee.com,com,GLOBAL,GLOBAL,GLOBAL,PLATFORM,0,0,0,0,0,0,0,NATIONAL
venezuela,ourquadcities.com,com,GLOBAL,GLOBAL,GLOBAL,PLATFORM,0,0,0,0,0,0,0,NATIONAL
venezuela,parkeschampionpost.com.au,au,AU,East Asia & Pacific,OTHER,PLATFORM,0,0,0,0,0,0,0,NATIONAL
venezuela,pembrokeobserver.com,com,GLOBAL,GLOBAL,GLOBAL,PLATFORM,0,0,0,0,0,0,0,NATIONAL
venezuela,phonearena.com,com,GLOBAL,GLOBAL,GLOBAL,PLATFORM,0,0,0,0,0,0,0,NATIONAL
venezuela,pocket-lint.com,com,GLOBAL,GLOBAL,GLOBAL,PLATFORM,0,0,0,0,0,0,0,NATIONAL
venezuela,politico.com,com,GLOBAL,GLOBAL,GLOBAL,PLATFORM,0,0,0,0,0,0,0,NATIONAL
venezuela,pqbnews.com,com,GLOBAL,GLOBAL,GLOBAL,PLATFORM,0,0,0,0,0,0,0,NATIONAL
venezuela,premiumtimesng.com,com,GLOBAL,GLOBAL,GLOBAL,PLATFORM,0,0,0,0,0,0,0,NATIONAL
venezuela,pressandguide.com,com,GLOBAL,GLOBAL,GLOBAL,PLATFORM,0,0,0,0,0,0,0,NATIONAL
venezuela,promptnewsonline.com,com,GLOBAL,GLOBAL,GLOBAL,PLATFORM,0,0,0,0,0,0,0,NATIONAL
venezuela,q957.com,com,GLOBAL,GLOBAL,GLOBAL,PLATFORM,0,0,0,0,0,0,0,NATIONAL
venezuela,queenslandcountrylife.com.au,au,AU,East Asia & Pacific,OTHER,PLATFORM,0,0,0,0,0,0,0,NATIONAL
venezuela,radiotoday.ie,ie,NA,NA,OTHER,PLATFORM,0,0,0,0,0,0,0,PLATFORM
venezuela,real1039fm.iheart.com,com,GLOBAL,GLOBAL,GLOBAL,PLATFORM,0,0,0,0,0,0,0,NATIONAL
venezuela,redditchadvertiser.co.uk,uk,GB,Europe & Central Asia,OTHER,PLATFORM,0,0,0,0,0,0,0,NATIONAL
venezuela,rejournals.com,com,GLOBAL,GLOBAL,GLOBAL,PLATFORM,0,0,0,0,0,0,0,NATIONAL
venezuela,reporterherald.com,com,GLOBAL,GLOBAL,GLOBAL,PLATFORM,0,0,0,0,0,0,0,NATIONAL
venezuela,reuters.com,com,GLOBAL,GLOBAL,GLOBAL,PLATFORM,1,0,0,0,0,0,1,FIN
venezuela,reviewjournal.com,com,GLOBAL,GLOBAL,GLOBAL,PLATFORM,0,0,0,0,0,0,0,NATIONAL
venezuela,richmond-news.com,com,GLOBAL,GLOBAL,GLOBAL,PLATFORM,0,0,0,0,0,0,0,NATIONAL
venezuela,richmondregister.com,com,GLOBAL,GLOBAL,GLOBAL,PLATFORM,0,0,0,0,0,0,0,NATIONAL
venezuela,rivercountry.newschannelnebraska.com,com,GLOBAL,GLOBAL,GLOBAL,PLATFORM,0,0,0,0,0,0,0,NATIONAL
venezuela,robesonian.com,com,GLOBAL,GLOBAL,GLOBAL,PLATFORM,0,0,0,0,0,0,0,NATIONAL
venezuela,rollingstone.com,com,GLOBAL,GLOBAL,GLOBAL,PLATFORM,0,0,0,0,0,0,0,NATIONAL
venezuela,rottentomatoes.com,com,GLOBAL,GLOBAL,GLOBAL,PLATFORM,0,0,0,0,0,0,0,NATIONAL
venezuela,sacbee.com,com,GLOBAL,GLOBAL,GLOBAL,PLATFORM,0,0,0,0,0,0,0,NATIONAL
venezuela,santacruzsentinel.com,com,GLOBAL,GLOBAL,GLOBAL,PLATFORM,0,0,0,0,0,0,0,NATIONAL
venezuela,santafenewmexican.com,com,GLOBAL,GLOBAL,GLOBAL,PLATFORM,0,0,0,0,0,0,0,NATIONAL
venezuela,sawatdeenetwork.com,com,GLOBAL,GLOBAL,GLOBAL,PLATFORM,0,0,0,0,0,0,0,NATIONAL
venezuela,scmp.com,com,GLOBAL,GLOBAL,GLOBAL,PLATFORM,0,0,0,0,0,0,0,NATIONAL
venezuela,screenrant.com,com,GLOBAL,GLOBAL,GLOBAL,PLATFORM,0,0,0,0,0,0,0,NATIONAL
venezuela,sentinelandenterprise.com,com,GLOBAL,GLOBAL,GLOBAL,PLATFORM,0,0,0,0,0,0,0,NATIONAL
venezuela,shop-eat-surf.com,com,GLOBAL,GLOBAL,GLOBAL,PLATFORM,0,0,0,0,0,0,0,NATIONAL
venezuela,socialmediatoday.com,com,GLOBAL,GLOBAL,GLOBAL,PLATFORM,0,0,0,0,0,0,0,NATIONAL
venezuela,southtahoenow.com,com,GLOBAL,GLOBAL,GLOBAL,PLATFORM,0,0,0,0,0,0,0,NATIONAL
venezuela,speedway.tucson.com,com,GLOBAL,GLOBAL,GLOBAL,PLATFORM,0,0,0,0,0,0,0,NATIONAL
venezuela,standard-freeholder.com:443,NA,NA,NA,OTHER,PLATFORM,0,0,0,0,0,0,0,PLATFORM
venezuela,standardspeaker.com,com,GLOBAL,GLOBAL,GLOBAL,PLATFORM,0,0,0,0,0,0,0,NATIONAL
venezuela,star941fm.iheart.com,com,GLOBAL,GLOBAL,GLOBAL,PLATFORM,0,0,0,0,0,0,0,NATIONAL
venezuela,staradvertiser.com,com,GLOBAL,GLOBAL,GLOBAL,PLATFORM,0,0,0,0,0,0,0,NATIONAL
venezuela,starbeacon.com,com,GLOBAL,GLOBAL,GLOBAL,PLATFORM,0,0,0,0,0,0,0,NATIONAL
venezuela,startribune.com,com,GLOBAL,GLOBAL,GLOBAL,PLATFORM,0,0,0,0,0,0,0,NATIONAL
venezuela,stltoday.com,com,GLOBAL,GLOBAL,GLOBAL,PLATFORM,0,0,0,0,0,0,0,NATIONAL
venezuela,stockjournal.com.au,au,AU,East Asia & Pacific,OTHER,PLATFORM,0,0,0,0,0,0,0,NATIONAL
venezuela,straitstimes.com,com,GLOBAL,GLOBAL,GLOBAL,PLATFORM,0,0,0,0,0,0,0,NATIONAL
venezuela,sun-sentinel.com,com,GLOBAL,GLOBAL,GLOBAL,PLATFORM,0,0,0,0,0,0,0,NATIONAL
venezuela,sunnewsonline.com,com,GLOBAL,GLOBAL,GLOBAL,PLATFORM,0,0,0,0,0,0,0,NATIONAL
venezuela,sunny1053.iheart.com,com,GLOBAL,GLOBAL,GLOBAL,PLATFORM,0,0,0,0,0,0,0,NATIONAL
venezuela,sunny99.iheart.com,com,GLOBAL,GLOBAL,GLOBAL,PLATFORM,0,0,0,0,0,0,0,NATIONAL
venezuela,tahlequahdailypress.com,com,GLOBAL,GLOBAL,GLOBAL,PLATFORM,0,0,0,0,0,0,0,NATIONAL
venezuela,taiwansun.com,com,GLOBAL,GLOBAL,GLOBAL,PLATFORM,0,0,0,0,0,0,0,NATIONAL
venezuela,talkingpointsmemo.com,com,GLOBAL,GLOBAL,GLOBAL,PLATFORM,0,0,0,0,0,0,0,NATIONAL
venezuela,tech.co,co,NA,NA,OTHER,PLATFORM,0,0,0,0,0,0,0,PLATFORM
venezuela,techdirt.com,com,GLOBAL,GLOBAL,GLOBAL,PLATFORM,0,0,0,0,0,0,0,NATIONAL
venezuela,tenterfieldstar.com.au,au,AU,East Asia & Pacific,OTHER,PLATFORM,0,0,0,0,0,0,0,NATIONAL
venezuela,theargus.co.uk,uk,GB,Europe & Central Asia,OTHER,PLATFORM,0,0,0,0,0,0,0,NATIONAL
venezuela,theathletic.com,com,GLOBAL,GLOBAL,GLOBAL,PLATFORM,0,0,0,0,0,0,0,NATIONAL
venezuela,theboxhouston.com,com,GLOBAL,GLOBAL,GLOBAL,PLATFORM,0,0,0,0,0,0,0,NATIONAL
venezuela,thecostaricanews.com,com,GLOBAL,GLOBAL,GLOBAL,PLATFORM,0,0,0,0,0,0,0,NATIONAL
venezuela,thecounty.me,me,NA,NA,OTHER,PLATFORM,0,0,0,0,0,0,0,PLATFORM
venezuela,thedailybeast.com,com,GLOBAL,GLOBAL,GLOBAL,PLATFORM,0,0,0,0,0,0,0,NATIONAL
venezuela,thedailyiberian.com,com,GLOBAL,GLOBAL,GLOBAL,PLATFORM,0,0,0,0,0,0,0,NATIONAL
venezuela,theglobeandmail.com,com,GLOBAL,GLOBAL,GLOBAL,PLATFORM,0,0,0,0,0,0,0,NATIONAL
venezuela,theguardian.com,com,GLOBAL,GLOBAL,GLOBAL,PLATFORM,0,0,0,0,0,0,0,NATIONAL
venezuela,thejournal.ie,ie,NA,NA,OTHER,PLATFORM,0,0,0,0,0,0,0,PLATFORM
venezuela,themovechannel.com,com,GLOBAL,GLOBAL,GLOBAL,PLATFORM,0,0,0,0,0,0,0,NATIONAL
venezuela,thenationonlineng.net,net,GLOBAL,GLOBAL,GLOBAL,PLATFORM,0,0,0,0,0,0,0,NATIONAL
venezuela,thenorthernecho.co.uk,uk,GB,Europe & Central Asia,OTHER,PLATFORM,0,0,0,0,0,0,0,NATIONAL
venezuela,theobserver.ca:443,NA,NA,NA,OTHER,PLATFORM,0,0,0,0,0,0,0,PLATFORM
venezuela,theorion.com,com,GLOBAL,GLOBAL,GLOBAL,PLATFORM,0,0,0,0,0,0,0,NATIONAL
venezuela,thepeterboroughexaminer.com,com,GLOBAL,GLOBAL,GLOBAL,PLATFORM,0,0,0,0,0,0,0,NATIONAL
venezuela,thepinetree.net,net,GLOBAL,GLOBAL,GLOBAL,PLATFORM,0,0,0,0,0,0,0,NATIONAL
venezuela,theprogress.com,com,GLOBAL,GLOBAL,GLOBAL,PLATFORM,0,0,0,0,0,0,0,NATIONAL
venezuela,therocket951.com,com,GLOBAL,GLOBAL,GLOBAL,PLATFORM,0,0,0,0,0,0,0,NATIONAL
venezuela,therockofrochester.com,com,GLOBAL,GLOBAL,GLOBAL,PLATFORM,0,0,0,0,0,0,0,NATIONAL
venezuela,thestar.com,com,GLOBAL,GLOBAL,GLOBAL,PLATFORM,0,0,0,0,0,0,0,NATIONAL
venezuela,thestar.com.my,my,NA,NA,OTHER,PLATFORM,0,0,0,0,0,0,0,PLATFORM
venezuela,thesunchronicle.com,com,GLOBAL,GLOBAL,GLOBAL,PLATFORM,0,0,0,0,0,0,0,NATIONAL
venezuela,thetimes.co.uk,uk,GB,Europe & Central Asia,OTHER,PLATFORM,0,0,0,0,0,0,0,NATIONAL
venezuela,tickerreport.com,com,GLOBAL,GLOBAL,GLOBAL,PLATFORM,0,0,0,0,0,0,0,NATIONAL
venezuela,tireball.com,com,GLOBAL,GLOBAL,GLOBAL,PLATFORM,0,0,0,0,0,0,0,NATIONAL
venezuela,tmz.com,com,GLOBAL,GLOBAL,GLOBAL,PLATFORM,0,0,0,0,0,0,0,NATIONAL
venezuela,tnonline.com,com,GLOBAL,GLOBAL,GLOBAL,PLATFORM,0,0,0,0,0,0,0,NATIONAL
venezuela,topspeed.com,com,GLOBAL,GLOBAL,GLOBAL,PLATFORM,0,0,0,0,0,0,0,NATIONAL
venezuela,trib.com,com,GLOBAL,GLOBAL,GLOBAL,PLATFORM,0,0,0,0,0,0,0,NATIONAL
venezuela,tribune242.com,com,GLOBAL,GLOBAL,GLOBAL,PLATFORM,0,0,0,0,0,0,0,NATIONAL
venezuela,tristatehomepage.com,com,GLOBAL,GLOBAL,GLOBAL,PLATFORM,0,0,0,0,0,0,0,NATIONAL
venezuela,turnto10.com,com,GLOBAL,GLOBAL,GLOBAL,PLATFORM,0,0,0,0,0,0,0,NATIONAL
venezuela,tvguide.co.uk,uk,GB,Europe & Central Asia,OTHER,PLATFORM,0,0,0,0,0,0,0,NATIONAL
venezuela,ukrainianjournal.com,com,GLOBAL,GLOBAL,GLOBAL,PLATFORM,0,0,0,0,0,0,0,NATIONAL
venezuela,urbanmilwaukee.com,com,GLOBAL,GLOBAL,GLOBAL,PLATFORM,0,0,0,0,0,0,0,NATIONAL
venezuela,us105fm.com,com,GLOBAL,GLOBAL,GLOBAL,PLATFORM,0,0,0,0,0,0,0,NATIONAL
venezuela,usnews.com,com,GLOBAL,GLOBAL,GLOBAL,PLATFORM,0,0,0,0,0,0,0,NATIONAL
venezuela,variety.com,com,GLOBAL,GLOBAL,GLOBAL,PLATFORM,0,0,0,0,0,0,0,NATIONAL
venezuela,vox.com,com,GLOBAL,GLOBAL,GLOBAL,PLATFORM,0,0,0,0,0,0,0,NATIONAL
venezuela,wach.com,com,GLOBAL,GLOBAL,GLOBAL,PLATFORM,0,0,0,0,0,0,0,NATIONAL
venezuela,washingtonpost.com,com,GLOBAL,GLOBAL,GLOBAL,PLATFORM,0,0,0,0,0,0,0,NATIONAL
venezuela,wbhm.org,org,GLOBAL,GLOBAL,GLOBAL,PLATFORM,0,0,0,0,0,0,0,NATIONAL
venezuela,wbkr.com,com,GLOBAL,GLOBAL,GLOBAL,PLATFORM,0,0,0,0,0,0,0,NATIONAL
venezuela,wblm.com,com,GLOBAL,GLOBAL,GLOBAL,PLATFORM,0,0,0,0,0,0,0,NATIONAL
venezuela,wcyb.com,com,GLOBAL,GLOBAL,GLOBAL,PLATFORM,0,0,0,0,0,0,0,NATIONAL
venezuela,wden.com,com,GLOBAL,GLOBAL,GLOBAL,PLATFORM,0,0,0,0,0,0,0,NATIONAL
venezuela,wdzz.com,com,GLOBAL,GLOBAL,GLOBAL,PLATFORM,0,0,0,0,0,0,0,NATIONAL
venezuela,wegotthiscovered.com,com,GLOBAL,GLOBAL,GLOBAL,PLATFORM,0,0,0,0,0,0,0,NATIONAL
venezuela,wellandgood.com,com,GLOBAL,GLOBAL,GLOBAL,PLATFORM,0,0,0,0,0,0,0,NATIONAL
venezuela,westerlynews.ca,ca,CA,North America,OTHER,PLATFORM,0,0,0,0,0,0,0,NATIONAL
venezuela,westernpeople.ie,ie,NA,NA,OTHER,PLATFORM,0,0,0,0,0,0,0,PLATFORM
venezuela,westkentuckystar.com,com,GLOBAL,GLOBAL,GLOBAL,PLATFORM,0,0,0,0,0,0,0,NATIONAL
venezuela,wfft.com,com,GLOBAL,GLOBAL,GLOBAL,PLATFORM,0,0,0,0,0,0,0,NATIONAL
venezuela,wfsb.com,com,GLOBAL,GLOBAL,GLOBAL,PLATFORM,0,0,0,0,0,0,0,NATIONAL
venezuela,wgna.com,com,GLOBAL,GLOBAL,GLOBAL,PLATFORM,0,0,0,0,0,0,0,NATIONAL
venezuela,wgni.com,com,GLOBAL,GLOBAL,GLOBAL,PLATFORM,0,0,0,0,0,0,0,NATIONAL
venezuela,wharfedaleobserver.co.uk,uk,GB,Europe & Central Asia,OTHER,PLATFORM,0,0,0,0,0,0,0,NATIONAL
venezuela,whitecourtstar.com:443,NA,NA,NA,OTHER,PLATFORM,0,0,0,0,0,0,0,PLATFORM
venezuela,whky.com,com,GLOBAL,GLOBAL,GLOBAL,PLATFORM,0,0,0,0,0,0,0,NATIONAL
venezuela,whp580.iheart.com,com,GLOBAL,GLOBAL,GLOBAL,PLATFORM,0,0,0,0,0,0,0,NATIONAL
venezuela,wibqam.com,com,GLOBAL,GLOBAL,GLOBAL,PLATFORM,0,0,0,0,0,0,0,NATIONAL
venezuela,wild1029.com,com,GLOBAL,GLOBAL,GLOBAL,PLATFORM,0,0,0,0,0,0,0,NATIONAL
venezuela,wild104.iheart.com,com,GLOBAL,GLOBAL,GLOBAL,PLATFORM,0,0,0,0,0,0,0,NATIONAL
venezuela,wilx.com,com,GLOBAL,GLOBAL,GLOBAL,PLATFORM,0,0,0,0,0,0,0,NATIONAL
venezuela,winnipegfreepress.com,com,GLOBAL,GLOBAL,GLOBAL,PLATFORM,0,0,0,0,0,0,0,NATIONAL
venezuela,wirx.com,com,GLOBAL,GLOBAL,GLOBAL,PLATFORM,0,0,0,0,0,0,0,NATIONAL
venezuela,wjfw.com,com,GLOBAL,GLOBAL,GLOBAL,PLATFORM,0,0,0,0,0,0,0,NATIONAL
venezuela,wkjc.com,com,GLOBAL,GLOBAL,GLOBAL,PLATFORM,0,0,0,0,0,0,0,NATIONAL
venezuela,wkrn.com,com,GLOBAL,GLOBAL,GLOBAL,PLATFORM,0,0,0,0,0,0,0,NATIONAL
venezuela,wktn.com,com,GLOBAL,GLOBAL,GLOBAL,PLATFORM,0,0,0,0,0,0,0,NATIONAL
venezuela,wlox.com,com,GLOBAL,GLOBAL,GLOBAL,PLATFORM,0,0,0,0,0,0,0,NATIONAL
venezuela,wlwi.com,com,GLOBAL,GLOBAL,GLOBAL,PLATFORM,0,0,0,0,0,0,0,NATIONAL
venezuela,wmeq.iheart.com,com,GLOBAL,GLOBAL,GLOBAL,PLATFORM,0,0,0,0,0,0,0,NATIONAL
venezuela,wnaw.com,com,GLOBAL,GLOBAL,GLOBAL,PLATFORM,0,0,0,0,0,0,0,NATIONAL
venezuela,wokv.com,com,GLOBAL,GLOBAL,GLOBAL,PLATFORM,0,0,0,0,0,0,0,NATIONAL
venezuela,worldboxingnews.net,net,GLOBAL,GLOBAL,GLOBAL,PLATFORM,0,0,0,0,0,0,0,NATIONAL
venezuela,wpbf.com,com,GLOBAL,GLOBAL,GLOBAL,PLATFORM,0,0,0,0,0,0,0,NATIONAL
venezuela,wpst.com,com,GLOBAL,GLOBAL,GLOBAL,PLATFORM,0,0,0,0,0,0,0,NATIONAL
venezuela,wqut.com,com,GLOBAL,GLOBAL,GLOBAL,PLATFORM,0,0,0,0,0,0,0,NATIONAL
venezuela,wsbt.com,com,GLOBAL,GLOBAL,GLOBAL,PLATFORM,0,0,0,0,0,0,0,NATIONAL
venezuela,wtol.com,com,GLOBAL,GLOBAL,GLOBAL,PLATFORM,0,0,0,0,0,0,0,NATIONAL
venezuela,wttf.com,com,GLOBAL,GLOBAL,GLOBAL,PLATFORM,0,0,0,0,0,0,0,NATIONAL
venezuela,wvgazettemail.com,com,GLOBAL,GLOBAL,GLOBAL,PLATFORM,0,0,0,0,0,0,0,NATIONAL
venezuela,wvik.org,org,GLOBAL,GLOBAL,GLOBAL,PLATFORM,0,0,0,0,0,0,0,NATIONAL
venezuela,wvua23.com,com,GLOBAL,GLOBAL,GLOBAL,PLATFORM,0,0,0,0,0,0,0,NATIONAL
venezuela,wwaytv3.com,com,GLOBAL,GLOBAL,GLOBAL,PLATFORM,0,0,0,0,0,0,0,NATIONAL
venezuela,wxii12.com,com,GLOBAL,GLOBAL,GLOBAL,PLATFORM,0,0,0,0,0,0,0,NATIONAL
venezuela,wxxv25.com,com,GLOBAL,GLOBAL,GLOBAL,PLATFORM,0,0,0,0,0,0,0,NATIONAL
venezuela,wyff4.com,com,GLOBAL,GLOBAL,GLOBAL,PLATFORM,0,0,0,0,0,0,0,NATIONAL
venezuela,yahoo.com,com,GLOBAL,GLOBAL,GLOBAL,PLATFORM,0,0,0,0,0,0,0,NATIONAL
venezuela,yen.com.gh,gh,NA,NA,OTHER,PLATFORM,0,0,0,0,0,0,0,PLATFORM
venezuela,yogajournal.com,com,GLOBAL,GLOBAL,GLOBAL,PLATFORM,0,0,0,0,0,0,0,NATIONAL
venezuela,zrock103.com,com,GLOBAL,GLOBAL,GLOBAL,PLATFORM,0,0,0,0,0,0,0,NATIONAL
venezuela,1025thefox.iheart.com,com,GLOBAL,GLOBAL,GLOBAL,PLATFORM,0,0,0,0,0,0,0,NATIONAL
venezuela,103jamz.iheart.com,com,GLOBAL,GLOBAL,GLOBAL,PLATFORM,0,0,0,0,0,0,0,NATIONAL
venezuela,1041thebeat.iheart.com,com,GLOBAL,GLOBAL,GLOBAL,PLATFORM,0,0,0,0,0,0,0,NATIONAL
venezuela,1061fmtalk.iheart.com,com,GLOBAL,GLOBAL,GLOBAL,PLATFORM,0,0,0,0,0,0,0,NATIONAL
venezuela,1061thebullyoungstown.iheart.com,com,GLOBAL,GLOBAL,GLOBAL,PLATFORM,0,0,0,0,0,0,0,NATIONAL
venezuela,107jamz.com,com,GLOBAL,GLOBAL,GLOBAL,PLATFORM,0,0,0,0,0,0,0,NATIONAL
venezuela,710wor.iheart.com,com,GLOBAL,GLOBAL,GLOBAL,PLATFORM,0,0,0,0,0,0,0,NATIONAL
venezuela,925rocks.iheart.com,com,GLOBAL,GLOBAL,GLOBAL,PLATFORM,0,0,0,0,0,0,0,NATIONAL
venezuela,929thebigdog.iheart.com,com,GLOBAL,GLOBAL,GLOBAL,PLATFORM,0,0,0,0,0,0,0,NATIONAL
venezuela,963bigfm.com,com,GLOBAL,GLOBAL,GLOBAL,PLATFORM,0,0,0,0,0,0,0,NATIONAL
venezuela,971zht.iheart.com,com,GLOBAL,GLOBAL,GLOBAL,PLATFORM,0,0,0,0,0,0,0,NATIONAL
venezuela,97kicksfm.iheart.com,com,GLOBAL,GLOBAL,GLOBAL,PLATFORM,0,0,0,0,0,0,0,NATIONAL
venezuela,abc57.com,com,GLOBAL,GLOBAL,GLOBAL,PLATFORM,0,0,0,0,0,0,0,NATIONAL
venezuela,adn.com,com,GLOBAL,GLOBAL,GLOBAL,PLATFORM,0,0,0,0,0,0,0,NATIONAL
venezuela,alleghenymountainradio.org,org,GLOBAL,GLOBAL,GLOBAL,PLATFORM,0,0,0,0,0,0,0,NATIONAL
venezuela,ambrosiaforheads.com,com,GLOBAL,GLOBAL,GLOBAL,PLATFORM,0,0,0,0,0,0,0,NATIONAL
venezuela,andoveradvertiser.co.uk,uk,GB,Europe & Central Asia,OTHER,PLATFORM,0,0,0,0,0,0,0,NATIONAL
venezuela,aol.com,com,GLOBAL,GLOBAL,GLOBAL,PLATFORM,0,0,0,0,0,0,0,NATIONAL
venezuela,asahi.com,com,GLOBAL,GLOBAL,GLOBAL,PLATFORM,0,0,0,0,0,0,0,NATIONAL
venezuela,asianaviation.com,com,GLOBAL,GLOBAL,GLOBAL,PLATFORM,0,0,0,0,0,0,0,NATIONAL
venezuela,azsnakepit.com,com,GLOBAL,GLOBAL,GLOBAL,PLATFORM,0,0,0,0,0,0,0,NATIONAL
venezuela,b93.iheart.com,com,GLOBAL,GLOBAL,GLOBAL,PLATFORM,0,0,0,0,0,0,0,NATIONAL
venezuela,bangkokpost.com,com,GLOBAL,GLOBAL,GLOBAL,PLATFORM,0,0,0,0,0,0,0,NATIONAL
venezuela,barryanddistrictnews.co.uk,uk,GB,Europe & Central Asia,OTHER,PLATFORM,0,0,0,0,0,0,0,NATIONAL
venezuela,bbc.co.uk,uk,GB,Europe & Central Asia,OTHER,PLATFORM,0,0,0,0,0,0,0,NATIONAL
venezuela,berkeleydailyplanet.com,com,GLOBAL,GLOBAL,GLOBAL,PLATFORM,0,0,0,0,0,0,0,NATIONAL
venezuela,berkshireeagle.com,com,GLOBAL,GLOBAL,GLOBAL,PLATFORM,0,0,0,0,0,0,0,NATIONAL
venezuela,big1073.iheart.com,com,GLOBAL,GLOBAL,GLOBAL,PLATFORM,0,0,0,0,0,0,0,NATIONAL
venezuela,bigislandnow.com,com,GLOBAL,GLOBAL,GLOBAL,PLATFORM,0,0,0,0,0,0,0,NATIONAL
venezuela,blogcritics.org,org,GLOBAL,GLOBAL,GLOBAL,PLATFORM,0,0,0,0,0,0,0,NATIONAL
venezuela,bluemountainsgazette.com.au,au,AU,East Asia & Pacific,OTHER,PLATFORM,0,0,0,0,0,0,0,NATIONAL
venezuela,blueprint.ng,ng,NG,Sub-Saharan Africa,AFRICA,PLATFORM,0,0,0,0,0,0,0,NATIONAL
venezuela,bnnbloomberg.ca,ca,CA,North America,OTHER,PLATFORM,0,0,0,0,0,0,0,NATIONAL
venezuela,braidwoodtimes.com.au,au,AU,East Asia & Pacific,OTHER,PLATFORM,0,0,0,0,0,0,0,NATIONAL
venezuela,burntorangenation.com,com,GLOBAL,GLOBAL,GLOBAL,PLATFORM,0,0,0,0,0,0,0,NATIONAL
venezuela,cambridge-news.co.uk,uk,GB,Europe & Central Asia,OTHER,PLATFORM,0,0,0,0,0,0,0,NATIONAL
venezuela,catholicworldreport.com,com,GLOBAL,GLOBAL,GLOBAL,PLATFORM,0,0,0,0,0,0,0,NATIONAL
venezuela,cbs8.com,com,GLOBAL,GLOBAL,GLOBAL,PLATFORM,0,0,0,0,0,0,0,NATIONAL
venezuela,clevelandjewishnews.com,com,GLOBAL,GLOBAL,GLOBAL,PLATFORM,0,0,0,0,0,0,0,NATIONAL
venezuela,clutchpoints.com,com,GLOBAL,GLOBAL,GLOBAL,PLATFORM,0,0,0,0,0,0,0,NATIONAL
venezuela,cool102.iheart.com,com,GLOBAL,GLOBAL,GLOBAL,PLATFORM,0,0,0,0,0,0,0,NATIONAL
venezuela,cool925.iheart.com,com,GLOBAL,GLOBAL,GLOBAL,PLATFORM,0,0,0,0,0,0,0,NATIONAL
venezuela,dailyexcelsior.com,com,GLOBAL,GLOBAL,GLOBAL,PLATFORM,0,0,0,0,0,0,0,NATIONAL
venezuela,dailymaverick.co.za,za,ZA,Sub-Saharan Africa,AFRICA,PLATFORM,0,0,0,0,0,0,0,NATIONAL
venezuela,dandenong.starcommunity.com.au,au,AU,East Asia & Pacific,OTHER,PLATFORM,0,0,0,0,0,0,0,NATIONAL
venezuela,defence.pk,pk,NA,NA,OTHER,PLATFORM,0,0,0,0,0,0,0,PLATFORM
venezuela,delcotimes.com,com,GLOBAL,GLOBAL,GLOBAL,PLATFORM,0,0,0,0,0,0,0,NATIONAL
venezuela,easternriverinachronicle.com.au,au,AU,East Asia & Pacific,OTHER,PLATFORM,0,0,0,0,0,0,0,NATIONAL
venezuela,echo.net.au,au,AU,East Asia & Pacific,OTHER,PLATFORM,0,0,0,0,0,0,0,NATIONAL
venezuela,effinghamradio.com,com,GLOBAL,GLOBAL,GLOBAL,PLATFORM,0,0,0,0,0,0,0,NATIONAL
venezuela,en.as.com,com,GLOBAL,GLOBAL,GLOBAL,PLATFORM,0,0,0,0,0,0,0,NATIONAL
venezuela,english.news.cn,cn,CN,East Asia & Pacific,OTHER,PLATFORM,0,0,0,0,0,0,0,NATIONAL
venezuela,famoushookups.com,com,GLOBAL,GLOBAL,GLOBAL,PLATFORM,0,0,0,0,0,0,0,NATIONAL
venezuela,fcbarcelona.com,com,GLOBAL,GLOBAL,GLOBAL,PLATFORM,0,0,0,0,0,0,0,NATIONAL
venezuela,fltimes.com,com,GLOBAL,GLOBAL,GLOBAL,PLATFORM,0,0,0,0,0,0,0,NATIONAL
venezuela,fm106.iheart.com,com,GLOBAL,GLOBAL,GLOBAL,PLATFORM,0,0,0,0,0,0,0,NATIONAL
venezuela,forbes.com,com,GLOBAL,GLOBAL,GLOBAL,PLATFORM,1,0,0,0,0,0,1,FIN
venezuela,formula1.com,com,GLOBAL,GLOBAL,GLOBAL,PLATFORM,0,0,0,0,0,0,0,NATIONAL
venezuela,foxnews.com,com,GLOBAL,GLOBAL,GLOBAL,PLATFORM,0,0,0,0,0,0,0,NATIONAL
venezuela,gaytimes.co.uk,uk,GB,Europe & Central Asia,OTHER,PLATFORM,0,0,0,0,0,0,0,NATIONAL
venezuela,gazette.com,com,GLOBAL,GLOBAL,GLOBAL,PLATFORM,0,0,0,0,0,0,0,NATIONAL
venezuela,golocalprov.com,com,GLOBAL,GLOBAL,GLOBAL,PLATFORM,0,0,0,0,0,0,0,NATIONAL
venezuela,greekreporter.com,com,GLOBAL,GLOBAL,GLOBAL,PLATFORM,0,0,0,0,0,0,0,NATIONAL
venezuela,guardian-series.co.uk,uk,GB,Europe & Central Asia,OTHER,PLATFORM,0,0,0,0,0,0,0,NATIONAL
venezuela,home.nzcity.co.nz,nz,NZ,East Asia & Pacific,OTHER,PLATFORM,0,0,0,0,0,0,0,NATIONAL
venezuela,hot933hits.com,com,GLOBAL,GLOBAL,GLOBAL,PLATFORM,0,0,0,0,0,0,0,NATIONAL
venezuela,hotair.com,com,GLOBAL,GLOBAL,GLOBAL,PLATFORM,0,0,0,0,0,0,0,NATIONAL
venezuela,i24news.tv,tv,NA,NA,OTHER,PLATFORM,0,0,0,0,0,0,0,PLATFORM
venezuela,iberkshires.com,com,GLOBAL,GLOBAL,GLOBAL,PLATFORM,0,0,0,0,0,0,0,NATIONAL
venezuela,indiagazette.com,com,GLOBAL,GLOBAL,GLOBAL,PLATFORM,0,0,0,0,0,0,0,NATIONAL
venezuela,infotel.ca,ca,CA,North America,OTHER,PLATFORM,0,0,0,0,0,0,0,NATIONAL
venezuela,inmaricopa.com,com,GLOBAL,GLOBAL,GLOBAL,PLATFORM,0,0,0,0,0,0,0,NATIONAL
venezuela,irvinetimes.com,com,GLOBAL,GLOBAL,GLOBAL,PLATFORM,0,0,0,0,0,0,0,NATIONAL
venezuela,kait8.com,com,GLOBAL,GLOBAL,GLOBAL,PLATFORM,0,0,0,0,0,0,0,NATIONAL
venezuela,kelownadailycourier.ca,ca,CA,North America,OTHER,PLATFORM,0,0,0,0,0,0,0,NATIONAL
venezuela,kfbk.iheart.com,com,GLOBAL,GLOBAL,GLOBAL,PLATFORM,0,0,0,0,0,0,0,NATIONAL
venezuela,kiimfm.com,com,GLOBAL,GLOBAL,GLOBAL,PLATFORM,0,0,0,0,0,0,0,NATIONAL
venezuela,kissalbany.iheart.com,com,GLOBAL,GLOBAL,GLOBAL,PLATFORM,0,0,0,0,0,0,0,NATIONAL
venezuela,kivitv.com,com,GLOBAL,GLOBAL,GLOBAL,PLATFORM,0,0,0,0,0,0,0,NATIONAL
venezuela,kiwiblog.co.nz,nz,NZ,East Asia & Pacific,OTHER,PLATFORM,0,0,0,0,0,0,0,NATIONAL
venezuela,kix993.iheart.com,com,GLOBAL,GLOBAL,GLOBAL,PLATFORM,0,0,0,0,0,0,0,NATIONAL
venezuela,kksa-am.com,com,GLOBAL,GLOBAL,GLOBAL,PLATFORM,0,0,0,0,0,0,0,NATIONAL
venezuela,klkl.fm,fm,NA,NA,OTHER,PLATFORM,0,0,0,0,0,0,0,PLATFORM
venezuela,kpq.com,com,GLOBAL,GLOBAL,GLOBAL,PLATFORM,0,0,0,0,0,0,0,NATIONAL
venezuela,kqdy.iheart.com,com,GLOBAL,GLOBAL,GLOBAL,PLATFORM,0,0,0,0,0,0,0,NATIONAL
venezuela,krq.iheart.com,com,GLOBAL,GLOBAL,GLOBAL,PLATFORM,0,0,0,0,0,0,0,NATIONAL
venezuela,ksje.com,com,GLOBAL,GLOBAL,GLOBAL,PLATFORM,0,0,0,0,0,0,0,NATIONAL
venezuela,ktvq.com,com,GLOBAL,GLOBAL,GLOBAL,PLATFORM,0,0,0,0,0,0,0,NATIONAL
venezuela,kuathletics.com,com,GLOBAL,GLOBAL,GLOBAL,PLATFORM,0,0,0,0,0,0,0,NATIONAL
venezuela,kwbu.org,org,GLOBAL,GLOBAL,GLOBAL,PLATFORM,0,0,0,0,0,0,0,NATIONAL
venezuela,kz103.iheart.com,com,GLOBAL,GLOBAL,GLOBAL,PLATFORM,0,0,0,0,0,0,0,NATIONAL
venezuela,lex18.com,com,GLOBAL,GLOBAL,GLOBAL,PLATFORM,0,0,0,0,0,0,0,NATIONAL
venezuela,manchesterinklink.com,com,GLOBAL,GLOBAL,GLOBAL,PLATFORM,0,0,0,0,0,0,0,NATIONAL
venezuela,mankatofreepress.com,com,GLOBAL,GLOBAL,GLOBAL,PLATFORM,0,0,0,0,0,0,0,NATIONAL
venezuela,marinij.com,com,GLOBAL,GLOBAL,GLOBAL,PLATFORM,0,0,0,0,0,0,0,NATIONAL
venezuela,mashable.com,com,GLOBAL,GLOBAL,GLOBAL,PLATFORM,0,0,0,0,0,0,0,NATIONAL
venezuela,medpagetoday.com,com,GLOBAL,GLOBAL,GLOBAL,PLATFORM,0,0,0,0,0,0,0,NATIONAL
venezuela,mix923fm.iheart.com,com,GLOBAL,GLOBAL,GLOBAL,PLATFORM,0,0,0,0,0,0,0,NATIONAL
venezuela,moose106.iheart.com,com,GLOBAL,GLOBAL,GLOBAL,PLATFORM,0,0,0,0,0,0,0,NATIONAL
venezuela,mta.maryland.gov,gov,NA,NA,OTHER,PLATFORM,0,0,0,1,0,0,1,GOV
venezuela,mynbc5.com,com,GLOBAL,GLOBAL,GLOBAL,PLATFORM,0,0,0,0,0,0,0,NATIONAL
venezuela,nba.com,com,GLOBAL,GLOBAL,GLOBAL,PLATFORM,0,0,0,0,0,0,0,NATIONAL
venezuela,nbcnewyork.com,com,GLOBAL,GLOBAL,GLOBAL,PLATFORM,0,0,0,0,0,0,0,NATIONAL
venezuela,nbcrightnow.com,com,GLOBAL,GLOBAL,GLOBAL,PLATFORM,0,0,0,0,0,0,0,NATIONAL
venezuela,necn.com,com,GLOBAL,GLOBAL,GLOBAL,PLATFORM,0,0,0,0,0,0,0,NATIONAL
venezuela,netsdaily.com,com,GLOBAL,GLOBAL,GLOBAL,PLATFORM,0,0,0,0,0,0,0,NATIONAL
venezuela,newbusinessethiopia.com,com,GLOBAL,GLOBAL,GLOBAL,PLATFORM,0,0,0,0,0,0,0,NATIONAL
venezuela,news.com.au,au,AU,East Asia & Pacific,OTHER,PLATFORM,0,0,0,0,0,0,0,NATIONAL
venezuela,news3lv.com,com,GLOBAL,GLOBAL,GLOBAL,PLATFORM,0,0,0,0,0,0,0,NATIONAL
venezuela,newschannel9.com,com,GLOBAL,GLOBAL,GLOBAL,PLATFORM,0,0,0,0,0,0,0,NATIONAL
venezuela,newsweek.com,com,GLOBAL,GLOBAL,GLOBAL,PLATFORM,0,0,0,0,0,0,0,NATIONAL
venezuela,nigerianbulletin.com,com,GLOBAL,GLOBAL,GLOBAL,PLATFORM,0,0,0,0,0,0,0,NATIONAL
venezuela,nj.com,com,GLOBAL,GLOBAL,GLOBAL,PLATFORM,0,0,0,0,0,0,0,NATIONAL
venezuela,nola.com,com,GLOBAL,GLOBAL,GLOBAL,PLATFORM,0,0,0,0,0,0,0,NATIONAL
venezuela,northcountrynow.com,com,GLOBAL,GLOBAL,GLOBAL,PLATFORM,0,0,0,0,0,0,0,NATIONAL
venezuela,northern-times.co.uk,uk,GB,Europe & Central Asia,OTHER,PLATFORM,0,0,0,0,0,0,0,NATIONAL
venezuela,oakdaleleader.com,com,GLOBAL,GLOBAL,GLOBAL,PLATFORM,0,0,0,0,0,0,0,NATIONAL
venezuela,oanow.com,com,GLOBAL,GLOBAL,GLOBAL,PLATFORM,0,0,0,0,0,0,0,NATIONAL
venezuela,obituaries.mankatofreepress.com,com,GLOBAL,GLOBAL,GLOBAL,PLATFORM,0,0,0,0,0,0,0,NATIONAL
venezuela,omanobserver.om,om,NA,NA,OTHER,PLATFORM,0,0,0,0,0,0,0,PLATFORM
venezuela,oneindia.com,com,GLOBAL,GLOBAL,GLOBAL,PLATFORM,0,0,0,0,0,0,0,NATIONAL
venezuela,parisstaronline.com:443,NA,NA,NA,OTHER,PLATFORM,0,0,0,0,0,0,0,PLATFORM
venezuela,patheos.com,com,GLOBAL,GLOBAL,GLOBAL,PLATFORM,0,0,0,0,0,0,0,NATIONAL
venezuela,paysonroundup.com,com,GLOBAL,GLOBAL,GLOBAL,PLATFORM,0,0,0,0,0,0,0,NATIONAL
venezuela,people.com,com,GLOBAL,GLOBAL,GLOBAL,PLATFORM,0,0,0,0,0,0,0,NATIONAL
venezuela,perthnow.com.au,au,AU,East Asia & Pacific,OTHER,PLATFORM,0,0,0,0,0,0,0,NATIONAL
venezuela,pittnews.com,com,GLOBAL,GLOBAL,GLOBAL,PLATFORM,0,0,0,0,0,0,0,NATIONAL
venezuela,polkio.com,com,GLOBAL,GLOBAL,GLOBAL,PLATFORM,0,0,0,0,0,0,0,NATIONAL
venezuela,portpirierecorder.com.au,au,AU,East Asia & Pacific,OTHER,PLATFORM,0,0,0,0,0,0,0,NATIONAL
venezuela,postandcourier.com,com,GLOBAL,GLOBAL,GLOBAL,PLATFORM,0,0,0,0,0,0,0,NATIONAL
venezuela,poundingtherock.com,com,GLOBAL,GLOBAL,GLOBAL,PLATFORM,0,0,0,0,0,0,0,NATIONAL
venezuela,power1009.iheart.com,com,GLOBAL,GLOBAL,GLOBAL,PLATFORM,0,0,0,0,0,0,0,NATIONAL
venezuela,power1051.iheart.com,com,GLOBAL,GLOBAL,GLOBAL,PLATFORM,0,0,0,0,0,0,0,NATIONAL
venezuela,ptinews.com,com,GLOBAL,GLOBAL,GLOBAL,PLATFORM,0,0,0,0,0,0,0,NATIONAL
venezuela,publicradiotulsa.org,org,GLOBAL,GLOBAL,GLOBAL,PLATFORM,0,0,0,0,0,0,0,NATIONAL
venezuela,q1033.iheart.com,com,GLOBAL,GLOBAL,GLOBAL,PLATFORM,0,0,0,0,0,0,0,NATIONAL
venezuela,q985online.com,com,GLOBAL,GLOBAL,GLOBAL,PLATFORM,0,0,0,0,0,0,0,NATIONAL
venezuela,quadrant.org.au,au,AU,East Asia & Pacific,OTHER,PLATFORM,0,0,0,0,0,0,0,NATIONAL
venezuela,realtybiznews.com,com,GLOBAL,GLOBAL,GLOBAL,PLATFORM,0,0,0,0,0,0,0,NATIONAL
venezuela,reliefweb.int,int,NA,NA,OTHER,PLATFORM,0,0,0,0,0,0,0,PLATFORM
venezuela,reviewingthebrew.com,com,GLOBAL,GLOBAL,GLOBAL,PLATFORM,0,0,0,0,0,0,0,NATIONAL
venezuela,richmond.com,com,GLOBAL,GLOBAL,GLOBAL,PLATFORM,0,0,0,0,0,0,0,NATIONAL
venezuela,rock967.iheart.com,com,GLOBAL,GLOBAL,GLOBAL,PLATFORM,0,0,0,0,0,0,0,NATIONAL
venezuela,rockymounttelegram.com,com,GLOBAL,GLOBAL,GLOBAL,PLATFORM,0,0,0,0,0,0,0,NATIONAL
venezuela,roscommonherald.ie,ie,NA,NA,OTHER,PLATFORM,0,0,0,0,0,0,0,PLATFORM
venezuela,routesonline.com,com,GLOBAL,GLOBAL,GLOBAL,PLATFORM,0,0,0,0,0,0,0,NATIONAL
venezuela,rte.ie,ie,NA,NA,OTHER,PLATFORM,0,0,0,0,0,0,0,PLATFORM
venezuela,rutlandherald.com,com,GLOBAL,GLOBAL,GLOBAL,PLATFORM,0,0,0,0,0,0,0,NATIONAL
venezuela,sarniathisweek.com:443,NA,NA,NA,OTHER,PLATFORM,0,0,0,0,0,0,0,PLATFORM
venezuela,sheknows.com,com,GLOBAL,GLOBAL,GLOBAL,PLATFORM,0,0,0,0,0,0,0,NATIONAL
venezuela,signalscv.com,com,GLOBAL,GLOBAL,GLOBAL,PLATFORM,0,0,0,0,0,0,0,NATIONAL
venezuela,singletonargus.com.au,au,AU,East Asia & Pacific,OTHER,PLATFORM,0,0,0,0,0,0,0,NATIONAL
venezuela,sltrib.com,com,GLOBAL,GLOBAL,GLOBAL,PLATFORM,0,0,0,0,0,0,0,NATIONAL
venezuela,snl24.com,com,GLOBAL,GLOBAL,GLOBAL,PLATFORM,0,0,0,0,0,0,0,NATIONAL
venezuela,stgeorgeutah.com,com,GLOBAL,GLOBAL,GLOBAL,PLATFORM,0,0,0,0,0,0,0,NATIONAL
venezuela,strathroyagedispatch.com:443,NA,NA,NA,OTHER,PLATFORM,0,0,0,0,0,0,0,PLATFORM
venezuela,stthomastimesjournal.com:443,NA,NA,NA,OTHER,PLATFORM,0,0,0,0,0,0,0,PLATFORM
venezuela,sundaymail.co.zw,zw,NA,NA,OTHER,PLATFORM,0,0,0,0,0,0,0,PLATFORM
venezuela,sunny102fm.iheart.com,com,GLOBAL,GLOBAL,GLOBAL,PLATFORM,0,0,0,0,0,0,0,NATIONAL
venezuela,support.whyy.org,org,GLOBAL,GLOBAL,GLOBAL,PLATFORM,0,0,0,0,0,0,0,NATIONAL
venezuela,sydneysun.com,com,GLOBAL,GLOBAL,GLOBAL,PLATFORM,0,0,0,0,0,0,0,NATIONAL
venezuela,tearaway.co.nz,nz,NZ,East Asia & Pacific,OTHER,PLATFORM,0,0,0,0,0,0,0,NATIONAL
venezuela,the42.ie,ie,NA,NA,OTHER,PLATFORM,0,0,0,0,0,0,0,PLATFORM
venezuela,theadvocate.com,com,GLOBAL,GLOBAL,GLOBAL,PLATFORM,0,0,0,0,0,0,0,NATIONAL
venezuela,theatlantic.com,com,GLOBAL,GLOBAL,GLOBAL,PLATFORM,0,0,0,0,0,0,0,NATIONAL
venezuela,thebostonpilot.com,com,GLOBAL,GLOBAL,GLOBAL,PLATFORM,0,0,0,0,0,0,0,NATIONAL
venezuela,thedailynewsonline.com,com,GLOBAL,GLOBAL,GLOBAL,PLATFORM,0,0,0,0,0,0,0,NATIONAL
venezuela,theday.com,com,GLOBAL,GLOBAL,GLOBAL,PLATFORM,0,0,0,0,0,0,0,NATIONAL
venezuela,thelabradorian.ca,ca,CA,North America,OTHER,PLATFORM,0,0,0,0,0,0,0,NATIONAL
venezuela,themercury.com.au,au,AU,East Asia & Pacific,OTHER,PLATFORM,0,0,0,0,0,0,0,NATIONAL
venezuela,thepeoplesperson.com,com,GLOBAL,GLOBAL,GLOBAL,PLATFORM,0,0,0,0,0,0,0,NATIONAL
venezuela,thepiratescove.us,us,US,North America,OTHER,PLATFORM,0,0,0,0,0,0,0,NATIONAL
venezuela,theriver1059.iheart.com,com,GLOBAL,GLOBAL,GLOBAL,PLATFORM,0,0,0,0,0,0,0,NATIONAL
venezuela,theverge.com,com,GLOBAL,GLOBAL,GLOBAL,PLATFORM,0,0,0,0,0,0,0,NATIONAL
venezuela,thewrap.com,com,GLOBAL,GLOBAL,GLOBAL,PLATFORM,0,0,0,0,0,0,0,NATIONAL
venezuela,thirdsector.co.uk,uk,GB,Europe & Central Asia,OTHER,PLATFORM,0,0,0,0,0,0,0,NATIONAL
venezuela,timminspress.com:443,NA,NA,NA,OTHER,PLATFORM,0,0,0,0,0,0,0,PLATFORM
venezuela,tradearabia.com,com,GLOBAL,GLOBAL,GLOBAL,PLATFORM,0,0,0,0,0,0,0,NATIONAL
venezuela,tsn.ca,ca,CA,North America,OTHER,PLATFORM,0,0,0,0,0,0,0,NATIONAL
venezuela,us97.iheart.com,com,GLOBAL,GLOBAL,GLOBAL,PLATFORM,0,0,0,0,0,0,0,NATIONAL
venezuela,vaildaily.com,com,GLOBAL,GLOBAL,GLOBAL,PLATFORM,0,0,0,0,0,0,0,NATIONAL
venezuela,watchingamerica.com,com,GLOBAL,GLOBAL,GLOBAL,PLATFORM,0,0,0,0,0,0,0,NATIONAL
venezuela,watoday.com.au,au,AU,East Asia & Pacific,OTHER,PLATFORM,0,0,0,0,0,0,0,NATIONAL
venezuela,wdsu.com,com,GLOBAL,GLOBAL,GLOBAL,PLATFORM,0,0,0,0,0,0,0,NATIONAL
venezuela,wescfm.iheart.com,com,GLOBAL,GLOBAL,GLOBAL,PLATFORM,0,0,0,0,0,0,0,NATIONAL
venezuela,whoradio.iheart.com,com,GLOBAL,GLOBAL,GLOBAL,PLATFORM,0,0,0,0,0,0,0,NATIONAL
venezuela,whvoradio.com,com,GLOBAL,GLOBAL,GLOBAL,PLATFORM,0,0,0,0,0,0,0,NATIONAL
venezuela,whyy.org,org,GLOBAL,GLOBAL,GLOBAL,PLATFORM,0,0,0,0,0,0,0,NATIONAL
venezuela,wibw.com,com,GLOBAL,GLOBAL,GLOBAL,PLATFORM,0,0,0,0,0,0,0,NATIONAL
venezuela,winnipeg.ctvnews.ca,ca,CA,North America,OTHER,PLATFORM,0,0,0,0,0,0,0,NATIONAL
venezuela,wirralglobe.co.uk,uk,GB,Europe & Central Asia,OTHER,PLATFORM,0,0,0,0,0,0,0,NATIONAL
venezuela,witneygazette.co.uk,uk,GB,Europe & Central Asia,OTHER,PLATFORM,0,0,0,0,0,0,0,NATIONAL
venezuela,wkrg.com,com,GLOBAL,GLOBAL,GLOBAL,PLATFORM,0,0,0,0,0,0,0,NATIONAL
venezuela,wkuherald.com,com,GLOBAL,GLOBAL,GLOBAL,PLATFORM,0,0,0,0,0,0,0,NATIONAL
venezuela,wlap.iheart.com,com,GLOBAL,GLOBAL,GLOBAL,PLATFORM,0,0,0,0,0,0,0,NATIONAL
venezuela,wlip.com,com,GLOBAL,GLOBAL,GLOBAL,PLATFORM,0,0,0,0,0,0,0,NATIONAL
venezuela,wmse.org,org,GLOBAL,GLOBAL,GLOBAL,PLATFORM,0,0,0,0,0,0,0,NATIONAL
venezuela,wnic.iheart.com,com,GLOBAL,GLOBAL,GLOBAL,PLATFORM,0,0,0,0,0,0,0,NATIONAL
venezuela,wsvn.com,com,GLOBAL,GLOBAL,GLOBAL,PLATFORM,0,0,0,0,0,0,0,NATIONAL
venezuela,wtag.iheart.com,com,GLOBAL,GLOBAL,GLOBAL,PLATFORM,0,0,0,0,0,0,0,NATIONAL
venezuela,wtma.com,com,GLOBAL,GLOBAL,GLOBAL,PLATFORM,0,0,0,0,0,0,0,NATIONAL
venezuela,yasstribune.com.au,au,AU,East Asia & Pacific,OTHER,PLATFORM,0,0,0,0,0,0,0,NATIONAL
venezuela,yourlocalguardian.co.uk,uk,GB,Europe & Central Asia,OTHER,PLATFORM,0,0,0,0,0,0,0,NATIONAL
venezuela,ypradio.org,org,GLOBAL,GLOBAL,GLOBAL,PLATFORM,0,0,0,0,0,0,0,NATIONAL
venezuela,790waeb.iheart.com,com,GLOBAL,GLOBAL,GLOBAL,PLATFORM,0,0,0,0,0,0,0,NATIONAL
venezuela,953thebear.com,com,GLOBAL,GLOBAL,GLOBAL,PLATFORM,0,0,0,0,0,0,0,NATIONAL
venezuela,985kissfm.net,net,GLOBAL,GLOBAL,GLOBAL,PLATFORM,0,0,0,0,0,0,0,NATIONAL
venezuela,993thebeat.iheart.com,com,GLOBAL,GLOBAL,GLOBAL,PLATFORM,0,0,0,0,0,0,0,NATIONAL
venezuela,9news.com,com,GLOBAL,GLOBAL,GLOBAL,PLATFORM,0,0,0,0,0,0,0,NATIONAL
venezuela,accessatlanta.com,com,GLOBAL,GLOBAL,GLOBAL,PLATFORM,0,0,0,0,0,0,0,NATIONAL
venezuela,al-awassef.com,com,GLOBAL,GLOBAL,GLOBAL,PLATFORM,0,0,0,0,0,0,0,NATIONAL
venezuela,al-monitor.com,com,GLOBAL,GLOBAL,GLOBAL,PLATFORM,0,0,0,0,0,0,0,NATIONAL
venezuela,al.com,com,GLOBAL,GLOBAL,GLOBAL,PLATFORM,0,0,0,0,0,0,0,NATIONAL
venezuela,arabnews.com,com,GLOBAL,GLOBAL,GLOBAL,PLATFORM,0,0,1,0,0,0,1,STATE
venezuela,arizonadailyindependent.com,com,GLOBAL,GLOBAL,GLOBAL,PLATFORM,0,0,0,0,0,0,0,NATIONAL
venezuela,atholdailynews.com,com,GLOBAL,GLOBAL,GLOBAL,PLATFORM,0,0,0,0,0,0,0,NATIONAL
venezuela,avweb.com,com,GLOBAL,GLOBAL,GLOBAL,PLATFORM,0,0,0,0,0,0,0,NATIONAL
venezuela,azfamily.com,com,GLOBAL,GLOBAL,GLOBAL,PLATFORM,0,0,0,0,0,0,0,NATIONAL
venezuela,b98.com,com,GLOBAL,GLOBAL,GLOBAL,PLATFORM,0,0,0,0,0,0,0,NATIONAL
venezuela,bakersfield.com,com,GLOBAL,GLOBAL,GLOBAL,PLATFORM,0,0,0,0,0,0,0,NATIONAL
venezuela,behindthesteelcurtain.com,com,GLOBAL,GLOBAL,GLOBAL,PLATFORM,0,0,0,0,0,0,0,NATIONAL
venezuela,bellanaija.com,com,GLOBAL,GLOBAL,GLOBAL,PLATFORM,0,0,0,0,0,0,0,NATIONAL
venezuela,bigoven.com,com,GLOBAL,GLOBAL,GLOBAL,PLATFORM,0,0,0,0,0,0,0,NATIONAL
venezuela,bleacherreport.com,com,GLOBAL,GLOBAL,GLOBAL,PLATFORM,0,0,0,0,0,0,0,NATIONAL
venezuela,bostonherald.com,com,GLOBAL,GLOBAL,GLOBAL,PLATFORM,0,0,0,0,0,0,0,NATIONAL
venezuela,bozemandailychronicle.com,com,GLOBAL,GLOBAL,GLOBAL,PLATFORM,0,0,0,0,0,0,0,NATIONAL
venezuela,business.inquirer.net,net,GLOBAL,GLOBAL,GLOBAL,PLATFORM,0,0,0,0,0,0,0,NATIONAL
venezuela,cagle.com,com,GLOBAL,GLOBAL,GLOBAL,PLATFORM,0,0,0,0,0,0,0,NATIONAL
venezuela,cbs58.com,com,GLOBAL,GLOBAL,GLOBAL,PLATFORM,0,0,0,0,0,0,0,NATIONAL
venezuela,channelstv.com,com,GLOBAL,GLOBAL,GLOBAL,PLATFORM,0,0,0,0,0,0,0,NATIONAL
venezuela,chicagotribune.com,com,GLOBAL,GLOBAL,GLOBAL,PLATFORM,0,0,0,0,0,0,0,NATIONAL
venezuela,chimpreports.com,com,GLOBAL,GLOBAL,GLOBAL,PLATFORM,0,0,0,0,0,0,0,NATIONAL
venezuela,chinaview.cn,cn,CN,East Asia & Pacific,OTHER,PLATFORM,0,0,0,0,0,0,0,NATIONAL
venezuela,chipchick.com,com,GLOBAL,GLOBAL,GLOBAL,PLATFORM,0,0,0,0,0,0,0,NATIONAL
venezuela,cincyjungle.com,com,GLOBAL,GLOBAL,GLOBAL,PLATFORM,0,0,0,0,0,0,0,NATIONAL
venezuela,citybeat.com,com,GLOBAL,GLOBAL,GLOBAL,PLATFORM,0,0,0,0,0,0,0,NATIONAL
venezuela,community.scoop.co.nz,nz,NZ,East Asia & Pacific,OTHER,PLATFORM,0,0,0,0,0,0,0,NATIONAL
venezuela,courant.com,com,GLOBAL,GLOBAL,GLOBAL,PLATFORM,0,0,0,0,0,0,0,NATIONAL
venezuela,dailycollegian.com,com,GLOBAL,GLOBAL,GLOBAL,PLATFORM,0,0,0,0,0,0,0,NATIONAL
venezuela,dailyillini.com,com,GLOBAL,GLOBAL,GLOBAL,PLATFORM,0,0,0,0,0,0,0,NATIONAL
venezuela,dailykos.com,com,GLOBAL,GLOBAL,GLOBAL,PLATFORM,0,0,0,0,0,0,0,NATIONAL
venezuela,dailymirror.lk,lk,NA,NA,OTHER,PLATFORM,0,0,0,0,0,0,0,PLATFORM
venezuela,dailyorange.com,com,GLOBAL,GLOBAL,GLOBAL,PLATFORM,0,0,0,0,0,0,0,NATIONAL
venezuela,dailypress.com,com,GLOBAL,GLOBAL,GLOBAL,PLATFORM,0,0,0,0,0,0,0,NATIONAL
venezuela,denverpost.com,com,GLOBAL,GLOBAL,GLOBAL,PLATFORM,0,0,0,0,0,0,0,NATIONAL
venezuela,dhakatribune.com,com,GLOBAL,GLOBAL,GLOBAL,PLATFORM,0,0,0,0,0,0,0,NATIONAL
venezuela,dublincity.ie,ie,NA,NA,OTHER,PLATFORM,0,0,0,0,0,0,0,PLATFORM
venezuela,eastbaytimes.com,com,GLOBAL,GLOBAL,GLOBAL,PLATFORM,0,0,0,0,0,0,0,NATIONAL
venezuela,elystandard.co.uk,uk,GB,Europe & Central Asia,OTHER,PLATFORM,0,0,0,0,0,0,0,NATIONAL
venezuela,empireofthekop.com,com,GLOBAL,GLOBAL,GLOBAL,PLATFORM,0,0,0,0,0,0,0,NATIONAL
venezuela,enviweb.cz,cz,NA,NA,OTHER,PLATFORM,0,0,0,0,0,0,0,PLATFORM
venezuela,ephotozine.com,com,GLOBAL,GLOBAL,GLOBAL,PLATFORM,0,0,0,0,0,0,0,NATIONAL
venezuela,eurogamer.net,net,GLOBAL,GLOBAL,GLOBAL,PLATFORM,0,0,0,0,0,0,0,NATIONAL
venezuela,expressandstar.com,com,GLOBAL,GLOBAL,GLOBAL,PLATFORM,0,0,0,0,0,0,0,NATIONAL
venezuela,fark.com,com,GLOBAL,GLOBAL,GLOBAL,PLATFORM,0,0,0,0,0,0,0,NATIONAL
venezuela,flickeringmyth.com,com,GLOBAL,GLOBAL,GLOBAL,PLATFORM,0,0,0,0,0,0,0,NATIONAL
venezuela,fox13news.com,com,GLOBAL,GLOBAL,GLOBAL,PLATFORM,0,0,0,0,0,0,0,NATIONAL
venezuela,fox43.com,com,GLOBAL,GLOBAL,GLOBAL,PLATFORM,0,0,0,0,0,0,0,NATIONAL
venezuela,fox59.com,com,GLOBAL,GLOBAL,GLOBAL,PLATFORM,0,0,0,0,0,0,0,NATIONAL
venezuela,fox5ny.com,com,GLOBAL,GLOBAL,GLOBAL,PLATFORM,0,0,0,0,0,0,0,NATIONAL
venezuela,foxcarolina.com,com,GLOBAL,GLOBAL,GLOBAL,PLATFORM,0,0,0,0,0,0,0,NATIONAL
venezuela,foxsportsam1280.iheart.com,com,GLOBAL,GLOBAL,GLOBAL,PLATFORM,0,0,0,0,0,0,0,NATIONAL
venezuela,funkytaurusmedia.com,com,GLOBAL,GLOBAL,GLOBAL,PLATFORM,0,0,0,0,0,0,0,NATIONAL
venezuela,gamerant.com,com,GLOBAL,GLOBAL,GLOBAL,PLATFORM,0,0,0,0,0,0,0,NATIONAL
venezuela,gdnonline.com,com,GLOBAL,GLOBAL,GLOBAL,PLATFORM,0,0,0,0,0,0,0,NATIONAL
venezuela,georgetownvoice.com,com,GLOBAL,GLOBAL,GLOBAL,PLATFORM,0,0,0,0,0,0,0,NATIONAL
venezuela,gringogazette.com,com,GLOBAL,GLOBAL,GLOBAL,PLATFORM,0,0,0,0,0,0,0,NATIONAL
venezuela,gulf-times.com,com,GLOBAL,GLOBAL,GLOBAL,PLATFORM,0,0,0,0,0,0,0,NATIONAL
venezuela,halfwheel.com,com,GLOBAL,GLOBAL,GLOBAL,PLATFORM,0,0,0,0,0,0,0,NATIONAL
venezuela,hawkesburygazette.com.au,au,AU,East Asia & Pacific,OTHER,PLATFORM,0,0,0,0,0,0,0,NATIONAL
venezuela,heavy.com,com,GLOBAL,GLOBAL,GLOBAL,PLATFORM,0,0,0,0,0,0,0,NATIONAL
venezuela,hiawathaworldonline.com,com,GLOBAL,GLOBAL,GLOBAL,PLATFORM,0,0,0,0,0,0,0,NATIONAL
venezuela,homenewshere.com,com,GLOBAL,GLOBAL,GLOBAL,PLATFORM,0,0,0,0,0,0,0,NATIONAL
venezuela,hot101.com,com,GLOBAL,GLOBAL,GLOBAL,PLATFORM,0,0,0,0,0,0,0,NATIONAL
venezuela,humanevents.com:443,NA,NA,NA,OTHER,PLATFORM,0,0,0,0,0,0,0,PLATFORM
venezuela,iclarified.com,com,GLOBAL,GLOBAL,GLOBAL,PLATFORM,0,0,0,0,0,0,0,NATIONAL
venezuela,idahostatejournal.com,com,GLOBAL,GLOBAL,GLOBAL,PLATFORM,0,0,0,0,0,0,0,NATIONAL
venezuela,idahostatesman.com,com,GLOBAL,GLOBAL,GLOBAL,PLATFORM,0,0,0,0,0,0,0,NATIONAL
venezuela,imore.com,com,GLOBAL,GLOBAL,GLOBAL,PLATFORM,0,0,0,0,0,0,0,NATIONAL
venezuela,indaily.com.au,au,AU,East Asia & Pacific,OTHER,PLATFORM,0,0,0,0,0,0,0,NATIONAL
venezuela,independentaustralia.net,net,GLOBAL,GLOBAL,GLOBAL,PLATFORM,0,0,0,0,0,0,0,NATIONAL
venezuela,insidermonkey.com,com,GLOBAL,GLOBAL,GLOBAL,PLATFORM,0,0,0,0,0,0,0,NATIONAL
venezuela,ipwatchdog.com,com,GLOBAL,GLOBAL,GLOBAL,PLATFORM,0,0,0,0,0,0,0,NATIONAL
venezuela,jaysjournal.com,com,GLOBAL,GLOBAL,GLOBAL,PLATFORM,0,0,0,0,0,0,0,NATIONAL
venezuela,jewishchronicle.org,org,GLOBAL,GLOBAL,GLOBAL,PLATFORM,0,0,0,0,0,0,0,NATIONAL
venezuela,jhnewsandguide.com,com,GLOBAL,GLOBAL,GLOBAL,PLATFORM,0,0,0,0,0,0,0,NATIONAL
venezuela,justjared.com,com,GLOBAL,GLOBAL,GLOBAL,PLATFORM,0,0,0,0,0,0,0,NATIONAL
venezuela,k96fm.com,com,GLOBAL,GLOBAL,GLOBAL,PLATFORM,0,0,0,0,0,0,0,NATIONAL
venezuela,kafe.com,com,GLOBAL,GLOBAL,GLOBAL,PLATFORM,0,0,0,0,0,0,0,NATIONAL
venezuela,kcrg.com,com,GLOBAL,GLOBAL,GLOBAL,PLATFORM,0,0,0,0,0,0,0,NATIONAL
venezuela,keighleynews.co.uk,uk,GB,Europe & Central Asia,OTHER,PLATFORM,0,0,0,0,0,0,0,NATIONAL
venezuela,kens5.com,com,GLOBAL,GLOBAL,GLOBAL,PLATFORM,0,0,0,0,0,0,0,NATIONAL
venezuela,ketr.org,org,GLOBAL,GLOBAL,GLOBAL,PLATFORM,0,0,0,0,0,0,0,NATIONAL
venezuela,khou.com,com,GLOBAL,GLOBAL,GLOBAL,PLATFORM,0,0,0,0,0,0,0,NATIONAL
venezuela,khq.com,com,GLOBAL,GLOBAL,GLOBAL,PLATFORM,0,0,0,0,0,0,0,NATIONAL
venezuela,kisscasper.com,com,GLOBAL,GLOBAL,GLOBAL,PLATFORM,0,0,0,0,0,0,0,NATIONAL
venezuela,klur.com,com,GLOBAL,GLOBAL,GLOBAL,PLATFORM,0,0,0,0,0,0,0,NATIONAL
venezuela,kmov.com,com,GLOBAL,GLOBAL,GLOBAL,PLATFORM,0,0,0,0,0,0,0,NATIONAL
venezuela,krmsradio.com,com,GLOBAL,GLOBAL,GLOBAL,PLATFORM,0,0,0,0,0,0,0,NATIONAL
venezuela,ktep.org,org,GLOBAL,GLOBAL,GLOBAL,PLATFORM,0,0,0,0,0,0,0,NATIONAL
venezuela,kxic.iheart.com,com,GLOBAL,GLOBAL,GLOBAL,PLATFORM,0,0,0,0,0,0,0,NATIONAL
venezuela,kxl.com,com,GLOBAL,GLOBAL,GLOBAL,PLATFORM,0,0,0,0,0,0,0,NATIONAL
venezuela,kxnet.com,com,GLOBAL,GLOBAL,GLOBAL,PLATFORM,0,0,0,0,0,0,0,NATIONAL
venezuela,lbc.co.uk,uk,GB,Europe & Central Asia,OTHER,PLATFORM,0,0,0,0,0,0,0,NATIONAL
venezuela,limelightmagazine.com.au,au,AU,East Asia & Pacific,OTHER,PLATFORM,0,0,0,0,0,0,0,NATIONAL
venezuela,lite987.com,com,GLOBAL,GLOBAL,GLOBAL,PLATFORM,0,0,0,0,0,0,0,NATIONAL
venezuela,livescience.com,com,GLOBAL,GLOBAL,GLOBAL,PLATFORM,0,0,0,0,0,0,0,NATIONAL
venezuela,marketscreener.com,com,GLOBAL,GLOBAL,GLOBAL,PLATFORM,0,0,0,0,0,0,0,NATIONAL
venezuela,mediaite.com,com,GLOBAL,GLOBAL,GLOBAL,PLATFORM,0,0,0,0,0,0,0,NATIONAL
venezuela,miningnews.net,net,GLOBAL,GLOBAL,GLOBAL,PLATFORM,0,0,0,0,0,0,0,NATIONAL
venezuela,mix941kmxj.com,com,GLOBAL,GLOBAL,GLOBAL,PLATFORM,0,0,0,0,0,0,0,NATIONAL
venezuela,moddb.com,com,GLOBAL,GLOBAL,GLOBAL,PLATFORM,0,0,0,0,0,0,0,NATIONAL
venezuela,montreal.ctvnews.ca,ca,CA,North America,OTHER,PLATFORM,0,0,0,0,0,0,0,NATIONAL
venezuela,mybuckhannon.com,com,GLOBAL,GLOBAL,GLOBAL,PLATFORM,0,0,0,0,0,0,0,NATIONAL
venezuela,myjoyonline.com,com,GLOBAL,GLOBAL,GLOBAL,PLATFORM,0,0,0,0,0,0,0,NATIONAL
venezuela,mynewsla.com,com,GLOBAL,GLOBAL,GLOBAL,PLATFORM,0,0,0,0,0,0,0,NATIONAL
venezuela,namibiansun.com,com,GLOBAL,GLOBAL,GLOBAL,PLATFORM,0,0,0,0,0,0,0,NATIONAL
venezuela,napavalleyregister.com,com,GLOBAL,GLOBAL,GLOBAL,PLATFORM,0,0,0,0,0,0,0,NATIONAL
venezuela,nasaspaceflight.com,com,GLOBAL,GLOBAL,GLOBAL,PLATFORM,0,0,0,0,0,0,0,NATIONAL
venezuela,nbr.co.nz,nz,NZ,East Asia & Pacific,OTHER,PLATFORM,0,0,0,0,0,0,0,NATIONAL
venezuela,nevadaappeal.com,com,GLOBAL,GLOBAL,GLOBAL,PLATFORM,0,0,0,0,0,0,0,NATIONAL
venezuela,newburyportnews.com,com,GLOBAL,GLOBAL,GLOBAL,PLATFORM,0,0,0,0,0,0,0,NATIONAL
venezuela,news.antiwar.com,com,GLOBAL,GLOBAL,GLOBAL,PLATFORM,0,0,0,0,0,0,0,NATIONAL
venezuela,news.webindia123.com,com,GLOBAL,GLOBAL,GLOBAL,PLATFORM,0,0,0,0,0,0,0,NATIONAL
venezuela,newsday.com,com,GLOBAL,GLOBAL,GLOBAL,PLATFORM,0,0,0,0,0,0,0,NATIONAL
venezuela,newsdigest.ng,ng,NG,Sub-Saharan Africa,AFRICA,PLATFORM,0,0,0,0,0,0,0,NATIONAL
venezuela,newspressnow.com,com,GLOBAL,GLOBAL,GLOBAL,PLATFORM,0,0,0,0,0,0,0,NATIONAL
venezuela,newyorker.com,com,GLOBAL,GLOBAL,GLOBAL,PLATFORM,0,0,0,0,0,0,0,NATIONAL
venezuela,nhl.com,com,GLOBAL,GLOBAL,GLOBAL,PLATFORM,0,0,0,0,0,0,0,NATIONAL
venezuela,nigerianeye.com,com,GLOBAL,GLOBAL,GLOBAL,PLATFORM,0,0,0,0,0,0,0,NATIONAL
venezuela,noozhawk.com,com,GLOBAL,GLOBAL,GLOBAL,PLATFORM,0,0,0,0,0,0,0,NATIONAL
venezuela,nova.ie,ie,NA,NA,OTHER,PLATFORM,0,0,0,0,0,0,0,PLATFORM
venezuela,nzherald.co.nz,nz,NZ,East Asia & Pacific,OTHER,PLATFORM,0,0,0,0,0,0,0,NATIONAL
venezuela,oilprice.com,com,GLOBAL,GLOBAL,GLOBAL,PLATFORM,0,0,0,0,0,0,0,NATIONAL
venezuela,oklahomastar.com,com,GLOBAL,GLOBAL,GLOBAL,PLATFORM,0,0,0,0,0,0,0,NATIONAL
venezuela,orlandosentinel.com,com,GLOBAL,GLOBAL,GLOBAL,PLATFORM,0,0,0,0,0,0,0,NATIONAL
venezuela,patriotla.iheart.com,com,GLOBAL,GLOBAL,GLOBAL,PLATFORM,0,0,0,0,0,0,0,NATIONAL
venezuela,peninsuladailynews.com,com,GLOBAL,GLOBAL,GLOBAL,PLATFORM,0,0,0,0,0,0,0,NATIONAL
venezuela,pennlive.com,com,GLOBAL,GLOBAL,GLOBAL,PLATFORM,0,0,0,0,0,0,0,NATIONAL
venezuela,phoronix.com,com,GLOBAL,GLOBAL,GLOBAL,PLATFORM,0,0,0,0,0,0,0,NATIONAL
venezuela,pinkvilla.com,com,GLOBAL,GLOBAL,GLOBAL,PLATFORM,0,0,0,0,0,0,0,NATIONAL
venezuela,postbulletin.com,com,GLOBAL,GLOBAL,GLOBAL,PLATFORM,0,0,0,0,0,0,0,NATIONAL
venezuela,punchng.com,com,GLOBAL,GLOBAL,GLOBAL,PLATFORM,0,0,0,0,0,0,0,NATIONAL
venezuela,readingeagle.com,com,GLOBAL,GLOBAL,GLOBAL,PLATFORM,0,0,0,0,0,0,0,NATIONAL
venezuela,realitytvworld.com,com,GLOBAL,GLOBAL,GLOBAL,PLATFORM,0,0,0,0,0,0,0,NATIONAL
venezuela,recorder.com,com,GLOBAL,GLOBAL,GLOBAL,PLATFORM,0,0,0,0,0,0,0,NATIONAL
venezuela,regina.ctvnews.ca,ca,CA,North America,OTHER,PLATFORM,0,0,0,0,0,0,0,NATIONAL
venezuela,rewind943.com,com,GLOBAL,GLOBAL,GLOBAL,PLATFORM,0,0,0,0,0,0,0,NATIONAL
venezuela,romesentinel.com,com,GLOBAL,GLOBAL,GLOBAL,PLATFORM,0,0,0,0,0,0,0,NATIONAL
venezuela,sandiegouniontribune.com,com,GLOBAL,GLOBAL,GLOBAL,PLATFORM,0,0,0,0,0,0,0,NATIONAL
venezuela,saratogian.com,com,GLOBAL,GLOBAL,GLOBAL,PLATFORM,0,0,0,0,0,0,0,NATIONAL
venezuela,saultthisweek.com:443,NA,NA,NA,OTHER,PLATFORM,0,0,0,0,0,0,0,PLATFORM
venezuela,sosradio.net,net,GLOBAL,GLOBAL,GLOBAL,PLATFORM,0,0,0,0,0,0,0,NATIONAL
venezuela,speedwaymedia.com,com,GLOBAL,GLOBAL,GLOBAL,PLATFORM,0,0,0,0,0,0,0,NATIONAL
venezuela,springfieldnewssun.com,com,GLOBAL,GLOBAL,GLOBAL,PLATFORM,0,0,0,0,0,0,0,NATIONAL
venezuela,standard.net.au,au,AU,East Asia & Pacific,OTHER,PLATFORM,0,0,0,0,0,0,0,NATIONAL
venezuela,standardmedia.co.ke,ke,NA,NA,OTHER,PLATFORM,0,0,0,0,0,0,0,PLATFORM
venezuela,starobserver.com.au,au,AU,East Asia & Pacific,OTHER,PLATFORM,0,0,0,0,0,0,0,NATIONAL
venezuela,stereoboard.com,com,GLOBAL,GLOBAL,GLOBAL,PLATFORM,0,0,0,0,0,0,0,NATIONAL
venezuela,stourbridgenews.co.uk,uk,GB,Europe & Central Asia,OTHER,PLATFORM,0,0,0,0,0,0,0,NATIONAL
venezuela,strategy-business.com,com,GLOBAL,GLOBAL,GLOBAL,PLATFORM,0,0,0,0,0,0,0,NATIONAL
venezuela,stuff.co.nz,nz,NZ,East Asia & Pacific,OTHER,PLATFORM,0,0,0,0,0,0,0,NATIONAL
venezuela,swoknews.com,com,GLOBAL,GLOBAL,GLOBAL,PLATFORM,0,0,0,0,0,0,0,NATIONAL
venezuela,tampabay.com,com,GLOBAL,GLOBAL,GLOBAL,PLATFORM,0,0,0,0,0,0,0,NATIONAL
venezuela,techradar.com,com,GLOBAL,GLOBAL,GLOBAL,PLATFORM,0,0,0,0,0,0,0,NATIONAL
venezuela,telegraphherald.com,com,GLOBAL,GLOBAL,GLOBAL,PLATFORM,0,0,0,0,0,0,0,NATIONAL
venezuela,tesfanews.net,net,GLOBAL,GLOBAL,GLOBAL,PLATFORM,0,0,0,0,0,0,0,NATIONAL
venezuela,thailand-business-news.com,com,GLOBAL,GLOBAL,GLOBAL,PLATFORM,0,0,0,0,0,0,0,NATIONAL
venezuela,theconversation.com,com,GLOBAL,GLOBAL,GLOBAL,PLATFORM,0,0,0,0,0,0,0,NATIONAL
venezuela,thecourier.com.au,au,AU,East Asia & Pacific,OTHER,PLATFORM,0,0,0,0,0,0,0,NATIONAL
venezuela,theepochtimes.com,com,GLOBAL,GLOBAL,GLOBAL,PLATFORM,0,0,0,0,0,0,0,NATIONAL
venezuela,thehindu.com,com,GLOBAL,GLOBAL,GLOBAL,PLATFORM,0,0,0,0,0,0,0,NATIONAL
venezuela,theitem.com,com,GLOBAL,GLOBAL,GLOBAL,PLATFORM,0,0,0,0,0,0,0,NATIONAL
venezuela,thenational.scot,scot,NA,NA,OTHER,PLATFORM,0,0,0,0,0,0,0,PLATFORM
venezuela,thenews-chronicle.com,com,GLOBAL,GLOBAL,GLOBAL,PLATFORM,0,0,0,0,0,0,0,NATIONAL
venezuela,thenews.com.pk,pk,NA,NA,OTHER,PLATFORM,0,0,0,0,0,0,0,PLATFORM
venezuela,thenewsnigeria.com.ng,ng,NG,Sub-Saharan Africa,AFRICA,PLATFORM,0,0,0,0,0,0,0,NATIONAL
venezuela,theprint.in,in,IN,South Asia,OTHER,PLATFORM,0,0,0,0,0,0,0,NATIONAL
venezuela,therightscoop.com,com,GLOBAL,GLOBAL,GLOBAL,PLATFORM,0,0,0,0,0,0,0,NATIONAL
venezuela,theshovel.com.au,au,AU,East Asia & Pacific,OTHER,PLATFORM,0,0,0,0,0,0,0,NATIONAL
venezuela,thewest.com.au,au,AU,East Asia & Pacific,OTHER,PLATFORM,0,0,0,0,0,0,0,NATIONAL
venezuela,thisismoney.co.uk,uk,GB,Europe & Central Asia,OTHER,PLATFORM,0,0,0,0,0,0,0,NATIONAL
venezuela,times-advocate.com,com,GLOBAL,GLOBAL,GLOBAL,PLATFORM,0,0,0,0,0,0,0,NATIONAL
venezuela,timesofsandiego.com,com,GLOBAL,GLOBAL,GLOBAL,PLATFORM,0,0,0,0,0,0,0,NATIONAL
venezuela,toronto.ctvnews.ca,ca,CA,North America,OTHER,PLATFORM,0,0,0,0,0,0,0,NATIONAL
venezuela,tradewindsnews.com,com,GLOBAL,GLOBAL,GLOBAL,PLATFORM,0,0,0,0,0,0,0,NATIONAL
venezuela,tulsaworld.com,com,GLOBAL,GLOBAL,GLOBAL,PLATFORM,0,0,0,0,0,0,0,NATIONAL
venezuela,up.edu.ph,ph,NA,NA,OTHER,PLATFORM,0,0,0,0,0,0,0,PLATFORM
venezuela,usanetwork.com,com,GLOBAL,GLOBAL,GLOBAL,PLATFORM,0,0,0,0,0,0,0,NATIONAL
venezuela,valawyersweekly.com,com,GLOBAL,GLOBAL,GLOBAL,PLATFORM,0,0,0,0,0,0,0,NATIONAL
venezuela,valleynewslive.com,com,GLOBAL,GLOBAL,GLOBAL,PLATFORM,0,0,0,0,0,0,0,NATIONAL
venezuela,vancouversun.com:443,NA,NA,NA,OTHER,PLATFORM,0,0,0,0,0,0,0,PLATFORM
venezuela,voanews.com,com,GLOBAL,GLOBAL,GLOBAL,PLATFORM,0,0,0,0,0,0,0,NATIONAL
venezuela,wa1a.com,com,GLOBAL,GLOBAL,GLOBAL,PLATFORM,0,0,0,0,0,0,0,NATIONAL
venezuela,warm1033.com,com,GLOBAL,GLOBAL,GLOBAL,PLATFORM,0,0,0,0,0,0,0,NATIONAL
venezuela,washingtontimes.com,com,GLOBAL,GLOBAL,GLOBAL,PLATFORM,0,0,0,0,0,0,0,NATIONAL
venezuela,wbal.com,com,GLOBAL,GLOBAL,GLOBAL,PLATFORM,0,0,0,0,0,0,0,NATIONAL
venezuela,wfmz.com,com,GLOBAL,GLOBAL,GLOBAL,PLATFORM,0,0,0,0,0,0,0,NATIONAL
venezuela,wftv.com,com,GLOBAL,GLOBAL,GLOBAL,PLATFORM,0,0,0,0,0,0,0,NATIONAL
venezuela,wfxl.com,com,GLOBAL,GLOBAL,GLOBAL,PLATFORM,0,0,0,0,0,0,0,NATIONAL
venezuela,whbl.com,com,GLOBAL,GLOBAL,GLOBAL,PLATFORM,0,0,0,0,0,0,0,NATIONAL
venezuela,whmi.com,com,GLOBAL,GLOBAL,GLOBAL,PLATFORM,0,0,0,0,0,0,0,NATIONAL
venezuela,whqr.org,org,GLOBAL,GLOBAL,GLOBAL,PLATFORM,0,0,0,0,0,0,0,NATIONAL
venezuela,windowscentral.com,com,GLOBAL,GLOBAL,GLOBAL,PLATFORM,0,0,0,0,0,0,0,NATIONAL
venezuela,wine-searcher.com,com,GLOBAL,GLOBAL,GLOBAL,PLATFORM,0,0,0,0,0,0,0,NATIONAL
venezuela,wkbw.com,com,GLOBAL,GLOBAL,GLOBAL,PLATFORM,0,0,0,0,0,0,0,NATIONAL
venezuela,wlwt.com,com,GLOBAL,GLOBAL,GLOBAL,PLATFORM,0,0,0,0,0,0,0,NATIONAL
venezuela,woodradio.iheart.com,com,GLOBAL,GLOBAL,GLOBAL,PLATFORM,0,0,0,0,0,0,0,NATIONAL
venezuela,workplaceinsight.net,net,GLOBAL,GLOBAL,GLOBAL,PLATFORM,0,0,0,0,0,0,0,NATIONAL
venezuela,wowktv.com,com,GLOBAL,GLOBAL,GLOBAL,PLATFORM,0,0,0,0,0,0,0,NATIONAL
venezuela,wprl.org,org,GLOBAL,GLOBAL,GLOBAL,PLATFORM,0,0,0,0,0,0,0,NATIONAL
venezuela,wpxi.com,com,GLOBAL,GLOBAL,GLOBAL,PLATFORM,0,0,0,0,0,0,0,NATIONAL
venezuela,wtov9.com,com,GLOBAL,GLOBAL,GLOBAL,PLATFORM,0,0,0,0,0,0,0,NATIONAL
venezuela,wtvr.com,com,GLOBAL,GLOBAL,GLOBAL,PLATFORM,0,0,0,0,0,0,0,NATIONAL
venezuela,wutc.org,org,GLOBAL,GLOBAL,GLOBAL,PLATFORM,0,0,0,0,0,0,0,NATIONAL
venezuela,wwno.org,org,GLOBAL,GLOBAL,GLOBAL,PLATFORM,0,0,0,0,0,0,0,NATIONAL
venezuela,wxfx.com,com,GLOBAL,GLOBAL,GLOBAL,PLATFORM,0,0,0,0,0,0,0,NATIONAL
venezuela,wyomingnews.com,com,GLOBAL,GLOBAL,GLOBAL,PLATFORM,0,0,0,0,0,0,0,NATIONAL
venezuela,xxlmag.com,com,GLOBAL,GLOBAL,GLOBAL,PLATFORM,0,0,0,0,0,0,0,NATIONAL
venezuela,yankton.net,net,GLOBAL,GLOBAL,GLOBAL,PLATFORM,0,0,0,0,0,0,0,NATIONAL
venezuela,z93jamz.com,com,GLOBAL,GLOBAL,GLOBAL,PLATFORM,0,0,0,0,0,0,0,NATIONAL
venezuela,102thebear.com,com,GLOBAL,GLOBAL,GLOBAL,PLATFORM,0,0,0,0,0,0,0,NATIONAL
venezuela,1035kissfm.iheart.com,com,GLOBAL,GLOBAL,GLOBAL,PLATFORM,0,0,0,0,0,0,0,NATIONAL
venezuela,103weup.com,com,GLOBAL,GLOBAL,GLOBAL,PLATFORM,0,0,0,0,0,0,0,NATIONAL
venezuela,1049thebeat.com,com,GLOBAL,GLOBAL,GLOBAL,PLATFORM,0,0,0,0,0,0,0,NATIONAL
venezuela,1057thex.com,com,GLOBAL,GLOBAL,GLOBAL,PLATFORM,0,0,0,0,0,0,0,NATIONAL
venezuela,1190kex.iheart.com,com,GLOBAL,GLOBAL,GLOBAL,PLATFORM,0,0,0,0,0,0,0,NATIONAL
venezuela,1190talkradio.iheart.com,com,GLOBAL,GLOBAL,GLOBAL,PLATFORM,0,0,0,0,0,0,0,NATIONAL
venezuela,11alive.com,com,GLOBAL,GLOBAL,GLOBAL,PLATFORM,0,0,0,0,0,0,0,NATIONAL
venezuela,3aw.com.au,au,AU,East Asia & Pacific,OTHER,PLATFORM,0,0,0,0,0,0,0,NATIONAL
venezuela,8newsnow.com,com,GLOBAL,GLOBAL,GLOBAL,PLATFORM,0,0,0,0,0,0,0,NATIONAL
venezuela,92qnashville.com,com,GLOBAL,GLOBAL,GLOBAL,PLATFORM,0,0,0,0,0,0,0,NATIONAL
venezuela,947-star.com,com,GLOBAL,GLOBAL,GLOBAL,PLATFORM,0,0,0,0,0,0,0,NATIONAL
venezuela,961jamz.com,com,GLOBAL,GLOBAL,GLOBAL,PLATFORM,0,0,0,0,0,0,0,NATIONAL
venezuela,972mag.com,com,GLOBAL,GLOBAL,GLOBAL,PLATFORM,0,0,0,0,0,0,0,NATIONAL
venezuela,980waav.com,com,GLOBAL,GLOBAL,GLOBAL,PLATFORM,0,0,0,0,0,0,0,NATIONAL
venezuela,98rockme.iheart.com,com,GLOBAL,GLOBAL,GLOBAL,PLATFORM,0,0,0,0,0,0,0,NATIONAL
venezuela,999ktdy.com,com,GLOBAL,GLOBAL,GLOBAL,PLATFORM,0,0,0,0,0,0,0,NATIONAL
venezuela,999thepoint.com,com,GLOBAL,GLOBAL,GLOBAL,PLATFORM,0,0,0,0,0,0,0,NATIONAL
venezuela,9news.com.au,au,AU,East Asia & Pacific,OTHER,PLATFORM,0,0,0,0,0,0,0,NATIONAL
venezuela,abajournal.com,com,GLOBAL,GLOBAL,GLOBAL,PLATFORM,0,0,0,0,0,0,0,NATIONAL
venezuela,abc3340.com,com,GLOBAL,GLOBAL,GLOBAL,PLATFORM,0,0,0,0,0,0,0,NATIONAL
venezuela,abc6onyourside.com,com,GLOBAL,GLOBAL,GLOBAL,PLATFORM,0,0,0,0,0,0,0,NATIONAL
venezuela,abc7.com,com,GLOBAL,GLOBAL,GLOBAL,PLATFORM,0,0,0,0,0,0,0,NATIONAL
venezuela,abc7ny.com,com,GLOBAL,GLOBAL,GLOBAL,PLATFORM,0,0,0,0,0,0,0,NATIONAL
venezuela,abovethelaw.com,com,GLOBAL,GLOBAL,GLOBAL,PLATFORM,0,0,0,0,0,0,0,NATIONAL
venezuela,acainternational.org,org,GLOBAL,GLOBAL,GLOBAL,PLATFORM,0,0,0,0,0,0,0,NATIONAL
venezuela,accountantsdaily.com.au,au,AU,East Asia & Pacific,OTHER,PLATFORM,0,0,0,0,0,0,0,NATIONAL
venezuela,agcnews.eu,eu,NA,NA,OTHER,PLATFORM,0,0,0,0,0,0,0,PLATFORM
venezuela,agweb.com,com,GLOBAL,GLOBAL,GLOBAL,PLATFORM,0,0,0,0,0,0,0,NATIONAL
venezuela,annistonstar.com,com,GLOBAL,GLOBAL,GLOBAL,PLATFORM,0,0,0,0,0,0,0,NATIONAL
venezuela,archaeology.org,org,GLOBAL,GLOBAL,GLOBAL,PLATFORM,0,0,0,0,0,0,0,NATIONAL
venezuela,arrowheadpride.com,com,GLOBAL,GLOBAL,GLOBAL,PLATFORM,0,0,0,0,0,0,0,NATIONAL
venezuela,auckland.scoop.co.nz,nz,NZ,East Asia & Pacific,OTHER,PLATFORM,0,0,0,0,0,0,0,NATIONAL
venezuela,austin.culturemap.com,com,GLOBAL,GLOBAL,GLOBAL,PLATFORM,0,0,0,0,0,0,0,NATIONAL
venezuela,awdf.org,org,GLOBAL,GLOBAL,GLOBAL,PLATFORM,0,0,0,0,0,0,0,NATIONAL
venezuela,baltimoresun.com,com,GLOBAL,GLOBAL,GLOBAL,PLATFORM,0,0,0,0,0,0,0,NATIONAL
venezuela,bankingday.com,com,GLOBAL,GLOBAL,GLOBAL,PLATFORM,0,0,0,0,0,0,0,NATIONAL
venezuela,bdcnetwork.com,com,GLOBAL,GLOBAL,GLOBAL,PLATFORM,0,0,0,0,0,0,0,NATIONAL
venezuela,big1047.iheart.com,com,GLOBAL,GLOBAL,GLOBAL,PLATFORM,0,0,0,0,0,0,0,NATIONAL
venezuela,blackhillsfox.com,com,GLOBAL,GLOBAL,GLOBAL,PLATFORM,0,0,0,0,0,0,0,NATIONAL
venezuela,bocanewsnow.com,com,GLOBAL,GLOBAL,GLOBAL,PLATFORM,0,0,0,0,0,0,0,NATIONAL
venezuela,boisestatepublicradio.org,org,GLOBAL,GLOBAL,GLOBAL,PLATFORM,0,0,0,0,0,0,0,NATIONAL
venezuela,borneobulletin.com.bn,bn,NA,NA,OTHER,PLATFORM,0,0,0,0,0,0,0,PLATFORM
venezuela,breakingdefense.com,com,GLOBAL,GLOBAL,GLOBAL,PLATFORM,0,0,0,0,0,0,0,NATIONAL
venezuela,brisbanetimes.com.au,au,AU,East Asia & Pacific,OTHER,PLATFORM,0,0,0,0,0,0,0,NATIONAL
venezuela,carmagazine.co.uk:443,NA,NA,NA,OTHER,PLATFORM,0,0,0,0,0,0,0,PLATFORM
venezuela,cbc.ca,ca,CA,North America,OTHER,PLATFORM,0,0,0,0,0,0,0,NATIONAL
venezuela,cbr.com,com,GLOBAL,GLOBAL,GLOBAL,PLATFORM,0,0,0,0,0,0,0,NATIONAL
venezuela,cbs2iowa.com,com,GLOBAL,GLOBAL,GLOBAL,PLATFORM,0,0,0,0,0,0,0,NATIONAL
venezuela,chilecomparte.cl,cl,CL,Latin America & Caribbean,OTHER,PLATFORM,0,0,0,0,0,0,0,NATIONAL
venezuela,chroniclelive.co.uk,uk,GB,Europe & Central Asia,OTHER,PLATFORM,0,0,0,0,0,0,0,NATIONAL
venezuela,citymag.indaily.com.au,au,AU,East Asia & Pacific,OTHER,PLATFORM,0,0,0,0,0,0,0,NATIONAL
venezuela,cjlo.com,com,GLOBAL,GLOBAL,GLOBAL,PLATFORM,0,0,0,0,0,0,0,NATIONAL
venezuela,clclt.com,com,GLOBAL,GLOBAL,GLOBAL,PLATFORM,0,0,0,0,0,0,0,NATIONAL
venezuela,cleantechnica.com,com,GLOBAL,GLOBAL,GLOBAL,PLATFORM,0,0,0,0,0,0,0,NATIONAL
venezuela,couriermail.com.au,au,AU,East Asia & Pacific,OTHER,PLATFORM,0,0,0,0,0,0,0,NATIONAL
venezuela,dailydot.com,com,GLOBAL,GLOBAL,GLOBAL,PLATFORM,0,0,0,0,0,0,0,NATIONAL
venezuela,dailykos.com:443,NA,NA,NA,OTHER,PLATFORM,0,0,0,0,0,0,0,PLATFORM
venezuela,dailyliberal.com.au,au,AU,East Asia & Pacific,OTHER,PLATFORM,0,0,0,0,0,0,0,NATIONAL
venezuela,dailylocal.com,com,GLOBAL,GLOBAL,GLOBAL,PLATFORM,0,0,0,0,0,0,0,NATIONAL
venezuela,dailyvoice.com,com,GLOBAL,GLOBAL,GLOBAL,PLATFORM,0,0,0,0,0,0,0,NATIONAL
venezuela,dairyherd.com,com,GLOBAL,GLOBAL,GLOBAL,PLATFORM,0,0,0,0,0,0,0,NATIONAL
venezuela,dakotawarcollege.com,com,GLOBAL,GLOBAL,GLOBAL,PLATFORM,0,0,0,0,0,0,0,NATIONAL
venezuela,dayton.binnews.com,com,GLOBAL,GLOBAL,GLOBAL,PLATFORM,0,0,0,0,0,0,0,NATIONAL
venezuela,delawarepublic.org,org,GLOBAL,GLOBAL,GLOBAL,PLATFORM,0,0,0,0,0,0,0,NATIONAL
venezuela,delta-optimist.com,com,GLOBAL,GLOBAL,GLOBAL,PLATFORM,0,0,0,0,0,0,0,NATIONAL
venezuela,detroitlions.com,com,GLOBAL,GLOBAL,GLOBAL,PLATFORM,0,0,0,0,0,0,0,NATIONAL
venezuela,developingtelecoms.com,com,GLOBAL,GLOBAL,GLOBAL,PLATFORM,0,0,0,0,0,0,0,NATIONAL
venezuela,dominicantoday.com,com,GLOBAL,GLOBAL,GLOBAL,PLATFORM,0,0,0,0,0,0,0,NATIONAL
venezuela,dorksideoftheforce.com,com,GLOBAL,GLOBAL,GLOBAL,PLATFORM,0,0,0,0,0,0,0,NATIONAL
venezuela,duke.fm,fm,NA,NA,OTHER,PLATFORM,0,0,0,0,0,0,0,PLATFORM
venezuela,elkodaily.com,com,GLOBAL,GLOBAL,GLOBAL,PLATFORM,0,0,0,0,0,0,0,NATIONAL
venezuela,english.elpais.com,com,GLOBAL,GLOBAL,GLOBAL,PLATFORM,0,0,0,0,0,0,0,NATIONAL
venezuela,eou.edu,edu,NA,NA,OTHER,PLATFORM,0,0,0,0,0,0,0,PLATFORM
venezuela,eveshamjournal.co.uk,uk,GB,Europe & Central Asia,OTHER,PLATFORM,0,0,0,0,0,0,0,NATIONAL
venezuela,extratime.com,com,GLOBAL,GLOBAL,GLOBAL,PLATFORM,0,0,0,0,0,0,0,NATIONAL
venezuela,fauquiernow.com,com,GLOBAL,GLOBAL,GLOBAL,PLATFORM,0,0,0,0,0,0,0,NATIONAL
venezuela,fbherald.com,com,GLOBAL,GLOBAL,GLOBAL,PLATFORM,0,0,0,0,0,0,0,NATIONAL
venezuela,financecolombia.com,com,GLOBAL,GLOBAL,GLOBAL,PLATFORM,0,0,0,0,0,0,0,NATIONAL
venezuela,finanznachrichten.de,de,DE,Europe & Central Asia,OTHER,PLATFORM,0,0,0,0,0,0,0,NATIONAL
venezuela,ford-trucks.com,com,GLOBAL,GLOBAL,GLOBAL,PLATFORM,0,0,0,0,0,0,0,NATIONAL
venezuela,fortbendstar.com,com,GLOBAL,GLOBAL,GLOBAL,PLATFORM,0,0,0,0,0,0,0,NATIONAL
venezuela,fox26houston.com,com,GLOBAL,GLOBAL,GLOBAL,PLATFORM,0,0,0,0,0,0,0,NATIONAL
venezuela,fox2detroit.com,com,GLOBAL,GLOBAL,GLOBAL,PLATFORM,0,0,0,0,0,0,0,NATIONAL
venezuela,fox8.com,com,GLOBAL,GLOBAL,GLOBAL,PLATFORM,0,0,0,0,0,0,0,NATIONAL
venezuela,foxbaltimore.com,com,GLOBAL,GLOBAL,GLOBAL,PLATFORM,0,0,0,0,0,0,0,NATIONAL
venezuela,foxsports1450.iheart.com,com,GLOBAL,GLOBAL,GLOBAL,PLATFORM,0,0,0,0,0,0,0,NATIONAL
venezuela,foxwilmington.com,com,GLOBAL,GLOBAL,GLOBAL,PLATFORM,0,0,0,0,0,0,0,NATIONAL
venezuela,fxempire.com,com,GLOBAL,GLOBAL,GLOBAL,PLATFORM,0,0,0,0,0,0,0,NATIONAL
venezuela,gaming.net,net,GLOBAL,GLOBAL,GLOBAL,PLATFORM,0,0,0,0,0,0,0,NATIONAL
venezuela,gcrmag.com,com,GLOBAL,GLOBAL,GLOBAL,PLATFORM,0,0,0,0,0,0,0,NATIONAL
venezuela,globenewswire.com,com,GLOBAL,GLOBAL,GLOBAL,PLATFORM,0,0,0,0,0,0,0,NATIONAL
venezuela,gloucesteradvocate.com.au,au,AU,East Asia & Pacific,OTHER,PLATFORM,0,0,0,0,0,0,0,NATIONAL
venezuela,govtech.com,com,GLOBAL,GLOBAL,GLOBAL,PLATFORM,0,0,0,0,0,0,0,NATIONAL
venezuela,hackneygazette.co.uk,uk,GB,Europe & Central Asia,OTHER,PLATFORM,0,0,0,0,0,0,0,NATIONAL
venezuela,hauraki.co.nz,nz,NZ,East Asia & Pacific,OTHER,PLATFORM,0,0,0,0,0,0,0,NATIONAL
venezuela,hcplive.com,com,GLOBAL,GLOBAL,GLOBAL,PLATFORM,0,0,0,0,0,0,0,NATIONAL
venezuela,herald-zeitung.com,com,GLOBAL,GLOBAL,GLOBAL,PLATFORM,0,0,0,0,0,0,0,NATIONAL
venezuela,heraldgoa.in,in,IN,South Asia,OTHER,PLATFORM,0,0,0,0,0,0,0,NATIONAL
venezuela,heraldstaronline.com,com,GLOBAL,GLOBAL,GLOBAL,PLATFORM,0,0,0,0,0,0,0,NATIONAL
venezuela,highlandstoday.com,com,GLOBAL,GLOBAL,GLOBAL,PLATFORM,0,0,0,0,0,0,0,NATIONAL
venezuela,hits973.com,com,GLOBAL,GLOBAL,GLOBAL,PLATFORM,0,0,0,0,0,0,0,NATIONAL
venezuela,hot105fm.com,com,GLOBAL,GLOBAL,GLOBAL,PLATFORM,0,0,0,0,0,0,0,NATIONAL
venezuela,hot967fm.com,com,GLOBAL,GLOBAL,GLOBAL,PLATFORM,0,0,0,0,0,0,0,NATIONAL
venezuela,hothardware.com,com,GLOBAL,GLOBAL,GLOBAL,PLATFORM,0,0,0,0,0,0,0,NATIONAL
venezuela,hudsonstarobserver.com,com,GLOBAL,GLOBAL,GLOBAL,PLATFORM,0,0,0,0,0,0,0,NATIONAL
venezuela,hulldailymail.co.uk,uk,GB,Europe & Central Asia,OTHER,PLATFORM,0,0,0,0,0,0,0,NATIONAL
venezuela,i95rocks.com,com,GLOBAL,GLOBAL,GLOBAL,PLATFORM,0,0,0,0,0,0,0,NATIONAL
venezuela,interest.co.nz,nz,NZ,East Asia & Pacific,OTHER,PLATFORM,0,0,0,0,0,0,0,NATIONAL
venezuela,interior-news.com,com,GLOBAL,GLOBAL,GLOBAL,PLATFORM,0,0,0,0,0,0,0,NATIONAL
venezuela,irishamerica.com,com,GLOBAL,GLOBAL,GLOBAL,PLATFORM,0,0,0,0,0,0,0,NATIONAL
venezuela,jamaica-gleaner.com,com,GLOBAL,GLOBAL,GLOBAL,PLATFORM,0,0,0,0,0,0,0,NATIONAL
venezuela,jamaicantimes.com,com,GLOBAL,GLOBAL,GLOBAL,PLATFORM,0,0,0,0,0,0,0,NATIONAL
venezuela,jamaicaobserver.com,com,GLOBAL,GLOBAL,GLOBAL,PLATFORM,0,0,0,0,0,0,0,NATIONAL
venezuela,jdsupra.com,com,GLOBAL,GLOBAL,GLOBAL,PLATFORM,0,0,0,0,0,0,0,NATIONAL
venezuela,johnsoncitypress.com,com,GLOBAL,GLOBAL,GLOBAL,PLATFORM,0,0,0,0,0,0,0,NATIONAL
venezuela,jubileeusa.org,org,GLOBAL,GLOBAL,GLOBAL,PLATFORM,0,0,0,0,0,0,0,NATIONAL
venezuela,juneesoutherncross.com.au,au,AU,East Asia & Pacific,OTHER,PLATFORM,0,0,0,0,0,0,0,NATIONAL
venezuela,kalx.berkeley.edu,edu,NA,NA,OTHER,PLATFORM,0,0,0,0,0,0,0,PLATFORM
venezuela,kaok.com,com,GLOBAL,GLOBAL,GLOBAL,PLATFORM,0,0,0,0,0,0,0,NATIONAL
venezuela,kclr96fm.com,com,GLOBAL,GLOBAL,GLOBAL,PLATFORM,0,0,0,0,0,0,0,NATIONAL
venezuela,kcur.org,org,GLOBAL,GLOBAL,GLOBAL,PLATFORM,0,0,0,0,0,0,0,NATIONAL
venezuela,kdux.com,com,GLOBAL,GLOBAL,GLOBAL,PLATFORM,0,0,0,0,0,0,0,NATIONAL
venezuela,kduz.com,com,GLOBAL,GLOBAL,GLOBAL,PLATFORM,0,0,0,0,0,0,0,NATIONAL
venezuela,keprtv.com,com,GLOBAL,GLOBAL,GLOBAL,PLATFORM,0,0,0,0,0,0,0,NATIONAL
venezuela,keyw.com,com,GLOBAL,GLOBAL,GLOBAL,PLATFORM,0,0,0,0,0,0,0,NATIONAL
venezuela,kfor.com,com,GLOBAL,GLOBAL,GLOBAL,PLATFORM,0,0,0,0,0,0,0,NATIONAL
venezuela,kfvs12.com,com,GLOBAL,GLOBAL,GLOBAL,PLATFORM,0,0,0,0,0,0,0,NATIONAL
venezuela,kiss-1031.com,com,GLOBAL,GLOBAL,GLOBAL,PLATFORM,0,0,0,0,0,0,0,NATIONAL
venezuela,kissfm969.com,com,GLOBAL,GLOBAL,GLOBAL,PLATFORM,0,0,0,0,0,0,0,NATIONAL
venezuela,kitv.com,com,GLOBAL,GLOBAL,GLOBAL,PLATFORM,0,0,0,0,0,0,0,NATIONAL
venezuela,klbjfm.com,com,GLOBAL,GLOBAL,GLOBAL,PLATFORM,0,0,0,0,0,0,0,NATIONAL
venezuela,koamnewsnow.com,com,GLOBAL,GLOBAL,GLOBAL,PLATFORM,0,0,0,0,0,0,0,NATIONAL
venezuela,kost1035.iheart.com,com,GLOBAL,GLOBAL,GLOBAL,PLATFORM,0,0,0,0,0,0,0,NATIONAL
venezuela,kpel965.com,com,GLOBAL,GLOBAL,GLOBAL,PLATFORM,0,0,0,0,0,0,0,NATIONAL
venezuela,ksdk.com,com,GLOBAL,GLOBAL,GLOBAL,PLATFORM,0,0,0,0,0,0,0,NATIONAL
venezuela,ktvu.com,com,GLOBAL,GLOBAL,GLOBAL,PLATFORM,0,0,0,0,0,0,0,NATIONAL
venezuela,kube933.iheart.com,com,GLOBAL,GLOBAL,GLOBAL,PLATFORM,0,0,0,0,0,0,0,NATIONAL
venezuela,kvrr.com,com,GLOBAL,GLOBAL,GLOBAL,PLATFORM,0,0,0,0,0,0,0,NATIONAL
venezuela,kzrx921.iheart.com,com,GLOBAL,GLOBAL,GLOBAL,PLATFORM,0,0,0,0,0,0,0,NATIONAL
venezuela,lakeexpo.com,com,GLOBAL,GLOBAL,GLOBAL,PLATFORM,0,0,0,0,0,0,0,NATIONAL
venezuela,lite96.com,com,GLOBAL,GLOBAL,GLOBAL,PLATFORM,0,0,0,0,0,0,0,NATIONAL
venezuela,magic989fm.iheart.com,com,GLOBAL,GLOBAL,GLOBAL,PLATFORM,0,0,0,0,0,0,0,NATIONAL
venezuela,malaymail.com,com,GLOBAL,GLOBAL,GLOBAL,PLATFORM,0,0,0,0,0,0,0,NATIONAL
venezuela,marinelink.com,com,GLOBAL,GLOBAL,GLOBAL,PLATFORM,0,0,0,0,0,0,0,NATIONAL
venezuela,masslive.com,com,GLOBAL,GLOBAL,GLOBAL,PLATFORM,0,0,0,0,0,0,0,NATIONAL
venezuela,mercurynews.com,com,GLOBAL,GLOBAL,GLOBAL,PLATFORM,0,0,0,0,0,0,0,NATIONAL
venezuela,midmichigannow.com,com,GLOBAL,GLOBAL,GLOBAL,PLATFORM,0,0,0,0,0,0,0,NATIONAL
venezuela,midnorthmonitor.com:443,NA,NA,NA,OTHER,PLATFORM,0,0,0,0,0,0,0,PLATFORM
venezuela,mininggazette.com,com,GLOBAL,GLOBAL,GLOBAL,PLATFORM,0,0,0,0,0,0,0,NATIONAL
venezuela,missoulian.com,com,GLOBAL,GLOBAL,GLOBAL,PLATFORM,0,0,0,0,0,0,0,NATIONAL
venezuela,mixx993.com,com,GLOBAL,GLOBAL,GLOBAL,PLATFORM,0,0,0,0,0,0,0,NATIONAL
venezuela,mlb.com,com,GLOBAL,GLOBAL,GLOBAL,PLATFORM,0,0,0,0,0,0,0,NATIONAL
venezuela,montanarightnow.com,com,GLOBAL,GLOBAL,GLOBAL,PLATFORM,0,0,0,0,0,0,0,NATIONAL
venezuela,msf.org.au,au,AU,East Asia & Pacific,OTHER,PLATFORM,0,0,0,0,0,0,0,NATIONAL
venezuela,mudgeeguardian.com.au,au,AU,East Asia & Pacific,OTHER,PLATFORM,0,0,0,0,0,0,0,NATIONAL
venezuela,myb106.com,com,GLOBAL,GLOBAL,GLOBAL,PLATFORM,0,0,0,0,0,0,0,NATIONAL
venezuela,mypanhandle.com,com,GLOBAL,GLOBAL,GLOBAL,PLATFORM,0,0,0,0,0,0,0,NATIONAL
venezuela,myspiritfm.com,com,GLOBAL,GLOBAL,GLOBAL,PLATFORM,0,0,0,0,0,0,0,NATIONAL
venezuela,mysuncoast.com,com,GLOBAL,GLOBAL,GLOBAL,PLATFORM,0,0,0,0,0,0,0,NATIONAL
venezuela,news.sky.com,com,GLOBAL,GLOBAL,GLOBAL,PLATFORM,0,0,0,0,0,0,0,NATIONAL
venezuela,news.wfsu.org,org,GLOBAL,GLOBAL,GLOBAL,PLATFORM,0,0,0,0,0,0,0,NATIONAL
venezuela,news.wosu.org,org,GLOBAL,GLOBAL,GLOBAL,PLATFORM,0,0,0,0,0,0,0,NATIONAL
venezuela,newsantaana.com,com,GLOBAL,GLOBAL,GLOBAL,PLATFORM,0,0,0,0,0,0,0,NATIONAL
venezuela,newsnationnow.com,com,GLOBAL,GLOBAL,GLOBAL,PLATFORM,0,0,0,0,0,0,0,NATIONAL
venezuela,newsobserver.com,com,GLOBAL,GLOBAL,GLOBAL,PLATFORM,0,0,0,0,0,0,0,NATIONAL
venezuela,northamptonchron.co.uk,uk,GB,Europe & Central Asia,OTHER,PLATFORM,0,0,0,0,0,0,0,NATIONAL
venezuela,northqueenslandregister.com.au,au,AU,East Asia & Pacific,OTHER,PLATFORM,0,0,0,0,0,0,0,NATIONAL
venezuela,nwadventists.com,com,GLOBAL,GLOBAL,GLOBAL,PLATFORM,0,0,0,0,0,0,0,NATIONAL
venezuela,nwemail.co.uk,uk,GB,Europe & Central Asia,OTHER,PLATFORM,0,0,0,0,0,0,0,NATIONAL
venezuela,nyasatimes.com,com,GLOBAL,GLOBAL,GLOBAL,PLATFORM,0,0,0,0,0,0,0,NATIONAL
venezuela,nytimes.com,com,GLOBAL,GLOBAL,GLOBAL,PLATFORM,0,0,0,0,0,0,0,NATIONAL
venezuela,obituaries.richmondregister.com,com,GLOBAL,GLOBAL,GLOBAL,PLATFORM,0,0,0,0,0,0,0,NATIONAL
venezuela,offalyexpress.ie,ie,NA,NA,OTHER,PLATFORM,0,0,0,0,0,0,0,PLATFORM
venezuela,pakistantelegraph.com,com,GLOBAL,GLOBAL,GLOBAL,PLATFORM,0,0,0,0,0,0,0,NATIONAL
venezuela,pbs.org,org,GLOBAL,GLOBAL,GLOBAL,PLATFORM,0,0,0,0,0,0,0,NATIONAL
venezuela,politicsweb.co.za,za,ZA,Sub-Saharan Africa,AFRICA,PLATFORM,0,0,0,0,0,0,0,NATIONAL
venezuela,prnewswire.com,com,GLOBAL,GLOBAL,GLOBAL,PLATFORM,0,0,0,0,0,0,0,NATIONAL
venezuela,proactiveinvestors.com.au,au,AU,East Asia & Pacific,OTHER,PLATFORM,0,0,0,0,0,0,0,NATIONAL
venezuela,pulitzercenter.org,org,GLOBAL,GLOBAL,GLOBAL,PLATFORM,0,0,0,0,0,0,0,NATIONAL
venezuela,qctimes.com,com,GLOBAL,GLOBAL,GLOBAL,PLATFORM,0,0,0,0,0,0,0,NATIONAL
venezuela,rfi.fr,fr,FR,Europe & Central Asia,OTHER,PLATFORM,0,0,0,0,0,0,0,NATIONAL
venezuela,river105.com,com,GLOBAL,GLOBAL,GLOBAL,PLATFORM,0,0,0,0,0,0,0,NATIONAL
venezuela,rnz.co.nz,nz,NZ,East Asia & Pacific,OTHER,PLATFORM,0,0,0,0,0,0,0,NATIONAL
venezuela,roadandtrack.com,com,GLOBAL,GLOBAL,GLOBAL,PLATFORM,0,0,0,0,0,0,0,NATIONAL
venezuela,royalcentral.co.uk,uk,GB,Europe & Central Asia,OTHER,PLATFORM,0,0,0,0,0,0,0,NATIONAL
venezuela,rttnews.com,com,GLOBAL,GLOBAL,GLOBAL,PLATFORM,0,0,0,0,0,0,0,NATIONAL
venezuela,scotsman.com,com,GLOBAL,GLOBAL,GLOBAL,PLATFORM,0,0,0,0,0,0,0,NATIONAL
venezuela,scrippsnews.com,com,GLOBAL,GLOBAL,GLOBAL,PLATFORM,0,0,0,0,0,0,0,NATIONAL
venezuela,seattletimes.com,com,GLOBAL,GLOBAL,GLOBAL,PLATFORM,0,0,0,0,0,0,0,NATIONAL
venezuela,sippican.theweektoday.com,com,GLOBAL,GLOBAL,GLOBAL,PLATFORM,0,0,0,0,0,0,0,NATIONAL
venezuela,slate.com,com,GLOBAL,GLOBAL,GLOBAL,PLATFORM,0,0,0,0,0,0,0,NATIONAL
venezuela,southpeacenews.com,com,GLOBAL,GLOBAL,GLOBAL,PLATFORM,0,0,0,0,0,0,0,NATIONAL
venezuela,stalbansreview.co.uk,uk,GB,Europe & Central Asia,OTHER,PLATFORM,0,0,0,0,0,0,0,NATIONAL
venezuela,starcasm.net,net,GLOBAL,GLOBAL,GLOBAL,PLATFORM,0,0,0,0,0,0,0,NATIONAL
venezuela,stawelltimes.com.au,au,AU,East Asia & Pacific,OTHER,PLATFORM,0,0,0,0,0,0,0,NATIONAL
venezuela,stevivor.com,com,GLOBAL,GLOBAL,GLOBAL,PLATFORM,0,0,0,0,0,0,0,NATIONAL
venezuela,sunny95.com,com,GLOBAL,GLOBAL,GLOBAL,PLATFORM,0,0,0,0,0,0,0,NATIONAL
venezuela,t102.iheart.com,com,GLOBAL,GLOBAL,GLOBAL,PLATFORM,0,0,0,0,0,0,0,NATIONAL
venezuela,tech.slashdot.org,org,GLOBAL,GLOBAL,GLOBAL,PLATFORM,0,0,0,0,0,0,0,NATIONAL
venezuela,theaustralian.com.au,au,AU,East Asia & Pacific,OTHER,PLATFORM,0,0,0,0,0,0,0,NATIONAL
venezuela,thecatholicspirit.com,com,GLOBAL,GLOBAL,GLOBAL,PLATFORM,0,0,0,0,0,0,0,NATIONAL
venezuela,thedailycitizen.com,com,GLOBAL,GLOBAL,GLOBAL,PLATFORM,0,0,0,0,0,0,0,NATIONAL
venezuela,thefranchiseok.com,com,GLOBAL,GLOBAL,GLOBAL,PLATFORM,0,0,0,0,0,0,0,NATIONAL
venezuela,thefranklinnewspost.com,com,GLOBAL,GLOBAL,GLOBAL,PLATFORM,0,0,0,0,0,0,0,NATIONAL
venezuela,thegame730am.com,com,GLOBAL,GLOBAL,GLOBAL,PLATFORM,0,0,0,0,0,0,0,NATIONAL
venezuela,thehardtackle.com,com,GLOBAL,GLOBAL,GLOBAL,PLATFORM,0,0,0,0,0,0,0,NATIONAL
venezuela,theintercept.com,com,GLOBAL,GLOBAL,GLOBAL,PLATFORM,0,0,0,0,0,0,0,NATIONAL
venezuela,thejakartapost.com,com,GLOBAL,GLOBAL,GLOBAL,PLATFORM,0,0,0,0,0,0,0,NATIONAL
venezuela,thekansan.com,com,GLOBAL,GLOBAL,GLOBAL,PLATFORM,0,0,0,0,0,0,0,NATIONAL
venezuela,thelincolnite.co.uk,uk,GB,Europe & Central Asia,OTHER,PLATFORM,0,0,0,0,0,0,0,NATIONAL
venezuela,themalaysianinsight.com,com,GLOBAL,GLOBAL,GLOBAL,PLATFORM,0,0,0,0,0,0,0,NATIONAL
venezuela,themarketsdaily.com,com,GLOBAL,GLOBAL,GLOBAL,PLATFORM,0,0,0,0,0,0,0,NATIONAL
venezuela,themoscowtimes.com,com,GLOBAL,GLOBAL,GLOBAL,PLATFORM,0,0,0,0,0,0,0,NATIONAL
venezuela,thenewsleaders.com,com,GLOBAL,GLOBAL,GLOBAL,PLATFORM,0,0,0,0,0,0,0,NATIONAL
venezuela,thepacket.ca,ca,CA,North America,OTHER,PLATFORM,0,0,0,0,0,0,0,NATIONAL
venezuela,thesangaiexpress.com,com,GLOBAL,GLOBAL,GLOBAL,PLATFORM,0,0,0,0,0,0,0,NATIONAL
venezuela,thesierraleonetelegraph.com,com,GLOBAL,GLOBAL,GLOBAL,PLATFORM,0,0,0,0,0,0,0,NATIONAL
venezuela,thesource.com,com,GLOBAL,GLOBAL,GLOBAL,PLATFORM,0,0,0,0,0,0,0,NATIONAL
venezuela,thesouthafrican.com,com,GLOBAL,GLOBAL,GLOBAL,PLATFORM,0,0,0,0,0,0,0,NATIONAL
venezuela,thestranger.com,com,GLOBAL,GLOBAL,GLOBAL,PLATFORM,0,0,0,0,0,0,0,NATIONAL
venezuela,thesuntimes.com,com,GLOBAL,GLOBAL,GLOBAL,PLATFORM,0,0,0,0,0,0,0,NATIONAL
venezuela,timescall.com,com,GLOBAL,GLOBAL,GLOBAL,PLATFORM,0,0,0,0,0,0,0,NATIONAL
venezuela,timesherald.com,com,GLOBAL,GLOBAL,GLOBAL,PLATFORM,0,0,0,0,0,0,0,NATIONAL
venezuela,tmcnet.com,com,GLOBAL,GLOBAL,GLOBAL,PLATFORM,0,0,0,0,0,0,0,NATIONAL
venezuela,townandcountrymag.com,com,GLOBAL,GLOBAL,GLOBAL,PLATFORM,0,0,0,0,0,0,0,NATIONAL
venezuela,townhall.com,com,GLOBAL,GLOBAL,GLOBAL,PLATFORM,0,0,0,0,0,0,0,NATIONAL
venezuela,trinidadtimes.com,com,GLOBAL,GLOBAL,GLOBAL,PLATFORM,0,0,0,0,0,0,0,NATIONAL
venezuela,universe.byu.edu,edu,NA,NA,OTHER,PLATFORM,0,0,0,0,0,0,0,PLATFORM
venezuela,upi.com,com,GLOBAL,GLOBAL,GLOBAL,PLATFORM,0,0,0,0,0,0,0,NATIONAL
venezuela,upstreamonline.com,com,GLOBAL,GLOBAL,GLOBAL,PLATFORM,0,0,0,0,0,0,0,NATIONAL
venezuela,voazimbabwe.com,com,GLOBAL,GLOBAL,GLOBAL,PLATFORM,0,0,0,0,0,0,0,NATIONAL
venezuela,vogue.com,com,GLOBAL,GLOBAL,GLOBAL,PLATFORM,0,0,0,0,0,0,0,NATIONAL
venezuela,voicenews.com,com,GLOBAL,GLOBAL,GLOBAL,PLATFORM,0,0,0,0,0,0,0,NATIONAL
venezuela,vtdigger.org,org,GLOBAL,GLOBAL,GLOBAL,PLATFORM,0,0,0,0,0,0,0,NATIONAL
venezuela,wabx.net,net,GLOBAL,GLOBAL,GLOBAL,PLATFORM,0,0,0,0,0,0,0,NATIONAL
venezuela,wahpetondailynews.com,com,GLOBAL,GLOBAL,GLOBAL,PLATFORM,0,0,0,0,0,0,0,NATIONAL
venezuela,warsawvoice.pl,pl,PL,Europe & Central Asia,OTHER,PLATFORM,0,0,0,0,0,0,0,NATIONAL
venezuela,washtimesherald.com,com,GLOBAL,GLOBAL,GLOBAL,PLATFORM,0,0,0,0,0,0,0,NATIONAL
venezuela,wbiw.com,com,GLOBAL,GLOBAL,GLOBAL,PLATFORM,0,0,0,0,0,0,0,NATIONAL
venezuela,wchstv.com,com,GLOBAL,GLOBAL,GLOBAL,PLATFORM,0,0,0,0,0,0,0,NATIONAL
venezuela,wcjb.com,com,GLOBAL,GLOBAL,GLOBAL,PLATFORM,0,0,0,0,0,0,0,NATIONAL
venezuela,wearegreenbay.com,com,GLOBAL,GLOBAL,GLOBAL,PLATFORM,0,0,0,0,0,0,0,NATIONAL
venezuela,westernslopenow.com,com,GLOBAL,GLOBAL,GLOBAL,PLATFORM,0,0,0,0,0,0,0,NATIONAL
venezuela,wfhb.org,org,GLOBAL,GLOBAL,GLOBAL,PLATFORM,0,0,0,0,0,0,0,NATIONAL
venezuela,wgme.com,com,GLOBAL,GLOBAL,GLOBAL,PLATFORM,0,0,0,0,0,0,0,NATIONAL
venezuela,wgno.com,com,GLOBAL,GLOBAL,GLOBAL,PLATFORM,0,0,0,0,0,0,0,NATIONAL
venezuela,whas11.com,com,GLOBAL,GLOBAL,GLOBAL,PLATFORM,0,0,0,0,0,0,0,NATIONAL
venezuela,whatsupnewp.com,com,GLOBAL,GLOBAL,GLOBAL,PLATFORM,0,0,0,0,0,0,0,NATIONAL
venezuela,wiba.iheart.com,com,GLOBAL,GLOBAL,GLOBAL,PLATFORM,0,0,0,0,0,0,0,NATIONAL
venezuela,wild953.com,com,GLOBAL,GLOBAL,GLOBAL,PLATFORM,0,0,0,0,0,0,0,NATIONAL
venezuela,wild955.iheart.com,com,GLOBAL,GLOBAL,GLOBAL,PLATFORM,0,0,0,0,0,0,0,NATIONAL
venezuela,wistv.com,com,GLOBAL,GLOBAL,GLOBAL,PLATFORM,0,0,0,0,0,0,0,NATIONAL
venezuela,wjbc.com,com,GLOBAL,GLOBAL,GLOBAL,PLATFORM,0,0,0,0,0,0,0,NATIONAL
venezuela,wjiz.iheart.com,com,GLOBAL,GLOBAL,GLOBAL,PLATFORM,0,0,0,0,0,0,0,NATIONAL
venezuela,wkzo.com,com,GLOBAL,GLOBAL,GLOBAL,PLATFORM,0,0,0,0,0,0,0,NATIONAL
venezuela,wnewsj.com,com,GLOBAL,GLOBAL,GLOBAL,PLATFORM,0,0,0,0,0,0,0,NATIONAL
venezuela,workers.org,org,GLOBAL,GLOBAL,GLOBAL,PLATFORM,0,0,0,0,0,0,0,NATIONAL
venezuela,wowt.com,com,GLOBAL,GLOBAL,GLOBAL,PLATFORM,0,0,0,0,0,0,0,NATIONAL
venezuela,wpri.com,com,GLOBAL,GLOBAL,GLOBAL,PLATFORM,0,0,0,0,0,0,0,NATIONAL
venezuela,wrif.com,com,GLOBAL,GLOBAL,GLOBAL,PLATFORM,0,0,0,0,0,0,0,NATIONAL
venezuela,wunc.org,org,GLOBAL,GLOBAL,GLOBAL,PLATFORM,0,0,0,0,0,0,0,NATIONAL
venezuela,wvnstv.com,com,GLOBAL,GLOBAL,GLOBAL,PLATFORM,0,0,0,0,0,0,0,NATIONAL
venezuela,wwltv.com,com,GLOBAL,GLOBAL,GLOBAL,PLATFORM,0,0,0,0,0,0,0,NATIONAL
venezuela,wyomingnewsnow.tv,tv,NA,NA,OTHER,PLATFORM,0,0,0,0,0,0,0,PLATFORM
venezuela,y100florida.iheart.com,com,GLOBAL,GLOBAL,GLOBAL,PLATFORM,0,0,0,0,0,0,0,NATIONAL
venezuela,y1025.iheart.com,com,GLOBAL,GLOBAL,GLOBAL,PLATFORM,0,0,0,0,0,0,0,NATIONAL
venezuela,yachtingmagazine.com,com,GLOBAL,GLOBAL,GLOBAL,PLATFORM,0,0,0,0,0,0,0,NATIONAL
venezuela,yourerie.com,com,GLOBAL,GLOBAL,GLOBAL,PLATFORM,0,0,0,0,0,0,0,NATIONAL
venezuela,z100portland.iheart.com,com,GLOBAL,GLOBAL,GLOBAL,PLATFORM,0,0,0,0,0,0,0,NATIONAL
venezuela,z106.iheart.com,com,GLOBAL,GLOBAL,GLOBAL,PLATFORM,0,0,0,0,0,0,0,NATIONAL
venezuela,z94.com,com,GLOBAL,GLOBAL,GLOBAL,PLATFORM,0,0,0,0,0,0,0,NATIONAL
venezuela,1059thebrew.iheart.com,com,GLOBAL,GLOBAL,GLOBAL,PLATFORM,0,0,0,0,0,0,0,NATIONAL
venezuela,14news.com,com,GLOBAL,GLOBAL,GLOBAL,PLATFORM,0,0,0,0,0,0,0,NATIONAL
venezuela,21stcenturywire.com,com,GLOBAL,GLOBAL,GLOBAL,PLATFORM,0,0,0,0,0,0,0,NATIONAL
venezuela,941thebeat.iheart.com,com,GLOBAL,GLOBAL,GLOBAL,PLATFORM,0,0,0,0,0,0,0,NATIONAL
venezuela,953thescore.com,com,GLOBAL,GLOBAL,GLOBAL,PLATFORM,0,0,0,0,0,0,0,NATIONAL
venezuela,960weli.iheart.com,com,GLOBAL,GLOBAL,GLOBAL,PLATFORM,0,0,0,0,0,0,0,NATIONAL
venezuela,961kiss.iheart.com,com,GLOBAL,GLOBAL,GLOBAL,PLATFORM,0,0,0,0,0,0,0,NATIONAL
venezuela,963kissfm.iheart.com,com,GLOBAL,GLOBAL,GLOBAL,PLATFORM,0,0,0,0,0,0,0,NATIONAL
venezuela,971doubleq.iheart.com,com,GLOBAL,GLOBAL,GLOBAL,PLATFORM,0,0,0,0,0,0,0,NATIONAL
venezuela,995qyk.com,com,GLOBAL,GLOBAL,GLOBAL,PLATFORM,0,0,0,0,0,0,0,NATIONAL
venezuela,995thefox.iheart.com,com,GLOBAL,GLOBAL,GLOBAL,PLATFORM,0,0,0,0,0,0,0,NATIONAL
venezuela,aardvark.co.nz,nz,NZ,East Asia & Pacific,OTHER,PLATFORM,0,0,0,0,0,0,0,NATIONAL
venezuela,abc17news.com,com,GLOBAL,GLOBAL,GLOBAL,PLATFORM,0,0,0,0,0,0,0,NATIONAL
venezuela,abcnews4.com,com,GLOBAL,GLOBAL,GLOBAL,PLATFORM,0,0,0,0,0,0,0,NATIONAL
venezuela,agri-pulse.com,com,GLOBAL,GLOBAL,GLOBAL,PLATFORM,0,0,0,0,0,0,0,NATIONAL
venezuela,airdriecityview.com,com,GLOBAL,GLOBAL,GLOBAL,PLATFORM,0,0,0,0,0,0,0,NATIONAL
venezuela,androidpolice.com,com,GLOBAL,GLOBAL,GLOBAL,PLATFORM,0,0,0,0,0,0,0,NATIONAL
venezuela,appenmedia.com,com,GLOBAL,GLOBAL,GLOBAL,PLATFORM,0,0,0,0,0,0,0,NATIONAL
venezuela,arkansasonline.com,com,GLOBAL,GLOBAL,GLOBAL,PLATFORM,0,0,0,0,0,0,0,NATIONAL
venezuela,arkansasrazorbacks.com,com,GLOBAL,GLOBAL,GLOBAL,PLATFORM,0,0,0,0,0,0,0,NATIONAL
venezuela,as-coa.org,org,GLOBAL,GLOBAL,GLOBAL,PLATFORM,0,0,0,0,0,0,0,NATIONAL
venezuela,athensnews.com,com,GLOBAL,GLOBAL,GLOBAL,PLATFORM,0,0,0,0,0,0,0,NATIONAL
venezuela,azdailysun.com,com,GLOBAL,GLOBAL,GLOBAL,PLATFORM,0,0,0,0,0,0,0,NATIONAL
venezuela,babalublog.com,com,GLOBAL,GLOBAL,GLOBAL,PLATFORM,0,0,0,0,0,0,0,NATIONAL
venezuela,bandt.com.au,au,AU,East Asia & Pacific,OTHER,PLATFORM,0,0,0,0,0,0,0,NATIONAL
venezuela,baystatebanner.com,com,GLOBAL,GLOBAL,GLOBAL,PLATFORM,0,0,0,0,0,0,0,NATIONAL
venezuela,beckersasc.com,com,GLOBAL,GLOBAL,GLOBAL,PLATFORM,0,0,0,0,0,0,0,NATIONAL
venezuela,bgdailynews.com,com,GLOBAL,GLOBAL,GLOBAL,PLATFORM,0,0,0,0,0,0,0,NATIONAL
venezuela,bhpioneer.com,com,GLOBAL,GLOBAL,GLOBAL,PLATFORM,0,0,0,0,0,0,0,NATIONAL
venezuela,biodieselmagazine.com,com,GLOBAL,GLOBAL,GLOBAL,PLATFORM,0,0,0,0,0,0,0,NATIONAL
venezuela,bismarcktribune.com,com,GLOBAL,GLOBAL,GLOBAL,PLATFORM,0,0,0,0,0,0,0,NATIONAL
venezuela,bob949.iheart.com,com,GLOBAL,GLOBAL,GLOBAL,PLATFORM,0,0,0,0,0,0,0,NATIONAL
venezuela,boston25news.com,com,GLOBAL,GLOBAL,GLOBAL,PLATFORM,0,0,0,0,0,0,0,NATIONAL
venezuela,boxingnews24.com,com,GLOBAL,GLOBAL,GLOBAL,PLATFORM,0,0,0,0,0,0,0,NATIONAL
venezuela,bracknellnews.co.uk,uk,GB,Europe & Central Asia,OTHER,PLATFORM,0,0,0,0,0,0,0,NATIONAL
venezuela,bravotv.com,com,GLOBAL,GLOBAL,GLOBAL,PLATFORM,0,0,0,0,0,0,0,NATIONAL
venezuela,broadwayworld.com,com,GLOBAL,GLOBAL,GLOBAL,PLATFORM,0,0,0,0,0,0,0,NATIONAL
venezuela,browardpalmbeach.com,com,GLOBAL,GLOBAL,GLOBAL,PLATFORM,0,0,0,0,0,0,0,NATIONAL
venezuela,buffalobills.com,com,GLOBAL,GLOBAL,GLOBAL,PLATFORM,0,0,0,0,0,0,0,NATIONAL
venezuela,burnabynow.com,com,GLOBAL,GLOBAL,GLOBAL,PLATFORM,0,0,0,0,0,0,0,NATIONAL
venezuela,businessden.com,com,GLOBAL,GLOBAL,GLOBAL,PLATFORM,0,0,0,0,0,0,0,NATIONAL
venezuela,campaignbrief.com,com,GLOBAL,GLOBAL,GLOBAL,PLATFORM,0,0,0,0,0,0,0,NATIONAL
venezuela,cantechletter.com,com,GLOBAL,GLOBAL,GLOBAL,PLATFORM,0,0,0,0,0,0,0,NATIONAL
venezuela,cbs6albany.com,com,GLOBAL,GLOBAL,GLOBAL,PLATFORM,0,0,0,0,0,0,0,NATIONAL
venezuela,centralmoinfo.com,com,GLOBAL,GLOBAL,GLOBAL,PLATFORM,0,0,0,0,0,0,0,NATIONAL
venezuela,cfnrfm.ca,ca,CA,North America,OTHER,PLATFORM,0,0,0,0,0,0,0,NATIONAL
venezuela,cfru.ca,ca,CA,North America,OTHER,PLATFORM,0,0,0,0,0,0,0,NATIONAL
venezuela,channelnewsasia.com,com,GLOBAL,GLOBAL,GLOBAL,PLATFORM,0,0,0,0,0,0,0,NATIONAL
venezuela,charlottejewishnews.org,org,GLOBAL,GLOBAL,GLOBAL,PLATFORM,0,0,0,0,0,0,0,NATIONAL
venezuela,chinadaily.com.cn,cn,CN,East Asia & Pacific,OTHER,PLATFORM,0,0,1,0,0,0,1,STATE
venezuela,chipleybugle.com,com,GLOBAL,GLOBAL,GLOBAL,PLATFORM,0,0,0,0,0,0,0,NATIONAL
venezuela,click2houston.com,com,GLOBAL,GLOBAL,GLOBAL,PLATFORM,0,0,0,0,0,0,0,NATIONAL
venezuela,cn2.com,com,GLOBAL,GLOBAL,GLOBAL,PLATFORM,0,0,0,0,0,0,0,NATIONAL
venezuela,cnalifestyle.channelnewsasia.com,com,GLOBAL,GLOBAL,GLOBAL,PLATFORM,0,0,0,0,0,0,0,NATIONAL
venezuela,coldlakesun.com:443,NA,NA,NA,OTHER,PLATFORM,0,0,0,0,0,0,0,PLATFORM
venezuela,consumerelectronicsnet.com,com,GLOBAL,GLOBAL,GLOBAL,PLATFORM,0,0,0,0,0,0,0,NATIONAL
venezuela,country105.com,com,GLOBAL,GLOBAL,GLOBAL,PLATFORM,0,0,0,0,0,0,0,NATIONAL
venezuela,country959.com,com,GLOBAL,GLOBAL,GLOBAL,PLATFORM,0,0,0,0,0,0,0,NATIONAL
venezuela,countyweeklynews.ca:443,NA,NA,NA,OTHER,PLATFORM,0,0,0,0,0,0,0,PLATFORM
venezuela,crimeonline.com,com,GLOBAL,GLOBAL,GLOBAL,PLATFORM,0,0,0,0,0,0,0,NATIONAL
venezuela,crisisgroup.org,org,GLOBAL,GLOBAL,GLOBAL,PLATFORM,0,0,0,0,0,0,0,NATIONAL
venezuela,ctpublic.org,org,GLOBAL,GLOBAL,GLOBAL,PLATFORM,0,0,0,0,0,0,0,NATIONAL
venezuela,current.org,org,GLOBAL,GLOBAL,GLOBAL,PLATFORM,0,0,0,0,0,0,0,NATIONAL
venezuela,dailygazette.com,com,GLOBAL,GLOBAL,GLOBAL,PLATFORM,0,0,0,0,0,0,0,NATIONAL
venezuela,dailynews.com,com,GLOBAL,GLOBAL,GLOBAL,PLATFORM,0,0,0,0,0,0,0,NATIONAL
venezuela,dailythepatriot.com,com,GLOBAL,GLOBAL,GLOBAL,PLATFORM,0,0,0,0,0,0,0,NATIONAL
venezuela,dailywire.com,com,GLOBAL,GLOBAL,GLOBAL,PLATFORM,0,0,0,0,0,0,0,NATIONAL
venezuela,dallas.culturemap.com,com,GLOBAL,GLOBAL,GLOBAL,PLATFORM,0,0,0,0,0,0,0,NATIONAL
venezuela,dealstreetasia.com,com,GLOBAL,GLOBAL,GLOBAL,PLATFORM,0,0,0,0,0,0,0,NATIONAL
venezuela,discoverestevan.com,com,GLOBAL,GLOBAL,GLOBAL,PLATFORM,0,0,0,0,0,0,0,NATIONAL
venezuela,dw.com,com,GLOBAL,GLOBAL,GLOBAL,PLATFORM,0,0,0,0,0,0,0,NATIONAL
venezuela,dynamicbusiness.com,com,GLOBAL,GLOBAL,GLOBAL,PLATFORM,0,0,0,0,0,0,0,NATIONAL
venezuela,easy93.com,com,GLOBAL,GLOBAL,GLOBAL,PLATFORM,0,0,0,0,0,0,0,NATIONAL
venezuela,economiccollapsenews.com,com,GLOBAL,GLOBAL,GLOBAL,PLATFORM,0,0,0,0,0,0,0,NATIONAL
venezuela,efe.com,com,GLOBAL,GLOBAL,GLOBAL,PLATFORM,0,0,0,0,0,0,0,NATIONAL
venezuela,eff.org,org,GLOBAL,GLOBAL,GLOBAL,PLATFORM,0,0,0,0,0,0,0,NATIONAL
venezuela,emmetsburgnews.com,com,GLOBAL,GLOBAL,GLOBAL,PLATFORM,0,0,0,0,0,0,0,NATIONAL
venezuela,eturbonews.com,com,GLOBAL,GLOBAL,GLOBAL,PLATFORM,0,0,0,0,0,0,0,NATIONAL
venezuela,eurekalert.org,org,GLOBAL,GLOBAL,GLOBAL,PLATFORM,0,0,0,0,0,0,0,NATIONAL
venezuela,evanstonnow.com,com,GLOBAL,GLOBAL,GLOBAL,PLATFORM,0,0,0,0,0,0,0,NATIONAL
venezuela,ew.com,com,GLOBAL,GLOBAL,GLOBAL,PLATFORM,0,0,0,0,0,0,0,NATIONAL
venezuela,expressng.com,com,GLOBAL,GLOBAL,GLOBAL,PLATFORM,0,0,0,0,0,0,0,NATIONAL
venezuela,falkirkherald.co.uk,uk,GB,Europe & Central Asia,OTHER,PLATFORM,0,0,0,0,0,0,0,NATIONAL
venezuela,falmouthpacket.co.uk,uk,GB,Europe & Central Asia,OTHER,PLATFORM,0,0,0,0,0,0,0,NATIONAL
venezuela,filmibeat.com,com,GLOBAL,GLOBAL,GLOBAL,PLATFORM,0,0,0,0,0,0,0,NATIONAL
venezuela,financialexpress.com,com,GLOBAL,GLOBAL,GLOBAL,PLATFORM,0,0,0,0,0,0,0,NATIONAL
venezuela,finextra.com,com,GLOBAL,GLOBAL,GLOBAL,PLATFORM,0,0,0,0,0,0,0,NATIONAL
venezuela,fingerlakes1.com,com,GLOBAL,GLOBAL,GLOBAL,PLATFORM,0,0,0,0,0,0,0,NATIONAL
venezuela,floridanewswire.com,com,GLOBAL,GLOBAL,GLOBAL,PLATFORM,0,0,0,0,0,0,0,NATIONAL
venezuela,forextv.com,com,GLOBAL,GLOBAL,GLOBAL,PLATFORM,0,0,0,0,0,0,0,NATIONAL
venezuela,fox13memphis.com,com,GLOBAL,GLOBAL,GLOBAL,PLATFORM,0,0,0,0,0,0,0,NATIONAL
venezuela,fox21news.com,com,GLOBAL,GLOBAL,GLOBAL,PLATFORM,0,0,0,0,0,0,0,NATIONAL
venezuela,fox56.com,com,GLOBAL,GLOBAL,GLOBAL,PLATFORM,0,0,0,0,0,0,0,NATIONAL
venezuela,fox6now.com,com,GLOBAL,GLOBAL,GLOBAL,PLATFORM,0,0,0,0,0,0,0,NATIONAL
venezuela,foxbusiness.com,com,GLOBAL,GLOBAL,GLOBAL,PLATFORM,0,0,0,0,0,0,0,NATIONAL
venezuela,franklinfavorite.com,com,GLOBAL,GLOBAL,GLOBAL,PLATFORM,0,0,0,0,0,0,0,NATIONAL
venezuela,fromtherumbleseat.com,com,GLOBAL,GLOBAL,GLOBAL,PLATFORM,0,0,0,0,0,0,0,NATIONAL
venezuela,gbtribune.com,com,GLOBAL,GLOBAL,GLOBAL,PLATFORM,0,0,0,0,0,0,0,NATIONAL
venezuela,gizchina.com,com,GLOBAL,GLOBAL,GLOBAL,PLATFORM,0,0,0,0,0,0,0,NATIONAL
venezuela,globalcapital.com,com,GLOBAL,GLOBAL,GLOBAL,PLATFORM,0,0,0,0,0,0,0,NATIONAL
venezuela,greatbendpost.com,com,GLOBAL,GLOBAL,GLOBAL,PLATFORM,0,0,0,0,0,0,0,NATIONAL
venezuela,greekcitytimes.com,com,GLOBAL,GLOBAL,GLOBAL,PLATFORM,0,0,0,0,0,0,0,NATIONAL
venezuela,groove993.com,com,GLOBAL,GLOBAL,GLOBAL,PLATFORM,0,0,0,0,0,0,0,NATIONAL
venezuela,hackaday.com,com,GLOBAL,GLOBAL,GLOBAL,PLATFORM,0,0,0,0,0,0,0,NATIONAL
venezuela,hayspost.com,com,GLOBAL,GLOBAL,GLOBAL,PLATFORM,0,0,0,0,0,0,0,NATIONAL
venezuela,hillsborofreepress.com,com,GLOBAL,GLOBAL,GLOBAL,PLATFORM,0,0,0,0,0,0,0,NATIONAL
venezuela,hiphopwired.com,com,GLOBAL,GLOBAL,GLOBAL,PLATFORM,0,0,0,0,0,0,0,NATIONAL
venezuela,hmbreview.com,com,GLOBAL,GLOBAL,GLOBAL,PLATFORM,0,0,0,0,0,0,0,NATIONAL
venezuela,hngnews.com,com,GLOBAL,GLOBAL,GLOBAL,PLATFORM,0,0,0,0,0,0,0,NATIONAL
venezuela,homeaccentstoday.com,com,GLOBAL,GLOBAL,GLOBAL,PLATFORM,0,0,0,0,0,0,0,NATIONAL
venezuela,hometownregister.com,com,GLOBAL,GLOBAL,GLOBAL,PLATFORM,0,0,0,0,0,0,0,NATIONAL
venezuela,hometownsource.com,com,GLOBAL,GLOBAL,GLOBAL,PLATFORM,0,0,0,0,0,0,0,NATIONAL
venezuela,hot969boston.com,com,GLOBAL,GLOBAL,GLOBAL,PLATFORM,0,0,0,0,0,0,0,NATIONAL
venezuela,idahoednews.org,org,GLOBAL,GLOBAL,GLOBAL,PLATFORM,0,0,0,0,0,0,0,NATIONAL
venezuela,illawarramercury.com.au,au,AU,East Asia & Pacific,OTHER,PLATFORM,0,0,0,0,0,0,0,NATIONAL
venezuela,independent.ie,ie,NA,NA,OTHER,PLATFORM,0,0,0,0,0,0,0,PLATFORM
venezuela,indianexpress.com,com,GLOBAL,GLOBAL,GLOBAL,PLATFORM,0,0,0,0,0,0,0,NATIONAL
venezuela,indianweekender.co.nz,nz,NZ,East Asia & Pacific,OTHER,PLATFORM,0,0,0,0,0,0,0,NATIONAL
venezuela,institutionalinvestor.com,com,GLOBAL,GLOBAL,GLOBAL,PLATFORM,0,0,0,0,0,0,0,NATIONAL
venezuela,isthmus.com,com,GLOBAL,GLOBAL,GLOBAL,PLATFORM,0,0,0,0,0,0,0,NATIONAL
venezuela,itwire.com,com,GLOBAL,GLOBAL,GLOBAL,PLATFORM,0,0,0,0,0,0,0,NATIONAL
venezuela,jacksonprogress-argus.com,com,GLOBAL,GLOBAL,GLOBAL,PLATFORM,0,0,0,0,0,0,0,NATIONAL
venezuela,japantoday.com,com,GLOBAL,GLOBAL,GLOBAL,PLATFORM,0,0,0,0,0,0,0,NATIONAL
venezuela,jaxdailyrecord.com,com,GLOBAL,GLOBAL,GLOBAL,PLATFORM,0,0,0,0,0,0,0,NATIONAL
venezuela,jewishinsider.com,com,GLOBAL,GLOBAL,GLOBAL,PLATFORM,0,0,0,0,0,0,0,NATIONAL
venezuela,jowhar.com,com,GLOBAL,GLOBAL,GLOBAL,PLATFORM,0,0,0,0,0,0,0,NATIONAL
venezuela,jpost.com,com,GLOBAL,GLOBAL,GLOBAL,PLATFORM,0,0,0,0,0,0,0,NATIONAL
venezuela,k99country.iheart.com,com,GLOBAL,GLOBAL,GLOBAL,PLATFORM,0,0,0,0,0,0,0,NATIONAL
venezuela,kanw.com,com,GLOBAL,GLOBAL,GLOBAL,PLATFORM,0,0,0,0,0,0,0,NATIONAL
venezuela,kashmirreader.com,com,GLOBAL,GLOBAL,GLOBAL,PLATFORM,0,0,0,0,0,0,0,NATIONAL
venezuela,kiiitv.com,com,GLOBAL,GLOBAL,GLOBAL,PLATFORM,0,0,0,0,0,0,0,NATIONAL
venezuela,kiisfm.iheart.com,com,GLOBAL,GLOBAL,GLOBAL,PLATFORM,0,0,0,0,0,0,0,NATIONAL
venezuela,kion546.com,com,GLOBAL,GLOBAL,GLOBAL,PLATFORM,0,0,0,0,0,0,0,NATIONAL
venezuela,kiplinger.com,com,GLOBAL,GLOBAL,GLOBAL,PLATFORM,0,0,0,0,0,0,0,NATIONAL
venezuela,kiss983.iheart.com,com,GLOBAL,GLOBAL,GLOBAL,PLATFORM,0,0,0,0,0,0,0,NATIONAL
venezuela,kkrq.iheart.com,com,GLOBAL,GLOBAL,GLOBAL,PLATFORM,0,0,0,0,0,0,0,NATIONAL
venezuela,klfy.com,com,GLOBAL,GLOBAL,GLOBAL,PLATFORM,0,0,0,0,0,0,0,NATIONAL
venezuela,kmvt.com,com,GLOBAL,GLOBAL,GLOBAL,PLATFORM,0,0,0,0,0,0,0,NATIONAL
venezuela,kniakrls.com,com,GLOBAL,GLOBAL,GLOBAL,PLATFORM,0,0,0,0,0,0,0,NATIONAL
venezuela,knoe.com,com,GLOBAL,GLOBAL,GLOBAL,PLATFORM,0,0,0,0,0,0,0,NATIONAL
venezuela,koacolorado.iheart.com,com,GLOBAL,GLOBAL,GLOBAL,PLATFORM,0,0,0,0,0,0,0,NATIONAL
venezuela,komando.com,com,GLOBAL,GLOBAL,GLOBAL,PLATFORM,0,0,0,0,0,0,0,NATIONAL
venezuela,kpax.com,com,GLOBAL,GLOBAL,GLOBAL,PLATFORM,0,0,0,0,0,0,0,NATIONAL
venezuela,kpcnews.com,com,GLOBAL,GLOBAL,GLOBAL,PLATFORM,0,0,0,0,0,0,0,NATIONAL
venezuela,kpig.com,com,GLOBAL,GLOBAL,GLOBAL,PLATFORM,0,0,0,0,0,0,0,NATIONAL
venezuela,kpla.com,com,GLOBAL,GLOBAL,GLOBAL,PLATFORM,0,0,0,0,0,0,0,NATIONAL
venezuela,krem.com,com,GLOBAL,GLOBAL,GLOBAL,PLATFORM,0,0,0,0,0,0,0,NATIONAL
venezuela,krny.com,com,GLOBAL,GLOBAL,GLOBAL,PLATFORM,0,0,0,0,0,0,0,NATIONAL
venezuela,kscj.com,com,GLOBAL,GLOBAL,GLOBAL,PLATFORM,0,0,0,0,0,0,0,NATIONAL
venezuela,ksl.com,com,GLOBAL,GLOBAL,GLOBAL,PLATFORM,0,0,0,0,0,0,0,NATIONAL
venezuela,ksmu.org,org,GLOBAL,GLOBAL,GLOBAL,PLATFORM,0,0,0,0,0,0,0,NATIONAL
venezuela,kssn.iheart.com,com,GLOBAL,GLOBAL,GLOBAL,PLATFORM,0,0,0,0,0,0,0,NATIONAL
venezuela,ktar.com,com,GLOBAL,GLOBAL,GLOBAL,PLATFORM,0,0,0,0,0,0,0,NATIONAL
venezuela,ktop1490.com,com,GLOBAL,GLOBAL,GLOBAL,PLATFORM,0,0,0,0,0,0,0,NATIONAL
venezuela,ktul.com,com,GLOBAL,GLOBAL,GLOBAL,PLATFORM,0,0,0,0,0,0,0,NATIONAL
venezuela,kulr8.com,com,GLOBAL,GLOBAL,GLOBAL,PLATFORM,0,0,0,0,0,0,0,NATIONAL
venezuela,kuvo.org,org,GLOBAL,GLOBAL,GLOBAL,PLATFORM,0,0,0,0,0,0,0,NATIONAL
venezuela,laosnews.net,net,GLOBAL,GLOBAL,GLOBAL,PLATFORM,0,0,0,0,0,0,0,NATIONAL
venezuela,lasvegassun.com,com,GLOBAL,GLOBAL,GLOBAL,PLATFORM,0,0,0,0,0,0,0,NATIONAL
venezuela,lelezard.com,com,GLOBAL,GLOBAL,GLOBAL,PLATFORM,0,0,0,0,0,0,0,NATIONAL
venezuela,longisland.com,com,GLOBAL,GLOBAL,GLOBAL,PLATFORM,0,0,0,0,0,0,0,NATIONAL
venezuela,loscerritosnews.net,net,GLOBAL,GLOBAL,GLOBAL,PLATFORM,0,0,0,0,0,0,0,NATIONAL
venezuela,lvb.com,com,GLOBAL,GLOBAL,GLOBAL,PLATFORM,0,0,0,0,0,0,0,NATIONAL
venezuela,m.baidu.com,com,GLOBAL,GLOBAL,GLOBAL,PLATFORM,0,0,0,0,0,0,0,NATIONAL
venezuela,malibutimes.com,com,GLOBAL,GLOBAL,GLOBAL,PLATFORM,0,0,0,0,0,0,0,NATIONAL
venezuela,manchesterjournal.com,com,GLOBAL,GLOBAL,GLOBAL,PLATFORM,0,0,0,0,0,0,0,NATIONAL
venezuela,mauinews.com,com,GLOBAL,GLOBAL,GLOBAL,PLATFORM,0,0,0,0,0,0,0,NATIONAL
venezuela,mcall.com,com,GLOBAL,GLOBAL,GLOBAL,PLATFORM,0,0,0,0,0,0,0,NATIONAL
venezuela,mckinsey.com,com,GLOBAL,GLOBAL,GLOBAL,PLATFORM,0,0,0,0,0,0,0,NATIONAL
venezuela,medindia.net,net,GLOBAL,GLOBAL,GLOBAL,PLATFORM,0,0,0,0,0,0,0,NATIONAL
venezuela,meridian.mi.us,us,US,North America,OTHER,PLATFORM,0,0,0,0,0,0,0,NATIONAL
venezuela,metroweekly.com,com,GLOBAL,GLOBAL,GLOBAL,PLATFORM,0,0,0,0,0,0,0,NATIONAL
venezuela,miragenews.com,com,GLOBAL,GLOBAL,GLOBAL,PLATFORM,0,0,0,0,0,0,0,NATIONAL
venezuela,mitchelladvocate.com:443,NA,NA,NA,OTHER,PLATFORM,0,0,0,0,0,0,0,PLATFORM
venezuela,mix929.com,com,GLOBAL,GLOBAL,GLOBAL,PLATFORM,0,0,0,0,0,0,0,NATIONAL
venezuela,mix931fm.com,com,GLOBAL,GLOBAL,GLOBAL,PLATFORM,0,0,0,0,0,0,0,NATIONAL
venezuela,mixmaine.com,com,GLOBAL,GLOBAL,GLOBAL,PLATFORM,0,0,0,0,0,0,0,NATIONAL
venezuela,montereycountyweekly.com,com,GLOBAL,GLOBAL,GLOBAL,PLATFORM,0,0,0,0,0,0,0,NATIONAL
venezuela,mooseradio.com,com,GLOBAL,GLOBAL,GLOBAL,PLATFORM,0,0,0,0,0,0,0,NATIONAL
venezuela,muslimnews.co.uk,uk,GB,Europe & Central Asia,OTHER,PLATFORM,0,0,0,0,0,0,0,NATIONAL
venezuela,myparrysoundnow.com,com,GLOBAL,GLOBAL,GLOBAL,PLATFORM,0,0,0,0,0,0,0,NATIONAL
venezuela,namibian.com.na,na,NA,NA,OTHER,PLATFORM,0,0,0,0,0,0,0,PLATFORM
venezuela,nationalinterest.org,org,GLOBAL,GLOBAL,GLOBAL,PLATFORM,0,0,0,0,0,0,0,NATIONAL
venezuela,nbc12.com,com,GLOBAL,GLOBAL,GLOBAL,PLATFORM,0,0,0,0,0,0,0,NATIONAL
venezuela,nbcconnecticut.com,com,GLOBAL,GLOBAL,GLOBAL,PLATFORM,0,0,0,0,0,0,0,NATIONAL
venezuela,neowin.net,net,GLOBAL,GLOBAL,GLOBAL,PLATFORM,0,0,0,0,0,0,0,NATIONAL
venezuela,newcountry1039fm.iheart.com,com,GLOBAL,GLOBAL,GLOBAL,PLATFORM,0,0,0,0,0,0,0,NATIONAL
venezuela,newjerseytelegraph.com,com,GLOBAL,GLOBAL,GLOBAL,PLATFORM,0,0,0,0,0,0,0,NATIONAL
venezuela,news-medical.net,net,GLOBAL,GLOBAL,GLOBAL,PLATFORM,0,0,0,0,0,0,0,NATIONAL
venezuela,news-star.com,com,GLOBAL,GLOBAL,GLOBAL,PLATFORM,0,0,0,0,0,0,0,NATIONAL
venezuela,news.mit.edu,edu,NA,NA,OTHER,PLATFORM,0,0,0,0,0,0,0,PLATFORM
venezuela,news.rediff.com,com,GLOBAL,GLOBAL,GLOBAL,PLATFORM,0,0,0,0,0,0,0,NATIONAL
venezuela,news.ucsc.edu,edu,NA,NA,OTHER,PLATFORM,0,0,0,0,0,0,0,PLATFORM
venezuela,news4jax.com,com,GLOBAL,GLOBAL,GLOBAL,PLATFORM,0,0,0,0,0,0,0,NATIONAL
venezuela,newsinfo.inquirer.net,net,GLOBAL,GLOBAL,GLOBAL,PLATFORM,0,0,0,0,0,0,0,NATIONAL
venezuela,newstalkkit.com,com,GLOBAL,GLOBAL,GLOBAL,PLATFORM,0,0,0,0,0,0,0,NATIONAL
venezuela,newworldwriting.net,net,GLOBAL,GLOBAL,GLOBAL,PLATFORM,0,0,0,0,0,0,0,NATIONAL
venezuela,niagarafallsreview.ca,ca,CA,North America,OTHER,PLATFORM,0,0,0,0,0,0,0,NATIONAL
venezuela,northernminer.com,com,GLOBAL,GLOBAL,GLOBAL,PLATFORM,0,0,0,0,0,0,0,NATIONAL
venezuela,northplattebulletin.com,com,GLOBAL,GLOBAL,GLOBAL,PLATFORM,0,0,0,0,0,0,0,NATIONAL
venezuela,nysun.com,com,GLOBAL,GLOBAL,GLOBAL,PLATFORM,0,0,0,0,0,0,0,NATIONAL
venezuela,nzcatholic.org.nz,nz,NZ,East Asia & Pacific,OTHER,PLATFORM,0,0,0,0,0,0,0,NATIONAL
venezuela,oaklandside.org,org,GLOBAL,GLOBAL,GLOBAL,PLATFORM,0,0,0,0,0,0,0,NATIONAL
venezuela,opb.org,org,GLOBAL,GLOBAL,GLOBAL,PLATFORM,0,0,0,0,0,0,0,NATIONAL
venezuela,oregonlive.com,com,GLOBAL,GLOBAL,GLOBAL,PLATFORM,0,0,0,0,0,0,0,NATIONAL
venezuela,oxygen.com,com,GLOBAL,GLOBAL,GLOBAL,PLATFORM,0,0,0,0,0,0,0,NATIONAL
venezuela,pagesix.com,com,GLOBAL,GLOBAL,GLOBAL,PLATFORM,0,0,0,0,0,0,0,NATIONAL
venezuela,panow.com,com,GLOBAL,GLOBAL,GLOBAL,PLATFORM,0,0,0,0,0,0,0,NATIONAL
venezuela,pembinavalleyonline.com,com,GLOBAL,GLOBAL,GLOBAL,PLATFORM,0,0,0,0,0,0,0,NATIONAL
venezuela,perezhilton.com,com,GLOBAL,GLOBAL,GLOBAL,PLATFORM,0,0,0,0,0,0,0,NATIONAL
venezuela,pharmacytimes.com,com,GLOBAL,GLOBAL,GLOBAL,PLATFORM,0,0,0,0,0,0,0,NATIONAL
venezuela,philstar.com,com,GLOBAL,GLOBAL,GLOBAL,PLATFORM,0,0,0,0,0,0,0,NATIONAL
venezuela,phys.org,org,GLOBAL,GLOBAL,GLOBAL,PLATFORM,0,0,0,0,0,0,0,NATIONAL
venezuela,pineandlakes.com,com,GLOBAL,GLOBAL,GLOBAL,PLATFORM,0,0,0,0,0,0,0,NATIONAL
venezuela,poetryfoundation.org,org,GLOBAL,GLOBAL,GLOBAL,PLATFORM,0,0,0,0,0,0,0,NATIONAL
venezuela,popularmechanics.com,com,GLOBAL,GLOBAL,GLOBAL,PLATFORM,0,0,0,0,0,0,0,NATIONAL
venezuela,portageonline.com,com,GLOBAL,GLOBAL,GLOBAL,PLATFORM,0,0,0,0,0,0,0,NATIONAL
venezuela,portnews.com.au,au,AU,East Asia & Pacific,OTHER,PLATFORM,0,0,0,0,0,0,0,NATIONAL
venezuela,portsmouth.co.uk,uk,GB,Europe & Central Asia,OTHER,PLATFORM,0,0,0,0,0,0,0,NATIONAL
venezuela,pressherald.com,com,GLOBAL,GLOBAL,GLOBAL,PLATFORM,0,0,0,0,0,0,0,NATIONAL
venezuela,punknews.org,org,GLOBAL,GLOBAL,GLOBAL,PLATFORM,0,0,0,0,0,0,0,NATIONAL
venezuela,questmag.com,com,GLOBAL,GLOBAL,GLOBAL,PLATFORM,0,0,0,0,0,0,0,NATIONAL
venezuela,radiosunny.iheart.com,com,GLOBAL,GLOBAL,GLOBAL,PLATFORM,0,0,0,0,0,0,0,NATIONAL
venezuela,rbth.com,com,GLOBAL,GLOBAL,GLOBAL,PLATFORM,0,0,0,0,0,0,0,NATIONAL
venezuela,realestate.com.au,au,AU,East Asia & Pacific,OTHER,PLATFORM,0,0,0,0,0,0,0,NATIONAL
venezuela,rentonreporter.com,com,GLOBAL,GLOBAL,GLOBAL,PLATFORM,0,0,0,0,0,0,0,NATIONAL
venezuela,road.cc,cc,NA,NA,OTHER,PLATFORM,0,0,0,0,0,0,0,PLATFORM
venezuela,sanpedrosun.com,com,GLOBAL,GLOBAL,GLOBAL,PLATFORM,0,0,0,0,0,0,0,NATIONAL
venezuela,sciencedaily.com,com,GLOBAL,GLOBAL,GLOBAL,PLATFORM,0,0,0,0,0,0,0,NATIONAL
venezuela,seapowermagazine.org,org,GLOBAL,GLOBAL,GLOBAL,PLATFORM,0,0,0,0,0,0,0,NATIONAL
venezuela,serbiananimalsvoice.com,com,GLOBAL,GLOBAL,GLOBAL,PLATFORM,0,0,0,0,0,0,0,NATIONAL
venezuela,sidneyherald.com,com,GLOBAL,GLOBAL,GLOBAL,PLATFORM,0,0,0,0,0,0,0,NATIONAL
venezuela,siliconangle.com,com,GLOBAL,GLOBAL,GLOBAL,PLATFORM,0,0,0,0,0,0,0,NATIONAL
venezuela,siouxcityjournal.com,com,GLOBAL,GLOBAL,GLOBAL,PLATFORM,0,0,0,0,0,0,0,NATIONAL
venezuela,smn-news.com,com,GLOBAL,GLOBAL,GLOBAL,PLATFORM,0,0,0,0,0,0,0,NATIONAL
venezuela,squamishchief.com,com,GLOBAL,GLOBAL,GLOBAL,PLATFORM,0,0,0,0,0,0,0,NATIONAL
venezuela,starlocalmedia.com,com,GLOBAL,GLOBAL,GLOBAL,PLATFORM,0,0,0,0,0,0,0,NATIONAL
venezuela,storystudio.wlwt.com,com,GLOBAL,GLOBAL,GLOBAL,PLATFORM,0,0,0,0,0,0,0,NATIONAL
venezuela,surreycomet.co.uk,uk,GB,Europe & Central Asia,OTHER,PLATFORM,0,0,0,0,0,0,0,NATIONAL
venezuela,taosnews.com,com,GLOBAL,GLOBAL,GLOBAL,PLATFORM,0,0,0,0,0,0,0,NATIONAL
venezuela,tcbmag.com,com,GLOBAL,GLOBAL,GLOBAL,PLATFORM,0,0,0,0,0,0,0,NATIONAL
venezuela,temple-news.com,com,GLOBAL,GLOBAL,GLOBAL,PLATFORM,0,0,0,0,0,0,0,NATIONAL
venezuela,texomashomepage.com,com,GLOBAL,GLOBAL,GLOBAL,PLATFORM,0,0,0,0,0,0,0,NATIONAL
venezuela,theath.ca,ca,CA,North America,OTHER,PLATFORM,0,0,0,0,0,0,0,NATIONAL
venezuela,thecatfm.iheart.com,com,GLOBAL,GLOBAL,GLOBAL,PLATFORM,0,0,0,0,0,0,0,NATIONAL
venezuela,theleader.com.au,au,AU,East Asia & Pacific,OTHER,PLATFORM,0,0,0,0,0,0,0,NATIONAL
venezuela,themorningsun.com,com,GLOBAL,GLOBAL,GLOBAL,PLATFORM,0,0,0,0,0,0,0,NATIONAL
venezuela,thenewsherald.com,com,GLOBAL,GLOBAL,GLOBAL,PLATFORM,0,0,0,0,0,0,0,NATIONAL
venezuela,theonion.com,com,GLOBAL,GLOBAL,GLOBAL,PLATFORM,0,0,0,0,0,0,0,NATIONAL
venezuela,thesouthernreporter.co.uk,uk,GB,Europe & Central Asia,OTHER,PLATFORM,0,0,0,0,0,0,0,NATIONAL
venezuela,thestandard.org.nz,nz,NZ,East Asia & Pacific,OTHER,PLATFORM,0,0,0,0,0,0,0,NATIONAL
venezuela,un.org,org,GLOBAL,GLOBAL,GLOBAL,PLATFORM,0,0,0,0,0,0,0,NATIONAL
venezuela,us1035.iheart.com,com,GLOBAL,GLOBAL,GLOBAL,PLATFORM,0,0,0,0,0,0,0,NATIONAL
venezuela,v100.iheart.com,com,GLOBAL,GLOBAL,GLOBAL,PLATFORM,0,0,0,0,0,0,0,NATIONAL
venezuela,venturebeat.com,com,GLOBAL,GLOBAL,GLOBAL,PLATFORM,0,0,0,0,0,0,0,NATIONAL
venezuela,vision.org.au,au,AU,East Asia & Pacific,OTHER,PLATFORM,0,0,0,0,0,0,0,NATIONAL
venezuela,volanteonline.com,com,GLOBAL,GLOBAL,GLOBAL,PLATFORM,0,0,0,0,0,0,0,NATIONAL
venezuela,voxy.co.nz,nz,NZ,East Asia & Pacific,OTHER,PLATFORM,0,0,0,0,0,0,0,NATIONAL
venezuela,warm98.com,com,GLOBAL,GLOBAL,GLOBAL,PLATFORM,0,0,0,0,0,0,0,NATIONAL
venezuela,washingtonblade.com,com,GLOBAL,GLOBAL,GLOBAL,PLATFORM,0,0,0,0,0,0,0,NATIONAL
venezuela,wbap.com,com,GLOBAL,GLOBAL,GLOBAL,PLATFORM,0,0,0,0,0,0,0,NATIONAL
venezuela,wcsy.com,com,GLOBAL,GLOBAL,GLOBAL,PLATFORM,0,0,0,0,0,0,0,NATIONAL
venezuela,wctv.tv,tv,NA,NA,OTHER,PLATFORM,0,0,0,0,0,0,0,PLATFORM
venezuela,wdvx.com,com,GLOBAL,GLOBAL,GLOBAL,PLATFORM,0,0,0,0,0,0,0,NATIONAL
venezuela,weaintgotnohistory.sbnation.com,com,GLOBAL,GLOBAL,GLOBAL,PLATFORM,0,0,0,0,0,0,0,NATIONAL
venezuela,westernweekender.com.au,au,AU,East Asia & Pacific,OTHER,PLATFORM,0,0,0,0,0,0,0,NATIONAL
venezuela,wflafm.iheart.com,com,GLOBAL,GLOBAL,GLOBAL,PLATFORM,0,0,0,0,0,0,0,NATIONAL
venezuela,whsv.com,com,GLOBAL,GLOBAL,GLOBAL,PLATFORM,0,0,0,0,0,0,0,NATIONAL
venezuela,wiscassetnewspaper.com,com,GLOBAL,GLOBAL,GLOBAL,PLATFORM,0,0,0,0,0,0,0,NATIONAL
venezuela,wjjz.iheart.com,com,GLOBAL,GLOBAL,GLOBAL,PLATFORM,0,0,0,0,0,0,0,NATIONAL
venezuela,wkkj.iheart.com,com,GLOBAL,GLOBAL,GLOBAL,PLATFORM,0,0,0,0,0,0,0,NATIONAL
venezuela,wltx.com,com,GLOBAL,GLOBAL,GLOBAL,PLATFORM,0,0,0,0,0,0,0,NATIONAL
venezuela,wmra.org,org,GLOBAL,GLOBAL,GLOBAL,PLATFORM,0,0,0,0,0,0,0,NATIONAL
venezuela,wordpress.com,com,GLOBAL,GLOBAL,GLOBAL,PLATFORM,0,0,0,0,0,0,0,NATIONAL
venezuela,world.kbs.co.kr,kr,KR,East Asia & Pacific,OTHER,PLATFORM,0,0,0,0,0,0,0,NATIONAL
venezuela,wrfi.org,org,GLOBAL,GLOBAL,GLOBAL,PLATFORM,0,0,0,0,0,0,0,NATIONAL
venezuela,wsj.com,com,GLOBAL,GLOBAL,GLOBAL,PLATFORM,1,0,0,0,0,0,1,FIN
venezuela,wsvaonline.com,com,GLOBAL,GLOBAL,GLOBAL,PLATFORM,0,0,0,0,0,0,0,NATIONAL
venezuela,wthr.com,com,GLOBAL,GLOBAL,GLOBAL,PLATFORM,0,0,0,0,0,0,0,NATIONAL
venezuela,wuwm.com,com,GLOBAL,GLOBAL,GLOBAL,PLATFORM,0,0,0,0,0,0,0,NATIONAL
venezuela,wzpl.com,com,GLOBAL,GLOBAL,GLOBAL,PLATFORM,0,0,0,0,0,0,0,NATIONAL
venezuela,y969.iheart.com,com,GLOBAL,GLOBAL,GLOBAL,PLATFORM,0,0,0,0,0,0,0,NATIONAL
venezuela,yorkpress.co.uk,uk,GB,Europe & Central Asia,OTHER,PLATFORM,0,0,0,0,0,0,0,NATIONAL
venezuela,z103.fm,fm,NA,NA,OTHER,PLATFORM,0,0,0,0,0,0,0,PLATFORM
venezuela,zerohedge.com,com,GLOBAL,GLOBAL,GLOBAL,PLATFORM,0,0,0,0,0,0,0,NATIONAL
venezuela,znsbahamas.com,com,GLOBAL,GLOBAL,GLOBAL,PLATFORM,0,0,0,0,0,0,0,NATIONAL
venezuela,1045theteam.com,com,GLOBAL,GLOBAL,GLOBAL,PLATFORM,0,0,0,0,0,0,0,NATIONAL
venezuela,1049foxsports.iheart.com,com,GLOBAL,GLOBAL,GLOBAL,PLATFORM,0,0,0,0,0,0,0,NATIONAL
venezuela,1057thehawk.com,com,GLOBAL,GLOBAL,GLOBAL,PLATFORM,0,0,0,0,0,0,0,NATIONAL
venezuela,1075thebigbuck.iheart.com,com,GLOBAL,GLOBAL,GLOBAL,PLATFORM,0,0,0,0,0,0,0,NATIONAL
venezuela,1360kktx.iheart.com,com,GLOBAL,GLOBAL,GLOBAL,PLATFORM,0,0,0,0,0,0,0,NATIONAL
venezuela,13abc.com,com,GLOBAL,GLOBAL,GLOBAL,PLATFORM,0,0,0,0,0,0,0,NATIONAL
venezuela,6abc.com,com,GLOBAL,GLOBAL,GLOBAL,PLATFORM,0,0,0,0,0,0,0,NATIONAL
venezuela,710keel.com,com,GLOBAL,GLOBAL,GLOBAL,PLATFORM,0,0,0,0,0,0,0,NATIONAL
venezuela,90min.com,com,GLOBAL,GLOBAL,GLOBAL,PLATFORM,0,0,0,0,0,0,0,NATIONAL
venezuela,915thebeat.com,com,GLOBAL,GLOBAL,GLOBAL,PLATFORM,0,0,0,0,0,0,0,NATIONAL
venezuela,997wtn.com,com,GLOBAL,GLOBAL,GLOBAL,PLATFORM,0,0,0,0,0,0,0,NATIONAL
venezuela,actionnewsjax.com,com,GLOBAL,GLOBAL,GLOBAL,PLATFORM,0,0,0,0,0,0,0,NATIONAL
venezuela,airlinegeeks.com,com,GLOBAL,GLOBAL,GLOBAL,PLATFORM,0,0,0,0,0,0,0,NATIONAL
venezuela,allblacks.com,com,GLOBAL,GLOBAL,GLOBAL,PLATFORM,0,0,0,0,0,0,0,NATIONAL
venezuela,article.wn.com,com,GLOBAL,GLOBAL,GLOBAL,PLATFORM,0,0,0,0,0,0,0,NATIONAL
venezuela,austinchronicle.com,com,GLOBAL,GLOBAL,GLOBAL,PLATFORM,0,0,0,0,0,0,0,NATIONAL
venezuela,autobodynews.com,com,GLOBAL,GLOBAL,GLOBAL,PLATFORM,0,0,0,0,0,0,0,NATIONAL
venezuela,avenuemail.in,in,IN,South Asia,OTHER,PLATFORM,0,0,0,0,0,0,0,NATIONAL
venezuela,azcapitoltimes.com,com,GLOBAL,GLOBAL,GLOBAL,PLATFORM,0,0,0,0,0,0,0,NATIONAL
venezuela,b1027.com,com,GLOBAL,GLOBAL,GLOBAL,PLATFORM,0,0,0,0,0,0,0,NATIONAL
venezuela,b1075country.iheart.com,com,GLOBAL,GLOBAL,GLOBAL,PLATFORM,0,0,0,0,0,0,0,NATIONAL
venezuela,ballstatedaily.com,com,GLOBAL,GLOBAL,GLOBAL,PLATFORM,0,0,0,0,0,0,0,NATIONAL
venezuela,bangordailynews.com,com,GLOBAL,GLOBAL,GLOBAL,PLATFORM,0,0,0,0,0,0,0,NATIONAL
venezuela,beach951.com,com,GLOBAL,GLOBAL,GLOBAL,PLATFORM,0,0,0,0,0,0,0,NATIONAL
venezuela,biometricupdate.com,com,GLOBAL,GLOBAL,GLOBAL,PLATFORM,0,0,0,0,0,0,0,NATIONAL
venezuela,blayneychronicle.com.au,au,AU,East Asia & Pacific,OTHER,PLATFORM,0,0,0,0,0,0,0,NATIONAL
venezuela,bnd.com,com,GLOBAL,GLOBAL,GLOBAL,PLATFORM,0,0,0,0,0,0,0,NATIONAL
venezuela,bobbybones.iheart.com,com,GLOBAL,GLOBAL,GLOBAL,PLATFORM,0,0,0,0,0,0,0,NATIONAL
venezuela,brazilbusiness.einnews.com,com,GLOBAL,GLOBAL,GLOBAL,PLATFORM,0,0,0,0,0,0,0,NATIONAL
venezuela,broomfieldenterprise.com,com,GLOBAL,GLOBAL,GLOBAL,PLATFORM,0,0,0,0,0,0,0,NATIONAL
venezuela,campusreform.org,org,GLOBAL,GLOBAL,GLOBAL,PLATFORM,0,0,0,0,0,0,0,NATIONAL
venezuela,canadiancattlemen.ca,ca,CA,North America,OTHER,PLATFORM,0,0,0,0,0,0,0,NATIONAL
venezuela,canberratimes.com.au,au,AU,East Asia & Pacific,OTHER,PLATFORM,0,0,0,0,0,0,0,NATIONAL
venezuela,capitalpress.com,com,GLOBAL,GLOBAL,GLOBAL,PLATFORM,0,0,0,0,0,0,0,NATIONAL
venezuela,carloarg02.medium.com,com,GLOBAL,GLOBAL,GLOBAL,PLATFORM,0,0,0,0,0,0,0,NATIONAL
venezuela,castanet.net,net,GLOBAL,GLOBAL,GLOBAL,PLATFORM,0,0,0,0,0,0,0,NATIONAL
venezuela,cebudailynews.inquirer.net,net,GLOBAL,GLOBAL,GLOBAL,PLATFORM,0,0,0,0,0,0,0,NATIONAL
venezuela,cfrc.ca,ca,CA,North America,OTHER,PLATFORM,0,0,0,0,0,0,0,NATIONAL
venezuela,cheatsheet.com,com,GLOBAL,GLOBAL,GLOBAL,PLATFORM,0,0,0,0,0,0,0,NATIONAL
venezuela,china.org.cn,cn,CN,East Asia & Pacific,OTHER,PLATFORM,0,0,0,0,0,0,0,NATIONAL
venezuela,chroniclejournal.com,com,GLOBAL,GLOBAL,GLOBAL,PLATFORM,0,0,0,0,0,0,0,NATIONAL
venezuela,cineuropa.org,org,GLOBAL,GLOBAL,GLOBAL,PLATFORM,0,0,0,0,0,0,0,NATIONAL
venezuela,cio.com,com,GLOBAL,GLOBAL,GLOBAL,PLATFORM,0,0,0,0,0,0,0,NATIONAL
venezuela,ckuw.ca,ca,CA,North America,OTHER,PLATFORM,0,0,0,0,0,0,0,NATIONAL
venezuela,classichits1390.iheart.com,com,GLOBAL,GLOBAL,GLOBAL,PLATFORM,0,0,0,0,0,0,0,NATIONAL
venezuela,cnaluxury.channelnewsasia.com,com,GLOBAL,GLOBAL,GLOBAL,PLATFORM,0,0,0,0,0,0,0,NATIONAL
venezuela,cnnphilippines.com,com,GLOBAL,GLOBAL,GLOBAL,PLATFORM,0,0,0,0,0,0,0,NATIONAL
venezuela,coindesk.com,com,GLOBAL,GLOBAL,GLOBAL,PLATFORM,0,0,0,0,0,0,0,NATIONAL
venezuela,columbian.com,com,GLOBAL,GLOBAL,GLOBAL,PLATFORM,0,0,0,0,0,0,0,NATIONAL
venezuela,connecticut.news12.com,com,GLOBAL,GLOBAL,GLOBAL,PLATFORM,0,0,0,0,0,0,0,NATIONAL
venezuela,courthousenews.com,com,GLOBAL,GLOBAL,GLOBAL,PLATFORM,0,0,0,0,0,0,0,NATIONAL
venezuela,cranbrooktownsman.com,com,GLOBAL,GLOBAL,GLOBAL,PLATFORM,0,0,0,0,0,0,0,NATIONAL
venezuela,cumnockchronicle.com,com,GLOBAL,GLOBAL,GLOBAL,PLATFORM,0,0,0,0,0,0,0,NATIONAL
venezuela,dailybreeze.com,com,GLOBAL,GLOBAL,GLOBAL,PLATFORM,0,0,0,0,0,0,0,NATIONAL
venezuela,dailycardinal.com,com,GLOBAL,GLOBAL,GLOBAL,PLATFORM,0,0,0,0,0,0,0,NATIONAL
venezuela,dailyfinland.fi,fi,NA,NA,OTHER,PLATFORM,0,0,0,0,0,0,0,PLATFORM
venezuela,dailyrecord.co.uk,uk,GB,Europe & Central Asia,OTHER,PLATFORM,0,0,0,0,0,0,0,NATIONAL
venezuela,darlingtonandstocktontimes.co.uk,uk,GB,Europe & Central Asia,OTHER,PLATFORM,0,0,0,0,0,0,0,NATIONAL
venezuela,davidpakman.com,com,GLOBAL,GLOBAL,GLOBAL,PLATFORM,0,0,0,0,0,0,0,NATIONAL
venezuela,deadline.com,com,GLOBAL,GLOBAL,GLOBAL,PLATFORM,0,0,0,0,0,0,0,NATIONAL
venezuela,decider.com,com,GLOBAL,GLOBAL,GLOBAL,PLATFORM,0,0,0,0,0,0,0,NATIONAL
venezuela,derrynow.com,com,GLOBAL,GLOBAL,GLOBAL,PLATFORM,0,0,0,0,0,0,0,NATIONAL
venezuela,digbycourier.ca,ca,CA,North America,OTHER,PLATFORM,0,0,0,0,0,0,0,NATIONAL
venezuela,drumhellermail.com,com,GLOBAL,GLOBAL,GLOBAL,PLATFORM,0,0,0,0,0,0,0,NATIONAL
venezuela,duvarenglish.com,com,GLOBAL,GLOBAL,GLOBAL,PLATFORM,0,0,0,0,0,0,0,NATIONAL
venezuela,eagletribune.com,com,GLOBAL,GLOBAL,GLOBAL,PLATFORM,0,0,0,0,0,0,0,NATIONAL
venezuela,earth.com,com,GLOBAL,GLOBAL,GLOBAL,PLATFORM,0,0,0,0,0,0,0,NATIONAL
venezuela,economictimes.indiatimes.com,com,GLOBAL,GLOBAL,GLOBAL,PLATFORM,0,0,0,0,0,0,0,NATIONAL
venezuela,edition.cnn.com,com,GLOBAL,GLOBAL,GLOBAL,PLATFORM,0,0,0,0,0,0,0,NATIONAL
venezuela,effinghamherald.net,net,GLOBAL,GLOBAL,GLOBAL,PLATFORM,0,0,0,0,0,0,0,NATIONAL
venezuela,en.shafaqna.com,com,GLOBAL,GLOBAL,GLOBAL,PLATFORM,0,0,0,0,0,0,0,NATIONAL
venezuela,eonline.com,com,GLOBAL,GLOBAL,GLOBAL,PLATFORM,0,0,0,0,0,0,0,NATIONAL
venezuela,eppingforestguardian.co.uk,uk,GB,Europe & Central Asia,OTHER,PLATFORM,0,0,0,0,0,0,0,NATIONAL
venezuela,erienewsnow.com,com,GLOBAL,GLOBAL,GLOBAL,PLATFORM,0,0,0,0,0,0,0,NATIONAL
venezuela,etfdailynews.com,com,GLOBAL,GLOBAL,GLOBAL,PLATFORM,0,0,0,0,0,0,0,NATIONAL
venezuela,europesun.com,com,GLOBAL,GLOBAL,GLOBAL,PLATFORM,0,0,0,0,0,0,0,NATIONAL
venezuela,eveningnews24.co.uk,uk,GB,Europe & Central Asia,OTHER,PLATFORM,0,0,0,0,0,0,0,NATIONAL
venezuela,evwind.es,es,ES,Europe & Central Asia,OTHER,PLATFORM,0,0,0,0,0,0,0,NATIONAL
venezuela,exclaim.ca,ca,CA,North America,OTHER,PLATFORM,0,0,0,0,0,0,0,NATIONAL
venezuela,express.co.uk,uk,GB,Europe & Central Asia,OTHER,PLATFORM,0,0,0,0,0,0,0,NATIONAL
venezuela,fandompost.com,com,GLOBAL,GLOBAL,GLOBAL,PLATFORM,0,0,0,0,0,0,0,NATIONAL
venezuela,fbcnews.com.fj,fj,NA,NA,OTHER,PLATFORM,0,0,0,0,0,0,0,PLATFORM
venezuela,fijisun.com.fj,fj,NA,NA,OTHER,PLATFORM,0,0,0,0,0,0,0,PLATFORM
venezuela,fijivillage.com,com,GLOBAL,GLOBAL,GLOBAL,PLATFORM,0,0,0,0,0,0,0,NATIONAL
venezuela,foreignaffairs.co.nz,nz,NZ,East Asia & Pacific,OTHER,PLATFORM,0,0,0,0,0,0,0,NATIONAL
venezuela,fourstateshomepage.com,com,GLOBAL,GLOBAL,GLOBAL,PLATFORM,0,0,0,0,0,0,0,NATIONAL
venezuela,fox2now.com,com,GLOBAL,GLOBAL,GLOBAL,PLATFORM,0,0,0,0,0,0,0,NATIONAL
venezuela,fox34.com,com,GLOBAL,GLOBAL,GLOBAL,PLATFORM,0,0,0,0,0,0,0,NATIONAL
venezuela,fox4kc.com,com,GLOBAL,GLOBAL,GLOBAL,PLATFORM,0,0,0,0,0,0,0,NATIONAL
venezuela,fox61.com,com,GLOBAL,GLOBAL,GLOBAL,PLATFORM,0,0,0,0,0,0,0,NATIONAL
venezuela,fox9.com,com,GLOBAL,GLOBAL,GLOBAL,PLATFORM,0,0,0,0,0,0,0,NATIONAL
venezuela,france24.com,com,GLOBAL,GLOBAL,GLOBAL,PLATFORM,0,0,0,0,0,0,0,NATIONAL
venezuela,fresnobee.com,com,GLOBAL,GLOBAL,GLOBAL,PLATFORM,0,0,0,0,0,0,0,NATIONAL
venezuela,frontline.thehindu.com,com,GLOBAL,GLOBAL,GLOBAL,PLATFORM,0,0,0,0,0,0,0,NATIONAL
venezuela,futurecar.com,com,GLOBAL,GLOBAL,GLOBAL,PLATFORM,0,0,0,0,0,0,0,NATIONAL
venezuela,gamespot.com,com,GLOBAL,GLOBAL,GLOBAL,PLATFORM,0,0,0,0,0,0,0,NATIONAL
venezuela,giants.com,com,GLOBAL,GLOBAL,GLOBAL,PLATFORM,0,0,0,0,0,0,0,NATIONAL
venezuela,globalhappenings.com,com,GLOBAL,GLOBAL,GLOBAL,PLATFORM,0,0,0,0,0,0,0,NATIONAL
venezuela,globalnation.inquirer.net,net,GLOBAL,GLOBAL,GLOBAL,PLATFORM,0,0,0,0,0,0,0,NATIONAL
venezuela,governing.com,com,GLOBAL,GLOBAL,GLOBAL,PLATFORM,0,0,0,0,0,0,0,NATIONAL
venezuela,gulf104.com,com,GLOBAL,GLOBAL,GLOBAL,PLATFORM,0,0,0,0,0,0,0,NATIONAL
venezuela,gvnews.com,com,GLOBAL,GLOBAL,GLOBAL,PLATFORM,0,0,0,0,0,0,0,NATIONAL
venezuela,halsteadgazette.co.uk,uk,GB,Europe & Central Asia,OTHER,PLATFORM,0,0,0,0,0,0,0,NATIONAL
venezuela,helenair.com,com,GLOBAL,GLOBAL,GLOBAL,PLATFORM,0,0,0,0,0,0,0,NATIONAL
venezuela,herald.co.zw,zw,NA,NA,OTHER,PLATFORM,0,0,0,0,0,0,0,PLATFORM
venezuela,historiccity.com,com,GLOBAL,GLOBAL,GLOBAL,PLATFORM,0,0,0,0,0,0,0,NATIONAL
venezuela,historytoday.com,com,GLOBAL,GLOBAL,GLOBAL,PLATFORM,0,0,0,0,0,0,0,NATIONAL
venezuela,hngn.com,com,GLOBAL,GLOBAL,GLOBAL,PLATFORM,0,0,0,0,0,0,0,NATIONAL
venezuela,homernews.com,com,GLOBAL,GLOBAL,GLOBAL,PLATFORM,0,0,0,0,0,0,0,NATIONAL
venezuela,hub-4.com,com,GLOBAL,GLOBAL,GLOBAL,PLATFORM,0,0,0,0,0,0,0,NATIONAL
venezuela,ign.com,com,GLOBAL,GLOBAL,GLOBAL,PLATFORM,0,0,0,0,0,0,0,NATIONAL
venezuela,independent.co.uk,uk,GB,Europe & Central Asia,OTHER,PLATFORM,0,0,0,0,0,0,0,NATIONAL
venezuela,indiankanoon.org,org,GLOBAL,GLOBAL,GLOBAL,PLATFORM,0,0,0,0,0,0,0,NATIONAL
venezuela,indiatimes.com,com,GLOBAL,GLOBAL,GLOBAL,PLATFORM,0,0,0,0,0,0,0,NATIONAL
venezuela,indybay.org,org,GLOBAL,GLOBAL,GLOBAL,PLATFORM,0,0,0,0,0,0,0,NATIONAL
venezuela,infiniteunknown.net,net,GLOBAL,GLOBAL,GLOBAL,PLATFORM,0,0,0,0,0,0,0,NATIONAL
venezuela,info.scoop.co.nz,nz,NZ,East Asia & Pacific,OTHER,PLATFORM,0,0,0,0,0,0,0,NATIONAL
venezuela,insider.com,com,GLOBAL,GLOBAL,GLOBAL,PLATFORM,0,0,0,0,0,0,0,NATIONAL
venezuela,insidethegames.biz,biz,GLOBAL,GLOBAL,GLOBAL,PLATFORM,0,0,0,0,0,0,0,NATIONAL
venezuela,insightcrime.org,org,GLOBAL,GLOBAL,GLOBAL,PLATFORM,0,0,0,0,0,0,0,NATIONAL
venezuela,instinctmagazine.com,com,GLOBAL,GLOBAL,GLOBAL,PLATFORM,0,0,0,0,0,0,0,NATIONAL
venezuela,insurancebusinessmag.com,com,GLOBAL,GLOBAL,GLOBAL,PLATFORM,0,0,0,0,0,0,0,NATIONAL
venezuela,inverness-courier.co.uk,uk,GB,Europe & Central Asia,OTHER,PLATFORM,0,0,0,0,0,0,0,NATIONAL
venezuela,ipcs.org,org,GLOBAL,GLOBAL,GLOBAL,PLATFORM,0,0,0,0,0,0,0,NATIONAL
venezuela,ipowerrichmond.com,com,GLOBAL,GLOBAL,GLOBAL,PLATFORM,0,0,0,0,0,0,0,NATIONAL
venezuela,irishcentral.com,com,GLOBAL,GLOBAL,GLOBAL,PLATFORM,0,0,0,0,0,0,0,NATIONAL
venezuela,islandpacket.com,com,GLOBAL,GLOBAL,GLOBAL,PLATFORM,0,0,0,0,0,0,0,NATIONAL
venezuela,islandsbusiness.com,com,GLOBAL,GLOBAL,GLOBAL,PLATFORM,0,0,0,0,0,0,0,NATIONAL
venezuela,isustudentmedia.com,com,GLOBAL,GLOBAL,GLOBAL,PLATFORM,0,0,0,0,0,0,0,NATIONAL
venezuela,itv.com,com,GLOBAL,GLOBAL,GLOBAL,PLATFORM,0,0,0,0,0,0,0,NATIONAL
venezuela,johnogroat-journal.co.uk,uk,GB,Europe & Central Asia,OTHER,PLATFORM,0,0,0,0,0,0,0,NATIONAL
venezuela,journalrecord.com,com,GLOBAL,GLOBAL,GLOBAL,PLATFORM,0,0,0,0,0,0,0,NATIONAL
venezuela,jurist.org,org,GLOBAL,GLOBAL,GLOBAL,PLATFORM,0,0,0,0,0,0,0,NATIONAL
venezuela,kamloopsthisweek.com,com,GLOBAL,GLOBAL,GLOBAL,PLATFORM,0,0,0,0,0,0,0,NATIONAL
venezuela,katc.com,com,GLOBAL,GLOBAL,GLOBAL,PLATFORM,0,0,0,0,0,0,0,NATIONAL
venezuela,katsfm.com,com,GLOBAL,GLOBAL,GLOBAL,PLATFORM,0,0,0,0,0,0,0,NATIONAL
venezuela,kelofm.com,com,GLOBAL,GLOBAL,GLOBAL,PLATFORM,0,0,0,0,0,0,0,NATIONAL
venezuela,khar590.com,com,GLOBAL,GLOBAL,GLOBAL,PLATFORM,0,0,0,0,0,0,0,NATIONAL
venezuela,kicdam.com,com,GLOBAL,GLOBAL,GLOBAL,PLATFORM,0,0,0,0,0,0,0,NATIONAL
venezuela,kiow.com,com,GLOBAL,GLOBAL,GLOBAL,PLATFORM,0,0,0,0,0,0,0,NATIONAL
venezuela,kiro7.com,com,GLOBAL,GLOBAL,GLOBAL,PLATFORM,0,0,0,0,0,0,0,NATIONAL
venezuela,kisscincinnati.iheart.com,com,GLOBAL,GLOBAL,GLOBAL,PLATFORM,0,0,0,0,0,0,0,NATIONAL
venezuela,kjct8.com,com,GLOBAL,GLOBAL,GLOBAL,PLATFORM,0,0,0,0,0,0,0,NATIONAL
venezuela,kkyx.com,com,GLOBAL,GLOBAL,GLOBAL,PLATFORM,0,0,0,0,0,0,0,NATIONAL
venezuela,knox.villagesoup.com,com,GLOBAL,GLOBAL,GLOBAL,PLATFORM,0,0,0,0,0,0,0,NATIONAL
venezuela,koin.com,com,GLOBAL,GLOBAL,GLOBAL,PLATFORM,0,0,0,0,0,0,0,NATIONAL
venezuela,kolotv.com,com,GLOBAL,GLOBAL,GLOBAL,PLATFORM,0,0,0,0,0,0,0,NATIONAL
venezuela,koreatimes.co.kr,kr,KR,East Asia & Pacific,OTHER,PLATFORM,0,0,0,0,0,0,0,NATIONAL
venezuela,kptv.com,com,GLOBAL,GLOBAL,GLOBAL,PLATFORM,0,0,0,0,0,0,0,NATIONAL
venezuela,krmg.com,com,GLOBAL,GLOBAL,GLOBAL,PLATFORM,0,0,0,0,0,0,0,NATIONAL
venezuela,krocnews.com,com,GLOBAL,GLOBAL,GLOBAL,PLATFORM,0,0,0,0,0,0,0,NATIONAL
venezuela,krro.com,com,GLOBAL,GLOBAL,GLOBAL,PLATFORM,0,0,0,0,0,0,0,NATIONAL
venezuela,ksisradio.com,com,GLOBAL,GLOBAL,GLOBAL,PLATFORM,0,0,0,0,0,0,0,NATIONAL
venezuela,kswo.com,com,GLOBAL,GLOBAL,GLOBAL,PLATFORM,0,0,0,0,0,0,0,NATIONAL
venezuela,kten.com,com,GLOBAL,GLOBAL,GLOBAL,PLATFORM,0,0,0,0,0,0,0,NATIONAL
venezuela,kuaf.com,com,GLOBAL,GLOBAL,GLOBAL,PLATFORM,0,0,0,0,0,0,0,NATIONAL
venezuela,kuna.net.kw,kw,NA,NA,OTHER,PLATFORM,0,0,0,0,0,0,0,PLATFORM
venezuela,kwin.com,com,GLOBAL,GLOBAL,GLOBAL,PLATFORM,0,0,0,0,0,0,0,NATIONAL
venezuela,kxt.org,org,GLOBAL,GLOBAL,GLOBAL,PLATFORM,0,0,0,0,0,0,0,NATIONAL
venezuela,ky3.com,com,GLOBAL,GLOBAL,GLOBAL,PLATFORM,0,0,0,0,0,0,0,NATIONAL
venezuela,legallyindia.com,com,GLOBAL,GLOBAL,GLOBAL,PLATFORM,0,0,0,0,0,0,0,NATIONAL
venezuela,legit.ng,ng,NG,Sub-Saharan Africa,AFRICA,PLATFORM,0,0,0,0,0,0,0,NATIONAL
venezuela,leinsterleader.ie,ie,NA,NA,OTHER,PLATFORM,0,0,0,0,0,0,0,PLATFORM
venezuela,lemonde.fr,fr,FR,Europe & Central Asia,OTHER,PLATFORM,0,0,0,0,0,0,0,NATIONAL
venezuela,lep.co.uk,uk,GB,Europe & Central Asia,OTHER,PLATFORM,0,0,0,0,0,0,0,NATIONAL
venezuela,liberty.edu,edu,NA,NA,OTHER,PLATFORM,0,0,0,0,0,0,0,PLATFORM
venezuela,liverpoolecho.co.uk,uk,GB,Europe & Central Asia,OTHER,PLATFORM,0,0,0,0,0,0,0,NATIONAL
venezuela,local12.com,com,GLOBAL,GLOBAL,GLOBAL,PLATFORM,0,0,0,0,0,0,0,NATIONAL
venezuela,londonmercury.com,com,GLOBAL,GLOBAL,GLOBAL,PLATFORM,0,0,0,0,0,0,0,NATIONAL
venezuela,lostcoastoutpost.com,com,GLOBAL,GLOBAL,GLOBAL,PLATFORM,0,0,0,0,0,0,0,NATIONAL
venezuela,lowellsun.com,com,GLOBAL,GLOBAL,GLOBAL,PLATFORM,0,0,0,0,0,0,0,NATIONAL
venezuela,lowkickmma.com,com,GLOBAL,GLOBAL,GLOBAL,PLATFORM,0,0,0,0,0,0,0,NATIONAL
venezuela,m.lasvegassun.com,com,GLOBAL,GLOBAL,GLOBAL,PLATFORM,0,0,0,0,0,0,0,NATIONAL
venezuela,maryvilleforum.com,com,GLOBAL,GLOBAL,GLOBAL,PLATFORM,0,0,0,0,0,0,0,NATIONAL
venezuela,mcalesternews.com,com,GLOBAL,GLOBAL,GLOBAL,PLATFORM,0,0,0,0,0,0,0,NATIONAL
venezuela,metro-magazine.com,com,GLOBAL,GLOBAL,GLOBAL,PLATFORM,0,0,0,0,0,0,0,NATIONAL
venezuela,miningjournal.net,net,GLOBAL,GLOBAL,GLOBAL,PLATFORM,0,0,0,0,0,0,0,NATIONAL
venezuela,mix97.com,com,GLOBAL,GLOBAL,GLOBAL,PLATFORM,0,0,0,0,0,0,0,NATIONAL
venezuela,mix999fm.iheart.com,com,GLOBAL,GLOBAL,GLOBAL,PLATFORM,0,0,0,0,0,0,0,NATIONAL
venezuela,mlive.com,com,GLOBAL,GLOBAL,GLOBAL,PLATFORM,0,0,0,0,0,0,0,NATIONAL
venezuela,modernghana.com,com,GLOBAL,GLOBAL,GLOBAL,PLATFORM,0,0,0,0,0,0,0,NATIONAL
venezuela,money.usnews.com,com,GLOBAL,GLOBAL,GLOBAL,PLATFORM,0,0,0,0,0,0,0,NATIONAL
venezuela,morrowcountysentinel.com,com,GLOBAL,GLOBAL,GLOBAL,PLATFORM,0,0,0,0,0,0,0,NATIONAL
venezuela,mountaintimes.info,info,GLOBAL,GLOBAL,GLOBAL,PLATFORM,0,0,0,0,0,0,0,NATIONAL
venezuela,muscatinejournal.com,com,GLOBAL,GLOBAL,GLOBAL,PLATFORM,0,0,0,0,0,0,0,NATIONAL
venezuela,myanmarnews.net,net,GLOBAL,GLOBAL,GLOBAL,PLATFORM,0,0,0,0,0,0,0,NATIONAL
venezuela,myk104.com,com,GLOBAL,GLOBAL,GLOBAL,PLATFORM,0,0,0,0,0,0,0,NATIONAL
venezuela,mykiss951.iheart.com,com,GLOBAL,GLOBAL,GLOBAL,PLATFORM,0,0,0,0,0,0,0,NATIONAL
venezuela,mylakelandnow.com,com,GLOBAL,GLOBAL,GLOBAL,PLATFORM,0,0,0,0,0,0,0,NATIONAL
venezuela,mylondon.news,news,NA,NA,OTHER,PLATFORM,0,0,0,0,0,0,0,PLATFORM
venezuela,nationaltribune.com.au,au,AU,East Asia & Pacific,OTHER,PLATFORM,0,0,0,0,0,0,0,NATIONAL
venezuela,navytimes.com,com,GLOBAL,GLOBAL,GLOBAL,PLATFORM,0,0,0,0,0,0,0,NATIONAL
venezuela,nbclosangeles.com,com,GLOBAL,GLOBAL,GLOBAL,PLATFORM,0,0,0,0,0,0,0,NATIONAL
venezuela,ndtv.com,com,GLOBAL,GLOBAL,GLOBAL,PLATFORM,0,0,0,0,0,0,0,NATIONAL
venezuela,nevadabusiness.com,com,GLOBAL,GLOBAL,GLOBAL,PLATFORM,0,0,0,0,0,0,0,NATIONAL
venezuela,newhot997.com,com,GLOBAL,GLOBAL,GLOBAL,PLATFORM,0,0,0,0,0,0,0,NATIONAL
venezuela,newindianexpress.com,com,GLOBAL,GLOBAL,GLOBAL,PLATFORM,0,0,0,0,0,0,0,NATIONAL
venezuela,news-gazette.com,com,GLOBAL,GLOBAL,GLOBAL,PLATFORM,0,0,0,0,0,0,0,NATIONAL
venezuela,news.az,az,NA,NA,OTHER,PLATFORM,0,0,0,0,0,0,0,PLATFORM
venezuela,newser.com,com,GLOBAL,GLOBAL,GLOBAL,PLATFORM,0,0,0,0,0,0,0,NATIONAL
venezuela,newsincyprus.com,com,GLOBAL,GLOBAL,GLOBAL,PLATFORM,0,0,0,0,0,0,0,NATIONAL
venezuela,newsletter.blogs.wesleyan.edu,edu,NA,NA,OTHER,PLATFORM,0,0,0,0,0,0,0,PLATFORM
venezuela,newstalkkzrg.com,com,GLOBAL,GLOBAL,GLOBAL,PLATFORM,0,0,0,0,0,0,0,NATIONAL
venezuela,newswest9.com,com,GLOBAL,GLOBAL,GLOBAL,PLATFORM,0,0,0,0,0,0,0,NATIONAL
venezuela,njbiz.com,com,GLOBAL,GLOBAL,GLOBAL,PLATFORM,0,0,0,0,0,0,0,NATIONAL
venezuela,nme.com,com,GLOBAL,GLOBAL,GLOBAL,PLATFORM,0,0,0,0,0,0,0,NATIONAL
venezuela,northernnews.ca:443,NA,NA,NA,OTHER,PLATFORM,0,0,0,0,0,0,0,PLATFORM
venezuela,npr.org,org,GLOBAL,GLOBAL,GLOBAL,PLATFORM,0,0,0,0,0,0,0,NATIONAL
venezuela,nrvnews.com,com,GLOBAL,GLOBAL,GLOBAL,PLATFORM,0,0,0,0,0,0,0,NATIONAL
venezuela,nz.news.yahoo.com,com,GLOBAL,GLOBAL,GLOBAL,PLATFORM,0,0,0,0,0,0,0,NATIONAL
venezuela,oas.org,org,GLOBAL,GLOBAL,GLOBAL,PLATFORM,0,0,0,0,0,0,0,NATIONAL
venezuela,ohscanada.com,com,GLOBAL,GLOBAL,GLOBAL,PLATFORM,0,0,0,0,0,0,0,NATIONAL
venezuela,oit.edu,edu,NA,NA,OTHER,PLATFORM,0,0,0,0,0,0,0,PLATFORM
venezuela,onlineopinion.com.au,au,AU,East Asia & Pacific,OTHER,PLATFORM,0,0,0,0,0,0,0,NATIONAL
venezuela,orthospinenews.com,com,GLOBAL,GLOBAL,GLOBAL,PLATFORM,0,0,0,0,0,0,0,NATIONAL
venezuela,peacefmonline.com,com,GLOBAL,GLOBAL,GLOBAL,PLATFORM,0,0,0,0,0,0,0,NATIONAL
venezuela,petapixel.com,com,GLOBAL,GLOBAL,GLOBAL,PLATFORM,0,0,0,0,0,0,0,NATIONAL
venezuela,phillytrib.com,com,GLOBAL,GLOBAL,GLOBAL,PLATFORM,0,0,0,0,0,0,0,NATIONAL
venezuela,pmnewsnigeria.com,com,GLOBAL,GLOBAL,GLOBAL,PLATFORM,0,0,0,0,0,0,0,NATIONAL
venezuela,power98fm.com,com,GLOBAL,GLOBAL,GLOBAL,PLATFORM,0,0,0,0,0,0,0,NATIONAL
venezuela,pressreleasepoint.com,com,GLOBAL,GLOBAL,GLOBAL,PLATFORM,0,0,0,0,0,0,0,NATIONAL
venezuela,psu.com,com,GLOBAL,GLOBAL,GLOBAL,PLATFORM,0,0,0,0,0,0,0,NATIONAL
venezuela,quadcitiesdaily.com,com,GLOBAL,GLOBAL,GLOBAL,PLATFORM,0,0,0,0,0,0,0,NATIONAL
venezuela,realradio.iheart.com,com,GLOBAL,GLOBAL,GLOBAL,PLATFORM,0,0,0,0,0,0,0,NATIONAL
venezuela,redwatch.org.au,au,AU,East Asia & Pacific,OTHER,PLATFORM,0,0,0,0,0,0,0,NATIONAL
venezuela,republic-online.com,com,GLOBAL,GLOBAL,GLOBAL,PLATFORM,0,0,0,0,0,0,0,NATIONAL
venezuela,republikein.com.na,na,NA,NA,OTHER,PLATFORM,0,0,0,0,0,0,0,PLATFORM
venezuela,revengeofthebirds.com,com,GLOBAL,GLOBAL,GLOBAL,PLATFORM,0,0,0,0,0,0,0,NATIONAL
venezuela,ringtv.com,com,GLOBAL,GLOBAL,GLOBAL,PLATFORM,0,0,0,0,0,0,0,NATIONAL
venezuela,robbreport.com,com,GLOBAL,GLOBAL,GLOBAL,PLATFORM,0,0,0,0,0,0,0,NATIONAL
venezuela,rollcall.com,com,GLOBAL,GLOBAL,GLOBAL,PLATFORM,0,0,0,0,0,0,0,NATIONAL
venezuela,russianmachineneverbreaks.com,com,GLOBAL,GLOBAL,GLOBAL,PLATFORM,0,0,0,0,0,0,0,NATIONAL
venezuela,rustonleader.com,com,GLOBAL,GLOBAL,GLOBAL,PLATFORM,0,0,0,0,0,0,0,NATIONAL
venezuela,sahanjournal.com,com,GLOBAL,GLOBAL,GLOBAL,PLATFORM,0,0,0,0,0,0,0,NATIONAL
venezuela,sailingscuttlebutt.com,com,GLOBAL,GLOBAL,GLOBAL,PLATFORM,0,0,0,0,0,0,0,NATIONAL
venezuela,scoop.co.nz,nz,NZ,East Asia & Pacific,OTHER,PLATFORM,0,0,0,0,0,0,0,NATIONAL
venezuela,seekingalpha.com,com,GLOBAL,GLOBAL,GLOBAL,PLATFORM,1,0,0,0,0,0,1,FIN
venezuela,seneweb.com,com,GLOBAL,GLOBAL,GLOBAL,PLATFORM,0,0,0,0,0,0,0,NATIONAL
venezuela,silive.com,com,GLOBAL,GLOBAL,GLOBAL,PLATFORM,0,0,0,0,0,0,0,NATIONAL
venezuela,somersetcountygazette.co.uk,uk,GB,Europe & Central Asia,OTHER,PLATFORM,0,0,0,0,0,0,0,NATIONAL
venezuela,southcarolinapublicradio.org,org,GLOBAL,GLOBAL,GLOBAL,PLATFORM,0,0,0,0,0,0,0,NATIONAL
venezuela,southwalesguardian.co.uk,uk,GB,Europe & Central Asia,OTHER,PLATFORM,0,0,0,0,0,0,0,NATIONAL
venezuela,spectator.co.uk,uk,GB,Europe & Central Asia,OTHER,PLATFORM,0,0,0,0,0,0,0,NATIONAL
venezuela,spokesman.com,com,GLOBAL,GLOBAL,GLOBAL,PLATFORM,0,0,0,0,0,0,0,NATIONAL
venezuela,steelersnow.com,com,GLOBAL,GLOBAL,GLOBAL,PLATFORM,0,0,0,0,0,0,0,NATIONAL
venezuela,stokesentinel.co.uk,uk,GB,Europe & Central Asia,OTHER,PLATFORM,0,0,0,0,0,0,0,NATIONAL
venezuela,store.ign.com,com,GLOBAL,GLOBAL,GLOBAL,PLATFORM,0,0,0,0,0,0,0,NATIONAL
venezuela,sunherald.com,com,GLOBAL,GLOBAL,GLOBAL,PLATFORM,0,0,0,0,0,0,0,NATIONAL
venezuela,sunjournal.com,com,GLOBAL,GLOBAL,GLOBAL,PLATFORM,0,0,0,0,0,0,0,NATIONAL
venezuela,sunny985.iheart.com,com,GLOBAL,GLOBAL,GLOBAL,PLATFORM,0,0,0,0,0,0,0,NATIONAL
venezuela,swnews4u.com,com,GLOBAL,GLOBAL,GLOBAL,PLATFORM,0,0,0,0,0,0,0,NATIONAL
venezuela,talkvietnam.com,com,GLOBAL,GLOBAL,GLOBAL,PLATFORM,0,0,0,0,0,0,0,NATIONAL
venezuela,tampabaysmix.iheart.com,com,GLOBAL,GLOBAL,GLOBAL,PLATFORM,0,0,0,0,0,0,0,NATIONAL
venezuela,tbnewswatch.com,com,GLOBAL,GLOBAL,GLOBAL,PLATFORM,0,0,0,0,0,0,0,NATIONAL
venezuela,theadanews.com,com,GLOBAL,GLOBAL,GLOBAL,PLATFORM,0,0,0,0,0,0,0,NATIONAL
venezuela,theadvocate.com.au,au,AU,East Asia & Pacific,OTHER,PLATFORM,0,0,0,0,0,0,0,NATIONAL
venezuela,thearabdailynews.com,com,GLOBAL,GLOBAL,GLOBAL,PLATFORM,0,0,0,0,0,0,0,NATIONAL
venezuela,theartnewspaper.com,com,GLOBAL,GLOBAL,GLOBAL,PLATFORM,0,0,0,0,0,0,0,NATIONAL
venezuela,thebeatcolumbia.iheart.com,com,GLOBAL,GLOBAL,GLOBAL,PLATFORM,0,0,0,0,0,0,0,NATIONAL
venezuela,theblast.com,com,GLOBAL,GLOBAL,GLOBAL,PLATFORM,0,0,0,0,0,0,0,NATIONAL
venezuela,theblaze.com,com,GLOBAL,GLOBAL,GLOBAL,PLATFORM,0,0,0,0,0,0,0,NATIONAL
venezuela,thebridgenewsng.com,com,GLOBAL,GLOBAL,GLOBAL,PLATFORM,0,0,0,0,0,0,0,NATIONAL
venezuela,thebuckeyeflame.com,com,GLOBAL,GLOBAL,GLOBAL,PLATFORM,0,0,0,0,0,0,0,NATIONAL
venezuela,thecherokeean.com,com,GLOBAL,GLOBAL,GLOBAL,PLATFORM,0,0,0,0,0,0,0,NATIONAL
venezuela,thechronicle-online.com:443,NA,NA,NA,OTHER,PLATFORM,0,0,0,0,0,0,0,PLATFORM
venezuela,thedailystar.net,net,GLOBAL,GLOBAL,GLOBAL,PLATFORM,0,0,0,0,0,0,0,NATIONAL
venezuela,thefutoncritic.com,com,GLOBAL,GLOBAL,GLOBAL,PLATFORM,0,0,0,0,0,0,0,NATIONAL
venezuela,thegazette.com,com,GLOBAL,GLOBAL,GLOBAL,PLATFORM,0,0,0,0,0,0,0,NATIONAL
venezuela,thenewsmarket.com,com,GLOBAL,GLOBAL,GLOBAL,PLATFORM,0,0,0,0,0,0,0,NATIONAL
venezuela,theolympian.com,com,GLOBAL,GLOBAL,GLOBAL,PLATFORM,0,0,0,0,0,0,0,NATIONAL
venezuela,theroanokestar.com,com,GLOBAL,GLOBAL,GLOBAL,PLATFORM,0,0,0,0,0,0,0,NATIONAL
venezuela,thestatesman.com,com,GLOBAL,GLOBAL,GLOBAL,PLATFORM,0,0,0,0,0,0,0,NATIONAL
venezuela,thewhiskeywash.com,com,GLOBAL,GLOBAL,GLOBAL,PLATFORM,0,0,0,0,0,0,0,NATIONAL
venezuela,ticket760.iheart.com,com,GLOBAL,GLOBAL,GLOBAL,PLATFORM,0,0,0,0,0,0,0,NATIONAL
venezuela,tide1009.com,com,GLOBAL,GLOBAL,GLOBAL,PLATFORM,0,0,0,0,0,0,0,NATIONAL
venezuela,time.com,com,GLOBAL,GLOBAL,GLOBAL,PLATFORM,0,0,0,0,0,0,0,NATIONAL
venezuela,timesgazette.com,com,GLOBAL,GLOBAL,GLOBAL,PLATFORM,0,0,0,0,0,0,0,NATIONAL
venezuela,timesofisrael.com,com,GLOBAL,GLOBAL,GLOBAL,PLATFORM,0,0,0,0,0,0,0,NATIONAL
venezuela,tmj4.com,com,GLOBAL,GLOBAL,GLOBAL,PLATFORM,0,0,0,0,0,0,0,NATIONAL
venezuela,toucharcade.com,com,GLOBAL,GLOBAL,GLOBAL,PLATFORM,0,0,0,0,0,0,0,NATIONAL
venezuela,travelnoire.com,com,GLOBAL,GLOBAL,GLOBAL,PLATFORM,0,0,0,0,0,0,0,NATIONAL
venezuela,travelpulse.com,com,GLOBAL,GLOBAL,GLOBAL,PLATFORM,0,0,0,0,0,0,0,NATIONAL
venezuela,ualrpublicradio.org,org,GLOBAL,GLOBAL,GLOBAL,PLATFORM,0,0,0,0,0,0,0,NATIONAL
venezuela,ucmo.edu,edu,NA,NA,OTHER,PLATFORM,0,0,0,0,0,0,0,PLATFORM
venezuela,undp.org,org,GLOBAL,GLOBAL,GLOBAL,PLATFORM,0,0,0,0,0,0,0,NATIONAL
venezuela,upnorthlive.com,com,GLOBAL,GLOBAL,GLOBAL,PLATFORM,0,0,0,0,0,0,0,NATIONAL
venezuela,uppermichiganssource.com,com,GLOBAL,GLOBAL,GLOBAL,PLATFORM,0,0,0,0,0,0,0,NATIONAL
venezuela,usa.inquirer.net,net,GLOBAL,GLOBAL,GLOBAL,PLATFORM,0,0,0,0,0,0,0,NATIONAL
venezuela,utahindependent.com,com,GLOBAL,GLOBAL,GLOBAL,PLATFORM,0,0,0,0,0,0,0,NATIONAL
venezuela,v1019.com,com,GLOBAL,GLOBAL,GLOBAL,PLATFORM,0,0,0,0,0,0,0,NATIONAL
venezuela,vegnews.com,com,GLOBAL,GLOBAL,GLOBAL,PLATFORM,0,0,0,0,0,0,0,NATIONAL
venezuela,vervetimes.com,com,GLOBAL,GLOBAL,GLOBAL,PLATFORM,0,0,0,0,0,0,0,NATIONAL
venezuela,von.gov.ng,ng,NG,Sub-Saharan Africa,AFRICA,PLATFORM,0,0,0,0,0,0,0,NATIONAL
venezuela,wafb.com,com,GLOBAL,GLOBAL,GLOBAL,PLATFORM,0,0,0,0,0,0,0,NATIONAL
venezuela,washingtonexaminer.com,com,GLOBAL,GLOBAL,GLOBAL,PLATFORM,0,0,0,0,0,0,0,NATIONAL
venezuela,wbko.com,com,GLOBAL,GLOBAL,GLOBAL,PLATFORM,0,0,0,0,0,0,0,NATIONAL
venezuela,wbtw.com,com,GLOBAL,GLOBAL,GLOBAL,PLATFORM,0,0,0,0,0,0,0,NATIONAL
venezuela,wbur.org,org,GLOBAL,GLOBAL,GLOBAL,PLATFORM,0,0,0,0,0,0,0,NATIONAL
venezuela,wbwn.com,com,GLOBAL,GLOBAL,GLOBAL,PLATFORM,0,0,0,0,0,0,0,NATIONAL
venezuela,wcbi.com,com,GLOBAL,GLOBAL,GLOBAL,PLATFORM,0,0,0,0,0,0,0,NATIONAL
venezuela,wcjmthebull.iheart.com,com,GLOBAL,GLOBAL,GLOBAL,PLATFORM,0,0,0,0,0,0,0,NATIONAL
venezuela,wfin.com,com,GLOBAL,GLOBAL,GLOBAL,PLATFORM,0,0,0,0,0,0,0,NATIONAL
venezuela,wfyi.org,org,GLOBAL,GLOBAL,GLOBAL,PLATFORM,0,0,0,0,0,0,0,NATIONAL
venezuela,wgclradio.com,com,GLOBAL,GLOBAL,GLOBAL,PLATFORM,0,0,0,0,0,0,0,NATIONAL
venezuela,whatsnew2day.com,com,GLOBAL,GLOBAL,GLOBAL,PLATFORM,0,0,0,0,0,0,0,NATIONAL
venezuela,wifr.com,com,GLOBAL,GLOBAL,GLOBAL,PLATFORM,0,0,0,0,0,0,0,NATIONAL
venezuela,wildrivers.lostcoastoutpost.com,com,GLOBAL,GLOBAL,GLOBAL,PLATFORM,0,0,0,0,0,0,0,NATIONAL
venezuela,wisn.com,com,GLOBAL,GLOBAL,GLOBAL,PLATFORM,0,0,0,0,0,0,0,NATIONAL
venezuela,wispolitics.com,com,GLOBAL,GLOBAL,GLOBAL,PLATFORM,0,0,0,0,0,0,0,NATIONAL
venezuela,wixx.com,com,GLOBAL,GLOBAL,GLOBAL,PLATFORM,0,0,0,0,0,0,0,NATIONAL
venezuela,wjla.com,com,GLOBAL,GLOBAL,GLOBAL,PLATFORM,0,0,0,0,0,0,0,NATIONAL
venezuela,wkbn.com,com,GLOBAL,GLOBAL,GLOBAL,PLATFORM,0,0,0,0,0,0,0,NATIONAL
venezuela,wkrb13.com,com,GLOBAL,GLOBAL,GLOBAL,PLATFORM,0,0,0,0,0,0,0,NATIONAL
venezuela,wksn.com,com,GLOBAL,GLOBAL,GLOBAL,PLATFORM,0,0,0,0,0,0,0,NATIONAL
venezuela,wmmbam.iheart.com,com,GLOBAL,GLOBAL,GLOBAL,PLATFORM,0,0,0,0,0,0,0,NATIONAL
venezuela,wnct.com,com,GLOBAL,GLOBAL,GLOBAL,PLATFORM,0,0,0,0,0,0,0,NATIONAL
venezuela,wnky.com,com,GLOBAL,GLOBAL,GLOBAL,PLATFORM,0,0,0,0,0,0,0,NATIONAL
venezuela,wobm.com,com,GLOBAL,GLOBAL,GLOBAL,PLATFORM,0,0,0,0,0,0,0,NATIONAL
venezuela,wohfradio.com,com,GLOBAL,GLOBAL,GLOBAL,PLATFORM,0,0,0,0,0,0,0,NATIONAL
venezuela,wokq.com,com,GLOBAL,GLOBAL,GLOBAL,PLATFORM,0,0,0,0,0,0,0,NATIONAL
venezuela,woodstocksentinelreview.com:443,NA,NA,NA,OTHER,PLATFORM,0,0,0,0,0,0,0,PLATFORM
venezuela,worldcrunch.com,com,GLOBAL,GLOBAL,GLOBAL,PLATFORM,0,0,0,0,0,0,0,NATIONAL
venezuela,wpoc.iheart.com,com,GLOBAL,GLOBAL,GLOBAL,PLATFORM,0,0,0,0,0,0,0,NATIONAL
venezuela,wsbradio.com,com,GLOBAL,GLOBAL,GLOBAL,PLATFORM,0,0,0,0,0,0,0,NATIONAL
venezuela,wset.com,com,GLOBAL,GLOBAL,GLOBAL,PLATFORM,0,0,0,0,0,0,0,NATIONAL
venezuela,wspa.com,com,GLOBAL,GLOBAL,GLOBAL,PLATFORM,0,0,0,0,0,0,0,NATIONAL
venezuela,wsyr.iheart.com,com,GLOBAL,GLOBAL,GLOBAL,PLATFORM,0,0,0,0,0,0,0,NATIONAL
venezuela,wwnytv.com,com,GLOBAL,GLOBAL,GLOBAL,PLATFORM,0,0,0,0,0,0,0,NATIONAL
venezuela,www3.nhk.or.jp,jp,JP,East Asia & Pacific,OTHER,PLATFORM,0,0,0,0,0,0,0,NATIONAL
venezuela,y105fm.com,com,GLOBAL,GLOBAL,GLOBAL,PLATFORM,0,0,0,0,0,0,0,NATIONAL
venezuela,youngwitness.com.au,au,AU,East Asia & Pacific,OTHER,PLATFORM,0,0,0,0,0,0,0,NATIONAL
venezuela,yoursourceone.com,com,GLOBAL,GLOBAL,GLOBAL,PLATFORM,0,0,0,0,0,0,0,NATIONAL
venezuela,z1035.com,com,GLOBAL,GLOBAL,GLOBAL,PLATFORM,0,0,0,0,0,0,0,NATIONAL
venezuela,1003thepeak.iheart.com,com,GLOBAL,GLOBAL,GLOBAL,PLATFORM,0,0,0,0,0,0,0,NATIONAL
venezuela,1027kord.com,com,GLOBAL,GLOBAL,GLOBAL,PLATFORM,0,0,0,0,0,0,0,NATIONAL
venezuela,1045latinohits.iheart.com,com,GLOBAL,GLOBAL,GLOBAL,PLATFORM,0,0,0,0,0,0,0,NATIONAL
venezuela,1073rocks.iheart.com,com,GLOBAL,GLOBAL,GLOBAL,PLATFORM,0,0,0,0,0,0,0,NATIONAL
venezuela,107mus.iheart.com,com,GLOBAL,GLOBAL,GLOBAL,PLATFORM,0,0,0,0,0,0,0,NATIONAL
venezuela,1350kman.com,com,GLOBAL,GLOBAL,GLOBAL,PLATFORM,0,0,0,0,0,0,0,NATIONAL
venezuela,13newsnow.com,com,GLOBAL,GLOBAL,GLOBAL,PLATFORM,0,0,0,0,0,0,0,NATIONAL
venezuela,2lt.com.au,au,AU,East Asia & Pacific,OTHER,PLATFORM,0,0,0,0,0,0,0,NATIONAL
venezuela,4bc.com.au,au,AU,East Asia & Pacific,OTHER,PLATFORM,0,0,0,0,0,0,0,NATIONAL
venezuela,590kqnt.iheart.com,com,GLOBAL,GLOBAL,GLOBAL,PLATFORM,0,0,0,0,0,0,0,NATIONAL
venezuela,650keni.iheart.com,com,GLOBAL,GLOBAL,GLOBAL,PLATFORM,0,0,0,0,0,0,0,NATIONAL
venezuela,931freshradio.ca,ca,CA,North America,OTHER,PLATFORM,0,0,0,0,0,0,0,NATIONAL
venezuela,937thebull.iheart.com,com,GLOBAL,GLOBAL,GLOBAL,PLATFORM,0,0,0,0,0,0,0,NATIONAL
venezuela,94rock.iheart.com,com,GLOBAL,GLOBAL,GLOBAL,PLATFORM,0,0,0,0,0,0,0,NATIONAL
venezuela,97zokonline.com,com,GLOBAL,GLOBAL,GLOBAL,PLATFORM,0,0,0,0,0,0,0,NATIONAL
venezuela,983thesnake.com,com,GLOBAL,GLOBAL,GLOBAL,PLATFORM,0,0,0,0,0,0,0,NATIONAL
venezuela,985thecat.iheart.com,com,GLOBAL,GLOBAL,GLOBAL,PLATFORM,0,0,0,0,0,0,0,NATIONAL
venezuela,abc10up.com,com,GLOBAL,GLOBAL,GLOBAL,PLATFORM,0,0,0,0,0,0,0,NATIONAL
venezuela,abc11.com,com,GLOBAL,GLOBAL,GLOBAL,PLATFORM,0,0,0,0,0,0,0,NATIONAL
venezuela,afr.com,com,GLOBAL,GLOBAL,GLOBAL,PLATFORM,0,0,0,0,0,0,0,NATIONAL
venezuela,agweek.com,com,GLOBAL,GLOBAL,GLOBAL,PLATFORM,0,0,0,0,0,0,0,NATIONAL
venezuela,alabamawx.com,com,GLOBAL,GLOBAL,GLOBAL,PLATFORM,0,0,0,0,0,0,0,NATIONAL
venezuela,albanyherald.com,com,GLOBAL,GLOBAL,GLOBAL,PLATFORM,0,0,0,0,0,0,0,NATIONAL
venezuela,alice1077.com,com,GLOBAL,GLOBAL,GLOBAL,PLATFORM,0,0,0,0,0,0,0,NATIONAL
venezuela,aliran.com,com,GLOBAL,GLOBAL,GLOBAL,PLATFORM,0,0,0,0,0,0,0,NATIONAL
venezuela,amarujala.com,com,GLOBAL,GLOBAL,GLOBAL,PLATFORM,0,0,0,0,0,0,0,NATIONAL
venezuela,americanpress.com,com,GLOBAL,GLOBAL,GLOBAL,PLATFORM,0,0,0,0,0,0,0,NATIONAL
venezuela,americansongwriter.com,com,GLOBAL,GLOBAL,GLOBAL,PLATFORM,0,0,0,0,0,0,0,NATIONAL
venezuela,argentinastar.com,com,GLOBAL,GLOBAL,GLOBAL,PLATFORM,0,0,0,0,0,0,0,NATIONAL
venezuela,arlnow.com,com,GLOBAL,GLOBAL,GLOBAL,PLATFORM,0,0,0,0,0,0,0,NATIONAL
venezuela,armytimes.com,com,GLOBAL,GLOBAL,GLOBAL,PLATFORM,0,0,0,0,0,0,0,NATIONAL
venezuela,arstechnica.com,com,GLOBAL,GLOBAL,GLOBAL,PLATFORM,0,0,0,0,0,0,0,NATIONAL
venezuela,artnews.com,com,GLOBAL,GLOBAL,GLOBAL,PLATFORM,0,0,0,0,0,0,0,NATIONAL
venezuela,aspenpublicradio.org,org,GLOBAL,GLOBAL,GLOBAL,PLATFORM,0,0,0,0,0,0,0,NATIONAL
venezuela,atvtoday.co.uk,uk,GB,Europe & Central Asia,OTHER,PLATFORM,0,0,0,0,0,0,0,NATIONAL
venezuela,b100wobb.iheart.com,com,GLOBAL,GLOBAL,GLOBAL,PLATFORM,0,0,0,0,0,0,0,NATIONAL
venezuela,b97fm.iheart.com,com,GLOBAL,GLOBAL,GLOBAL,PLATFORM,0,0,0,0,0,0,0,NATIONAL
venezuela,baconsrebellion.com,com,GLOBAL,GLOBAL,GLOBAL,PLATFORM,0,0,0,0,0,0,0,NATIONAL
venezuela,beijingbulletin.com,com,GLOBAL,GLOBAL,GLOBAL,PLATFORM,0,0,0,0,0,0,0,NATIONAL
venezuela,bicesteradvertiser.net,net,GLOBAL,GLOBAL,GLOBAL,PLATFORM,0,0,0,0,0,0,0,NATIONAL
venezuela,blackoutdallas.com,com,GLOBAL,GLOBAL,GLOBAL,PLATFORM,0,0,0,0,0,0,0,NATIONAL
venezuela,blog.hootsuite.com,com,GLOBAL,GLOBAL,GLOBAL,PLATFORM,0,0,0,0,0,0,0,NATIONAL
venezuela,blogs.timesofisrael.com,com,GLOBAL,GLOBAL,GLOBAL,PLATFORM,0,0,0,0,0,0,0,NATIONAL
venezuela,bostonmagazine.com,com,GLOBAL,GLOBAL,GLOBAL,PLATFORM,0,0,0,0,0,0,0,NATIONAL
venezuela,brookingsregister.com,com,GLOBAL,GLOBAL,GLOBAL,PLATFORM,0,0,0,0,0,0,0,NATIONAL
venezuela,brushnewstribune.com,com,GLOBAL,GLOBAL,GLOBAL,PLATFORM,0,0,0,0,0,0,0,NATIONAL
venezuela,businessinsider.com,com,GLOBAL,GLOBAL,GLOBAL,PLATFORM,1,0,0,0,0,0,1,FIN
venezuela,cachevalleydaily.com,com,GLOBAL,GLOBAL,GLOBAL,PLATFORM,0,0,0,0,0,0,0,NATIONAL
venezuela,cadillacnews.com,com,GLOBAL,GLOBAL,GLOBAL,PLATFORM,0,0,0,0,0,0,0,NATIONAL
venezuela,caledonianrecord.com,com,GLOBAL,GLOBAL,GLOBAL,PLATFORM,0,0,0,0,0,0,0,NATIONAL
venezuela,calgary.ctvnews.ca,ca,CA,North America,OTHER,PLATFORM,0,0,0,0,0,0,0,NATIONAL
venezuela,campaignasia.com:443,NA,NA,NA,OTHER,PLATFORM,0,0,0,0,0,0,0,PLATFORM
venezuela,capecod.com,com,GLOBAL,GLOBAL,GLOBAL,PLATFORM,0,0,0,0,0,0,0,NATIONAL
venezuela,capitolfax.com,com,GLOBAL,GLOBAL,GLOBAL,PLATFORM,0,0,0,0,0,0,0,NATIONAL
venezuela,cartermatt.com,com,GLOBAL,GLOBAL,GLOBAL,PLATFORM,0,0,0,0,0,0,0,NATIONAL
venezuela,celtsarehere.com,com,GLOBAL,GLOBAL,GLOBAL,PLATFORM,0,0,0,0,0,0,0,NATIONAL
venezuela,centralmaine.com,com,GLOBAL,GLOBAL,GLOBAL,PLATFORM,0,0,0,0,0,0,0,NATIONAL
venezuela,charlescitypress.com,com,GLOBAL,GLOBAL,GLOBAL,PLATFORM,0,0,0,0,0,0,0,NATIONAL
venezuela,chesterstandard.co.uk,uk,GB,Europe & Central Asia,OTHER,PLATFORM,0,0,0,0,0,0,0,NATIONAL
venezuela,chronicle.co.zw,zw,NA,NA,OTHER,PLATFORM,0,0,0,0,0,0,0,PLATFORM
venezuela,cinemablend.com,com,GLOBAL,GLOBAL,GLOBAL,PLATFORM,0,0,0,0,0,0,0,NATIONAL
venezuela,circleid.com,com,GLOBAL,GLOBAL,GLOBAL,PLATFORM,0,0,0,0,0,0,0,NATIONAL
venezuela,cnbc.com,com,GLOBAL,GLOBAL,GLOBAL,PLATFORM,1,0,0,0,0,0,1,FIN
venezuela,cnet.com,com,GLOBAL,GLOBAL,GLOBAL,PLATFORM,0,0,0,0,0,0,0,NATIONAL
venezuela,columbiamissourian.com,com,GLOBAL,GLOBAL,GLOBAL,PLATFORM,0,0,0,0,0,0,0,NATIONAL
venezuela,communitynewspapergroup.com,com,GLOBAL,GLOBAL,GLOBAL,PLATFORM,0,0,0,0,0,0,0,NATIONAL
venezuela,corsicanadailysun.com,com,GLOBAL,GLOBAL,GLOBAL,PLATFORM,0,0,0,0,0,0,0,NATIONAL
venezuela,country925.iheart.com,com,GLOBAL,GLOBAL,GLOBAL,PLATFORM,0,0,0,0,0,0,0,NATIONAL
venezuela,cronkitenews.azpbs.org,org,GLOBAL,GLOBAL,GLOBAL,PLATFORM,0,0,0,0,0,0,0,NATIONAL
venezuela,ctvnews.ca,ca,CA,North America,OTHER,PLATFORM,0,0,0,0,0,0,0,NATIONAL
venezuela,cuinsight.com,com,GLOBAL,GLOBAL,GLOBAL,PLATFORM,0,0,0,0,0,0,0,NATIONAL
venezuela,dailyiowan.com,com,GLOBAL,GLOBAL,GLOBAL,PLATFORM,0,0,0,0,0,0,0,NATIONAL
venezuela,dailysabah.com,com,GLOBAL,GLOBAL,GLOBAL,PLATFORM,0,0,0,0,0,0,0,NATIONAL
venezuela,danspapers.com,com,GLOBAL,GLOBAL,GLOBAL,PLATFORM,0,0,0,0,0,0,0,NATIONAL
venezuela,decaturdaily.com,com,GLOBAL,GLOBAL,GLOBAL,PLATFORM,0,0,0,0,0,0,0,NATIONAL
venezuela,designnews.com,com,GLOBAL,GLOBAL,GLOBAL,PLATFORM,0,0,0,0,0,0,0,NATIONAL
venezuela,djournal.com,com,GLOBAL,GLOBAL,GLOBAL,PLATFORM,0,0,0,0,0,0,0,NATIONAL
venezuela,e-know.ca,ca,CA,North America,OTHER,PLATFORM,0,0,0,0,0,0,0,NATIONAL
venezuela,earthlingorgeous.com,com,GLOBAL,GLOBAL,GLOBAL,PLATFORM,0,0,0,0,0,0,0,NATIONAL
venezuela,elperiodiquito.com,com,GLOBAL,GLOBAL,GLOBAL,PLATFORM,0,0,0,0,0,0,0,NATIONAL
venezuela,en.ammonnews.net,net,GLOBAL,GLOBAL,GLOBAL,PLATFORM,0,0,0,0,0,0,0,NATIONAL
venezuela,en.chessbase.com,com,GLOBAL,GLOBAL,GLOBAL,PLATFORM,0,0,0,0,0,0,0,NATIONAL
venezuela,enfieldindependent.co.uk,uk,GB,Europe & Central Asia,OTHER,PLATFORM,0,0,0,0,0,0,0,NATIONAL
venezuela,everything2.com:443,NA,NA,NA,OTHER,PLATFORM,0,0,0,0,0,0,0,PLATFORM
venezuela,eyeonannapolis.net,net,GLOBAL,GLOBAL,GLOBAL,PLATFORM,0,0,0,0,0,0,0,NATIONAL
venezuela,fda.gov,gov,NA,NA,OTHER,PLATFORM,0,0,0,1,0,0,1,GOV
venezuela,fiercebiotech.com,com,GLOBAL,GLOBAL,GLOBAL,PLATFORM,0,0,0,0,0,0,0,NATIONAL
venezuela,flightglobal.com,com,GLOBAL,GLOBAL,GLOBAL,PLATFORM,0,0,0,0,0,0,0,NATIONAL
venezuela,floridapolitics.com,com,GLOBAL,GLOBAL,GLOBAL,PLATFORM,0,0,0,0,0,0,0,NATIONAL
venezuela,forcechange.com,com,GLOBAL,GLOBAL,GLOBAL,PLATFORM,0,0,0,0,0,0,0,NATIONAL
venezuela,fortmcmurraytoday.com:443,NA,NA,NA,OTHER,PLATFORM,0,0,0,0,0,0,0,PLATFORM
venezuela,fortune.com,com,GLOBAL,GLOBAL,GLOBAL,PLATFORM,1,0,0,0,0,0,1,FIN
venezuela,fox5dc.com,com,GLOBAL,GLOBAL,GLOBAL,PLATFORM,0,0,0,0,0,0,0,NATIONAL
venezuela,foxbangor.com,com,GLOBAL,GLOBAL,GLOBAL,PLATFORM,0,0,0,0,0,0,0,NATIONAL
venezuela,foxy99.com,com,GLOBAL,GLOBAL,GLOBAL,PLATFORM,0,0,0,0,0,0,0,NATIONAL
venezuela,fredericknewspost.com,com,GLOBAL,GLOBAL,GLOBAL,PLATFORM,0,0,0,0,0,0,0,NATIONAL
venezuela,fudzilla.com,com,GLOBAL,GLOBAL,GLOBAL,PLATFORM,0,0,0,0,0,0,0,NATIONAL
venezuela,geograph.org.uk,uk,GB,Europe & Central Asia,OTHER,PLATFORM,0,0,0,0,0,0,0,NATIONAL
venezuela,ghanavibes.com,com,GLOBAL,GLOBAL,GLOBAL,PLATFORM,0,0,0,0,0,0,0,NATIONAL
venezuela,guardian.co.tt,tt,NA,NA,OTHER,PLATFORM,0,0,0,0,0,0,0,PLATFORM
venezuela,gulfcoastmedia.com,com,GLOBAL,GLOBAL,GLOBAL,PLATFORM,0,0,0,0,0,0,0,NATIONAL
venezuela,gulte.com,com,GLOBAL,GLOBAL,GLOBAL,PLATFORM,0,0,0,0,0,0,0,NATIONAL
venezuela,haidagwaiiobserver.com,com,GLOBAL,GLOBAL,GLOBAL,PLATFORM,0,0,0,0,0,0,0,NATIONAL
venezuela,halesowennews.co.uk,uk,GB,Europe & Central Asia,OTHER,PLATFORM,0,0,0,0,0,0,0,NATIONAL
venezuela,hardcoregamer.com,com,GLOBAL,GLOBAL,GLOBAL,PLATFORM,0,0,0,0,0,0,0,NATIONAL
venezuela,hawaiinewsnow.com,com,GLOBAL,GLOBAL,GLOBAL,PLATFORM,0,0,0,0,0,0,0,NATIONAL
venezuela,hawaiipublicradio.org,org,GLOBAL,GLOBAL,GLOBAL,PLATFORM,0,0,0,0,0,0,0,NATIONAL
venezuela,healthcarefinancenews.com,com,GLOBAL,GLOBAL,GLOBAL,PLATFORM,0,0,0,0,0,0,0,NATIONAL
venezuela,hitscarolina.iheart.com,com,GLOBAL,GLOBAL,GLOBAL,PLATFORM,0,0,0,0,0,0,0,NATIONAL
venezuela,hollywoodreporter.com,com,GLOBAL,GLOBAL,GLOBAL,PLATFORM,0,0,0,0,0,0,0,NATIONAL
venezuela,houston.culturemap.com,com,GLOBAL,GLOBAL,GLOBAL,PLATFORM,0,0,0,0,0,0,0,NATIONAL
venezuela,hubcityradio.com,com,GLOBAL,GLOBAL,GLOBAL,PLATFORM,0,0,0,0,0,0,0,NATIONAL
venezuela,hyperallergic.com,com,GLOBAL,GLOBAL,GLOBAL,PLATFORM,0,0,0,0,0,0,0,NATIONAL
venezuela,i98fm.com.au,au,AU,East Asia & Pacific,OTHER,PLATFORM,0,0,0,0,0,0,0,NATIONAL
venezuela,ijnet.org,org,GLOBAL,GLOBAL,GLOBAL,PLATFORM,0,0,0,0,0,0,0,NATIONAL
venezuela,insidetheiggles.com,com,GLOBAL,GLOBAL,GLOBAL,PLATFORM,0,0,0,0,0,0,0,NATIONAL
venezuela,inverelltimes.com.au,au,AU,East Asia & Pacific,OTHER,PLATFORM,0,0,0,0,0,0,0,NATIONAL
venezuela,investors.com,com,GLOBAL,GLOBAL,GLOBAL,PLATFORM,0,0,0,0,0,0,0,NATIONAL
venezuela,irishecho.com,com,GLOBAL,GLOBAL,GLOBAL,PLATFORM,0,0,0,0,0,0,0,NATIONAL
venezuela,irishtimes.com,com,GLOBAL,GLOBAL,GLOBAL,PLATFORM,0,0,0,0,0,0,0,NATIONAL
venezuela,itnewsonline.com,com,GLOBAL,GLOBAL,GLOBAL,PLATFORM,0,0,0,0,0,0,0,NATIONAL
venezuela,jamaica-star.com,com,GLOBAL,GLOBAL,GLOBAL,PLATFORM,0,0,0,0,0,0,0,NATIONAL
venezuela,jewishtimes.com,com,GLOBAL,GLOBAL,GLOBAL,PLATFORM,0,0,0,0,0,0,0,NATIONAL
venezuela,joe.co.uk,uk,GB,Europe & Central Asia,OTHER,PLATFORM,0,0,0,0,0,0,0,NATIONAL
venezuela,kachwanya.com,com,GLOBAL,GLOBAL,GLOBAL,PLATFORM,0,0,0,0,0,0,0,NATIONAL
venezuela,kark.com,com,GLOBAL,GLOBAL,GLOBAL,PLATFORM,0,0,0,0,0,0,0,NATIONAL
venezuela,katu.com,com,GLOBAL,GLOBAL,GLOBAL,PLATFORM,0,0,0,0,0,0,0,NATIONAL
venezuela,kawowo.com,com,GLOBAL,GLOBAL,GLOBAL,PLATFORM,0,0,0,0,0,0,0,NATIONAL
venezuela,kbco.iheart.com,com,GLOBAL,GLOBAL,GLOBAL,PLATFORM,0,0,0,0,0,0,0,NATIONAL
venezuela,kbia.org,org,GLOBAL,GLOBAL,GLOBAL,PLATFORM,0,0,0,0,0,0,0,NATIONAL
venezuela,kbmr.iheart.com,com,GLOBAL,GLOBAL,GLOBAL,PLATFORM,0,0,0,0,0,0,0,NATIONAL
venezuela,kdhlradio.com,com,GLOBAL,GLOBAL,GLOBAL,PLATFORM,0,0,0,0,0,0,0,NATIONAL
venezuela,kezj.com,com,GLOBAL,GLOBAL,GLOBAL,PLATFORM,0,0,0,0,0,0,0,NATIONAL
venezuela,kfgo.com,com,GLOBAL,GLOBAL,GLOBAL,PLATFORM,0,0,0,0,0,0,0,NATIONAL
venezuela,kgns.tv,tv,NA,NA,OTHER,PLATFORM,0,0,0,0,0,0,0,PLATFORM
venezuela,khey1380.iheart.com,com,GLOBAL,GLOBAL,GLOBAL,PLATFORM,0,0,0,0,0,0,0,NATIONAL
venezuela,kix106.com,com,GLOBAL,GLOBAL,GLOBAL,PLATFORM,0,0,0,0,0,0,0,NATIONAL
venezuela,kktv.com,com,GLOBAL,GLOBAL,GLOBAL,PLATFORM,0,0,0,0,0,0,0,NATIONAL
venezuela,klake.com,com,GLOBAL,GLOBAL,GLOBAL,PLATFORM,0,0,0,0,0,0,0,NATIONAL
venezuela,kono1011.com,com,GLOBAL,GLOBAL,GLOBAL,PLATFORM,0,0,0,0,0,0,0,NATIONAL
venezuela,kpht955.iheart.com,com,GLOBAL,GLOBAL,GLOBAL,PLATFORM,0,0,0,0,0,0,0,NATIONAL
venezuela,krcgtv.com,com,GLOBAL,GLOBAL,GLOBAL,PLATFORM,0,0,0,0,0,0,0,NATIONAL
venezuela,krgv.com,com,GLOBAL,GLOBAL,GLOBAL,PLATFORM,0,0,0,0,0,0,0,NATIONAL
venezuela,kristv.com,com,GLOBAL,GLOBAL,GLOBAL,PLATFORM,0,0,0,0,0,0,0,NATIONAL
venezuela,krnb.com,com,GLOBAL,GLOBAL,GLOBAL,PLATFORM,0,0,0,0,0,0,0,NATIONAL
venezuela,krwg.org,org,GLOBAL,GLOBAL,GLOBAL,PLATFORM,0,0,0,0,0,0,0,NATIONAL
venezuela,kstatecollegian.com,com,GLOBAL,GLOBAL,GLOBAL,PLATFORM,0,0,0,0,0,0,0,NATIONAL
venezuela,kstp.com,com,GLOBAL,GLOBAL,GLOBAL,PLATFORM,0,0,0,0,0,0,0,NATIONAL
venezuela,ktre.com,com,GLOBAL,GLOBAL,GLOBAL,PLATFORM,0,0,0,0,0,0,0,NATIONAL
venezuela,ktsa.com,com,GLOBAL,GLOBAL,GLOBAL,PLATFORM,0,0,0,0,0,0,0,NATIONAL
venezuela,ktvz.com,com,GLOBAL,GLOBAL,GLOBAL,PLATFORM,0,0,0,0,0,0,0,NATIONAL
venezuela,kvoa.com,com,GLOBAL,GLOBAL,GLOBAL,PLATFORM,0,0,0,0,0,0,0,NATIONAL
venezuela,kykr.iheart.com,com,GLOBAL,GLOBAL,GLOBAL,PLATFORM,0,0,0,0,0,0,0,NATIONAL
venezuela,lakeshoreadvance.com:443,NA,NA,NA,OTHER,PLATFORM,0,0,0,0,0,0,0,PLATFORM
venezuela,lamarledger.com,com,GLOBAL,GLOBAL,GLOBAL,PLATFORM,0,0,0,0,0,0,0,NATIONAL
venezuela,littleapplepost.com,com,GLOBAL,GLOBAL,GLOBAL,PLATFORM,0,0,0,0,0,0,0,NATIONAL
venezuela,live959.com,com,GLOBAL,GLOBAL,GLOBAL,PLATFORM,0,0,0,0,0,0,0,NATIONAL
venezuela,livingstonenterprise.com,com,GLOBAL,GLOBAL,GLOBAL,PLATFORM,0,0,0,0,0,0,0,NATIONAL
venezuela,loudwire.com,com,GLOBAL,GLOBAL,GLOBAL,PLATFORM,0,0,0,0,0,0,0,NATIONAL
venezuela,malverngazette.co.uk,uk,GB,Europe & Central Asia,OTHER,PLATFORM,0,0,0,0,0,0,0,NATIONAL
venezuela,marinecorpstimes.com,com,GLOBAL,GLOBAL,GLOBAL,PLATFORM,0,0,0,0,0,0,0,NATIONAL
venezuela,marylandreporter.com,com,GLOBAL,GLOBAL,GLOBAL,PLATFORM,0,0,0,0,0,0,0,NATIONAL
venezuela,meathchronicle.ie,ie,NA,NA,OTHER,PLATFORM,0,0,0,0,0,0,0,PLATFORM
venezuela,mentalfloss.com,com,GLOBAL,GLOBAL,GLOBAL,PLATFORM,0,0,0,0,0,0,0,NATIONAL
venezuela,mexiconewsdaily.com,com,GLOBAL,GLOBAL,GLOBAL,PLATFORM,0,0,0,0,0,0,0,NATIONAL
venezuela,mhflsentinel.com,com,GLOBAL,GLOBAL,GLOBAL,PLATFORM,0,0,0,0,0,0,0,NATIONAL
venezuela,middleeasteye.net,net,GLOBAL,GLOBAL,GLOBAL,PLATFORM,0,0,0,0,0,0,0,NATIONAL
venezuela,mix957.net,net,GLOBAL,GLOBAL,GLOBAL,PLATFORM,0,0,0,0,0,0,0,NATIONAL
venezuela,montgomery-herald.com,com,GLOBAL,GLOBAL,GLOBAL,PLATFORM,0,0,0,0,0,0,0,NATIONAL
venezuela,morningstaronline.co.uk,uk,GB,Europe & Central Asia,OTHER,PLATFORM,0,0,0,0,0,0,0,NATIONAL
venezuela,mromagazine.com,com,GLOBAL,GLOBAL,GLOBAL,PLATFORM,0,0,0,0,0,0,0,NATIONAL
venezuela,mymagic101.iheart.com,com,GLOBAL,GLOBAL,GLOBAL,PLATFORM,0,0,0,0,0,0,0,NATIONAL
venezuela,mymoinfo.com,com,GLOBAL,GLOBAL,GLOBAL,PLATFORM,0,0,0,0,0,0,0,NATIONAL
venezuela,myradioplace.com,com,GLOBAL,GLOBAL,GLOBAL,PLATFORM,0,0,0,0,0,0,0,NATIONAL
venezuela,mystateline.com,com,GLOBAL,GLOBAL,GLOBAL,PLATFORM,0,0,0,0,0,0,0,NATIONAL
venezuela,nasdaq.com,com,GLOBAL,GLOBAL,GLOBAL,PLATFORM,0,0,0,0,0,0,0,NATIONAL
venezuela,nashfm100.com,com,GLOBAL,GLOBAL,GLOBAL,PLATFORM,0,0,0,0,0,0,0,NATIONAL
venezuela,nashfm937.com,com,GLOBAL,GLOBAL,GLOBAL,PLATFORM,0,0,0,0,0,0,0,NATIONAL
venezuela,newkerala.com,com,GLOBAL,GLOBAL,GLOBAL,PLATFORM,0,0,0,0,0,0,0,NATIONAL
venezuela,news.slashdot.org,org,GLOBAL,GLOBAL,GLOBAL,PLATFORM,0,0,0,0,0,0,0,NATIONAL
venezuela,norfolkandtillsonburgnews.com,com,GLOBAL,GLOBAL,GLOBAL,PLATFORM,0,0,0,0,0,0,0,NATIONAL
venezuela,northfortmyersneighbor.com,com,GLOBAL,GLOBAL,GLOBAL,PLATFORM,0,0,0,0,0,0,0,NATIONAL
venezuela,nowthisnews.com,com,GLOBAL,GLOBAL,GLOBAL,PLATFORM,0,0,0,0,0,0,0,NATIONAL
venezuela,nwahomepage.com,com,GLOBAL,GLOBAL,GLOBAL,PLATFORM,0,0,0,0,0,0,0,NATIONAL
venezuela,obituaries.montgomery-herald.com,com,GLOBAL,GLOBAL,GLOBAL,PLATFORM,0,0,0,0,0,0,0,NATIONAL
venezuela,observertoday.com,com,GLOBAL,GLOBAL,GLOBAL,PLATFORM,0,0,0,0,0,0,0,NATIONAL
venezuela,opinion.inquirer.net,net,GLOBAL,GLOBAL,GLOBAL,PLATFORM,0,0,0,0,0,0,0,NATIONAL
venezuela,oregoncapitalchronicle.com,com,GLOBAL,GLOBAL,GLOBAL,PLATFORM,0,0,0,0,0,0,0,NATIONAL
venezuela,originalfm.com,com,GLOBAL,GLOBAL,GLOBAL,PLATFORM,0,0,0,0,0,0,0,NATIONAL
venezuela,ottawa.ctvnews.ca,ca,CA,North America,OTHER,PLATFORM,0,0,0,0,0,0,0,NATIONAL
venezuela,outinperth.com,com,GLOBAL,GLOBAL,GLOBAL,PLATFORM,0,0,0,0,0,0,0,NATIONAL
venezuela,parabolicarc.com,com,GLOBAL,GLOBAL,GLOBAL,PLATFORM,0,0,0,0,0,0,0,NATIONAL
venezuela,patch.com,com,GLOBAL,GLOBAL,GLOBAL,PLATFORM,0,0,0,0,0,0,0,NATIONAL
venezuela,peoplesdispatch.org,org,GLOBAL,GLOBAL,GLOBAL,PLATFORM,0,0,0,0,0,0,0,NATIONAL
venezuela,petroleumnews.com,com,GLOBAL,GLOBAL,GLOBAL,PLATFORM,0,0,0,0,0,0,0,NATIONAL
venezuela,phoenixherald.com,com,GLOBAL,GLOBAL,GLOBAL,PLATFORM,0,0,0,0,0,0,0,NATIONAL
venezuela,pittsburghstar.com,com,GLOBAL,GLOBAL,GLOBAL,PLATFORM,0,0,0,0,0,0,0,NATIONAL
venezuela,planetf1.com,com,GLOBAL,GLOBAL,GLOBAL,PLATFORM,0,0,0,0,0,0,0,NATIONAL
venezuela,plansponsor.com,com,GLOBAL,GLOBAL,GLOBAL,PLATFORM,0,0,0,0,0,0,0,NATIONAL
venezuela,poncacitynews.com,com,GLOBAL,GLOBAL,GLOBAL,PLATFORM,0,0,0,0,0,0,0,NATIONAL
venezuela,portlandtribune.com,com,GLOBAL,GLOBAL,GLOBAL,PLATFORM,0,0,0,0,0,0,0,NATIONAL
venezuela,postregister.com,com,GLOBAL,GLOBAL,GLOBAL,PLATFORM,0,0,0,0,0,0,0,NATIONAL
venezuela,producer.com,com,GLOBAL,GLOBAL,GLOBAL,PLATFORM,0,0,0,0,0,0,0,NATIONAL
venezuela,q1077.com,com,GLOBAL,GLOBAL,GLOBAL,PLATFORM,0,0,0,0,0,0,0,NATIONAL
venezuela,queerty.com,com,GLOBAL,GLOBAL,GLOBAL,PLATFORM,0,0,0,0,0,0,0,NATIONAL
venezuela,qvc.com,com,GLOBAL,GLOBAL,GLOBAL,PLATFORM,0,0,0,0,0,0,0,NATIONAL
venezuela,radio.foxnews.com,com,GLOBAL,GLOBAL,GLOBAL,PLATFORM,0,0,0,0,0,0,0,NATIONAL
venezuela,raisingzona.com,com,GLOBAL,GLOBAL,GLOBAL,PLATFORM,0,0,0,0,0,0,0,NATIONAL
venezuela,rand.org,org,GLOBAL,GLOBAL,GLOBAL,PLATFORM,0,0,0,0,0,0,0,NATIONAL
venezuela,record-eagle.com,com,GLOBAL,GLOBAL,GLOBAL,PLATFORM,0,0,0,0,0,0,0,NATIONAL
venezuela,restaurantnews.com,com,GLOBAL,GLOBAL,GLOBAL,PLATFORM,0,0,0,0,0,0,0,NATIONAL
venezuela,riotimesonline.com,com,GLOBAL,GLOBAL,GLOBAL,PLATFORM,0,0,0,0,0,0,0,NATIONAL
venezuela,rock94.com,com,GLOBAL,GLOBAL,GLOBAL,PLATFORM,0,0,0,0,0,0,0,NATIONAL
venezuela,rockpapershotgun.com,com,GLOBAL,GLOBAL,GLOBAL,PLATFORM,0,0,0,0,0,0,0,NATIONAL
venezuela,sactownmag.com,com,GLOBAL,GLOBAL,GLOBAL,PLATFORM,0,0,0,0,0,0,0,NATIONAL
venezuela,sanantoniopost.com,com,GLOBAL,GLOBAL,GLOBAL,PLATFORM,0,0,0,0,0,0,0,NATIONAL
venezuela,scnow.com,com,GLOBAL,GLOBAL,GLOBAL,PLATFORM,0,0,0,0,0,0,0,NATIONAL
venezuela,shorelinemedia.net,net,GLOBAL,GLOBAL,GLOBAL,PLATFORM,0,0,0,0,0,0,0,NATIONAL
venezuela,sleepreviewmag.com,com,GLOBAL,GLOBAL,GLOBAL,PLATFORM,0,0,0,0,0,0,0,NATIONAL
venezuela,sott.net,net,GLOBAL,GLOBAL,GLOBAL,PLATFORM,0,0,0,0,0,0,0,NATIONAL
venezuela,sounderatheart.com,com,GLOBAL,GLOBAL,GLOBAL,PLATFORM,0,0,0,0,0,0,0,NATIONAL
venezuela,spaceref.com,com,GLOBAL,GLOBAL,GLOBAL,PLATFORM,0,0,0,0,0,0,0,NATIONAL
venezuela,spirit1053.com,com,GLOBAL,GLOBAL,GLOBAL,PLATFORM,0,0,0,0,0,0,0,NATIONAL
venezuela,star967.net,net,GLOBAL,GLOBAL,GLOBAL,PLATFORM,0,0,0,0,0,0,0,NATIONAL
venezuela,stlouisstar.com,com,GLOBAL,GLOBAL,GLOBAL,PLATFORM,0,0,0,0,0,0,0,NATIONAL
venezuela,taskandpurpose.com,com,GLOBAL,GLOBAL,GLOBAL,PLATFORM,0,0,0,0,0,0,0,NATIONAL
venezuela,tctmd.com,com,GLOBAL,GLOBAL,GLOBAL,PLATFORM,0,0,0,0,0,0,0,NATIONAL
venezuela,teamtalk.com,com,GLOBAL,GLOBAL,GLOBAL,PLATFORM,0,0,0,0,0,0,0,NATIONAL
venezuela,techspot.com,com,GLOBAL,GLOBAL,GLOBAL,PLATFORM,0,0,0,0,0,0,0,NATIONAL
venezuela,techxplore.com,com,GLOBAL,GLOBAL,GLOBAL,PLATFORM,0,0,0,0,0,0,0,NATIONAL
venezuela,telegraph.co.uk,uk,GB,Europe & Central Asia,OTHER,PLATFORM,0,0,0,0,0,0,0,NATIONAL
venezuela,thebeatatx.iheart.com,com,GLOBAL,GLOBAL,GLOBAL,PLATFORM,0,0,0,0,0,0,0,NATIONAL
venezuela,thebeatofthecapital.com,com,GLOBAL,GLOBAL,GLOBAL,PLATFORM,0,0,0,0,0,0,0,NATIONAL
venezuela,theblacksheartimes.com,com,GLOBAL,GLOBAL,GLOBAL,PLATFORM,0,0,0,0,0,0,0,NATIONAL
venezuela,thebrunswicknews.com,com,GLOBAL,GLOBAL,GLOBAL,PLATFORM,0,0,0,0,0,0,0,NATIONAL
venezuela,thecaribbeancamera.com,com,GLOBAL,GLOBAL,GLOBAL,PLATFORM,0,0,0,0,0,0,0,NATIONAL
venezuela,thecourierexpress.com,com,GLOBAL,GLOBAL,GLOBAL,PLATFORM,0,0,0,0,0,0,0,NATIONAL
venezuela,theelectricgf.com,com,GLOBAL,GLOBAL,GLOBAL,PLATFORM,0,0,0,0,0,0,0,NATIONAL
venezuela,themountainpress.com,com,GLOBAL,GLOBAL,GLOBAL,PLATFORM,0,0,0,0,0,0,0,NATIONAL
venezuela,thenews.coop,coop,NA,NA,OTHER,PLATFORM,0,0,0,0,0,0,0,PLATFORM
venezuela,thepointsguy.com,com,GLOBAL,GLOBAL,GLOBAL,PLATFORM,0,0,0,0,0,0,0,NATIONAL
venezuela,theroot.com,com,GLOBAL,GLOBAL,GLOBAL,PLATFORM,0,0,0,0,0,0,0,NATIONAL
venezuela,thesandb.com,com,GLOBAL,GLOBAL,GLOBAL,PLATFORM,0,0,0,0,0,0,0,NATIONAL
venezuela,thestkittsnevisobserver.com,com,GLOBAL,GLOBAL,GLOBAL,PLATFORM,0,0,0,0,0,0,0,NATIONAL
venezuela,thetrucker.com,com,GLOBAL,GLOBAL,GLOBAL,PLATFORM,0,0,0,0,0,0,0,NATIONAL
venezuela,theweekender.com,com,GLOBAL,GLOBAL,GLOBAL,PLATFORM,0,0,0,0,0,0,0,NATIONAL
venezuela,thewestmorlandgazette.co.uk,uk,GB,Europe & Central Asia,OTHER,PLATFORM,0,0,0,0,0,0,0,NATIONAL
venezuela,thisdaylive.com,com,GLOBAL,GLOBAL,GLOBAL,PLATFORM,0,0,0,0,0,0,0,NATIONAL
venezuela,thisdaylive.com:443,NA,NA,NA,OTHER,PLATFORM,0,0,0,0,0,0,0,PLATFORM
venezuela,thisisanfield.com,com,GLOBAL,GLOBAL,GLOBAL,PLATFORM,0,0,0,0,0,0,0,NATIONAL
venezuela,timesfreepress.com,com,GLOBAL,GLOBAL,GLOBAL,PLATFORM,0,0,0,0,0,0,0,NATIONAL
venezuela,today.com,com,GLOBAL,GLOBAL,GLOBAL,PLATFORM,0,0,0,0,0,0,0,NATIONAL
venezuela,tricitynews.com,com,GLOBAL,GLOBAL,GLOBAL,PLATFORM,0,0,0,0,0,0,0,NATIONAL
venezuela,ttnews.com,com,GLOBAL,GLOBAL,GLOBAL,PLATFORM,0,0,0,0,0,0,0,NATIONAL
venezuela,tucsonweekly.com,com,GLOBAL,GLOBAL,GLOBAL,PLATFORM,0,0,0,0,0,0,0,NATIONAL
venezuela,tylerpaper.com,com,GLOBAL,GLOBAL,GLOBAL,PLATFORM,0,0,0,0,0,0,0,NATIONAL
venezuela,undertheradarmag.com,com,GLOBAL,GLOBAL,GLOBAL,PLATFORM,0,0,0,0,0,0,0,NATIONAL
venezuela,universityofcalifornia.edu,edu,NA,NA,OTHER,PLATFORM,0,0,0,0,0,0,0,PLATFORM
venezuela,usmagazine.com,com,GLOBAL,GLOBAL,GLOBAL,PLATFORM,0,0,0,0,0,0,0,NATIONAL
venezuela,vermontbiz.com,com,GLOBAL,GLOBAL,GLOBAL,PLATFORM,0,0,0,0,0,0,0,NATIONAL
venezuela,vladtv.com,com,GLOBAL,GLOBAL,GLOBAL,PLATFORM,0,0,0,0,0,0,0,NATIONAL
venezuela,vtcng.com,com,GLOBAL,GLOBAL,GLOBAL,PLATFORM,0,0,0,0,0,0,0,NATIONAL
venezuela,wagmtv.com,com,GLOBAL,GLOBAL,GLOBAL,PLATFORM,0,0,0,0,0,0,0,NATIONAL
venezuela,wandsworthguardian.co.uk,uk,GB,Europe & Central Asia,OTHER,PLATFORM,0,0,0,0,0,0,0,NATIONAL
venezuela,waterford-news.ie,ie,NA,NA,OTHER,PLATFORM,0,0,0,0,0,0,0,PLATFORM
venezuela,wbt.com,com,GLOBAL,GLOBAL,GLOBAL,PLATFORM,0,0,0,0,0,0,0,NATIONAL
venezuela,wcpo.com,com,GLOBAL,GLOBAL,GLOBAL,PLATFORM,0,0,0,0,0,0,0,NATIONAL
venezuela,wcsx.com,com,GLOBAL,GLOBAL,GLOBAL,PLATFORM,0,0,0,0,0,0,0,NATIONAL
venezuela,wctrib.com,com,GLOBAL,GLOBAL,GLOBAL,PLATFORM,0,0,0,0,0,0,0,NATIONAL
venezuela,wcyy.com,com,GLOBAL,GLOBAL,GLOBAL,PLATFORM,0,0,0,0,0,0,0,NATIONAL
venezuela,wect.com,com,GLOBAL,GLOBAL,GLOBAL,PLATFORM,0,0,0,0,0,0,0,NATIONAL
venezuela,westcentralsbest.com,com,GLOBAL,GLOBAL,GLOBAL,PLATFORM,0,0,0,0,0,0,0,NATIONAL
venezuela,westernbulldogs.com.au,au,AU,East Asia & Pacific,OTHER,PLATFORM,0,0,0,0,0,0,0,NATIONAL
venezuela,wfmynews2.com,com,GLOBAL,GLOBAL,GLOBAL,PLATFORM,0,0,0,0,0,0,0,NATIONAL
venezuela,wgauradio.com,com,GLOBAL,GLOBAL,GLOBAL,PLATFORM,0,0,0,0,0,0,0,NATIONAL
venezuela,wgntv.com,com,GLOBAL,GLOBAL,GLOBAL,PLATFORM,0,0,0,0,0,0,0,NATIONAL
venezuela,whli.com,com,GLOBAL,GLOBAL,GLOBAL,PLATFORM,0,0,0,0,0,0,0,NATIONAL
venezuela,winonadailynews.com,com,GLOBAL,GLOBAL,GLOBAL,PLATFORM,0,0,0,0,0,0,0,NATIONAL
venezuela,wmanfm.iheart.com,com,GLOBAL,GLOBAL,GLOBAL,PLATFORM,0,0,0,0,0,0,0,NATIONAL
venezuela,wmay.com,com,GLOBAL,GLOBAL,GLOBAL,PLATFORM,0,0,0,0,0,0,0,NATIONAL
venezuela,wmnf.org,org,GLOBAL,GLOBAL,GLOBAL,PLATFORM,0,0,0,0,0,0,0,NATIONAL
venezuela,wmur.com,com,GLOBAL,GLOBAL,GLOBAL,PLATFORM,0,0,0,0,0,0,0,NATIONAL
venezuela,wndu.com,com,GLOBAL,GLOBAL,GLOBAL,PLATFORM,0,0,0,0,0,0,0,NATIONAL
venezuela,wnyc.org,org,GLOBAL,GLOBAL,GLOBAL,PLATFORM,0,0,0,0,0,0,0,NATIONAL
venezuela,woc1420.iheart.com,com,GLOBAL,GLOBAL,GLOBAL,PLATFORM,0,0,0,0,0,0,0,NATIONAL
venezuela,woodwardnews.net,net,GLOBAL,GLOBAL,GLOBAL,PLATFORM,0,0,0,0,0,0,0,NATIONAL
venezuela,wreg.com,com,GLOBAL,GLOBAL,GLOBAL,PLATFORM,0,0,0,0,0,0,0,NATIONAL
venezuela,wsls.com,com,GLOBAL,GLOBAL,GLOBAL,PLATFORM,0,0,0,0,0,0,0,NATIONAL
venezuela,wsws.org,org,GLOBAL,GLOBAL,GLOBAL,PLATFORM,0,0,0,0,0,0,0,NATIONAL
venezuela,wvasfm.org,org,GLOBAL,GLOBAL,GLOBAL,PLATFORM,0,0,0,0,0,0,0,NATIONAL
venezuela,www2.cbn.com,com,GLOBAL,GLOBAL,GLOBAL,PLATFORM,0,0,0,0,0,0,0,NATIONAL
venezuela,y101hits.com,com,GLOBAL,GLOBAL,GLOBAL,PLATFORM,0,0,0,0,0,0,0,NATIONAL
venezuela,yogonet.com,com,GLOBAL,GLOBAL,GLOBAL,PLATFORM,0,0,0,0,0,0,0,NATIONAL
venezuela,z90.com,com,GLOBAL,GLOBAL,GLOBAL,PLATFORM,0,0,0,0,0,0,0,NATIONAL
venezuela,1015theriver.iheart.com,com,GLOBAL,GLOBAL,GLOBAL,PLATFORM,0,0,0,0,0,0,0,NATIONAL
venezuela,1027thewolf.iheart.com,com,GLOBAL,GLOBAL,GLOBAL,PLATFORM,0,0,0,0,0,0,0,NATIONAL
venezuela,1035kissfmboise.com,com,GLOBAL,GLOBAL,GLOBAL,PLATFORM,0,0,0,0,0,0,0,NATIONAL
venezuela,1620thezone.com,com,GLOBAL,GLOBAL,GLOBAL,PLATFORM,0,0,0,0,0,0,0,NATIONAL
venezuela,4029tv.com,com,GLOBAL,GLOBAL,GLOBAL,PLATFORM,0,0,0,0,0,0,0,NATIONAL
venezuela,921wrou.com,com,GLOBAL,GLOBAL,GLOBAL,PLATFORM,0,0,0,0,0,0,0,NATIONAL
venezuela,929tomfm.iheart.com,com,GLOBAL,GLOBAL,GLOBAL,PLATFORM,0,0,0,0,0,0,0,NATIONAL
venezuela,931theborder.ca,ca,CA,North America,OTHER,PLATFORM,0,0,0,0,0,0,0,NATIONAL
venezuela,937now.iheart.com,com,GLOBAL,GLOBAL,GLOBAL,PLATFORM,0,0,0,0,0,0,0,NATIONAL
venezuela,967kissfm.iheart.com,com,GLOBAL,GLOBAL,GLOBAL,PLATFORM,0,0,0,0,0,0,0,NATIONAL
venezuela,969thekat.iheart.com,com,GLOBAL,GLOBAL,GLOBAL,PLATFORM,0,0,0,0,0,0,0,NATIONAL
venezuela,981thehawk.com,com,GLOBAL,GLOBAL,GLOBAL,PLATFORM,0,0,0,0,0,0,0,NATIONAL
venezuela,abc27.com,com,GLOBAL,GLOBAL,GLOBAL,PLATFORM,0,0,0,0,0,0,0,NATIONAL
venezuela,accesswdun.com,com,GLOBAL,GLOBAL,GLOBAL,PLATFORM,0,0,0,0,0,0,0,NATIONAL
venezuela,advocateanddemocrat.com,com,GLOBAL,GLOBAL,GLOBAL,PLATFORM,0,0,0,0,0,0,0,NATIONAL
venezuela,africaleader.com,com,GLOBAL,GLOBAL,GLOBAL,PLATFORM,0,0,0,0,0,0,0,NATIONAL
venezuela,agriland.ie,ie,NA,NA,OTHER,PLATFORM,0,0,0,0,0,0,0,PLATFORM
venezuela,allkpop.com,com,GLOBAL,GLOBAL,GLOBAL,PLATFORM,0,0,0,0,0,0,0,NATIONAL
venezuela,am1300thezone.iheart.com,com,GLOBAL,GLOBAL,GLOBAL,PLATFORM,0,0,0,0,0,0,0,NATIONAL
venezuela,apartmenttherapy.com,com,GLOBAL,GLOBAL,GLOBAL,PLATFORM,0,0,0,0,0,0,0,NATIONAL
venezuela,arabtimesonline.com,com,GLOBAL,GLOBAL,GLOBAL,PLATFORM,0,0,0,0,0,0,0,NATIONAL
venezuela,araratadvertiser.com.au,au,AU,East Asia & Pacific,OTHER,PLATFORM,0,0,0,0,0,0,0,NATIONAL
venezuela,asiabulletin.com,com,GLOBAL,GLOBAL,GLOBAL,PLATFORM,0,0,0,0,0,0,0,NATIONAL
venezuela,auburnvillager.com,com,GLOBAL,GLOBAL,GLOBAL,PLATFORM,0,0,0,0,0,0,0,NATIONAL
venezuela,battlefordsnow.com,com,GLOBAL,GLOBAL,GLOBAL,PLATFORM,0,0,0,0,0,0,0,NATIONAL
venezuela,bikeportland.org,org,GLOBAL,GLOBAL,GLOBAL,PLATFORM,0,0,0,0,0,0,0,NATIONAL
venezuela,bioprepwatch.com,com,GLOBAL,GLOBAL,GLOBAL,PLATFORM,0,0,0,0,0,0,0,NATIONAL
venezuela,bmwblog.com,com,GLOBAL,GLOBAL,GLOBAL,PLATFORM,0,0,0,0,0,0,0,NATIONAL
venezuela,brainerddispatch.com,com,GLOBAL,GLOBAL,GLOBAL,PLATFORM,0,0,0,0,0,0,0,NATIONAL
venezuela,braintreeandwithamtimes.co.uk,uk,GB,Europe & Central Asia,OTHER,PLATFORM,0,0,0,0,0,0,0,NATIONAL
venezuela,bullfrag.com,com,GLOBAL,GLOBAL,GLOBAL,PLATFORM,0,0,0,0,0,0,0,NATIONAL
venezuela,caledoniacourier.com,com,GLOBAL,GLOBAL,GLOBAL,PLATFORM,0,0,0,0,0,0,0,NATIONAL
venezuela,calgaryherald.com:443,NA,NA,NA,OTHER,PLATFORM,0,0,0,0,0,0,0,PLATFORM
venezuela,caribbeanherald.com,com,GLOBAL,GLOBAL,GLOBAL,PLATFORM,0,0,0,0,0,0,0,NATIONAL
venezuela,castlegarsource.com,com,GLOBAL,GLOBAL,GLOBAL,PLATFORM,0,0,0,0,0,0,0,NATIONAL
venezuela,chathamdailynews.ca,ca,CA,North America,OTHER,PLATFORM,0,0,0,0,0,0,0,NATIONAL
venezuela,chennaionline.com,com,GLOBAL,GLOBAL,GLOBAL,PLATFORM,0,0,0,0,0,0,0,NATIONAL
venezuela,chiangraitimes.com,com,GLOBAL,GLOBAL,GLOBAL,PLATFORM,0,0,0,0,0,0,0,NATIONAL
venezuela,chicagobears.com,com,GLOBAL,GLOBAL,GLOBAL,PLATFORM,0,0,0,0,0,0,0,NATIONAL
venezuela,chippewa.com,com,GLOBAL,GLOBAL,GLOBAL,PLATFORM,0,0,0,0,0,0,0,NATIONAL
venezuela,chortle.co.uk,uk,GB,Europe & Central Asia,OTHER,PLATFORM,0,0,0,0,0,0,0,NATIONAL
venezuela,christianitydaily.com:443,NA,NA,NA,OTHER,PLATFORM,0,0,0,0,0,0,0,PLATFORM
venezuela,clickorlando.com,com,GLOBAL,GLOBAL,GLOBAL,PLATFORM,0,0,0,0,0,0,0,NATIONAL
venezuela,clinicaladvisor.com,com,GLOBAL,GLOBAL,GLOBAL,PLATFORM,0,0,0,0,0,0,0,NATIONAL
venezuela,coloradopeakpolitics.com,com,GLOBAL,GLOBAL,GLOBAL,PLATFORM,0,0,0,0,0,0,0,NATIONAL
venezuela,communitypress.ca:443,NA,NA,NA,OTHER,PLATFORM,0,0,0,0,0,0,0,PLATFORM
venezuela,cool987fm.com,com,GLOBAL,GLOBAL,GLOBAL,PLATFORM,0,0,0,0,0,0,0,NATIONAL
venezuela,crosscut.com,com,GLOBAL,GLOBAL,GLOBAL,PLATFORM,0,0,0,0,0,0,0,NATIONAL
venezuela,crowdfundinsider.com,com,GLOBAL,GLOBAL,GLOBAL,PLATFORM,0,0,0,0,0,0,0,NATIONAL
venezuela,cryptonews.com,com,GLOBAL,GLOBAL,GLOBAL,PLATFORM,0,0,0,0,0,0,0,NATIONAL
venezuela,dailycal.org,org,GLOBAL,GLOBAL,GLOBAL,PLATFORM,0,0,0,0,0,0,0,NATIONAL
venezuela,dailyinterlake.com,com,GLOBAL,GLOBAL,GLOBAL,PLATFORM,0,0,0,0,0,0,0,NATIONAL
venezuela,daylightng.com,com,GLOBAL,GLOBAL,GLOBAL,PLATFORM,0,0,0,0,0,0,0,NATIONAL
venezuela,deseret.com,com,GLOBAL,GLOBAL,GLOBAL,PLATFORM,0,0,0,0,0,0,0,NATIONAL
venezuela,dexerto.com,com,GLOBAL,GLOBAL,GLOBAL,PLATFORM,0,0,0,0,0,0,0,NATIONAL
venezuela,dreadcentral.com,com,GLOBAL,GLOBAL,GLOBAL,PLATFORM,0,0,0,0,0,0,0,NATIONAL
venezuela,drovers.com:443,NA,NA,NA,OTHER,PLATFORM,0,0,0,0,0,0,0,PLATFORM
venezuela,dundalkdemocrat.ie,ie,NA,NA,OTHER,PLATFORM,0,0,0,0,0,0,0,PLATFORM
venezuela,eagletimes.com,com,GLOBAL,GLOBAL,GLOBAL,PLATFORM,0,0,0,0,0,0,0,NATIONAL
venezuela,echopress.com,com,GLOBAL,GLOBAL,GLOBAL,PLATFORM,0,0,0,0,0,0,0,NATIONAL
venezuela,elitedaily.com,com,GLOBAL,GLOBAL,GLOBAL,PLATFORM,0,0,0,0,0,0,0,NATIONAL
venezuela,energy.einnews.com,com,GLOBAL,GLOBAL,GLOBAL,PLATFORM,0,0,0,0,0,0,0,NATIONAL
venezuela,energy953.com,com,GLOBAL,GLOBAL,GLOBAL,PLATFORM,0,0,0,0,0,0,0,NATIONAL
venezuela,enewscourier.com,com,GLOBAL,GLOBAL,GLOBAL,PLATFORM,0,0,0,0,0,0,0,NATIONAL
venezuela,events.qns.com,com,GLOBAL,GLOBAL,GLOBAL,PLATFORM,0,0,0,0,0,0,0,NATIONAL
venezuela,fairmontsentinel.com,com,GLOBAL,GLOBAL,GLOBAL,PLATFORM,0,0,0,0,0,0,0,NATIONAL
venezuela,fansided.com,com,GLOBAL,GLOBAL,GLOBAL,PLATFORM,0,0,0,0,0,0,0,NATIONAL
venezuela,femina.in,in,IN,South Asia,OTHER,PLATFORM,0,0,0,0,0,0,0,NATIONAL
venezuela,financialpost.com,com,GLOBAL,GLOBAL,GLOBAL,PLATFORM,0,0,0,0,0,0,0,NATIONAL
venezuela,firerescue1.com,com,GLOBAL,GLOBAL,GLOBAL,PLATFORM,0,0,0,0,0,0,0,NATIONAL
venezuela,firerescue1.com:443,NA,NA,NA,OTHER,PLATFORM,0,0,0,0,0,0,0,PLATFORM
venezuela,fool.com,com,GLOBAL,GLOBAL,GLOBAL,PLATFORM,0,0,0,0,0,0,0,NATIONAL
venezuela,fox23maine.com,com,GLOBAL,GLOBAL,GLOBAL,PLATFORM,0,0,0,0,0,0,0,NATIONAL
venezuela,fox29.com,com,GLOBAL,GLOBAL,GLOBAL,PLATFORM,0,0,0,0,0,0,0,NATIONAL
venezuela,foxradiook.com,com,GLOBAL,GLOBAL,GLOBAL,PLATFORM,0,0,0,0,0,0,0,NATIONAL
venezuela,gazettelive.co.uk,uk,GB,Europe & Central Asia,OTHER,PLATFORM,0,0,0,0,0,0,0,NATIONAL
venezuela,gizmodo.com,com,GLOBAL,GLOBAL,GLOBAL,PLATFORM,0,0,0,0,0,0,0,NATIONAL
venezuela,goldrushcam.com,com,GLOBAL,GLOBAL,GLOBAL,PLATFORM,0,0,0,0,0,0,0,NATIONAL
venezuela,gpb.org,org,GLOBAL,GLOBAL,GLOBAL,PLATFORM,0,0,0,0,0,0,0,NATIONAL
venezuela,haaretzdaily.com,com,GLOBAL,GLOBAL,GLOBAL,PLATFORM,0,0,0,0,0,0,0,NATIONAL
venezuela,hampshirechronicle.co.uk,uk,GB,Europe & Central Asia,OTHER,PLATFORM,0,0,0,0,0,0,0,NATIONAL
venezuela,hartfordcitynewstimes.com,com,GLOBAL,GLOBAL,GLOBAL,PLATFORM,0,0,0,0,0,0,0,NATIONAL
venezuela,hcamag.com,com,GLOBAL,GLOBAL,GLOBAL,PLATFORM,0,0,0,0,0,0,0,NATIONAL
venezuela,hertsad.co.uk,uk,GB,Europe & Central Asia,OTHER,PLATFORM,0,0,0,0,0,0,0,NATIONAL
venezuela,hiddenremote.com,com,GLOBAL,GLOBAL,GLOBAL,PLATFORM,0,0,0,0,0,0,0,NATIONAL
venezuela,hits961.iheart.com,com,GLOBAL,GLOBAL,GLOBAL,PLATFORM,0,0,0,0,0,0,0,NATIONAL
venezuela,home.howstuffworks.com,com,GLOBAL,GLOBAL,GLOBAL,PLATFORM,0,0,0,0,0,0,0,NATIONAL
venezuela,hopestandard.com,com,GLOBAL,GLOBAL,GLOBAL,PLATFORM,0,0,0,0,0,0,0,NATIONAL
venezuela,horseedmedia.net,net,GLOBAL,GLOBAL,GLOBAL,PLATFORM,0,0,0,0,0,0,0,NATIONAL
venezuela,hotelnewsresource.com,com,GLOBAL,GLOBAL,GLOBAL,PLATFORM,0,0,0,0,0,0,0,NATIONAL
venezuela,ifex.org,org,GLOBAL,GLOBAL,GLOBAL,PLATFORM,0,0,0,0,0,0,0,NATIONAL
venezuela,indepthnh.org,org,GLOBAL,GLOBAL,GLOBAL,PLATFORM,0,0,0,0,0,0,0,NATIONAL
venezuela,inforum.com,com,GLOBAL,GLOBAL,GLOBAL,PLATFORM,0,0,0,0,0,0,0,NATIONAL
venezuela,intelligencer.ca:443,NA,NA,NA,OTHER,PLATFORM,0,0,0,0,0,0,0,PLATFORM
venezuela,irishmirror.ie,ie,NA,NA,OTHER,PLATFORM,0,0,0,0,0,0,0,PLATFORM
venezuela,itbusinessnet.com,com,GLOBAL,GLOBAL,GLOBAL,PLATFORM,0,0,0,0,0,0,0,NATIONAL
venezuela,japanherald.com,com,GLOBAL,GLOBAL,GLOBAL,PLATFORM,0,0,0,0,0,0,0,NATIONAL
venezuela,jcpost.com,com,GLOBAL,GLOBAL,GLOBAL,PLATFORM,0,0,0,0,0,0,0,NATIONAL
venezuela,joannenova.com.au,au,AU,East Asia & Pacific,OTHER,PLATFORM,0,0,0,0,0,0,0,NATIONAL
venezuela,journalgazette.net,net,GLOBAL,GLOBAL,GLOBAL,PLATFORM,0,0,0,0,0,0,0,NATIONAL
venezuela,journalstar.com,com,GLOBAL,GLOBAL,GLOBAL,PLATFORM,0,0,0,0,0,0,0,NATIONAL
venezuela,kansas.com,com,GLOBAL,GLOBAL,GLOBAL,PLATFORM,0,0,0,0,0,0,0,NATIONAL
venezuela,katv.com,com,GLOBAL,GLOBAL,GLOBAL,PLATFORM,0,0,0,0,0,0,0,NATIONAL
venezuela,kcentv.com,com,GLOBAL,GLOBAL,GLOBAL,PLATFORM,0,0,0,0,0,0,0,NATIONAL
venezuela,kctv5.com,com,GLOBAL,GLOBAL,GLOBAL,PLATFORM,0,0,0,0,0,0,0,NATIONAL
venezuela,kesq.com,com,GLOBAL,GLOBAL,GLOBAL,PLATFORM,0,0,0,0,0,0,0,NATIONAL
venezuela,keyt.com,com,GLOBAL,GLOBAL,GLOBAL,PLATFORM,0,0,0,0,0,0,0,NATIONAL
venezuela,kfyi.iheart.com,com,GLOBAL,GLOBAL,GLOBAL,PLATFORM,0,0,0,0,0,0,0,NATIONAL
venezuela,kfyr.iheart.com,com,GLOBAL,GLOBAL,GLOBAL,PLATFORM,0,0,0,0,0,0,0,NATIONAL
venezuela,kgmo.com,com,GLOBAL,GLOBAL,GLOBAL,PLATFORM,0,0,0,0,0,0,0,NATIONAL
venezuela,kiiz.iheart.com,com,GLOBAL,GLOBAL,GLOBAL,PLATFORM,0,0,0,0,0,0,0,NATIONAL
venezuela,kiss957.iheart.com,com,GLOBAL,GLOBAL,GLOBAL,PLATFORM,0,0,0,0,0,0,0,NATIONAL
venezuela,kiss981.iheart.com,com,GLOBAL,GLOBAL,GLOBAL,PLATFORM,0,0,0,0,0,0,0,NATIONAL
venezuela,kissrocks.com,com,GLOBAL,GLOBAL,GLOBAL,PLATFORM,0,0,0,0,0,0,0,NATIONAL
venezuela,klkntv.com,com,GLOBAL,GLOBAL,GLOBAL,PLATFORM,0,0,0,0,0,0,0,NATIONAL
venezuela,klove.com,com,GLOBAL,GLOBAL,GLOBAL,PLATFORM,0,0,0,0,0,0,0,NATIONAL
venezuela,kmxs.com,com,GLOBAL,GLOBAL,GLOBAL,PLATFORM,0,0,0,0,0,0,0,NATIONAL
venezuela,kpbs.org,org,GLOBAL,GLOBAL,GLOBAL,PLATFORM,0,0,0,0,0,0,0,NATIONAL
venezuela,ksnblocal4.com,com,GLOBAL,GLOBAL,GLOBAL,PLATFORM,0,0,0,0,0,0,0,NATIONAL
venezuela,kuow.org,org,GLOBAL,GLOBAL,GLOBAL,PLATFORM,0,0,0,0,0,0,0,NATIONAL
venezuela,kusi.com,com,GLOBAL,GLOBAL,GLOBAL,PLATFORM,0,0,0,0,0,0,0,NATIONAL
venezuela,kxkx.com,com,GLOBAL,GLOBAL,GLOBAL,PLATFORM,0,0,0,0,0,0,0,NATIONAL
venezuela,labmate-online.com,com,GLOBAL,GLOBAL,GLOBAL,PLATFORM,0,0,0,0,0,0,0,NATIONAL
venezuela,lavalnews.ca,ca,CA,North America,OTHER,PLATFORM,0,0,0,0,0,0,0,NATIONAL
venezuela,live955.com,com,GLOBAL,GLOBAL,GLOBAL,PLATFORM,0,0,0,0,0,0,0,NATIONAL
venezuela,lonestar995fm.com,com,GLOBAL,GLOBAL,GLOBAL,PLATFORM,0,0,0,0,0,0,0,NATIONAL
venezuela,longbeachstar.com,com,GLOBAL,GLOBAL,GLOBAL,PLATFORM,0,0,0,0,0,0,0,NATIONAL
venezuela,m.aliran.com,com,GLOBAL,GLOBAL,GLOBAL,PLATFORM,0,0,0,0,0,0,0,NATIONAL
venezuela,marietta.edu,edu,NA,NA,OTHER,PLATFORM,0,0,0,0,0,0,0,PLATFORM
venezuela,marketplace.org,org,GLOBAL,GLOBAL,GLOBAL,PLATFORM,0,0,0,0,0,0,0,NATIONAL
venezuela,miamiherald.com,com,GLOBAL,GLOBAL,GLOBAL,PLATFORM,0,0,0,0,0,0,0,NATIONAL
venezuela,mississippivalleypublishing.com,com,GLOBAL,GLOBAL,GLOBAL,PLATFORM,0,0,0,0,0,0,0,NATIONAL
venezuela,mitchellrepublic.com,com,GLOBAL,GLOBAL,GLOBAL,PLATFORM,0,0,0,0,0,0,0,NATIONAL
venezuela,mix1065.iheart.com,com,GLOBAL,GLOBAL,GLOBAL,PLATFORM,0,0,0,0,0,0,0,NATIONAL
venezuela,mmafighting.com,com,GLOBAL,GLOBAL,GLOBAL,PLATFORM,0,0,0,0,0,0,0,NATIONAL
venezuela,mtairynews.com,com,GLOBAL,GLOBAL,GLOBAL,PLATFORM,0,0,0,0,0,0,0,NATIONAL
venezuela,my995fm.iheart.com,com,GLOBAL,GLOBAL,GLOBAL,PLATFORM,0,0,0,0,0,0,0,NATIONAL
venezuela,myeaglecountry.com,com,GLOBAL,GLOBAL,GLOBAL,PLATFORM,0,0,0,0,0,0,0,NATIONAL
venezuela,mykxlg.com,com,GLOBAL,GLOBAL,GLOBAL,PLATFORM,0,0,0,0,0,0,0,NATIONAL
venezuela,myrtlebeachonline.com,com,GLOBAL,GLOBAL,GLOBAL,PLATFORM,0,0,0,0,0,0,0,NATIONAL
venezuela,mywdia.iheart.com,com,GLOBAL,GLOBAL,GLOBAL,PLATFORM,0,0,0,0,0,0,0,NATIONAL
venezuela,nationalgeographic.com,com,GLOBAL,GLOBAL,GLOBAL,PLATFORM,0,0,0,0,0,0,0,NATIONAL
venezuela,nationalparkstraveler.org,org,GLOBAL,GLOBAL,GLOBAL,PLATFORM,0,0,0,0,0,0,0,NATIONAL
venezuela,nature.com,com,GLOBAL,GLOBAL,GLOBAL,PLATFORM,0,0,0,0,0,0,0,NATIONAL
venezuela,nbcsandiego.com,com,GLOBAL,GLOBAL,GLOBAL,PLATFORM,0,0,0,0,0,0,0,NATIONAL
venezuela,news.maritime-network.com,com,GLOBAL,GLOBAL,GLOBAL,PLATFORM,0,0,0,0,0,0,0,NATIONAL
venezuela,news8000.com,com,GLOBAL,GLOBAL,GLOBAL,PLATFORM,0,0,0,0,0,0,0,NATIONAL
venezuela,newsradiowkcy.iheart.com,com,GLOBAL,GLOBAL,GLOBAL,PLATFORM,0,0,0,0,0,0,0,NATIONAL
venezuela,nigeriasun.com,com,GLOBAL,GLOBAL,GLOBAL,PLATFORM,0,0,0,0,0,0,0,NATIONAL
venezuela,northernirelandnews.com,com,GLOBAL,GLOBAL,GLOBAL,PLATFORM,0,0,0,0,0,0,0,NATIONAL
venezuela,nsnews.com,com,GLOBAL,GLOBAL,GLOBAL,PLATFORM,0,0,0,0,0,0,0,NATIONAL
venezuela,nynganobserver.com.au,au,AU,East Asia & Pacific,OTHER,PLATFORM,0,0,0,0,0,0,0,NATIONAL
venezuela,obituaries.chickashanews.com,com,GLOBAL,GLOBAL,GLOBAL,PLATFORM,0,0,0,0,0,0,0,NATIONAL
venezuela,obituaries.stwnewspress.com,com,GLOBAL,GLOBAL,GLOBAL,PLATFORM,0,0,0,0,0,0,0,NATIONAL
venezuela,obituaries.thedailystar.com,com,GLOBAL,GLOBAL,GLOBAL,PLATFORM,0,0,0,0,0,0,0,NATIONAL
venezuela,oxfordmail.co.uk,uk,GB,Europe & Central Asia,OTHER,PLATFORM,0,0,0,0,0,0,0,NATIONAL
venezuela,penarthtimes.co.uk,uk,GB,Europe & Central Asia,OTHER,PLATFORM,0,0,0,0,0,0,0,NATIONAL
venezuela,pokernews.com,com,GLOBAL,GLOBAL,GLOBAL,PLATFORM,0,0,0,0,0,0,0,NATIONAL
venezuela,politicalwire.com,com,GLOBAL,GLOBAL,GLOBAL,PLATFORM,0,0,0,0,0,0,0,NATIONAL
venezuela,popsugar.com,com,GLOBAL,GLOBAL,GLOBAL,PLATFORM,0,0,0,0,0,0,0,NATIONAL
venezuela,prunderground.com,com,GLOBAL,GLOBAL,GLOBAL,PLATFORM,0,0,0,0,0,0,0,NATIONAL
venezuela,purplerow.com,com,GLOBAL,GLOBAL,GLOBAL,PLATFORM,0,0,0,0,0,0,0,NATIONAL
venezuela,q105fm.iheart.com,com,GLOBAL,GLOBAL,GLOBAL,PLATFORM,0,0,0,0,0,0,0,NATIONAL
venezuela,qns.com,com,GLOBAL,GLOBAL,GLOBAL,PLATFORM,0,0,0,0,0,0,0,NATIONAL
venezuela,quesnelobserver.com,com,GLOBAL,GLOBAL,GLOBAL,PLATFORM,0,0,0,0,0,0,0,NATIONAL
venezuela,radaronline.com,com,GLOBAL,GLOBAL,GLOBAL,PLATFORM,0,0,0,0,0,0,0,NATIONAL
venezuela,radionigeria.gov.ng,ng,NG,Sub-Saharan Africa,AFRICA,PLATFORM,0,0,0,0,0,0,0,NATIONAL
venezuela,rescue.org,org,GLOBAL,GLOBAL,GLOBAL,PLATFORM,0,0,0,0,0,0,0,NATIONAL
venezuela,restaurantnewsrelease.com,com,GLOBAL,GLOBAL,GLOBAL,PLATFORM,0,0,0,0,0,0,0,NATIONAL
venezuela,richardcrouse.ca,ca,CA,North America,OTHER,PLATFORM,0,0,0,0,0,0,0,NATIONAL
venezuela,rock937online.com,com,GLOBAL,GLOBAL,GLOBAL,PLATFORM,0,0,0,0,0,0,0,NATIONAL
venezuela,saltwire.com,com,GLOBAL,GLOBAL,GLOBAL,PLATFORM,0,0,0,0,0,0,0,NATIONAL
venezuela,scarlettgatelymoore.dev,dev,NA,NA,OTHER,PLATFORM,0,0,0,0,0,0,0,PLATFORM
venezuela,science.howstuffworks.com,com,GLOBAL,GLOBAL,GLOBAL,PLATFORM,0,0,0,0,0,0,0,NATIONAL
venezuela,sflcn.com,com,GLOBAL,GLOBAL,GLOBAL,PLATFORM,0,0,0,0,0,0,0,NATIONAL
venezuela,sheridanmedia.com,com,GLOBAL,GLOBAL,GLOBAL,PLATFORM,0,0,0,0,0,0,0,NATIONAL
venezuela,shorenewsnetwork.com,com,GLOBAL,GLOBAL,GLOBAL,PLATFORM,0,0,0,0,0,0,0,NATIONAL
venezuela,singaporestar.com,com,GLOBAL,GLOBAL,GLOBAL,PLATFORM,0,0,0,0,0,0,0,NATIONAL
venezuela,sixerswire.usatoday.com,com,GLOBAL,GLOBAL,GLOBAL,PLATFORM,0,0,0,0,0,0,0,NATIONAL
venezuela,smh.com.au,au,AU,East Asia & Pacific,OTHER,PLATFORM,0,0,0,0,0,0,0,NATIONAL
venezuela,srilankasource.com,com,GLOBAL,GLOBAL,GLOBAL,PLATFORM,0,0,0,0,0,0,0,NATIONAL
venezuela,star-telegram.com,com,GLOBAL,GLOBAL,GLOBAL,PLATFORM,0,0,0,0,0,0,0,NATIONAL
venezuela,stcatharinesstandard.ca,ca,CA,North America,OTHER,PLATFORM,0,0,0,0,0,0,0,NATIONAL
venezuela,stockandland.com.au,au,AU,East Asia & Pacific,OTHER,PLATFORM,0,0,0,0,0,0,0,NATIONAL
venezuela,stratfordbeaconherald.com:443,NA,NA,NA,OTHER,PLATFORM,0,0,0,0,0,0,0,PLATFORM
venezuela,swishappeal.com,com,GLOBAL,GLOBAL,GLOBAL,PLATFORM,0,0,0,0,0,0,0,NATIONAL
venezuela,tass.com,com,GLOBAL,GLOBAL,GLOBAL,PLATFORM,0,0,1,0,0,0,1,STATE
venezuela,teletrader.com,com,GLOBAL,GLOBAL,GLOBAL,PLATFORM,0,0,0,0,0,0,0,NATIONAL
venezuela,telluridenews.com,com,GLOBAL,GLOBAL,GLOBAL,PLATFORM,0,0,0,0,0,0,0,NATIONAL
venezuela,texastribune.org,org,GLOBAL,GLOBAL,GLOBAL,PLATFORM,0,0,0,0,0,0,0,NATIONAL
venezuela,the-independent.com,com,GLOBAL,GLOBAL,GLOBAL,PLATFORM,0,0,0,0,0,0,0,NATIONAL
venezuela,theartsdesk.com,com,GLOBAL,GLOBAL,GLOBAL,PLATFORM,0,0,0,0,0,0,0,NATIONAL
venezuela,thebull1017.iheart.com,com,GLOBAL,GLOBAL,GLOBAL,PLATFORM,0,0,0,0,0,0,0,NATIONAL
venezuela,thecourier.co.uk,uk,GB,Europe & Central Asia,OTHER,PLATFORM,0,0,0,0,0,0,0,NATIONAL
venezuela,thedailystar.com,com,GLOBAL,GLOBAL,GLOBAL,PLATFORM,0,0,0,0,0,0,0,NATIONAL
venezuela,thefan1075.com,com,GLOBAL,GLOBAL,GLOBAL,PLATFORM,0,0,0,0,0,0,0,NATIONAL
venezuela,thegamenashville.com,com,GLOBAL,GLOBAL,GLOBAL,PLATFORM,0,0,0,0,0,0,0,NATIONAL
venezuela,thejudge13.com,com,GLOBAL,GLOBAL,GLOBAL,PLATFORM,0,0,0,0,0,0,0,NATIONAL
venezuela,theleadernews.com,com,GLOBAL,GLOBAL,GLOBAL,PLATFORM,0,0,0,0,0,0,0,NATIONAL
venezuela,thenationalnews.com,com,GLOBAL,GLOBAL,GLOBAL,PLATFORM,0,0,0,0,0,0,0,NATIONAL
venezuela,thepeninsulaqatar.com,com,GLOBAL,GLOBAL,GLOBAL,PLATFORM,0,0,0,0,0,0,0,NATIONAL
venezuela,therepublic.com,com,GLOBAL,GLOBAL,GLOBAL,PLATFORM,0,0,0,0,0,0,0,NATIONAL
venezuela,thesubtimes.com,com,GLOBAL,GLOBAL,GLOBAL,PLATFORM,0,0,0,0,0,0,0,NATIONAL
venezuela,thetelegraphandargus.co.uk,uk,GB,Europe & Central Asia,OTHER,PLATFORM,0,0,0,0,0,0,0,NATIONAL
venezuela,thethaiger.com,com,GLOBAL,GLOBAL,GLOBAL,PLATFORM,0,0,0,0,0,0,0,NATIONAL
venezuela,thetruthaboutcars.com,com,GLOBAL,GLOBAL,GLOBAL,PLATFORM,0,0,0,0,0,0,0,NATIONAL
venezuela,timesofindia.indiatimes.com,com,GLOBAL,GLOBAL,GLOBAL,PLATFORM,0,0,0,0,0,0,0,NATIONAL
venezuela,tk101.iheart.com,com,GLOBAL,GLOBAL,GLOBAL,PLATFORM,0,0,0,0,0,0,0,NATIONAL
venezuela,tomshardware.com,com,GLOBAL,GLOBAL,GLOBAL,PLATFORM,0,0,0,0,0,0,0,NATIONAL
venezuela,toronto.citynews.ca,ca,CA,North America,OTHER,PLATFORM,0,0,0,0,0,0,0,NATIONAL
venezuela,tri-cityherald.com,com,GLOBAL,GLOBAL,GLOBAL,PLATFORM,0,0,0,0,0,0,0,NATIONAL
venezuela,tsln.com,com,GLOBAL,GLOBAL,GLOBAL,PLATFORM,0,0,0,0,0,0,0,NATIONAL
venezuela,tucsonsentinel.com,com,GLOBAL,GLOBAL,GLOBAL,PLATFORM,0,0,0,0,0,0,0,NATIONAL
venezuela,uspolitics.einnews.com,com,GLOBAL,GLOBAL,GLOBAL,PLATFORM,0,0,0,0,0,0,0,NATIONAL
venezuela,v1011sacramento.iheart.com,com,GLOBAL,GLOBAL,GLOBAL,PLATFORM,0,0,0,0,0,0,0,NATIONAL
venezuela,waco100.iheart.com,com,GLOBAL,GLOBAL,GLOBAL,PLATFORM,0,0,0,0,0,0,0,NATIONAL
venezuela,wandtv.com,com,GLOBAL,GLOBAL,GLOBAL,PLATFORM,0,0,0,0,0,0,0,NATIONAL
venezuela,wataugademocrat.com,com,GLOBAL,GLOBAL,GLOBAL,PLATFORM,0,0,0,0,0,0,0,NATIONAL
venezuela,webmd.com,com,GLOBAL,GLOBAL,GLOBAL,PLATFORM,0,0,0,0,0,0,0,NATIONAL
venezuela,wesh.com,com,GLOBAL,GLOBAL,GLOBAL,PLATFORM,0,0,0,0,0,0,0,NATIONAL
venezuela,wfaa.com,com,GLOBAL,GLOBAL,GLOBAL,PLATFORM,0,0,0,0,0,0,0,NATIONAL
venezuela,wgmd.com,com,GLOBAL,GLOBAL,GLOBAL,PLATFORM,0,0,0,0,0,0,0,NATIONAL
venezuela,wgnsradio.com,com,GLOBAL,GLOBAL,GLOBAL,PLATFORM,0,0,0,0,0,0,0,NATIONAL
venezuela,wgrd.com,com,GLOBAL,GLOBAL,GLOBAL,PLATFORM,0,0,0,0,0,0,0,NATIONAL
venezuela,whig.com,com,GLOBAL,GLOBAL,GLOBAL,PLATFORM,0,0,0,0,0,0,0,NATIONAL
venezuela,whyn.iheart.com,com,GLOBAL,GLOBAL,GLOBAL,PLATFORM,0,0,0,0,0,0,0,NATIONAL
venezuela,wiartonecho.com:443,NA,NA,NA,OTHER,PLATFORM,0,0,0,0,0,0,0,PLATFORM
venezuela,willamette.edu,edu,NA,NA,OTHER,PLATFORM,0,0,0,0,0,0,0,PLATFORM
venezuela,wiltshiretimes.co.uk,uk,GB,Europe & Central Asia,OTHER,PLATFORM,0,0,0,0,0,0,0,NATIONAL
venezuela,wineandspiritsmagazine.com,com,GLOBAL,GLOBAL,GLOBAL,PLATFORM,0,0,0,0,0,0,0,NATIONAL
venezuela,wishtv.com,com,GLOBAL,GLOBAL,GLOBAL,PLATFORM,0,0,0,0,0,0,0,NATIONAL
venezuela,wizard106.iheart.com,com,GLOBAL,GLOBAL,GLOBAL,PLATFORM,0,0,0,0,0,0,0,NATIONAL
venezuela,wrdw.com,com,GLOBAL,GLOBAL,GLOBAL,PLATFORM,0,0,0,0,0,0,0,NATIONAL
venezuela,wrkf.org,org,GLOBAL,GLOBAL,GLOBAL,PLATFORM,0,0,0,0,0,0,0,NATIONAL
venezuela,wsoctv.com,com,GLOBAL,GLOBAL,GLOBAL,PLATFORM,0,0,0,0,0,0,0,NATIONAL
venezuela,wtvbam.com,com,GLOBAL,GLOBAL,GLOBAL,PLATFORM,0,0,0,0,0,0,0,NATIONAL
venezuela,wwd.com,com,GLOBAL,GLOBAL,GLOBAL,PLATFORM,0,0,0,0,0,0,0,NATIONAL
venezuela,wyldfm.iheart.com,com,GLOBAL,GLOBAL,GLOBAL,PLATFORM,0,0,0,0,0,0,0,NATIONAL
venezuela,youralaskalink.com,com,GLOBAL,GLOBAL,GLOBAL,PLATFORM,0,0,0,0,0,0,0,NATIONAL
venezuela,yourfortdodge.com,com,GLOBAL,GLOBAL,GLOBAL,PLATFORM,0,0,0,0,0,0,0,NATIONAL
venezuela,zfenglish.com,com,GLOBAL,GLOBAL,GLOBAL,PLATFORM,0,0,0,0,0,0,0,NATIONAL
venezuela,zmescience.com,com,GLOBAL,GLOBAL,GLOBAL,PLATFORM,0,0,0,0,0,0,0,NATIONAL
venezuela,101magic.iheart.com,com,GLOBAL,GLOBAL,GLOBAL,PLATFORM,0,0,0,0,0,0,0,NATIONAL
venezuela,1033wvyb.com,com,GLOBAL,GLOBAL,GLOBAL,PLATFORM,0,0,0,0,0,0,0,NATIONAL
venezuela,1045thecat.iheart.com,com,GLOBAL,GLOBAL,GLOBAL,PLATFORM,0,0,0,0,0,0,0,NATIONAL
venezuela,10news.com,com,GLOBAL,GLOBAL,GLOBAL,PLATFORM,0,0,0,0,0,0,0,NATIONAL
venezuela,1150wima.iheart.com,com,GLOBAL,GLOBAL,GLOBAL,PLATFORM,0,0,0,0,0,0,0,NATIONAL
venezuela,12newsnow.com,com,GLOBAL,GLOBAL,GLOBAL,PLATFORM,0,0,0,0,0,0,0,NATIONAL
venezuela,790wpic.com,com,GLOBAL,GLOBAL,GLOBAL,PLATFORM,0,0,0,0,0,0,0,NATIONAL
venezuela,95rockfm.com,com,GLOBAL,GLOBAL,GLOBAL,PLATFORM,0,0,0,0,0,0,0,NATIONAL
venezuela,961srs.iheart.com,com,GLOBAL,GLOBAL,GLOBAL,PLATFORM,0,0,0,0,0,0,0,NATIONAL
venezuela,967stevefm.iheart.com,com,GLOBAL,GLOBAL,GLOBAL,PLATFORM,0,0,0,0,0,0,0,NATIONAL
venezuela,975now.com,com,GLOBAL,GLOBAL,GLOBAL,PLATFORM,0,0,0,0,0,0,0,NATIONAL
venezuela,975wabd.com,com,GLOBAL,GLOBAL,GLOBAL,PLATFORM,0,0,0,0,0,0,0,NATIONAL
venezuela,98rocks.fm,fm,NA,NA,OTHER,PLATFORM,0,0,0,0,0,0,0,PLATFORM
venezuela,abc13.com,com,GLOBAL,GLOBAL,GLOBAL,PLATFORM,0,0,0,0,0,0,0,NATIONAL
venezuela,alligator.org,org,GLOBAL,GLOBAL,GLOBAL,PLATFORM,0,0,0,0,0,0,0,NATIONAL
venezuela,arabherald.com,com,GLOBAL,GLOBAL,GLOBAL,PLATFORM,0,0,0,0,0,0,0,NATIONAL
venezuela,armidaleexpress.com.au,au,AU,East Asia & Pacific,OTHER,PLATFORM,0,0,0,0,0,0,0,NATIONAL
venezuela,aseaofblue.com,com,GLOBAL,GLOBAL,GLOBAL,PLATFORM,0,0,0,0,0,0,0,NATIONAL
venezuela,b1073online.iheart.com,com,GLOBAL,GLOBAL,GLOBAL,PLATFORM,0,0,0,0,0,0,0,NATIONAL
venezuela,bbs.clutchfans.net,net,GLOBAL,GLOBAL,GLOBAL,PLATFORM,0,0,0,0,0,0,0,NATIONAL
venezuela,belfastmedia.com,com,GLOBAL,GLOBAL,GLOBAL,PLATFORM,0,0,0,0,0,0,0,NATIONAL
venezuela,bellevuereporter.com,com,GLOBAL,GLOBAL,GLOBAL,PLATFORM,0,0,0,0,0,0,0,NATIONAL
venezuela,bgr.com,com,GLOBAL,GLOBAL,GLOBAL,PLATFORM,0,0,0,0,0,0,0,NATIONAL
venezuela,bigi1079.iheart.com,com,GLOBAL,GLOBAL,GLOBAL,PLATFORM,0,0,0,0,0,0,0,NATIONAL
venezuela,blackheartgoldpants.com,com,GLOBAL,GLOBAL,GLOBAL,PLATFORM,0,0,0,0,0,0,0,NATIONAL
venezuela,bloodhorse.com,com,GLOBAL,GLOBAL,GLOBAL,PLATFORM,0,0,0,0,0,0,0,NATIONAL
venezuela,brooklyneagle.com,com,GLOBAL,GLOBAL,GLOBAL,PLATFORM,0,0,0,0,0,0,0,NATIONAL
venezuela,canowindranews.com.au,au,AU,East Asia & Pacific,OTHER,PLATFORM,0,0,0,0,0,0,0,NATIONAL
venezuela,cathstan.org,org,GLOBAL,GLOBAL,GLOBAL,PLATFORM,0,0,0,0,0,0,0,NATIONAL
venezuela,centralwesterndaily.com.au,au,AU,East Asia & Pacific,OTHER,PLATFORM,0,0,0,0,0,0,0,NATIONAL
venezuela,chardandilminsternews.co.uk,uk,GB,Europe & Central Asia,OTHER,PLATFORM,0,0,0,0,0,0,0,NATIONAL
venezuela,chch.com,com,GLOBAL,GLOBAL,GLOBAL,PLATFORM,0,0,0,0,0,0,0,NATIONAL
venezuela,classy100.com,com,GLOBAL,GLOBAL,GLOBAL,PLATFORM,0,0,0,0,0,0,0,NATIONAL
venezuela,clickondetroit.com,com,GLOBAL,GLOBAL,GLOBAL,PLATFORM,0,0,0,0,0,0,0,NATIONAL
venezuela,comingsoon.net,net,GLOBAL,GLOBAL,GLOBAL,PLATFORM,0,0,0,0,0,0,0,NATIONAL
venezuela,complex.com,com,GLOBAL,GLOBAL,GLOBAL,PLATFORM,0,0,0,0,0,0,0,NATIONAL
venezuela,dailyddt.com,com,GLOBAL,GLOBAL,GLOBAL,PLATFORM,0,0,0,0,0,0,0,NATIONAL
venezuela,dailyfx.com,com,GLOBAL,GLOBAL,GLOBAL,PLATFORM,0,0,0,0,0,0,0,NATIONAL
venezuela,dailynewsen.com,com,GLOBAL,GLOBAL,GLOBAL,PLATFORM,0,0,0,0,0,0,0,NATIONAL
venezuela,dailyprincetonian.com,com,GLOBAL,GLOBAL,GLOBAL,PLATFORM,0,0,0,0,0,0,0,NATIONAL
venezuela,dailytrust.com,com,GLOBAL,GLOBAL,GLOBAL,PLATFORM,0,0,0,0,0,0,0,NATIONAL
venezuela,dakotanewsnow.com,com,GLOBAL,GLOBAL,GLOBAL,PLATFORM,0,0,0,0,0,0,0,NATIONAL
venezuela,deccanherald.com,com,GLOBAL,GLOBAL,GLOBAL,PLATFORM,0,0,0,0,0,0,0,NATIONAL
venezuela,digitaljournal.com,com,GLOBAL,GLOBAL,GLOBAL,PLATFORM,0,0,0,0,0,0,0,NATIONAL
venezuela,extralunchmoney.com,com,GLOBAL,GLOBAL,GLOBAL,PLATFORM,0,0,0,0,0,0,0,NATIONAL
venezuela,fortworthreport.org,org,GLOBAL,GLOBAL,GLOBAL,PLATFORM,0,0,0,0,0,0,0,NATIONAL
venezuela,freepressonline.com,com,GLOBAL,GLOBAL,GLOBAL,PLATFORM,0,0,0,0,0,0,0,NATIONAL
venezuela,gaeliclife.com,com,GLOBAL,GLOBAL,GLOBAL,PLATFORM,0,0,0,0,0,0,0,NATIONAL
venezuela,gainesvilleregister.com,com,GLOBAL,GLOBAL,GLOBAL,PLATFORM,0,0,0,0,0,0,0,NATIONAL
venezuela,gettysburgtimes.com,com,GLOBAL,GLOBAL,GLOBAL,PLATFORM,0,0,0,0,0,0,0,NATIONAL
venezuela,guernseypress.com,com,GLOBAL,GLOBAL,GLOBAL,PLATFORM,0,0,0,0,0,0,0,NATIONAL
venezuela,heraldpalladium.com,com,GLOBAL,GLOBAL,GLOBAL,PLATFORM,0,0,0,0,0,0,0,NATIONAL
venezuela,hickoryrecord.com,com,GLOBAL,GLOBAL,GLOBAL,PLATFORM,0,0,0,0,0,0,0,NATIONAL
venezuela,hometownstation.com,com,GLOBAL,GLOBAL,GLOBAL,PLATFORM,0,0,0,0,0,0,0,NATIONAL
venezuela,in-cumbria.com,com,GLOBAL,GLOBAL,GLOBAL,PLATFORM,0,0,0,0,0,0,0,NATIONAL
venezuela,inferse.com,com,GLOBAL,GLOBAL,GLOBAL,PLATFORM,0,0,0,0,0,0,0,NATIONAL
venezuela,insurancenewsnet.com,com,GLOBAL,GLOBAL,GLOBAL,PLATFORM,0,0,0,0,0,0,0,NATIONAL
venezuela,japan.cnet.com,com,GLOBAL,GLOBAL,GLOBAL,PLATFORM,0,0,0,0,0,0,0,NATIONAL
venezuela,kake.com,com,GLOBAL,GLOBAL,GLOBAL,PLATFORM,0,0,0,0,0,0,0,NATIONAL
venezuela,kentuckynewera.com,com,GLOBAL,GLOBAL,GLOBAL,PLATFORM,0,0,0,0,0,0,0,NATIONAL
venezuela,kez999.iheart.com,com,GLOBAL,GLOBAL,GLOBAL,PLATFORM,0,0,0,0,0,0,0,NATIONAL
venezuela,kilgorenewsherald.com,com,GLOBAL,GLOBAL,GLOBAL,PLATFORM,0,0,0,0,0,0,0,NATIONAL
venezuela,kmbc.com,com,GLOBAL,GLOBAL,GLOBAL,PLATFORM,0,0,0,0,0,0,0,NATIONAL
venezuela,kprr.iheart.com,com,GLOBAL,GLOBAL,GLOBAL,PLATFORM,0,0,0,0,0,0,0,NATIONAL
venezuela,kunc.org,org,GLOBAL,GLOBAL,GLOBAL,PLATFORM,0,0,0,0,0,0,0,NATIONAL
venezuela,kurv.com,com,GLOBAL,GLOBAL,GLOBAL,PLATFORM,0,0,0,0,0,0,0,NATIONAL
venezuela,kwit.org,org,GLOBAL,GLOBAL,GLOBAL,PLATFORM,0,0,0,0,0,0,0,NATIONAL
venezuela,letsrun.com,com,GLOBAL,GLOBAL,GLOBAL,PLATFORM,0,0,0,0,0,0,0,NATIONAL
venezuela,madison.com,com,GLOBAL,GLOBAL,GLOBAL,PLATFORM,0,0,0,0,0,0,0,NATIONAL
venezuela,metrojacksonville.com,com,GLOBAL,GLOBAL,GLOBAL,PLATFORM,0,0,0,0,0,0,0,NATIONAL
venezuela,mix1043fm.com,com,GLOBAL,GLOBAL,GLOBAL,PLATFORM,0,0,0,0,0,0,0,NATIONAL
venezuela,morningsun.net,net,GLOBAL,GLOBAL,GLOBAL,PLATFORM,0,0,0,0,0,0,0,NATIONAL
venezuela,movieweb.com,com,GLOBAL,GLOBAL,GLOBAL,PLATFORM,0,0,0,0,0,0,0,NATIONAL
venezuela,nashvillegab.com,com,GLOBAL,GLOBAL,GLOBAL,PLATFORM,0,0,0,0,0,0,0,NATIONAL
venezuela,nbcbayarea.com,com,GLOBAL,GLOBAL,GLOBAL,PLATFORM,0,0,0,0,0,0,0,NATIONAL
venezuela,news.prairiepublic.org,org,GLOBAL,GLOBAL,GLOBAL,PLATFORM,0,0,0,0,0,0,0,NATIONAL
venezuela,news.punchjump.com,com,GLOBAL,GLOBAL,GLOBAL,PLATFORM,0,0,0,0,0,0,0,NATIONAL
venezuela,paducahsun.com,com,GLOBAL,GLOBAL,GLOBAL,PLATFORM,0,0,0,0,0,0,0,NATIONAL
venezuela,pentictonherald.ca,ca,CA,North America,OTHER,PLATFORM,0,0,0,0,0,0,0,NATIONAL
venezuela,pinstripealley.com,com,GLOBAL,GLOBAL,GLOBAL,PLATFORM,0,0,0,0,0,0,0,NATIONAL
venezuela,pleasantonweekly.com,com,GLOBAL,GLOBAL,GLOBAL,PLATFORM,0,0,0,0,0,0,0,NATIONAL
venezuela,presstv.ir,ir,NA,NA,OTHER,PLATFORM,0,0,1,0,0,0,1,STATE
venezuela,psdispatch.com,com,GLOBAL,GLOBAL,GLOBAL,PLATFORM,0,0,0,0,0,0,0,NATIONAL
venezuela,q961.com,com,GLOBAL,GLOBAL,GLOBAL,PLATFORM,0,0,0,0,0,0,0,NATIONAL
venezuela,roanoke.com,com,GLOBAL,GLOBAL,GLOBAL,PLATFORM,0,0,0,0,0,0,0,NATIONAL
venezuela,sbs.com.au,au,AU,East Asia & Pacific,OTHER,PLATFORM,0,0,0,0,0,0,0,NATIONAL
venezuela,scitechdaily.com,com,GLOBAL,GLOBAL,GLOBAL,PLATFORM,0,0,0,0,0,0,0,NATIONAL
venezuela,southerngazette.ca,ca,CA,North America,OTHER,PLATFORM,0,0,0,0,0,0,0,NATIONAL
venezuela,spec.com.au,au,AU,East Asia & Pacific,OTHER,PLATFORM,0,0,0,0,0,0,0,NATIONAL
venezuela,steelers.com,com,GLOBAL,GLOBAL,GLOBAL,PLATFORM,0,0,0,0,0,0,0,NATIONAL
venezuela,streetinsider.com,com,GLOBAL,GLOBAL,GLOBAL,PLATFORM,0,0,0,0,0,0,0,NATIONAL
venezuela,sunny999fm.iheart.com,com,GLOBAL,GLOBAL,GLOBAL,PLATFORM,0,0,0,0,0,0,0,NATIONAL
venezuela,superherohype.com,com,GLOBAL,GLOBAL,GLOBAL,PLATFORM,0,0,0,0,0,0,0,NATIONAL
venezuela,tdtnews.com,com,GLOBAL,GLOBAL,GLOBAL,PLATFORM,0,0,0,0,0,0,0,NATIONAL
venezuela,texarkanagazette.com,com,GLOBAL,GLOBAL,GLOBAL,PLATFORM,0,0,0,0,0,0,0,NATIONAL
venezuela,theboltonnews.co.uk,uk,GB,Europe & Central Asia,OTHER,PLATFORM,0,0,0,0,0,0,0,NATIONAL
venezuela,thecork.ie,ie,NA,NA,OTHER,PLATFORM,0,0,0,0,0,0,0,PLATFORM
venezuela,thecrimson.com,com,GLOBAL,GLOBAL,GLOBAL,PLATFORM,0,0,0,0,0,0,0,NATIONAL
venezuela,themaneland.com,com,GLOBAL,GLOBAL,GLOBAL,PLATFORM,0,0,0,0,0,0,0,NATIONAL
venezuela,themedialine.org,org,GLOBAL,GLOBAL,GLOBAL,PLATFORM,0,0,0,0,0,0,0,NATIONAL
venezuela,thezone1059.com,com,GLOBAL,GLOBAL,GLOBAL,PLATFORM,0,0,0,0,0,0,0,NATIONAL
venezuela,timescolonist.com,com,GLOBAL,GLOBAL,GLOBAL,PLATFORM,0,0,0,0,0,0,0,NATIONAL
venezuela,timeslive.co.za,za,ZA,Sub-Saharan Africa,AFRICA,PLATFORM,0,0,0,0,0,0,0,NATIONAL
venezuela,trentonian.ca:443,NA,NA,NA,OTHER,PLATFORM,0,0,0,0,0,0,0,PLATFORM
venezuela,trussvilletribune.com,com,GLOBAL,GLOBAL,GLOBAL,PLATFORM,0,0,0,0,0,0,0,NATIONAL
venezuela,uk.style.yahoo.com,com,GLOBAL,GLOBAL,GLOBAL,PLATFORM,0,0,0,0,0,0,0,NATIONAL
venezuela,wbaltv.com,com,GLOBAL,GLOBAL,GLOBAL,PLATFORM,0,0,0,0,0,0,0,NATIONAL
venezuela,wboc.com,com,GLOBAL,GLOBAL,GLOBAL,PLATFORM,0,0,0,0,0,0,0,NATIONAL
venezuela,wboy.com,com,GLOBAL,GLOBAL,GLOBAL,PLATFORM,0,0,0,0,0,0,0,NATIONAL
venezuela,wcvb.com,com,GLOBAL,GLOBAL,GLOBAL,PLATFORM,0,0,0,0,0,0,0,NATIONAL
venezuela,wgy.iheart.com,com,GLOBAL,GLOBAL,GLOBAL,PLATFORM,0,0,0,0,0,0,0,NATIONAL
venezuela,whcuradio.com,com,GLOBAL,GLOBAL,GLOBAL,PLATFORM,0,0,0,0,0,0,0,NATIONAL
venezuela,whec.com,com,GLOBAL,GLOBAL,GLOBAL,PLATFORM,0,0,0,0,0,0,0,NATIONAL
venezuela,wktv.com,com,GLOBAL,GLOBAL,GLOBAL,PLATFORM,0,0,0,0,0,0,0,NATIONAL
venezuela,wmbr.org,org,GLOBAL,GLOBAL,GLOBAL,PLATFORM,0,0,0,0,0,0,0,NATIONAL
venezuela,wmtw.com,com,GLOBAL,GLOBAL,GLOBAL,PLATFORM,0,0,0,0,0,0,0,NATIONAL
venezuela,wnmufm.org,org,GLOBAL,GLOBAL,GLOBAL,PLATFORM,0,0,0,0,0,0,0,NATIONAL
venezuela,wsbtv.com,com,GLOBAL,GLOBAL,GLOBAL,PLATFORM,0,0,0,0,0,0,0,NATIONAL
venezuela,wspd.iheart.com,com,GLOBAL,GLOBAL,GLOBAL,PLATFORM,0,0,0,0,0,0,0,NATIONAL
venezuela,wvnews.com,com,GLOBAL,GLOBAL,GLOBAL,PLATFORM,0,0,0,0,0,0,0,NATIONAL
venezuela,wwqq101.com,com,GLOBAL,GLOBAL,GLOBAL,PLATFORM,0,0,0,0,0,0,0,NATIONAL
venezuela,wyomingpublicmedia.org,org,GLOBAL,GLOBAL,GLOBAL,PLATFORM,0,0,0,0,0,0,0,NATIONAL
venezuela,wyso.org,org,GLOBAL,GLOBAL,GLOBAL,PLATFORM,0,0,0,0,0,0,0,NATIONAL
venezuela,xl1067.iheart.com,com,GLOBAL,GLOBAL,GLOBAL,PLATFORM,0,0,0,0,0,0,0,NATIONAL
venezuela,1053hotfm.com,com,GLOBAL,GLOBAL,GLOBAL,PLATFORM,0,0,0,0,0,0,0,NATIONAL
venezuela,2nm.com.au,au,AU,East Asia & Pacific,OTHER,PLATFORM,0,0,0,0,0,0,0,NATIONAL
venezuela,49erswebzone.com,com,GLOBAL,GLOBAL,GLOBAL,PLATFORM,0,0,0,0,0,0,0,NATIONAL
venezuela,550thezone.iheart.com,com,GLOBAL,GLOBAL,GLOBAL,PLATFORM,0,0,0,0,0,0,0,NATIONAL
venezuela,927thevan.com,com,GLOBAL,GLOBAL,GLOBAL,PLATFORM,0,0,0,0,0,0,0,NATIONAL
venezuela,96krock.com,com,GLOBAL,GLOBAL,GLOBAL,PLATFORM,0,0,0,0,0,0,0,NATIONAL
venezuela,ajmc.com,com,GLOBAL,GLOBAL,GLOBAL,PLATFORM,0,0,0,0,0,0,0,NATIONAL
venezuela,americanbazaaronline.com,com,GLOBAL,GLOBAL,GLOBAL,PLATFORM,0,0,0,0,0,0,0,NATIONAL
venezuela,aol.co.uk,uk,GB,Europe & Central Asia,OTHER,PLATFORM,0,0,0,0,0,0,0,NATIONAL
venezuela,app.com.pk,pk,NA,NA,OTHER,PLATFORM,0,0,0,0,0,0,0,PLATFORM
venezuela,atlantafalcons.com,com,GLOBAL,GLOBAL,GLOBAL,PLATFORM,0,0,0,0,0,0,0,NATIONAL
venezuela,azbigmedia.com,com,GLOBAL,GLOBAL,GLOBAL,PLATFORM,0,0,0,0,0,0,0,NATIONAL
venezuela,azertag.az,az,NA,NA,OTHER,PLATFORM,0,0,0,0,0,0,0,PLATFORM
venezuela,bangladeshsun.com,com,GLOBAL,GLOBAL,GLOBAL,PLATFORM,0,0,0,0,0,0,0,NATIONAL
venezuela,banksnews.gr,gr,NA,NA,OTHER,PLATFORM,0,0,0,0,0,0,0,PLATFORM
venezuela,barbadostoday.bb,bb,NA,NA,OTHER,PLATFORM,0,0,0,0,0,0,0,PLATFORM
venezuela,bearingarms.com,com,GLOBAL,GLOBAL,GLOBAL,PLATFORM,0,0,0,0,0,0,0,NATIONAL
venezuela,betanews.com,com,GLOBAL,GLOBAL,GLOBAL,PLATFORM,0,0,0,0,0,0,0,NATIONAL
venezuela,bkreader.com,com,GLOBAL,GLOBAL,GLOBAL,PLATFORM,0,0,0,0,0,0,0,NATIONAL
venezuela,bramptonguardian.com,com,GLOBAL,GLOBAL,GLOBAL,PLATFORM,0,0,0,0,0,0,0,NATIONAL
venezuela,brightsideofthesun.com,com,GLOBAL,GLOBAL,GLOBAL,PLATFORM,0,0,0,0,0,0,0,NATIONAL
venezuela,bristolpost.co.uk,uk,GB,Europe & Central Asia,OTHER,PLATFORM,0,0,0,0,0,0,0,NATIONAL
venezuela,brixtonbuzz.com,com,GLOBAL,GLOBAL,GLOBAL,PLATFORM,0,0,0,0,0,0,0,NATIONAL
venezuela,burnhamandhighbridgeweeklynews.co.uk,uk,GB,Europe & Central Asia,OTHER,PLATFORM,0,0,0,0,0,0,0,NATIONAL
venezuela,business.scoop.co.nz,nz,NZ,East Asia & Pacific,OTHER,PLATFORM,0,0,0,0,0,0,0,NATIONAL
venezuela,businessinsider.in,in,IN,South Asia,OTHER,PLATFORM,0,0,0,0,0,0,0,NATIONAL
venezuela,caughtoffside.com,com,GLOBAL,GLOBAL,GLOBAL,PLATFORM,0,0,0,0,0,0,0,NATIONAL
venezuela,centralchronicle.com,com,GLOBAL,GLOBAL,GLOBAL,PLATFORM,0,0,0,0,0,0,0,NATIONAL
venezuela,chinafile.com,com,GLOBAL,GLOBAL,GLOBAL,PLATFORM,0,0,0,0,0,0,0,NATIONAL
venezuela,collingwoodfc.com.au,au,AU,East Asia & Pacific,OTHER,PLATFORM,0,0,0,0,0,0,0,NATIONAL
venezuela,con-telegraph.ie,ie,NA,NA,OTHER,PLATFORM,0,0,0,0,0,0,0,PLATFORM
venezuela,cyprus-mail.com,com,GLOBAL,GLOBAL,GLOBAL,PLATFORM,0,0,0,0,0,0,0,NATIONAL
venezuela,delphosherald.com,com,GLOBAL,GLOBAL,GLOBAL,PLATFORM,0,0,0,0,0,0,0,NATIONAL
venezuela,digitaltrends.com,com,GLOBAL,GLOBAL,GLOBAL,PLATFORM,0,0,0,0,0,0,0,NATIONAL
venezuela,dudleynews.co.uk,uk,GB,Europe & Central Asia,OTHER,PLATFORM,0,0,0,0,0,0,0,NATIONAL
venezuela,dunyanews.tv,tv,NA,NA,OTHER,PLATFORM,0,0,0,0,0,0,0,PLATFORM
venezuela,ealingtimes.co.uk,uk,GB,Europe & Central Asia,OTHER,PLATFORM,0,0,0,0,0,0,0,NATIONAL
venezuela,echo-news.co.uk,uk,GB,Europe & Central Asia,OTHER,PLATFORM,0,0,0,0,0,0,0,NATIONAL
venezuela,electric949.com,com,GLOBAL,GLOBAL,GLOBAL,PLATFORM,0,0,0,0,0,0,0,NATIONAL
venezuela,femalefirst.co.uk,uk,GB,Europe & Central Asia,OTHER,PLATFORM,0,0,0,0,0,0,0,NATIONAL
venezuela,flaglerlive.com,com,GLOBAL,GLOBAL,GLOBAL,PLATFORM,0,0,0,0,0,0,0,NATIONAL
venezuela,forum.onlineopinion.com.au,au,AU,East Asia & Pacific,OTHER,PLATFORM,0,0,0,0,0,0,0,NATIONAL
venezuela,ft.lk,lk,NA,NA,OTHER,PLATFORM,0,0,0,0,0,0,0,PLATFORM
venezuela,gazettenet.com,com,GLOBAL,GLOBAL,GLOBAL,PLATFORM,0,0,0,0,0,0,0,NATIONAL
venezuela,genengnews.com,com,GLOBAL,GLOBAL,GLOBAL,PLATFORM,0,0,0,0,0,0,0,NATIONAL
venezuela,github.com,com,GLOBAL,GLOBAL,GLOBAL,PLATFORM,0,0,0,0,0,0,0,NATIONAL
venezuela,glasgowtimes.co.uk,uk,GB,Europe & Central Asia,OTHER,PLATFORM,0,0,0,0,0,0,0,NATIONAL
venezuela,gleninnesexaminer.com.au,au,AU,East Asia & Pacific,OTHER,PLATFORM,0,0,0,0,0,0,0,NATIONAL
venezuela,grantcountybeat.com,com,GLOBAL,GLOBAL,GLOBAL,PLATFORM,0,0,0,0,0,0,0,NATIONAL
venezuela,greatlakesadvocate.com.au,au,AU,East Asia & Pacific,OTHER,PLATFORM,0,0,0,0,0,0,0,NATIONAL
venezuela,greeleytribune.com,com,GLOBAL,GLOBAL,GLOBAL,PLATFORM,0,0,0,0,0,0,0,NATIONAL
venezuela,gulfnews.ca,ca,CA,North America,OTHER,PLATFORM,0,0,0,0,0,0,0,NATIONAL
venezuela,havasunews.com,com,GLOBAL,GLOBAL,GLOBAL,PLATFORM,0,0,0,0,0,0,0,NATIONAL
venezuela,heraldbulletin.com,com,GLOBAL,GLOBAL,GLOBAL,PLATFORM,0,0,0,0,0,0,0,NATIONAL
venezuela,hypebeast.com,com,GLOBAL,GLOBAL,GLOBAL,PLATFORM,0,0,0,0,0,0,0,NATIONAL
venezuela,impartialreporter.com,com,GLOBAL,GLOBAL,GLOBAL,PLATFORM,0,0,0,0,0,0,0,NATIONAL
venezuela,insidebitcoins.com,com,GLOBAL,GLOBAL,GLOBAL,PLATFORM,0,0,0,0,0,0,0,NATIONAL
venezuela,iri.org,org,GLOBAL,GLOBAL,GLOBAL,PLATFORM,0,0,0,0,0,0,0,NATIONAL
venezuela,irishexaminer.com,com,GLOBAL,GLOBAL,GLOBAL,PLATFORM,0,0,0,0,0,0,0,NATIONAL
venezuela,itemlive.com,com,GLOBAL,GLOBAL,GLOBAL,PLATFORM,0,0,0,0,0,0,0,NATIONAL
venezuela,k103.iheart.com,com,GLOBAL,GLOBAL,GLOBAL,PLATFORM,0,0,0,0,0,0,0,NATIONAL
venezuela,kansascity.com,com,GLOBAL,GLOBAL,GLOBAL,PLATFORM,0,0,0,0,0,0,0,NATIONAL
venezuela,katt.com,com,GLOBAL,GLOBAL,GLOBAL,PLATFORM,0,0,0,0,0,0,0,NATIONAL
venezuela,kdlg.org,org,GLOBAL,GLOBAL,GLOBAL,PLATFORM,0,0,0,0,0,0,0,NATIONAL
venezuela,kenyan-post.com,com,GLOBAL,GLOBAL,GLOBAL,PLATFORM,0,0,0,0,0,0,0,NATIONAL
venezuela,kfanplus.iheart.com,com,GLOBAL,GLOBAL,GLOBAL,PLATFORM,0,0,0,0,0,0,0,NATIONAL
venezuela,kfm.co.za,za,ZA,Sub-Saharan Africa,AFRICA,PLATFORM,0,0,0,0,0,0,0,NATIONAL
venezuela,kfyrtv.com,com,GLOBAL,GLOBAL,GLOBAL,PLATFORM,0,0,0,0,0,0,0,NATIONAL
venezuela,kgot.iheart.com,com,GLOBAL,GLOBAL,GLOBAL,PLATFORM,0,0,0,0,0,0,0,NATIONAL
venezuela,kkiq.com,com,GLOBAL,GLOBAL,GLOBAL,PLATFORM,0,0,0,0,0,0,0,NATIONAL
venezuela,kmuw.org,org,GLOBAL,GLOBAL,GLOBAL,PLATFORM,0,0,0,0,0,0,0,NATIONAL
venezuela,kokomoperspective.com,com,GLOBAL,GLOBAL,GLOBAL,PLATFORM,0,0,0,0,0,0,0,NATIONAL
venezuela,krrq.com,com,GLOBAL,GLOBAL,GLOBAL,PLATFORM,0,0,0,0,0,0,0,NATIONAL
venezuela,kyuk.org,org,GLOBAL,GLOBAL,GLOBAL,PLATFORM,0,0,0,0,0,0,0,NATIONAL
venezuela,lancashiretelegraph.co.uk,uk,GB,Europe & Central Asia,OTHER,PLATFORM,0,0,0,0,0,0,0,NATIONAL
venezuela,lexch.com,com,GLOBAL,GLOBAL,GLOBAL,PLATFORM,0,0,0,0,0,0,0,NATIONAL
venezuela,literock959.com,com,GLOBAL,GLOBAL,GLOBAL,PLATFORM,0,0,0,0,0,0,0,NATIONAL
venezuela,localmatters.co.nz,nz,NZ,East Asia & Pacific,OTHER,PLATFORM,0,0,0,0,0,0,0,NATIONAL
venezuela,mainebiz.biz,biz,GLOBAL,GLOBAL,GLOBAL,PLATFORM,0,0,0,0,0,0,0,NATIONAL
venezuela,manningrivertimes.com.au,au,AU,East Asia & Pacific,OTHER,PLATFORM,0,0,0,0,0,0,0,NATIONAL
venezuela,margaretrivermail.com.au,au,AU,East Asia & Pacific,OTHER,PLATFORM,0,0,0,0,0,0,0,NATIONAL
venezuela,messenger-inquirer.com,com,GLOBAL,GLOBAL,GLOBAL,PLATFORM,0,0,0,0,0,0,0,NATIONAL
venezuela,metro.co.uk,uk,GB,Europe & Central Asia,OTHER,PLATFORM,0,0,0,0,0,0,0,NATIONAL
venezuela,miamidolphins.com,com,GLOBAL,GLOBAL,GLOBAL,PLATFORM,0,0,0,0,0,0,0,NATIONAL
venezuela,movies.mxdwn.com,com,GLOBAL,GLOBAL,GLOBAL,PLATFORM,0,0,0,0,0,0,0,NATIONAL
venezuela,mykisscountry937.com,com,GLOBAL,GLOBAL,GLOBAL,PLATFORM,0,0,0,0,0,0,0,NATIONAL
venezuela,news.illinoisstate.edu,edu,NA,NA,OTHER,PLATFORM,0,0,0,0,0,0,0,PLATFORM
venezuela,news4sanantonio.com,com,GLOBAL,GLOBAL,GLOBAL,PLATFORM,0,0,0,0,0,0,0,NATIONAL
venezuela,nflmocks.com,com,GLOBAL,GLOBAL,GLOBAL,PLATFORM,0,0,0,0,0,0,0,NATIONAL
venezuela,northcountrypublicradio.org,org,GLOBAL,GLOBAL,GLOBAL,PLATFORM,0,0,0,0,0,0,0,NATIONAL
venezuela,northislandgazette.com,com,GLOBAL,GLOBAL,GLOBAL,PLATFORM,0,0,0,0,0,0,0,NATIONAL
venezuela,npmjs.com,com,GLOBAL,GLOBAL,GLOBAL,PLATFORM,0,0,0,0,0,0,0,NATIONAL
venezuela,nvi.com.au,au,AU,East Asia & Pacific,OTHER,PLATFORM,0,0,0,0,0,0,0,NATIONAL
venezuela,obituaries.heraldbulletin.com,com,GLOBAL,GLOBAL,GLOBAL,PLATFORM,0,0,0,0,0,0,0,NATIONAL
venezuela,oldvcr.blogspot.com,com,GLOBAL,GLOBAL,GLOBAL,PLATFORM,0,0,0,0,0,0,0,NATIONAL
venezuela,paloaltoonline.com,com,GLOBAL,GLOBAL,GLOBAL,PLATFORM,0,0,0,0,0,0,0,NATIONAL
venezuela,purerock96.com,com,GLOBAL,GLOBAL,GLOBAL,PLATFORM,0,0,0,0,0,0,0,NATIONAL
venezuela,q102.iheart.com,com,GLOBAL,GLOBAL,GLOBAL,PLATFORM,0,0,0,0,0,0,0,NATIONAL
venezuela,q1041.iheart.com,com,GLOBAL,GLOBAL,GLOBAL,PLATFORM,0,0,0,0,0,0,0,NATIONAL
venezuela,q93fm.com,com,GLOBAL,GLOBAL,GLOBAL,PLATFORM,0,0,0,0,0,0,0,NATIONAL
venezuela,rapidcityjournal.com,com,GLOBAL,GLOBAL,GLOBAL,PLATFORM,0,0,0,0,0,0,0,NATIONAL
venezuela,recorderonline.com,com,GLOBAL,GLOBAL,GLOBAL,PLATFORM,0,0,0,0,0,0,0,NATIONAL
venezuela,ricochet.com,com,GLOBAL,GLOBAL,GLOBAL,PLATFORM,0,0,0,0,0,0,0,NATIONAL
venezuela,sail-world.com,com,GLOBAL,GLOBAL,GLOBAL,PLATFORM,0,0,0,0,0,0,0,NATIONAL
venezuela,samaa.tv,tv,NA,NA,OTHER,PLATFORM,0,0,0,0,0,0,0,PLATFORM
venezuela,savageandwhitten.com,com,GLOBAL,GLOBAL,GLOBAL,PLATFORM,0,0,0,0,0,0,0,NATIONAL
venezuela,sciencealert.com,com,GLOBAL,GLOBAL,GLOBAL,PLATFORM,0,0,0,0,0,0,0,NATIONAL
venezuela,sdjewishworld.com,com,GLOBAL,GLOBAL,GLOBAL,PLATFORM,0,0,0,0,0,0,0,NATIONAL
venezuela,spartaindependent.com,com,GLOBAL,GLOBAL,GLOBAL,PLATFORM,0,0,0,0,0,0,0,NATIONAL
venezuela,squatchrocks.com,com,GLOBAL,GLOBAL,GLOBAL,PLATFORM,0,0,0,0,0,0,0,NATIONAL
venezuela,steamboatpilot.com,com,GLOBAL,GLOBAL,GLOBAL,PLATFORM,0,0,0,0,0,0,0,NATIONAL
venezuela,stupiddope.com,com,GLOBAL,GLOBAL,GLOBAL,PLATFORM,0,0,0,0,0,0,0,NATIONAL
venezuela,sunlive.co.nz,nz,NZ,East Asia & Pacific,OTHER,PLATFORM,0,0,0,0,0,0,0,NATIONAL
venezuela,sunny943.com,com,GLOBAL,GLOBAL,GLOBAL,PLATFORM,0,0,0,0,0,0,0,NATIONAL
venezuela,syracuse.com,com,GLOBAL,GLOBAL,GLOBAL,PLATFORM,0,0,0,0,0,0,0,NATIONAL
venezuela,syrianobserver.com,com,GLOBAL,GLOBAL,GLOBAL,PLATFORM,0,0,0,0,0,0,0,NATIONAL
venezuela,tanzanianewsreports.com,com,GLOBAL,GLOBAL,GLOBAL,PLATFORM,0,0,0,0,0,0,0,NATIONAL
venezuela,thecomet.net,net,GLOBAL,GLOBAL,GLOBAL,PLATFORM,0,0,0,0,0,0,0,NATIONAL
venezuela,thedailyguardian.net,net,GLOBAL,GLOBAL,GLOBAL,PLATFORM,0,0,0,0,0,0,0,NATIONAL
venezuela,themandarin.com.au,au,AU,East Asia & Pacific,OTHER,PLATFORM,0,0,0,0,0,0,0,NATIONAL
venezuela,thoroughbreddailynews.com,com,GLOBAL,GLOBAL,GLOBAL,PLATFORM,0,0,0,0,0,0,0,NATIONAL
venezuela,thv11.com,com,GLOBAL,GLOBAL,GLOBAL,PLATFORM,0,0,0,0,0,0,0,NATIONAL
venezuela,tigernet.com,com,GLOBAL,GLOBAL,GLOBAL,PLATFORM,0,0,0,0,0,0,0,NATIONAL
venezuela,times.co.nz,nz,NZ,East Asia & Pacific,OTHER,PLATFORM,0,0,0,0,0,0,0,NATIONAL
venezuela,timesnews.net,net,GLOBAL,GLOBAL,GLOBAL,PLATFORM,0,0,0,0,0,0,0,NATIONAL
venezuela,triblive.com,com,GLOBAL,GLOBAL,GLOBAL,PLATFORM,0,0,0,0,0,0,0,NATIONAL
venezuela,tvovermind.com,com,GLOBAL,GLOBAL,GLOBAL,PLATFORM,0,0,0,0,0,0,0,NATIONAL
venezuela,ukathletics.com,com,GLOBAL,GLOBAL,GLOBAL,PLATFORM,0,0,0,0,0,0,0,NATIONAL
venezuela,unmultimedia.org,org,GLOBAL,GLOBAL,GLOBAL,PLATFORM,0,0,0,0,0,0,0,NATIONAL
venezuela,utep.edu,edu,NA,NA,OTHER,PLATFORM,0,0,0,0,0,0,0,PLATFORM
venezuela,wbrc.com,com,GLOBAL,GLOBAL,GLOBAL,PLATFORM,0,0,0,0,0,0,0,NATIONAL
venezuela,wcrz.com,com,GLOBAL,GLOBAL,GLOBAL,PLATFORM,0,0,0,0,0,0,0,NATIONAL
venezuela,weau.com,com,GLOBAL,GLOBAL,GLOBAL,PLATFORM,0,0,0,0,0,0,0,NATIONAL
venezuela,wehoville.com,com,GLOBAL,GLOBAL,GLOBAL,PLATFORM,0,0,0,0,0,0,0,NATIONAL
venezuela,westernwheel.ca,ca,CA,North America,OTHER,PLATFORM,0,0,0,0,0,0,0,NATIONAL
venezuela,winchesterstar.com,com,GLOBAL,GLOBAL,GLOBAL,PLATFORM,0,0,0,0,0,0,0,NATIONAL
venezuela,wjbt.iheart.com,com,GLOBAL,GLOBAL,GLOBAL,PLATFORM,0,0,0,0,0,0,0,NATIONAL
venezuela,wmrn.iheart.com,com,GLOBAL,GLOBAL,GLOBAL,PLATFORM,0,0,0,0,0,0,0,NATIONAL
venezuela,wondradio.com,com,GLOBAL,GLOBAL,GLOBAL,PLATFORM,0,0,0,0,0,0,0,NATIONAL
venezuela,wsau.com,com,GLOBAL,GLOBAL,GLOBAL,PLATFORM,0,0,0,0,0,0,0,NATIONAL
venezuela,wtvq.com,com,GLOBAL,GLOBAL,GLOBAL,PLATFORM,0,0,0,0,0,0,0,NATIONAL
venezuela,wwlp.com,com,GLOBAL,GLOBAL,GLOBAL,PLATFORM,0,0,0,0,0,0,0,NATIONAL
venezuela,z1077.iheart.com,com,GLOBAL,GLOBAL,GLOBAL,PLATFORM,0,0,0,0,0,0,0,NATIONAL
venezuela,zimbabwestar.com,com,GLOBAL,GLOBAL,GLOBAL,PLATFORM,0,0,0,0,0,0,0,NATIONAL
venezuela,1029thelake.iheart.com,com,GLOBAL,GLOBAL,GLOBAL,PLATFORM,0,0,0,0,0,0,0,NATIONAL
venezuela,1045thezone.com,com,GLOBAL,GLOBAL,GLOBAL,PLATFORM,0,0,0,0,0,0,0,NATIONAL
venezuela,1059thex.iheart.com,com,GLOBAL,GLOBAL,GLOBAL,PLATFORM,0,0,0,0,0,0,0,NATIONAL
venezuela,1063thebear.iheart.com,com,GLOBAL,GLOBAL,GLOBAL,PLATFORM,0,0,0,0,0,0,0,NATIONAL
venezuela,6pr.com.au,au,AU,East Asia & Pacific,OTHER,PLATFORM,0,0,0,0,0,0,0,NATIONAL
venezuela,945themoose.com,com,GLOBAL,GLOBAL,GLOBAL,PLATFORM,0,0,0,0,0,0,0,NATIONAL
venezuela,955wtvy.com,com,GLOBAL,GLOBAL,GLOBAL,PLATFORM,0,0,0,0,0,0,0,NATIONAL
venezuela,975kgkl.com,com,GLOBAL,GLOBAL,GLOBAL,PLATFORM,0,0,0,0,0,0,0,NATIONAL
venezuela,97x.com,com,GLOBAL,GLOBAL,GLOBAL,PLATFORM,0,0,0,0,0,0,0,NATIONAL
venezuela,987jack.com,com,GLOBAL,GLOBAL,GLOBAL,PLATFORM,0,0,0,0,0,0,0,NATIONAL
venezuela,991kggi.iheart.com,com,GLOBAL,GLOBAL,GLOBAL,PLATFORM,0,0,0,0,0,0,0,NATIONAL
venezuela,accessonline.com,com,GLOBAL,GLOBAL,GLOBAL,PLATFORM,0,0,0,0,0,0,0,NATIONAL
venezuela,addictedtoquack.com,com,GLOBAL,GLOBAL,GLOBAL,PLATFORM,0,0,0,0,0,0,0,NATIONAL
venezuela,adweek.com,com,GLOBAL,GLOBAL,GLOBAL,PLATFORM,0,0,0,0,0,0,0,NATIONAL
venezuela,alice955.iheart.com,com,GLOBAL,GLOBAL,GLOBAL,PLATFORM,0,0,0,0,0,0,0,NATIONAL
venezuela,allure.com,com,GLOBAL,GLOBAL,GLOBAL,PLATFORM,0,0,0,0,0,0,0,NATIONAL
venezuela,am-online.com,com,GLOBAL,GLOBAL,GLOBAL,PLATFORM,0,0,0,0,0,0,0,NATIONAL
venezuela,amnestyusa.org,org,GLOBAL,GLOBAL,GLOBAL,PLATFORM,0,0,0,0,0,0,0,NATIONAL
venezuela,andina.pe,pe,NA,NA,OTHER,PLATFORM,0,0,0,0,0,0,0,PLATFORM
venezuela,apr.org,org,GLOBAL,GLOBAL,GLOBAL,PLATFORM,0,0,0,0,0,0,0,NATIONAL
venezuela,arktimes.com,com,GLOBAL,GLOBAL,GLOBAL,PLATFORM,0,0,0,0,0,0,0,NATIONAL
venezuela,asiaone.com,com,GLOBAL,GLOBAL,GLOBAL,PLATFORM,0,0,0,0,0,0,0,NATIONAL
venezuela,au.lifestyle.yahoo.com,com,GLOBAL,GLOBAL,GLOBAL,PLATFORM,0,0,0,0,0,0,0,NATIONAL
venezuela,australianageingagenda.com.au,au,AU,East Asia & Pacific,OTHER,PLATFORM,0,0,0,0,0,0,0,NATIONAL
venezuela,autoguide.com,com,GLOBAL,GLOBAL,GLOBAL,PLATFORM,0,0,0,0,0,0,0,NATIONAL
venezuela,autoremarketing.com,com,GLOBAL,GLOBAL,GLOBAL,PLATFORM,0,0,0,0,0,0,0,NATIONAL
venezuela,autoweek.com,com,GLOBAL,GLOBAL,GLOBAL,PLATFORM,0,0,0,0,0,0,0,NATIONAL
venezuela,awesome98.com,com,GLOBAL,GLOBAL,GLOBAL,PLATFORM,0,0,0,0,0,0,0,NATIONAL
venezuela,b975.com,com,GLOBAL,GLOBAL,GLOBAL,PLATFORM,0,0,0,0,0,0,0,NATIONAL
venezuela,baptiststandard.com,com,GLOBAL,GLOBAL,GLOBAL,PLATFORM,0,0,0,0,0,0,0,NATIONAL
venezuela,baysidenews.com.au,au,AU,East Asia & Pacific,OTHER,PLATFORM,0,0,0,0,0,0,0,NATIONAL
venezuela,billingsgazette.com,com,GLOBAL,GLOBAL,GLOBAL,PLATFORM,0,0,0,0,0,0,0,NATIONAL
venezuela,billionaire.com,com,GLOBAL,GLOBAL,GLOBAL,PLATFORM,0,0,0,0,0,0,0,NATIONAL
venezuela,bismarcksmix.iheart.com,com,GLOBAL,GLOBAL,GLOBAL,PLATFORM,0,0,0,0,0,0,0,NATIONAL
venezuela,bjreview.com,com,GLOBAL,GLOBAL,GLOBAL,PLATFORM,0,0,0,0,0,0,0,NATIONAL
venezuela,bleedinggreennation.com,com,GLOBAL,GLOBAL,GLOBAL,PLATFORM,0,0,0,0,0,0,0,NATIONAL
venezuela,bobandsheri.com,com,GLOBAL,GLOBAL,GLOBAL,PLATFORM,0,0,0,0,0,0,0,NATIONAL
venezuela,boingboing.net,net,GLOBAL,GLOBAL,GLOBAL,PLATFORM,0,0,0,0,0,0,0,NATIONAL
venezuela,bruneinews.net,net,GLOBAL,GLOBAL,GLOBAL,PLATFORM,0,0,0,0,0,0,0,NATIONAL
venezuela,buchtelite.com,com,GLOBAL,GLOBAL,GLOBAL,PLATFORM,0,0,0,0,0,0,0,NATIONAL
venezuela,buckeyecountry943.iheart.com,com,GLOBAL,GLOBAL,GLOBAL,PLATFORM,0,0,0,0,0,0,0,NATIONAL
venezuela,californianewswire.com,com,GLOBAL,GLOBAL,GLOBAL,PLATFORM,0,0,0,0,0,0,0,NATIONAL
venezuela,cambridgeday.com,com,GLOBAL,GLOBAL,GLOBAL,PLATFORM,0,0,0,0,0,0,0,NATIONAL
venezuela,capradio.org,org,GLOBAL,GLOBAL,GLOBAL,PLATFORM,0,0,0,0,0,0,0,NATIONAL
venezuela,caranddriver.com,com,GLOBAL,GLOBAL,GLOBAL,PLATFORM,0,0,0,0,0,0,0,NATIONAL
venezuela,carbon-pulse.com,com,GLOBAL,GLOBAL,GLOBAL,PLATFORM,0,0,0,0,0,0,0,NATIONAL
venezuela,chatelaine.com,com,GLOBAL,GLOBAL,GLOBAL,PLATFORM,0,0,0,0,0,0,0,NATIONAL
venezuela,chinaaid.org,org,GLOBAL,GLOBAL,GLOBAL,PLATFORM,0,0,0,0,0,0,0,NATIONAL
venezuela,chri.ca,ca,CA,North America,OTHER,PLATFORM,0,0,0,0,0,0,0,NATIONAL
venezuela,chronicle.lu,lu,NA,NA,OTHER,PLATFORM,0,0,0,0,0,0,0,PLATFORM
venezuela,chronofhorse.com,com,GLOBAL,GLOBAL,GLOBAL,PLATFORM,0,0,0,0,0,0,0,NATIONAL
venezuela,ckxsfm.com,com,GLOBAL,GLOBAL,GLOBAL,PLATFORM,0,0,0,0,0,0,0,NATIONAL
venezuela,colombiareports.com,com,GLOBAL,GLOBAL,GLOBAL,PLATFORM,0,0,0,0,0,0,0,NATIONAL
venezuela,countytimes.co.uk,uk,GB,Europe & Central Asia,OTHER,PLATFORM,0,0,0,0,0,0,0,NATIONAL
venezuela,crossville-chronicle.com,com,GLOBAL,GLOBAL,GLOBAL,PLATFORM,0,0,0,0,0,0,0,NATIONAL
venezuela,dailyfreeman.com,com,GLOBAL,GLOBAL,GLOBAL,PLATFORM,0,0,0,0,0,0,0,NATIONAL
venezuela,dailyheraldtribune.com:443,NA,NA,NA,OTHER,PLATFORM,0,0,0,0,0,0,0,PLATFORM
venezuela,dawindycity.com,com,GLOBAL,GLOBAL,GLOBAL,PLATFORM,0,0,0,0,0,0,0,NATIONAL
venezuela,discoverairdrie.com,com,GLOBAL,GLOBAL,GLOBAL,PLATFORM,0,0,0,0,0,0,0,NATIONAL
venezuela,dothaneagle.com,com,GLOBAL,GLOBAL,GLOBAL,PLATFORM,0,0,0,0,0,0,0,NATIONAL
venezuela,dualshockers.com,com,GLOBAL,GLOBAL,GLOBAL,PLATFORM,0,0,0,0,0,0,0,NATIONAL
venezuela,duluthnewstribune.com,com,GLOBAL,GLOBAL,GLOBAL,PLATFORM,0,0,0,0,0,0,0,NATIONAL
venezuela,dungogchronicle.com.au,au,AU,East Asia & Pacific,OTHER,PLATFORM,0,0,0,0,0,0,0,NATIONAL
venezuela,dve.iheart.com,com,GLOBAL,GLOBAL,GLOBAL,PLATFORM,0,0,0,0,0,0,0,NATIONAL
venezuela,economist.com,com,GLOBAL,GLOBAL,GLOBAL,PLATFORM,0,0,0,0,0,0,0,NATIONAL
venezuela,elclasificado.com,com,GLOBAL,GLOBAL,GLOBAL,PLATFORM,0,0,0,0,0,0,0,NATIONAL
venezuela,elliotlakestandard.ca:443,NA,NA,NA,OTHER,PLATFORM,0,0,0,0,0,0,0,PLATFORM
venezuela,ems1.com:443,NA,NA,NA,OTHER,PLATFORM,0,0,0,0,0,0,0,PLATFORM
venezuela,ethanolproducer.com,com,GLOBAL,GLOBAL,GLOBAL,PLATFORM,0,0,0,0,0,0,0,NATIONAL
venezuela,fashionmagazine.com,com,GLOBAL,GLOBAL,GLOBAL,PLATFORM,0,0,0,0,0,0,0,NATIONAL
venezuela,feedstuffs.com,com,GLOBAL,GLOBAL,GLOBAL,PLATFORM,0,0,0,0,0,0,0,NATIONAL
venezuela,fiercewireless.com,com,GLOBAL,GLOBAL,GLOBAL,PLATFORM,0,0,0,0,0,0,0,NATIONAL
venezuela,file770.com,com,GLOBAL,GLOBAL,GLOBAL,PLATFORM,0,0,0,0,0,0,0,NATIONAL
venezuela,findbiometrics.com,com,GLOBAL,GLOBAL,GLOBAL,PLATFORM,0,0,0,0,0,0,0,NATIONAL
venezuela,forexlive.com,com,GLOBAL,GLOBAL,GLOBAL,PLATFORM,0,0,0,0,0,0,0,NATIONAL
venezuela,fortworthbusiness.com,com,GLOBAL,GLOBAL,GLOBAL,PLATFORM,0,0,0,0,0,0,0,NATIONAL
venezuela,fox17online.com,com,GLOBAL,GLOBAL,GLOBAL,PLATFORM,0,0,0,0,0,0,0,NATIONAL
venezuela,gameranx.com,com,GLOBAL,GLOBAL,GLOBAL,PLATFORM,0,0,0,0,0,0,0,NATIONAL
venezuela,gazetteherald.co.uk,uk,GB,Europe & Central Asia,OTHER,PLATFORM,0,0,0,0,0,0,0,NATIONAL
venezuela,gazetteseries.co.uk,uk,GB,Europe & Central Asia,OTHER,PLATFORM,0,0,0,0,0,0,0,NATIONAL
venezuela,ghanafa.org,org,GLOBAL,GLOBAL,GLOBAL,PLATFORM,0,0,0,0,0,0,0,NATIONAL
venezuela,gov.vc,vc,NA,NA,OTHER,PLATFORM,0,0,0,0,0,0,0,PLATFORM
venezuela,grenfellrecord.com.au,au,AU,East Asia & Pacific,OTHER,PLATFORM,0,0,0,0,0,0,0,NATIONAL
venezuela,hartenergy.com,com,GLOBAL,GLOBAL,GLOBAL,PLATFORM,0,0,0,0,0,0,0,NATIONAL
venezuela,heraldonline.com,com,GLOBAL,GLOBAL,GLOBAL,PLATFORM,0,0,0,0,0,0,0,NATIONAL
venezuela,heraldscotland.com,com,GLOBAL,GLOBAL,GLOBAL,PLATFORM,0,0,0,0,0,0,0,NATIONAL
venezuela,heraldseries.co.uk,uk,GB,Europe & Central Asia,OTHER,PLATFORM,0,0,0,0,0,0,0,NATIONAL
venezuela,horseshoeheroes.com,com,GLOBAL,GLOBAL,GLOBAL,PLATFORM,0,0,0,0,0,0,0,NATIONAL
venezuela,hot975fm.com,com,GLOBAL,GLOBAL,GLOBAL,PLATFORM,0,0,0,0,0,0,0,NATIONAL
venezuela,hpcwire.com,com,GLOBAL,GLOBAL,GLOBAL,PLATFORM,0,0,0,0,0,0,0,NATIONAL
venezuela,humbernews.ca,ca,CA,North America,OTHER,PLATFORM,0,0,0,0,0,0,0,NATIONAL
venezuela,idahopress.com,com,GLOBAL,GLOBAL,GLOBAL,PLATFORM,0,0,0,0,0,0,0,NATIONAL
venezuela,inquirer.com,com,GLOBAL,GLOBAL,GLOBAL,PLATFORM,0,0,0,0,0,0,0,NATIONAL
venezuela,insidehoops.com,com,GLOBAL,GLOBAL,GLOBAL,PLATFORM,0,0,0,0,0,0,0,NATIONAL
venezuela,intomore.com,com,GLOBAL,GLOBAL,GLOBAL,PLATFORM,0,0,0,0,0,0,0,NATIONAL
venezuela,itemonline.com,com,GLOBAL,GLOBAL,GLOBAL,PLATFORM,0,0,0,0,0,0,0,NATIONAL
venezuela,j-14.com,com,GLOBAL,GLOBAL,GLOBAL,PLATFORM,0,0,0,0,0,0,0,NATIONAL
venezuela,jamn945.iheart.com,com,GLOBAL,GLOBAL,GLOBAL,PLATFORM,0,0,0,0,0,0,0,NATIONAL
venezuela,jdnews.com,com,GLOBAL,GLOBAL,GLOBAL,PLATFORM,0,0,0,0,0,0,0,NATIONAL
venezuela,journal-advocate.com,com,GLOBAL,GLOBAL,GLOBAL,PLATFORM,0,0,0,0,0,0,0,NATIONAL
venezuela,journalismpakistan.com,com,GLOBAL,GLOBAL,GLOBAL,PLATFORM,0,0,0,0,0,0,0,NATIONAL
venezuela,justblogbaby.com,com,GLOBAL,GLOBAL,GLOBAL,PLATFORM,0,0,0,0,0,0,0,NATIONAL
venezuela,kcci.com,com,GLOBAL,GLOBAL,GLOBAL,PLATFORM,0,0,0,0,0,0,0,NATIONAL
venezuela,kdks.fm,fm,NA,NA,OTHER,PLATFORM,0,0,0,0,0,0,0,PLATFORM
venezuela,keanradio.com,com,GLOBAL,GLOBAL,GLOBAL,PLATFORM,0,0,0,0,0,0,0,NATIONAL
venezuela,kelownacapnews.com,com,GLOBAL,GLOBAL,GLOBAL,PLATFORM,0,0,0,0,0,0,0,NATIONAL
venezuela,kentonline.co.uk,uk,GB,Europe & Central Asia,OTHER,PLATFORM,0,0,0,0,0,0,0,NATIONAL
venezuela,kfan.iheart.com,com,GLOBAL,GLOBAL,GLOBAL,PLATFORM,0,0,0,0,0,0,0,NATIONAL
venezuela,kicks1063.com,com,GLOBAL,GLOBAL,GLOBAL,PLATFORM,0,0,0,0,0,0,0,NATIONAL
venezuela,kiss1023.iheart.com,com,GLOBAL,GLOBAL,GLOBAL,PLATFORM,0,0,0,0,0,0,0,NATIONAL
venezuela,kitchener.ctvnews.ca,ca,CA,North America,OTHER,PLATFORM,0,0,0,0,0,0,0,NATIONAL
venezuela,kix104.iheart.com,com,GLOBAL,GLOBAL,GLOBAL,PLATFORM,0,0,0,0,0,0,0,NATIONAL
venezuela,klin.com,com,GLOBAL,GLOBAL,GLOBAL,PLATFORM,0,0,0,0,0,0,0,NATIONAL
venezuela,knuj.net,net,GLOBAL,GLOBAL,GLOBAL,PLATFORM,0,0,0,0,0,0,0,NATIONAL
venezuela,kopsource.com,com,GLOBAL,GLOBAL,GLOBAL,PLATFORM,0,0,0,0,0,0,0,NATIONAL
venezuela,koreabizwire.com,com,GLOBAL,GLOBAL,GLOBAL,PLATFORM,0,0,0,0,0,0,0,NATIONAL
venezuela,kosu.org,org,GLOBAL,GLOBAL,GLOBAL,PLATFORM,0,0,0,0,0,0,0,NATIONAL
venezuela,kq2.com,com,GLOBAL,GLOBAL,GLOBAL,PLATFORM,0,0,0,0,0,0,0,NATIONAL
venezuela,krbe.com,com,GLOBAL,GLOBAL,GLOBAL,PLATFORM,0,0,0,0,0,0,0,NATIONAL
venezuela,ksbw.com,com,GLOBAL,GLOBAL,GLOBAL,PLATFORM,0,0,0,0,0,0,0,NATIONAL
venezuela,ksby.com,com,GLOBAL,GLOBAL,GLOBAL,PLATFORM,0,0,0,0,0,0,0,NATIONAL
venezuela,ktnv.com,com,GLOBAL,GLOBAL,GLOBAL,PLATFORM,0,0,0,0,0,0,0,NATIONAL
venezuela,kuzz.com,com,GLOBAL,GLOBAL,GLOBAL,PLATFORM,0,0,0,0,0,0,0,NATIONAL
venezuela,kwcdcountry.com,com,GLOBAL,GLOBAL,GLOBAL,PLATFORM,0,0,0,0,0,0,0,NATIONAL
venezuela,kwsn.com,com,GLOBAL,GLOBAL,GLOBAL,PLATFORM,0,0,0,0,0,0,0,NATIONAL
venezuela,kzbb.iheart.com,com,GLOBAL,GLOBAL,GLOBAL,PLATFORM,0,0,0,0,0,0,0,NATIONAL
venezuela,la.eater.com,com,GLOBAL,GLOBAL,GLOBAL,PLATFORM,0,0,0,0,0,0,0,NATIONAL
venezuela,labnews.co.uk,uk,GB,Europe & Central Asia,OTHER,PLATFORM,0,0,0,0,0,0,0,NATIONAL
venezuela,lakecowichangazette.com,com,GLOBAL,GLOBAL,GLOBAL,PLATFORM,0,0,0,0,0,0,0,NATIONAL
venezuela,latina.com,com,GLOBAL,GLOBAL,GLOBAL,PLATFORM,0,0,0,0,0,0,0,NATIONAL
venezuela,latintimes.com,com,GLOBAL,GLOBAL,GLOBAL,PLATFORM,0,0,0,0,0,0,0,NATIONAL
venezuela,lgfocus.com.au,au,AU,East Asia & Pacific,OTHER,PLATFORM,0,0,0,0,0,0,0,NATIONAL
venezuela,lionsroarnews.com,com,GLOBAL,GLOBAL,GLOBAL,PLATFORM,0,0,0,0,0,0,0,NATIONAL
venezuela,live5news.com,com,GLOBAL,GLOBAL,GLOBAL,PLATFORM,0,0,0,0,0,0,0,NATIONAL
venezuela,mediaforfreedom.com,com,GLOBAL,GLOBAL,GLOBAL,PLATFORM,0,0,0,0,0,0,0,NATIONAL
venezuela,mexicostar.com,com,GLOBAL,GLOBAL,GLOBAL,PLATFORM,0,0,0,0,0,0,0,NATIONAL
venezuela,military.com,com,GLOBAL,GLOBAL,GLOBAL,PLATFORM,0,0,0,0,0,0,0,NATIONAL
venezuela,mining-journal.com,com,GLOBAL,GLOBAL,GLOBAL,PLATFORM,0,0,0,0,0,0,0,NATIONAL
venezuela,minnlawyer.com,com,GLOBAL,GLOBAL,GLOBAL,PLATFORM,0,0,0,0,0,0,0,NATIONAL
venezuela,mix1077.iheart.com,com,GLOBAL,GLOBAL,GLOBAL,PLATFORM,0,0,0,0,0,0,0,NATIONAL
venezuela,mojo1029.com,com,GLOBAL,GLOBAL,GLOBAL,PLATFORM,0,0,0,0,0,0,0,NATIONAL
venezuela,morganhilltimes.com,com,GLOBAL,GLOBAL,GLOBAL,PLATFORM,0,0,0,0,0,0,0,NATIONAL
venezuela,mtstandard.com,com,GLOBAL,GLOBAL,GLOBAL,PLATFORM,0,0,0,0,0,0,0,NATIONAL
venezuela,myhits106.com,com,GLOBAL,GLOBAL,GLOBAL,PLATFORM,0,0,0,0,0,0,0,NATIONAL
venezuela,nasa.gov,gov,NA,NA,OTHER,PLATFORM,0,0,0,1,0,0,1,GOV
venezuela,nashfm1025.com,com,GLOBAL,GLOBAL,GLOBAL,PLATFORM,0,0,0,0,0,0,0,NATIONAL
venezuela,nationalhogfarmer.com,com,GLOBAL,GLOBAL,GLOBAL,PLATFORM,0,0,0,0,0,0,0,NATIONAL
venezuela,nbc11news.com,com,GLOBAL,GLOBAL,GLOBAL,PLATFORM,0,0,0,0,0,0,0,NATIONAL
venezuela,nbcmontana.com,com,GLOBAL,GLOBAL,GLOBAL,PLATFORM,0,0,0,0,0,0,0,NATIONAL
venezuela,nbcsvg.com,com,GLOBAL,GLOBAL,GLOBAL,PLATFORM,0,0,0,0,0,0,0,NATIONAL
venezuela,newstalkkgvo.com,com,GLOBAL,GLOBAL,GLOBAL,PLATFORM,0,0,0,0,0,0,0,NATIONAL
venezuela,noise11.com,com,GLOBAL,GLOBAL,GLOBAL,PLATFORM,0,0,0,0,0,0,0,NATIONAL
venezuela,northwestmoinfo.com,com,GLOBAL,GLOBAL,GLOBAL,PLATFORM,0,0,0,0,0,0,0,NATIONAL
venezuela,novinite.com,com,GLOBAL,GLOBAL,GLOBAL,PLATFORM,0,0,0,0,0,0,0,NATIONAL
venezuela,nripress.com,com,GLOBAL,GLOBAL,GLOBAL,PLATFORM,0,0,0,0,0,0,0,NATIONAL
venezuela,nwnewsnetwork.org,org,GLOBAL,GLOBAL,GLOBAL,PLATFORM,0,0,0,0,0,0,0,NATIONAL
venezuela,obituaries.corsicanadailysun.com,com,GLOBAL,GLOBAL,GLOBAL,PLATFORM,0,0,0,0,0,0,0,NATIONAL
venezuela,obituaries.itemonline.com,com,GLOBAL,GLOBAL,GLOBAL,PLATFORM,0,0,0,0,0,0,0,NATIONAL
venezuela,obituaries.ncnewsonline.com,com,GLOBAL,GLOBAL,GLOBAL,PLATFORM,0,0,0,0,0,0,0,NATIONAL
venezuela,observer-reporter.com,com,GLOBAL,GLOBAL,GLOBAL,PLATFORM,0,0,0,0,0,0,0,NATIONAL
venezuela,odnako.org,org,GLOBAL,GLOBAL,GLOBAL,PLATFORM,0,0,0,0,0,0,0,NATIONAL
venezuela,odt.co.nz,nz,NZ,East Asia & Pacific,OTHER,PLATFORM,0,0,0,0,0,0,0,NATIONAL
venezuela,paherald.sk.ca,ca,CA,North America,OTHER,PLATFORM,0,0,0,0,0,0,0,NATIONAL
venezuela,polity.org.za,za,ZA,Sub-Saharan Africa,AFRICA,PLATFORM,0,0,0,0,0,0,0,NATIONAL
venezuela,polygon.com,com,GLOBAL,GLOBAL,GLOBAL,PLATFORM,0,0,0,0,0,0,0,NATIONAL
venezuela,pridesource.com,com,GLOBAL,GLOBAL,GLOBAL,PLATFORM,0,0,0,0,0,0,0,NATIONAL
venezuela,proactiveinvestors.com,com,GLOBAL,GLOBAL,GLOBAL,PLATFORM,0,0,0,0,0,0,0,NATIONAL
venezuela,q1043.iheart.com,com,GLOBAL,GLOBAL,GLOBAL,PLATFORM,0,0,0,0,0,0,0,NATIONAL
venezuela,qconline.com,com,GLOBAL,GLOBAL,GLOBAL,PLATFORM,0,0,0,0,0,0,0,NATIONAL
venezuela,rappler.com,com,GLOBAL,GLOBAL,GLOBAL,PLATFORM,0,0,0,0,0,0,0,NATIONAL
venezuela,realgeni.com,com,GLOBAL,GLOBAL,GLOBAL,PLATFORM,0,0,0,0,0,0,0,NATIONAL
venezuela,rigzone.com,com,GLOBAL,GLOBAL,GLOBAL,PLATFORM,0,0,0,0,0,0,0,NATIONAL
venezuela,rsuradio.com,com,GLOBAL,GLOBAL,GLOBAL,PLATFORM,0,0,0,0,0,0,0,NATIONAL
venezuela,runthetrap.com,com,GLOBAL,GLOBAL,GLOBAL,PLATFORM,0,0,0,0,0,0,0,NATIONAL
venezuela,salinapost.com,com,GLOBAL,GLOBAL,GLOBAL,PLATFORM,0,0,0,0,0,0,0,NATIONAL
venezuela,sanangelolive.com,com,GLOBAL,GLOBAL,GLOBAL,PLATFORM,0,0,0,0,0,0,0,NATIONAL
venezuela,sanjuanjournal.com,com,GLOBAL,GLOBAL,GLOBAL,PLATFORM,0,0,0,0,0,0,0,NATIONAL
venezuela,sg.style.yahoo.com,com,GLOBAL,GLOBAL,GLOBAL,PLATFORM,0,0,0,0,0,0,0,NATIONAL
venezuela,slashfilm.com,com,GLOBAL,GLOBAL,GLOBAL,PLATFORM,0,0,0,0,0,0,0,NATIONAL
venezuela,solomonstarnews.com,com,GLOBAL,GLOBAL,GLOBAL,PLATFORM,0,0,0,0,0,0,0,NATIONAL
venezuela,south.maine207.org,org,GLOBAL,GLOBAL,GLOBAL,PLATFORM,0,0,0,0,0,0,0,NATIONAL
venezuela,southernhighlandnews.com.au,au,AU,East Asia & Pacific,OTHER,PLATFORM,0,0,0,0,0,0,0,NATIONAL
venezuela,starherald.com,com,GLOBAL,GLOBAL,GLOBAL,PLATFORM,0,0,0,0,0,0,0,NATIONAL
venezuela,statesboroherald.com,com,GLOBAL,GLOBAL,GLOBAL,PLATFORM,0,0,0,0,0,0,0,NATIONAL
venezuela,stopthedrugwar.org,org,GLOBAL,GLOBAL,GLOBAL,PLATFORM,0,0,0,0,0,0,0,NATIONAL
venezuela,stwnewspress.com,com,GLOBAL,GLOBAL,GLOBAL,PLATFORM,0,0,0,0,0,0,0,NATIONAL
venezuela,stylecaster.com,com,GLOBAL,GLOBAL,GLOBAL,PLATFORM,0,0,0,0,0,0,0,NATIONAL
venezuela,syfy.com,com,GLOBAL,GLOBAL,GLOBAL,PLATFORM,0,0,0,0,0,0,0,NATIONAL
venezuela,tap.info.tn,tn,NA,NA,OTHER,PLATFORM,0,0,0,0,0,0,0,PLATFORM
venezuela,tech.hindustantimes.com,com,GLOBAL,GLOBAL,GLOBAL,PLATFORM,0,0,0,0,0,0,0,NATIONAL
venezuela,techcrunch.com,com,GLOBAL,GLOBAL,GLOBAL,PLATFORM,0,0,0,0,0,0,0,NATIONAL
venezuela,tennesseedaily.com,com,GLOBAL,GLOBAL,GLOBAL,PLATFORM,0,0,0,0,0,0,0,NATIONAL
venezuela,thebig98.iheart.com,com,GLOBAL,GLOBAL,GLOBAL,PLATFORM,0,0,0,0,0,0,0,NATIONAL
venezuela,thebulltulsa.com,com,GLOBAL,GLOBAL,GLOBAL,PLATFORM,0,0,0,0,0,0,0,NATIONAL
venezuela,thecitizen.com,com,GLOBAL,GLOBAL,GLOBAL,PLATFORM,0,0,0,0,0,0,0,NATIONAL
venezuela,thedailyreview.com,com,GLOBAL,GLOBAL,GLOBAL,PLATFORM,0,0,0,0,0,0,0,NATIONAL
venezuela,thegrio.com,com,GLOBAL,GLOBAL,GLOBAL,PLATFORM,0,0,0,0,0,0,0,NATIONAL
venezuela,thelansingjournal.com,com,GLOBAL,GLOBAL,GLOBAL,PLATFORM,0,0,0,0,0,0,0,NATIONAL
venezuela,themusic.com.au,au,AU,East Asia & Pacific,OTHER,PLATFORM,0,0,0,0,0,0,0,NATIONAL
venezuela,thesourcefm.co.uk,uk,GB,Europe & Central Asia,OTHER,PLATFORM,0,0,0,0,0,0,0,NATIONAL
venezuela,thetimesnews.com,com,GLOBAL,GLOBAL,GLOBAL,PLATFORM,0,0,0,0,0,0,0,NATIONAL
venezuela,thisisoxfordshire.co.uk,uk,GB,Europe & Central Asia,OTHER,PLATFORM,0,0,0,0,0,0,0,NATIONAL
venezuela,timesdaily.com,com,GLOBAL,GLOBAL,GLOBAL,PLATFORM,0,0,0,0,0,0,0,NATIONAL
venezuela,timesnewspapers.com,com,GLOBAL,GLOBAL,GLOBAL,PLATFORM,0,0,0,0,0,0,0,NATIONAL
venezuela,toffeeweb.com,com,GLOBAL,GLOBAL,GLOBAL,PLATFORM,0,0,0,0,0,0,0,NATIONAL
venezuela,tomsguide.com,com,GLOBAL,GLOBAL,GLOBAL,PLATFORM,0,0,0,0,0,0,0,NATIONAL
venezuela,torontotelegraph.com,com,GLOBAL,GLOBAL,GLOBAL,PLATFORM,0,0,0,0,0,0,0,NATIONAL
venezuela,travelweekly.com.au,au,AU,East Asia & Pacific,OTHER,PLATFORM,0,0,0,0,0,0,0,NATIONAL
venezuela,tribune.net.ph,ph,NA,NA,OTHER,PLATFORM,0,0,0,0,0,0,0,PLATFORM
venezuela,tribuneindia.com,com,GLOBAL,GLOBAL,GLOBAL,PLATFORM,0,0,0,0,0,0,0,NATIONAL
venezuela,tucson.com,com,GLOBAL,GLOBAL,GLOBAL,PLATFORM,0,0,0,0,0,0,0,NATIONAL
venezuela,twinsdaily.com,com,GLOBAL,GLOBAL,GLOBAL,PLATFORM,0,0,0,0,0,0,0,NATIONAL
venezuela,unhcr.org,org,GLOBAL,GLOBAL,GLOBAL,PLATFORM,0,0,0,0,0,0,0,NATIONAL
venezuela,us.cnn.com,com,GLOBAL,GLOBAL,GLOBAL,PLATFORM,0,0,0,0,0,0,0,NATIONAL
venezuela,vanguardngr.com,com,GLOBAL,GLOBAL,GLOBAL,PLATFORM,0,0,0,0,0,0,0,NATIONAL
venezuela,vice.com,com,GLOBAL,GLOBAL,GLOBAL,PLATFORM,0,0,0,0,0,0,0,NATIONAL
venezuela,vicnews.com,com,GLOBAL,GLOBAL,GLOBAL,PLATFORM,0,0,0,0,0,0,0,NATIONAL
venezuela,vulture.com,com,GLOBAL,GLOBAL,GLOBAL,PLATFORM,0,0,0,0,0,0,0,NATIONAL
venezuela,washingtoninstitute.org,org,GLOBAL,GLOBAL,GLOBAL,PLATFORM,0,0,0,0,0,0,0,NATIONAL
venezuela,wccq.com,com,GLOBAL,GLOBAL,GLOBAL,PLATFORM,0,0,0,0,0,0,0,NATIONAL
venezuela,wdel.com,com,GLOBAL,GLOBAL,GLOBAL,PLATFORM,0,0,0,0,0,0,0,NATIONAL
venezuela,wdrb.com,com,GLOBAL,GLOBAL,GLOBAL,PLATFORM,0,0,0,0,0,0,0,NATIONAL
venezuela,westfaironline.com,com,GLOBAL,GLOBAL,GLOBAL,PLATFORM,0,0,0,0,0,0,0,NATIONAL
venezuela,whio.com,com,GLOBAL,GLOBAL,GLOBAL,PLATFORM,0,0,0,0,0,0,0,NATIONAL
venezuela,whittierdailynews.com,com,GLOBAL,GLOBAL,GLOBAL,PLATFORM,0,0,0,0,0,0,0,NATIONAL
venezuela,wiltsglosstandard.co.uk,uk,GB,Europe & Central Asia,OTHER,PLATFORM,0,0,0,0,0,0,0,NATIONAL
venezuela,wiod.iheart.com,com,GLOBAL,GLOBAL,GLOBAL,PLATFORM,0,0,0,0,0,0,0,NATIONAL
venezuela,wiu.edu,edu,NA,NA,OTHER,PLATFORM,0,0,0,0,0,0,0,PLATFORM
venezuela,wjbq.com,com,GLOBAL,GLOBAL,GLOBAL,PLATFORM,0,0,0,0,0,0,0,NATIONAL
venezuela,wjlbdetroit.iheart.com,com,GLOBAL,GLOBAL,GLOBAL,PLATFORM,0,0,0,0,0,0,0,NATIONAL
venezuela,wlrn.org,org,GLOBAL,GLOBAL,GLOBAL,PLATFORM,0,0,0,0,0,0,0,NATIONAL
venezuela,wnci.iheart.com,com,GLOBAL,GLOBAL,GLOBAL,PLATFORM,0,0,0,0,0,0,0,NATIONAL
venezuela,wnep.com,com,GLOBAL,GLOBAL,GLOBAL,PLATFORM,0,0,0,0,0,0,0,NATIONAL
venezuela,woai.iheart.com,com,GLOBAL,GLOBAL,GLOBAL,PLATFORM,0,0,0,0,0,0,0,NATIONAL
venezuela,wrwdcountry.iheart.com,com,GLOBAL,GLOBAL,GLOBAL,PLATFORM,0,0,0,0,0,0,0,NATIONAL
venezuela,wshu.org,org,GLOBAL,GLOBAL,GLOBAL,PLATFORM,0,0,0,0,0,0,0,NATIONAL
venezuela,wthitv.com,com,GLOBAL,GLOBAL,GLOBAL,PLATFORM,0,0,0,0,0,0,0,NATIONAL
venezuela,wtug.com,com,GLOBAL,GLOBAL,GLOBAL,PLATFORM,0,0,0,0,0,0,0,NATIONAL
venezuela,www2.fundsforngos.org,org,GLOBAL,GLOBAL,GLOBAL,PLATFORM,0,0,0,0,0,0,0,NATIONAL
venezuela,y94.com,com,GLOBAL,GLOBAL,GLOBAL,PLATFORM,0,0,0,0,0,0,0,NATIONAL
venezuela,z100missoula.com,com,GLOBAL,GLOBAL,GLOBAL,PLATFORM,0,0,0,0,0,0,0,NATIONAL
venezuela,1015thehawk.com,com,GLOBAL,GLOBAL,GLOBAL,PLATFORM,0,0,0,0,0,0,0,NATIONAL
venezuela,103gbfrocks.com,com,GLOBAL,GLOBAL,GLOBAL,PLATFORM,0,0,0,0,0,0,0,NATIONAL
venezuela,afloat.ie,ie,NA,NA,OTHER,PLATFORM,0,0,0,0,0,0,0,PLATFORM
venezuela,africa.chinadaily.com.cn,cn,CN,East Asia & Pacific,OTHER,PLATFORM,0,0,0,0,0,0,0,NATIONAL
venezuela,akihabaranews.com,com,GLOBAL,GLOBAL,GLOBAL,PLATFORM,0,0,0,0,0,0,0,NATIONAL
venezuela,androidcentral.com,com,GLOBAL,GLOBAL,GLOBAL,PLATFORM,0,0,0,0,0,0,0,NATIONAL
venezuela,animenewsnetwork.com,com,GLOBAL,GLOBAL,GLOBAL,PLATFORM,0,0,0,0,0,0,0,NATIONAL
venezuela,ansa.it,it,IT,Europe & Central Asia,OTHER,PLATFORM,0,0,0,0,0,0,0,NATIONAL
venezuela,asianimage.co.uk,uk,GB,Europe & Central Asia,OTHER,PLATFORM,0,0,0,0,0,0,0,NATIONAL
venezuela,atlantablackstar.com,com,GLOBAL,GLOBAL,GLOBAL,PLATFORM,0,0,0,0,0,0,0,NATIONAL
venezuela,badgerofhonor.com,com,GLOBAL,GLOBAL,GLOBAL,PLATFORM,0,0,0,0,0,0,0,NATIONAL
venezuela,barrie.ctvnews.ca,ca,CA,North America,OTHER,PLATFORM,0,0,0,0,0,0,0,NATIONAL
venezuela,bartlesvilleradio.com,com,GLOBAL,GLOBAL,GLOBAL,PLATFORM,0,0,0,0,0,0,0,NATIONAL
venezuela,bbc.com,com,GLOBAL,GLOBAL,GLOBAL,PLATFORM,0,0,0,0,0,0,0,NATIONAL
venezuela,bcmag.ca,ca,CA,North America,OTHER,PLATFORM,0,0,0,0,0,0,0,NATIONAL
venezuela,bengals.com,com,GLOBAL,GLOBAL,GLOBAL,PLATFORM,0,0,0,0,0,0,0,NATIONAL
venezuela,borehamwoodtimes.co.uk,uk,GB,Europe & Central Asia,OTHER,PLATFORM,0,0,0,0,0,0,0,NATIONAL
venezuela,brandonsun.com,com,GLOBAL,GLOBAL,GLOBAL,PLATFORM,0,0,0,0,0,0,0,NATIONAL
venezuela,bransontrilakesnews.com,com,GLOBAL,GLOBAL,GLOBAL,PLATFORM,0,0,0,0,0,0,0,NATIONAL
venezuela,briefingwire.com,com,GLOBAL,GLOBAL,GLOBAL,PLATFORM,0,0,0,0,0,0,0,NATIONAL
venezuela,bubblear.com,com,GLOBAL,GLOBAL,GLOBAL,PLATFORM,0,0,0,0,0,0,0,NATIONAL
venezuela,buffalonews.com,com,GLOBAL,GLOBAL,GLOBAL,PLATFORM,0,0,0,0,0,0,0,NATIONAL
venezuela,businessnorth.com,com,GLOBAL,GLOBAL,GLOBAL,PLATFORM,0,0,0,0,0,0,0,NATIONAL
venezuela,businesstraveller.com,com,GLOBAL,GLOBAL,GLOBAL,PLATFORM,0,0,0,0,0,0,0,NATIONAL
venezuela,canadafreepress.com,com,GLOBAL,GLOBAL,GLOBAL,PLATFORM,0,0,0,0,0,0,0,NATIONAL
venezuela,catholicnewsagency.com,com,GLOBAL,GLOBAL,GLOBAL,PLATFORM,0,0,0,0,0,0,0,NATIONAL
venezuela,cdapress.com,com,GLOBAL,GLOBAL,GLOBAL,PLATFORM,0,0,0,0,0,0,0,NATIONAL
venezuela,celebdirtylaundry.com,com,GLOBAL,GLOBAL,GLOBAL,PLATFORM,0,0,0,0,0,0,0,NATIONAL
venezuela,cltampa.com,com,GLOBAL,GLOBAL,GLOBAL,PLATFORM,0,0,0,0,0,0,0,NATIONAL
venezuela,cruxnow.com,com,GLOBAL,GLOBAL,GLOBAL,PLATFORM,0,0,0,0,0,0,0,NATIONAL
venezuela,dunfermlinepress.com,com,GLOBAL,GLOBAL,GLOBAL,PLATFORM,0,0,0,0,0,0,0,NATIONAL
venezuela,earthquakenewstoday.com,com,GLOBAL,GLOBAL,GLOBAL,PLATFORM,0,0,0,0,0,0,0,NATIONAL
venezuela,eham.net,net,GLOBAL,GLOBAL,GLOBAL,PLATFORM,0,0,0,0,0,0,0,NATIONAL
venezuela,etftrends.com,com,GLOBAL,GLOBAL,GLOBAL,PLATFORM,0,0,0,0,0,0,0,NATIONAL
venezuela,fnarena.com,com,GLOBAL,GLOBAL,GLOBAL,PLATFORM,0,0,0,0,0,0,0,NATIONAL
venezuela,giornaledibrescia.it,it,IT,Europe & Central Asia,OTHER,PLATFORM,0,0,0,0,0,0,0,NATIONAL
venezuela,greensboro.com,com,GLOBAL,GLOBAL,GLOBAL,PLATFORM,0,0,0,0,0,0,0,NATIONAL
venezuela,gridleyherald.com,com,GLOBAL,GLOBAL,GLOBAL,PLATFORM,0,0,0,0,0,0,0,NATIONAL
venezuela,houstontexans.com,com,GLOBAL,GLOBAL,GLOBAL,PLATFORM,0,0,0,0,0,0,0,NATIONAL
venezuela,hpherald.com,com,GLOBAL,GLOBAL,GLOBAL,PLATFORM,0,0,0,0,0,0,0,NATIONAL
venezuela,investing.com,com,GLOBAL,GLOBAL,GLOBAL,PLATFORM,0,0,0,0,0,0,0,NATIONAL
venezuela,ipswichstar.co.uk,uk,GB,Europe & Central Asia,OTHER,PLATFORM,0,0,0,0,0,0,0,NATIONAL
venezuela,jamn1075.iheart.com,com,GLOBAL,GLOBAL,GLOBAL,PLATFORM,0,0,0,0,0,0,0,NATIONAL
venezuela,jewishpress.com,com,GLOBAL,GLOBAL,GLOBAL,PLATFORM,0,0,0,0,0,0,0,NATIONAL
venezuela,jonathanturley.org,org,GLOBAL,GLOBAL,GLOBAL,PLATFORM,0,0,0,0,0,0,0,NATIONAL
venezuela,journal-news.com,com,GLOBAL,GLOBAL,GLOBAL,PLATFORM,0,0,0,0,0,0,0,NATIONAL
venezuela,kboo.fm,fm,NA,NA,OTHER,PLATFORM,0,0,0,0,0,0,0,PLATFORM
venezuela,keyj.com,com,GLOBAL,GLOBAL,GLOBAL,PLATFORM,0,0,0,0,0,0,0,NATIONAL
venezuela,kicnews.org,org,GLOBAL,GLOBAL,GLOBAL,PLATFORM,0,0,0,0,0,0,0,NATIONAL
venezuela,kkoh.com,com,GLOBAL,GLOBAL,GLOBAL,PLATFORM,0,0,0,0,0,0,0,NATIONAL
venezuela,klewtv.com,com,GLOBAL,GLOBAL,GLOBAL,PLATFORM,0,0,0,0,0,0,0,NATIONAL
venezuela,kmaland.com,com,GLOBAL,GLOBAL,GLOBAL,PLATFORM,0,0,0,0,0,0,0,NATIONAL
venezuela,kmjnow.com,com,GLOBAL,GLOBAL,GLOBAL,PLATFORM,0,0,0,0,0,0,0,NATIONAL
venezuela,krforadio.com,com,GLOBAL,GLOBAL,GLOBAL,PLATFORM,0,0,0,0,0,0,0,NATIONAL
venezuela,kugn.com,com,GLOBAL,GLOBAL,GLOBAL,PLATFORM,0,0,0,0,0,0,0,NATIONAL
venezuela,leighjournal.co.uk,uk,GB,Europe & Central Asia,OTHER,PLATFORM,0,0,0,0,0,0,0,NATIONAL
venezuela,leinsterexpress.ie,ie,NA,NA,OTHER,PLATFORM,0,0,0,0,0,0,0,PLATFORM
venezuela,marketrealist.com,com,GLOBAL,GLOBAL,GLOBAL,PLATFORM,0,0,0,0,0,0,0,NATIONAL
venezuela,messengernewspapers.co.uk,uk,GB,Europe & Central Asia,OTHER,PLATFORM,0,0,0,0,0,0,0,NATIONAL
venezuela,mix965tulsa.com,com,GLOBAL,GLOBAL,GLOBAL,PLATFORM,0,0,0,0,0,0,0,NATIONAL
venezuela,moldpres.md,md,NA,NA,OTHER,PLATFORM,0,0,0,0,0,0,0,PLATFORM
venezuela,muswellbrookchronicle.com.au,au,AU,East Asia & Pacific,OTHER,PLATFORM,0,0,0,0,0,0,0,NATIONAL
venezuela,nbc24.com,com,GLOBAL,GLOBAL,GLOBAL,PLATFORM,0,0,0,0,0,0,0,NATIONAL
venezuela,ncr-iran.org,org,GLOBAL,GLOBAL,GLOBAL,PLATFORM,0,0,0,0,0,0,0,NATIONAL
venezuela,news.crossmap.com,com,GLOBAL,GLOBAL,GLOBAL,PLATFORM,0,0,0,0,0,0,0,NATIONAL
venezuela,newscentermaine.com,com,GLOBAL,GLOBAL,GLOBAL,PLATFORM,0,0,0,0,0,0,0,NATIONAL
venezuela,newsday.co.zw,zw,NA,NA,OTHER,PLATFORM,0,0,0,0,0,0,0,PLATFORM
venezuela,newsletter.co.uk,uk,GB,Europe & Central Asia,OTHER,PLATFORM,0,0,0,0,0,0,0,NATIONAL
venezuela,oilonwhyte.com,com,GLOBAL,GLOBAL,GLOBAL,PLATFORM,0,0,0,0,0,0,0,NATIONAL
venezuela,opednews.com,com,GLOBAL,GLOBAL,GLOBAL,PLATFORM,0,0,0,0,0,0,0,NATIONAL
venezuela,openpr.com,com,GLOBAL,GLOBAL,GLOBAL,PLATFORM,0,0,0,0,0,0,0,NATIONAL
venezuela,philippinetimes.com,com,GLOBAL,GLOBAL,GLOBAL,PLATFORM,0,0,0,0,0,0,0,NATIONAL
venezuela,plenglish.com,com,GLOBAL,GLOBAL,GLOBAL,PLATFORM,0,0,0,0,0,0,0,NATIONAL
venezuela,portal.rivals.com,com,GLOBAL,GLOBAL,GLOBAL,PLATFORM,0,0,0,0,0,0,0,NATIONAL
venezuela,qatar-tribune.com,com,GLOBAL,GLOBAL,GLOBAL,PLATFORM,0,0,0,0,0,0,0,NATIONAL
venezuela,radioiowa.com,com,GLOBAL,GLOBAL,GLOBAL,PLATFORM,0,0,0,0,0,0,0,NATIONAL
venezuela,raiders.com,com,GLOBAL,GLOBAL,GLOBAL,PLATFORM,0,0,0,0,0,0,0,NATIONAL
venezuela,rep-am.com,com,GLOBAL,GLOBAL,GLOBAL,PLATFORM,0,0,0,0,0,0,0,NATIONAL
venezuela,rexburgstandardjournal.com,com,GLOBAL,GLOBAL,GLOBAL,PLATFORM,0,0,0,0,0,0,0,NATIONAL
venezuela,royalgazette.com,com,GLOBAL,GLOBAL,GLOBAL,PLATFORM,0,0,0,0,0,0,0,NATIONAL
venezuela,russianradio7.com,com,GLOBAL,GLOBAL,GLOBAL,PLATFORM,0,0,0,0,0,0,0,NATIONAL
venezuela,si.com,com,GLOBAL,GLOBAL,GLOBAL,PLATFORM,0,0,0,0,0,0,0,NATIONAL
venezuela,smnewsnet.com,com,GLOBAL,GLOBAL,GLOBAL,PLATFORM,0,0,0,0,0,0,0,NATIONAL
venezuela,sprucegroveexaminer.com:443,NA,NA,NA,OTHER,PLATFORM,0,0,0,0,0,0,0,PLATFORM
venezuela,steelerswire.usatoday.com,com,GLOBAL,GLOBAL,GLOBAL,PLATFORM,0,0,0,0,0,0,0,NATIONAL
venezuela,theboar.org,org,GLOBAL,GLOBAL,GLOBAL,PLATFORM,0,0,0,0,0,0,0,NATIONAL
venezuela,theislamicmonthly.com,com,GLOBAL,GLOBAL,GLOBAL,PLATFORM,0,0,0,0,0,0,0,NATIONAL
venezuela,themarysue.com,com,GLOBAL,GLOBAL,GLOBAL,PLATFORM,0,0,0,0,0,0,0,NATIONAL
venezuela,tvline.com,com,GLOBAL,GLOBAL,GLOBAL,PLATFORM,0,0,0,0,0,0,0,NATIONAL
venezuela,ummid.com,com,GLOBAL,GLOBAL,GLOBAL,PLATFORM,0,0,0,0,0,0,0,NATIONAL
venezuela,utne.com,com,GLOBAL,GLOBAL,GLOBAL,PLATFORM,0,0,0,0,0,0,0,NATIONAL
venezuela,uzmanpara.milliyet.com.tr,tr,TR,Europe & Central Asia,OTHER,PLATFORM,0,0,0,0,0,0,0,NATIONAL
venezuela,voaafrique.com,com,GLOBAL,GLOBAL,GLOBAL,PLATFORM,0,0,0,0,0,0,0,NATIONAL
venezuela,volcanoes.usgs.gov,gov,NA,NA,OTHER,PLATFORM,0,0,0,1,0,0,1,GOV
venezuela,wabi.tv,tv,NA,NA,OTHER,PLATFORM,0,0,0,0,0,0,0,PLATFORM
venezuela,wallaceburgcourierpress.com:443,NA,NA,NA,OTHER,PLATFORM,0,0,0,0,0,0,0,PLATFORM
venezuela,wallstreetpit.com,com,GLOBAL,GLOBAL,GLOBAL,PLATFORM,0,0,0,0,0,0,0,NATIONAL
venezuela,wcbe.org,org,GLOBAL,GLOBAL,GLOBAL,PLATFORM,0,0,0,0,0,0,0,NATIONAL
venezuela,westword.com,com,GLOBAL,GLOBAL,GLOBAL,PLATFORM,0,0,0,0,0,0,0,NATIONAL
venezuela,wfnc640am.com,com,GLOBAL,GLOBAL,GLOBAL,PLATFORM,0,0,0,0,0,0,0,NATIONAL
venezuela,whdh.com,com,GLOBAL,GLOBAL,GLOBAL,PLATFORM,0,0,0,0,0,0,0,NATIONAL
venezuela,wild941.com,com,GLOBAL,GLOBAL,GLOBAL,PLATFORM,0,0,0,0,0,0,0,NATIONAL
venezuela,wjtn.com,com,GLOBAL,GLOBAL,GLOBAL,PLATFORM,0,0,0,0,0,0,0,NATIONAL
venezuela,worthynews.com,com,GLOBAL,GLOBAL,GLOBAL,PLATFORM,0,0,0,0,0,0,0,NATIONAL
venezuela,wpdh.com,com,GLOBAL,GLOBAL,GLOBAL,PLATFORM,0,0,0,0,0,0,0,NATIONAL
venezuela,wsfa.com,com,GLOBAL,GLOBAL,GLOBAL,PLATFORM,0,0,0,0,0,0,0,NATIONAL
venezuela,wtap.com,com,GLOBAL,GLOBAL,GLOBAL,PLATFORM,0,0,0,0,0,0,0,NATIONAL
venezuela,wtmj.com,com,GLOBAL,GLOBAL,GLOBAL,PLATFORM,0,0,0,0,0,0,0,NATIONAL
venezuela,yardbarker.com,com,GLOBAL,GLOBAL,GLOBAL,PLATFORM,0,0,0,0,0,0,0,NATIONAL
venezuela,1035thebeat.iheart.com,com,GLOBAL,GLOBAL,GLOBAL,PLATFORM,0,0,0,0,0,0,0,NATIONAL
venezuela,1055thebeat.iheart.com,com,GLOBAL,GLOBAL,GLOBAL,PLATFORM,0,0,0,0,0,0,0,NATIONAL
venezuela,1230thegambler.iheart.com,com,GLOBAL,GLOBAL,GLOBAL,PLATFORM,0,0,0,0,0,0,0,NATIONAL
venezuela,12news.com,com,GLOBAL,GLOBAL,GLOBAL,PLATFORM,0,0,0,0,0,0,0,NATIONAL
venezuela,13wham.com,com,GLOBAL,GLOBAL,GLOBAL,PLATFORM,0,0,0,0,0,0,0,NATIONAL
venezuela,969thegame.iheart.com,com,GLOBAL,GLOBAL,GLOBAL,PLATFORM,0,0,0,0,0,0,0,NATIONAL
venezuela,abc-7.com,com,GLOBAL,GLOBAL,GLOBAL,PLATFORM,0,0,0,0,0,0,0,NATIONAL
venezuela,afriquesenlutte.org,org,GLOBAL,GLOBAL,GLOBAL,PLATFORM,0,0,0,0,0,0,0,NATIONAL
venezuela,aninews.in,in,IN,South Asia,OTHER,PLATFORM,0,0,0,0,0,0,0,NATIONAL
venezuela,bedfordgazette.com,com,GLOBAL,GLOBAL,GLOBAL,PLATFORM,0,0,0,0,0,0,0,NATIONAL
venezuela,bollywoodhungama.com,com,GLOBAL,GLOBAL,GLOBAL,PLATFORM,0,0,0,0,0,0,0,NATIONAL
venezuela,boredpanda.com,com,GLOBAL,GLOBAL,GLOBAL,PLATFORM,0,0,0,0,0,0,0,NATIONAL
venezuela,businessmirror.com.ph,ph,NA,NA,OTHER,PLATFORM,0,0,0,0,0,0,0,PLATFORM
venezuela,cbs4local.com,com,GLOBAL,GLOBAL,GLOBAL,PLATFORM,0,0,0,0,0,0,0,NATIONAL
venezuela,chathamthisweek.com:443,NA,NA,NA,OTHER,PLATFORM,0,0,0,0,0,0,0,PLATFORM
venezuela,dailyadvertiser.com.au,au,AU,East Asia & Pacific,OTHER,PLATFORM,0,0,0,0,0,0,0,NATIONAL
venezuela,dailyecho.co.uk,uk,GB,Europe & Central Asia,OTHER,PLATFORM,0,0,0,0,0,0,0,NATIONAL
venezuela,dailyhodl.com,com,GLOBAL,GLOBAL,GLOBAL,PLATFORM,0,0,0,0,0,0,0,NATIONAL
venezuela,en.trend.az,az,NA,NA,OTHER,PLATFORM,0,0,0,0,0,0,0,PLATFORM
venezuela,europe.chinadaily.com.cn,cn,CN,East Asia & Pacific,OTHER,PLATFORM,0,0,0,0,0,0,0,NATIONAL
venezuela,farmersjournal.ie,ie,NA,NA,OTHER,PLATFORM,0,0,0,0,0,0,0,PLATFORM
venezuela,fifetoday.co.uk,uk,GB,Europe & Central Asia,OTHER,PLATFORM,0,0,0,0,0,0,0,NATIONAL
venezuela,finchannel.com,com,GLOBAL,GLOBAL,GLOBAL,PLATFORM,0,0,0,0,0,0,0,NATIONAL
venezuela,firstalert4.com,com,GLOBAL,GLOBAL,GLOBAL,PLATFORM,0,0,0,0,0,0,0,NATIONAL
venezuela,galvnews.com,com,GLOBAL,GLOBAL,GLOBAL,PLATFORM,0,0,0,0,0,0,0,NATIONAL
venezuela,geo.tv,tv,NA,NA,OTHER,PLATFORM,0,0,0,0,0,0,0,PLATFORM
venezuela,getsurrey.co.uk,uk,GB,Europe & Central Asia,OTHER,PLATFORM,0,0,0,0,0,0,0,NATIONAL
venezuela,gloucestershirelive.co.uk,uk,GB,Europe & Central Asia,OTHER,PLATFORM,0,0,0,0,0,0,0,NATIONAL
venezuela,goulburnpost.com.au,au,AU,East Asia & Pacific,OTHER,PLATFORM,0,0,0,0,0,0,0,NATIONAL
venezuela,hepburnadvocate.com.au,au,AU,East Asia & Pacific,OTHER,PLATFORM,0,0,0,0,0,0,0,NATIONAL
venezuela,himtimes.com,com,GLOBAL,GLOBAL,GLOBAL,PLATFORM,0,0,0,0,0,0,0,NATIONAL
venezuela,interlochenpublicradio.org,org,GLOBAL,GLOBAL,GLOBAL,PLATFORM,0,0,0,0,0,0,0,NATIONAL
venezuela,intouchweekly.com,com,GLOBAL,GLOBAL,GLOBAL,PLATFORM,0,0,0,0,0,0,0,NATIONAL
venezuela,kjzz.org,org,GLOBAL,GLOBAL,GLOBAL,PLATFORM,0,0,0,0,0,0,0,NATIONAL
venezuela,kyivpost.com,com,GLOBAL,GLOBAL,GLOBAL,PLATFORM,0,0,0,0,0,0,0,NATIONAL
venezuela,mexicoledger.com,com,GLOBAL,GLOBAL,GLOBAL,PLATFORM,0,0,0,0,0,0,0,NATIONAL
venezuela,mpnews.com.au,au,AU,East Asia & Pacific,OTHER,PLATFORM,0,0,0,0,0,0,0,NATIONAL
venezuela,mprnews.org,org,GLOBAL,GLOBAL,GLOBAL,PLATFORM,0,0,0,0,0,0,0,NATIONAL
venezuela,myedmondsnews.com,com,GLOBAL,GLOBAL,GLOBAL,PLATFORM,0,0,0,0,0,0,0,NATIONAL
venezuela,ndsmcobserver.com,com,GLOBAL,GLOBAL,GLOBAL,PLATFORM,0,0,0,0,0,0,0,NATIONAL
venezuela,newnigerianpolitics.com,com,GLOBAL,GLOBAL,GLOBAL,PLATFORM,0,0,0,0,0,0,0,NATIONAL
venezuela,newstalkzb.co.nz,nz,NZ,East Asia & Pacific,OTHER,PLATFORM,0,0,0,0,0,0,0,NATIONAL
venezuela,nfl.com,com,GLOBAL,GLOBAL,GLOBAL,PLATFORM,0,0,0,0,0,0,0,NATIONAL
venezuela,oklahomacitysun.com,com,GLOBAL,GLOBAL,GLOBAL,PLATFORM,0,0,0,0,0,0,0,NATIONAL
venezuela,peeblesshirenews.com,com,GLOBAL,GLOBAL,GLOBAL,PLATFORM,0,0,0,0,0,0,0,NATIONAL
venezuela,performancedrive.com.au,au,AU,East Asia & Pacific,OTHER,PLATFORM,0,0,0,0,0,0,0,NATIONAL
venezuela,piquenewsmagazine.com,com,GLOBAL,GLOBAL,GLOBAL,PLATFORM,0,0,0,0,0,0,0,NATIONAL
venezuela,primepublishers.com,com,GLOBAL,GLOBAL,GLOBAL,PLATFORM,0,0,0,0,0,0,0,NATIONAL
venezuela,rador.ro,ro,NA,NA,OTHER,PLATFORM,0,0,0,0,0,0,0,PLATFORM
venezuela,rock967online.com,com,GLOBAL,GLOBAL,GLOBAL,PLATFORM,0,0,0,0,0,0,0,NATIONAL
venezuela,semissourian.com,com,GLOBAL,GLOBAL,GLOBAL,PLATFORM,0,0,0,0,0,0,0,NATIONAL
venezuela,slguardian.org,org,GLOBAL,GLOBAL,GLOBAL,PLATFORM,0,0,0,0,0,0,0,NATIONAL
venezuela,southernminn.com,com,GLOBAL,GLOBAL,GLOBAL,PLATFORM,0,0,0,0,0,0,0,NATIONAL
venezuela,southwalesargus.co.uk,uk,GB,Europe & Central Asia,OTHER,PLATFORM,0,0,0,0,0,0,0,NATIONAL
venezuela,summitdaily.com,com,GLOBAL,GLOBAL,GLOBAL,PLATFORM,0,0,0,0,0,0,0,NATIONAL
venezuela,telegrafi.com,com,GLOBAL,GLOBAL,GLOBAL,PLATFORM,0,0,0,0,0,0,0,NATIONAL
venezuela,theportugalnews.com,com,GLOBAL,GLOBAL,GLOBAL,PLATFORM,0,0,0,0,0,0,0,NATIONAL
venezuela,thesmokinggun.com,com,GLOBAL,GLOBAL,GLOBAL,PLATFORM,0,0,0,0,0,0,0,NATIONAL
venezuela,trentonian.com,com,GLOBAL,GLOBAL,GLOBAL,PLATFORM,0,0,0,0,0,0,0,NATIONAL
venezuela,tribune.com.pk,pk,NA,NA,OTHER,PLATFORM,0,0,0,0,0,0,0,PLATFORM
venezuela,undeadwalking.com,com,GLOBAL,GLOBAL,GLOBAL,PLATFORM,0,0,0,0,0,0,0,NATIONAL
venezuela,usa.chinadaily.com.cn,cn,CN,East Asia & Pacific,OTHER,PLATFORM,0,0,0,0,0,0,0,NATIONAL
venezuela,vientianetimes.org.la,la,NA,NA,OTHER,PLATFORM,0,0,0,0,0,0,0,PLATFORM
venezuela,volcanodiscovery.com,com,GLOBAL,GLOBAL,GLOBAL,PLATFORM,0,0,0,0,0,0,0,NATIONAL
venezuela,waff.com,com,GLOBAL,GLOBAL,GLOBAL,PLATFORM,0,0,0,0,0,0,0,NATIONAL
venezuela,wcvu.iheart.com,com,GLOBAL,GLOBAL,GLOBAL,PLATFORM,0,0,0,0,0,0,0,NATIONAL
venezuela,wemu.org,org,GLOBAL,GLOBAL,GLOBAL,PLATFORM,0,0,0,0,0,0,0,NATIONAL
venezuela,whtimes.co.uk,uk,GB,Europe & Central Asia,OTHER,PLATFORM,0,0,0,0,0,0,0,NATIONAL
venezuela,wiscnews.com,com,GLOBAL,GLOBAL,GLOBAL,PLATFORM,0,0,0,0,0,0,0,NATIONAL
venezuela,wkms.org,org,GLOBAL,GLOBAL,GLOBAL,PLATFORM,0,0,0,0,0,0,0,NATIONAL
venezuela,wknofm.org,org,GLOBAL,GLOBAL,GLOBAL,PLATFORM,0,0,0,0,0,0,0,NATIONAL
venezuela,wogx.com,com,GLOBAL,GLOBAL,GLOBAL,PLATFORM,0,0,0,0,0,0,0,NATIONAL
venezuela,wvva.com,com,GLOBAL,GLOBAL,GLOBAL,PLATFORM,0,0,0,0,0,0,0,NATIONAL
venezuela,wypr.org,org,GLOBAL,GLOBAL,GLOBAL,PLATFORM,0,0,0,0,0,0,0,NATIONAL
venezuela,x1015.iheart.com,com,GLOBAL,GLOBAL,GLOBAL,PLATFORM,0,0,0,0,0,0,0,NATIONAL
venezuela,yourdemocracy.net,net,GLOBAL,GLOBAL,GLOBAL,PLATFORM,0,0,0,0,0,0,0,NATIONAL
venezuela,zehabesha.com,com,GLOBAL,GLOBAL,GLOBAL,PLATFORM,0,0,0,0,0,0,0,NATIONAL
venezuela,1015.iheart.com,com,GLOBAL,GLOBAL,GLOBAL,PLATFORM,0,0,0,0,0,0,0,NATIONAL
venezuela,1025thelake.iheart.com,com,GLOBAL,GLOBAL,GLOBAL,PLATFORM,0,0,0,0,0,0,0,NATIONAL
venezuela,1069thefox.com,com,GLOBAL,GLOBAL,GLOBAL,PLATFORM,0,0,0,0,0,0,0,NATIONAL
venezuela,1280wnam.com,com,GLOBAL,GLOBAL,GLOBAL,PLATFORM,0,0,0,0,0,0,0,NATIONAL
venezuela,600wmtradio.iheart.com,com,GLOBAL,GLOBAL,GLOBAL,PLATFORM,0,0,0,0,0,0,0,NATIONAL
venezuela,937kcountry.com,com,GLOBAL,GLOBAL,GLOBAL,PLATFORM,0,0,0,0,0,0,0,NATIONAL
venezuela,961therocket.iheart.com,com,GLOBAL,GLOBAL,GLOBAL,PLATFORM,0,0,0,0,0,0,0,NATIONAL
venezuela,abc15.com,com,GLOBAL,GLOBAL,GLOBAL,PLATFORM,0,0,0,0,0,0,0,NATIONAL
venezuela,ajc.com,com,GLOBAL,GLOBAL,GLOBAL,PLATFORM,0,0,0,0,0,0,0,NATIONAL
venezuela,alaskapublic.org,org,GLOBAL,GLOBAL,GLOBAL,PLATFORM,0,0,0,0,0,0,0,NATIONAL
venezuela,alt1073.iheart.com,com,GLOBAL,GLOBAL,GLOBAL,PLATFORM,0,0,0,0,0,0,0,NATIONAL
venezuela,aps.dz:443,NA,NA,NA,OTHER,PLATFORM,0,0,0,0,0,0,0,PLATFORM
venezuela,areanews.com.au,au,AU,East Asia & Pacific,OTHER,PLATFORM,0,0,0,0,0,0,0,NATIONAL
venezuela,b1039.com,com,GLOBAL,GLOBAL,GLOBAL,PLATFORM,0,0,0,0,0,0,0,NATIONAL
venezuela,b939country.iheart.com,com,GLOBAL,GLOBAL,GLOBAL,PLATFORM,0,0,0,0,0,0,0,NATIONAL
venezuela,b98fm.iheart.com,com,GLOBAL,GLOBAL,GLOBAL,PLATFORM,0,0,0,0,0,0,0,NATIONAL
venezuela,banana1015.com,com,GLOBAL,GLOBAL,GLOBAL,PLATFORM,0,0,0,0,0,0,0,NATIONAL
venezuela,bear953.com,com,GLOBAL,GLOBAL,GLOBAL,PLATFORM,0,0,0,0,0,0,0,NATIONAL
venezuela,belfasttelegraph.co.uk,uk,GB,Europe & Central Asia,OTHER,PLATFORM,0,0,0,0,0,0,0,NATIONAL
venezuela,bendigoadvertiser.com.au,au,AU,East Asia & Pacific,OTHER,PLATFORM,0,0,0,0,0,0,0,NATIONAL
venezuela,big979.iheart.com,com,GLOBAL,GLOBAL,GLOBAL,PLATFORM,0,0,0,0,0,0,0,NATIONAL
venezuela,bigcountry969.com,com,GLOBAL,GLOBAL,GLOBAL,PLATFORM,0,0,0,0,0,0,0,NATIONAL
venezuela,blackamericaweb.com,com,GLOBAL,GLOBAL,GLOBAL,PLATFORM,0,0,0,0,0,0,0,NATIONAL
venezuela,bordermail.com.au,au,AU,East Asia & Pacific,OTHER,PLATFORM,0,0,0,0,0,0,0,NATIONAL
venezuela,breitbart.com,com,GLOBAL,GLOBAL,GLOBAL,PLATFORM,0,0,0,0,0,0,0,NATIONAL
venezuela,brobible.com,com,GLOBAL,GLOBAL,GLOBAL,PLATFORM,0,0,0,0,0,0,0,NATIONAL
venezuela,brookingsradio.com,com,GLOBAL,GLOBAL,GLOBAL,PLATFORM,0,0,0,0,0,0,0,NATIONAL
venezuela,brownfieldagnews.com,com,GLOBAL,GLOBAL,GLOBAL,PLATFORM,0,0,0,0,0,0,0,NATIONAL
venezuela,bulgariagazette.com,com,GLOBAL,GLOBAL,GLOBAL,PLATFORM,0,0,0,0,0,0,0,NATIONAL
venezuela,chfi.com,com,GLOBAL,GLOBAL,GLOBAL,PLATFORM,0,0,0,0,0,0,0,NATIONAL
venezuela,colombogazette.com,com,GLOBAL,GLOBAL,GLOBAL,PLATFORM,0,0,0,0,0,0,0,NATIONAL
venezuela,covers.com,com,GLOBAL,GLOBAL,GLOBAL,PLATFORM,0,0,0,0,0,0,0,NATIONAL
venezuela,csindy.com,com,GLOBAL,GLOBAL,GLOBAL,PLATFORM,0,0,0,0,0,0,0,NATIONAL
venezuela,cubaheadlines.com,com,GLOBAL,GLOBAL,GLOBAL,PLATFORM,0,0,0,0,0,0,0,NATIONAL
venezuela,curetoday.com,com,GLOBAL,GLOBAL,GLOBAL,PLATFORM,0,0,0,0,0,0,0,NATIONAL
venezuela,dailyprogress.com,com,GLOBAL,GLOBAL,GLOBAL,PLATFORM,0,0,0,0,0,0,0,NATIONAL
venezuela,dailysignal.com,com,GLOBAL,GLOBAL,GLOBAL,PLATFORM,0,0,0,0,0,0,0,NATIONAL
venezuela,dailytribune.com,com,GLOBAL,GLOBAL,GLOBAL,PLATFORM,0,0,0,0,0,0,0,NATIONAL
venezuela,darientimes.com,com,GLOBAL,GLOBAL,GLOBAL,PLATFORM,0,0,0,0,0,0,0,NATIONAL
venezuela,demerarawaves.com,com,GLOBAL,GLOBAL,GLOBAL,PLATFORM,0,0,0,0,0,0,0,NATIONAL
venezuela,dmnews.com,com,GLOBAL,GLOBAL,GLOBAL,PLATFORM,0,0,0,0,0,0,0,NATIONAL
venezuela,duncanbanner.com,com,GLOBAL,GLOBAL,GLOBAL,PLATFORM,0,0,0,0,0,0,0,NATIONAL
venezuela,en.acnnewswire.com,com,GLOBAL,GLOBAL,GLOBAL,PLATFORM,0,0,0,0,0,0,0,NATIONAL
venezuela,english.aawsat.com,com,GLOBAL,GLOBAL,GLOBAL,PLATFORM,0,0,0,0,0,0,0,NATIONAL
venezuela,fortmorgantimes.com,com,GLOBAL,GLOBAL,GLOBAL,PLATFORM,0,0,0,0,0,0,0,NATIONAL
venezuela,fox5atlanta.com,com,GLOBAL,GLOBAL,GLOBAL,PLATFORM,0,0,0,0,0,0,0,NATIONAL
venezuela,freerepublic.com,com,GLOBAL,GLOBAL,GLOBAL,PLATFORM,0,0,0,0,0,0,0,NATIONAL
venezuela,giantbomb.com,com,GLOBAL,GLOBAL,GLOBAL,PLATFORM,0,0,0,0,0,0,0,NATIONAL
venezuela,greenleft.org.au,au,AU,East Asia & Pacific,OTHER,PLATFORM,0,0,0,0,0,0,0,NATIONAL
venezuela,guampdn.com,com,GLOBAL,GLOBAL,GLOBAL,PLATFORM,0,0,0,0,0,0,0,NATIONAL
venezuela,hanfordsentinel.com,com,GLOBAL,GLOBAL,GLOBAL,PLATFORM,0,0,0,0,0,0,0,NATIONAL
venezuela,hendersondispatch.com,com,GLOBAL,GLOBAL,GLOBAL,PLATFORM,0,0,0,0,0,0,0,NATIONAL
venezuela,hooversun.com,com,GLOBAL,GLOBAL,GLOBAL,PLATFORM,0,0,0,0,0,0,0,NATIONAL
venezuela,hurriyetdailynews.com,com,GLOBAL,GLOBAL,GLOBAL,PLATFORM,0,0,0,0,0,0,0,NATIONAL
venezuela,jordantimes.com,com,GLOBAL,GLOBAL,GLOBAL,PLATFORM,0,0,0,0,0,0,0,NATIONAL
venezuela,kashmirtimes.com,com,GLOBAL,GLOBAL,GLOBAL,PLATFORM,0,0,0,0,0,0,0,NATIONAL
venezuela,kawc.org,org,GLOBAL,GLOBAL,GLOBAL,PLATFORM,0,0,0,0,0,0,0,NATIONAL
venezuela,kbtx.com,com,GLOBAL,GLOBAL,GLOBAL,PLATFORM,0,0,0,0,0,0,0,NATIONAL
venezuela,kevinmd.com,com,GLOBAL,GLOBAL,GLOBAL,PLATFORM,0,0,0,0,0,0,0,NATIONAL
venezuela,khmertimeskh.com,com,GLOBAL,GLOBAL,GLOBAL,PLATFORM,0,0,0,0,0,0,0,NATIONAL
venezuela,kicksonfire.com,com,GLOBAL,GLOBAL,GLOBAL,PLATFORM,0,0,0,0,0,0,0,NATIONAL
venezuela,kmch.com,com,GLOBAL,GLOBAL,GLOBAL,PLATFORM,0,0,0,0,0,0,0,NATIONAL
venezuela,kmmsam.com,com,GLOBAL,GLOBAL,GLOBAL,PLATFORM,0,0,0,0,0,0,0,NATIONAL
venezuela,koaa.com,com,GLOBAL,GLOBAL,GLOBAL,PLATFORM,0,0,0,0,0,0,0,NATIONAL
venezuela,kslx.com,com,GLOBAL,GLOBAL,GLOBAL,PLATFORM,0,0,0,0,0,0,0,NATIONAL
venezuela,ladailypost.com,com,GLOBAL,GLOBAL,GLOBAL,PLATFORM,0,0,0,0,0,0,0,NATIONAL
venezuela,lebanondemocrat.com,com,GLOBAL,GLOBAL,GLOBAL,PLATFORM,0,0,0,0,0,0,0,NATIONAL
venezuela,lockportjournal.com,com,GLOBAL,GLOBAL,GLOBAL,PLATFORM,0,0,0,0,0,0,0,NATIONAL
venezuela,mactech.com,com,GLOBAL,GLOBAL,GLOBAL,PLATFORM,0,0,0,0,0,0,0,NATIONAL
venezuela,manxradio.com,com,GLOBAL,GLOBAL,GLOBAL,PLATFORM,0,0,0,0,0,0,0,NATIONAL
venezuela,mauinow.com,com,GLOBAL,GLOBAL,GLOBAL,PLATFORM,0,0,0,0,0,0,0,NATIONAL
venezuela,militarytimes.com,com,GLOBAL,GLOBAL,GLOBAL,PLATFORM,0,0,0,0,0,0,0,NATIONAL
venezuela,mix1049.com.au,au,AU,East Asia & Pacific,OTHER,PLATFORM,0,0,0,0,0,0,0,NATIONAL
venezuela,mix981fm.iheart.com,com,GLOBAL,GLOBAL,GLOBAL,PLATFORM,0,0,0,0,0,0,0,NATIONAL
venezuela,mobihealthnews.com,com,GLOBAL,GLOBAL,GLOBAL,PLATFORM,0,0,0,0,0,0,0,NATIONAL
venezuela,myiowainfo.com,com,GLOBAL,GLOBAL,GLOBAL,PLATFORM,0,0,0,0,0,0,0,NATIONAL
venezuela,mymagic949.com,com,GLOBAL,GLOBAL,GLOBAL,PLATFORM,0,0,0,0,0,0,0,NATIONAL
venezuela,napaneeguide.com:443,NA,NA,NA,OTHER,PLATFORM,0,0,0,0,0,0,0,PLATFORM
venezuela,newsbusters.org,org,GLOBAL,GLOBAL,GLOBAL,PLATFORM,0,0,0,0,0,0,0,NATIONAL
venezuela,nv1.org,org,GLOBAL,GLOBAL,GLOBAL,PLATFORM,0,0,0,0,0,0,0,NATIONAL
venezuela,oldies1320.iheart.com,com,GLOBAL,GLOBAL,GLOBAL,PLATFORM,0,0,0,0,0,0,0,NATIONAL
venezuela,oleantimesherald.com,com,GLOBAL,GLOBAL,GLOBAL,PLATFORM,0,0,0,0,0,0,0,NATIONAL
venezuela,pastemagazine.com,com,GLOBAL,GLOBAL,GLOBAL,PLATFORM,0,0,0,0,0,0,0,NATIONAL
venezuela,phandroid.com,com,GLOBAL,GLOBAL,GLOBAL,PLATFORM,0,0,0,0,0,0,0,NATIONAL
venezuela,portstephensexaminer.com.au,au,AU,East Asia & Pacific,OTHER,PLATFORM,0,0,0,0,0,0,0,NATIONAL
venezuela,powerorlando.com,com,GLOBAL,GLOBAL,GLOBAL,PLATFORM,0,0,0,0,0,0,0,NATIONAL
venezuela,pressdemocrat.com,com,GLOBAL,GLOBAL,GLOBAL,PLATFORM,0,0,0,0,0,0,0,NATIONAL
venezuela,pushsquare.com,com,GLOBAL,GLOBAL,GLOBAL,PLATFORM,0,0,0,0,0,0,0,NATIONAL
venezuela,reporter.net,net,GLOBAL,GLOBAL,GLOBAL,PLATFORM,0,0,0,0,0,0,0,NATIONAL
venezuela,republicanherald.com,com,GLOBAL,GLOBAL,GLOBAL,PLATFORM,0,0,0,0,0,0,0,NATIONAL
venezuela,rsn.net.au,au,AU,East Asia & Pacific,OTHER,PLATFORM,0,0,0,0,0,0,0,NATIONAL
venezuela,se933.com,com,GLOBAL,GLOBAL,GLOBAL,PLATFORM,0,0,0,0,0,0,0,NATIONAL
venezuela,sfchronicle.com,com,GLOBAL,GLOBAL,GLOBAL,PLATFORM,0,0,0,0,0,0,0,NATIONAL
venezuela,shark1053.com,com,GLOBAL,GLOBAL,GLOBAL,PLATFORM,0,0,0,0,0,0,0,NATIONAL
venezuela,shenandoahcountryq102.iheart.com,com,GLOBAL,GLOBAL,GLOBAL,PLATFORM,0,0,0,0,0,0,0,NATIONAL
venezuela,shootonline.com,com,GLOBAL,GLOBAL,GLOBAL,PLATFORM,0,0,0,0,0,0,0,NATIONAL
venezuela,siouxlandnews.com,com,GLOBAL,GLOBAL,GLOBAL,PLATFORM,0,0,0,0,0,0,0,NATIONAL
venezuela,sknvibes.com,com,GLOBAL,GLOBAL,GLOBAL,PLATFORM,0,0,0,0,0,0,0,NATIONAL
venezuela,somersetlive.co.uk,uk,GB,Europe & Central Asia,OTHER,PLATFORM,0,0,0,0,0,0,0,NATIONAL
venezuela,southernliving.com,com,GLOBAL,GLOBAL,GLOBAL,PLATFORM,0,0,0,0,0,0,0,NATIONAL
venezuela,srpressgazette.com,com,GLOBAL,GLOBAL,GLOBAL,PLATFORM,0,0,0,0,0,0,0,NATIONAL
venezuela,star991hawaii.iheart.com,com,GLOBAL,GLOBAL,GLOBAL,PLATFORM,0,0,0,0,0,0,0,NATIONAL
venezuela,taiwannews.com.tw,tw,NA,NA,OTHER,PLATFORM,0,0,0,0,0,0,0,PLATFORM
venezuela,taylorvilledailynews.com,com,GLOBAL,GLOBAL,GLOBAL,PLATFORM,0,0,0,0,0,0,0,NATIONAL
venezuela,techrepublic.com,com,GLOBAL,GLOBAL,GLOBAL,PLATFORM,0,0,0,0,0,0,0,NATIONAL
venezuela,thecordovatimes.com,com,GLOBAL,GLOBAL,GLOBAL,PLATFORM,0,0,0,0,0,0,0,NATIONAL
venezuela,theenterpriseleader.com,com,GLOBAL,GLOBAL,GLOBAL,PLATFORM,0,0,0,0,0,0,0,NATIONAL
venezuela,thenewamerican.com,com,GLOBAL,GLOBAL,GLOBAL,PLATFORM,0,0,0,0,0,0,0,NATIONAL
venezuela,thisislocallondon.co.uk,uk,GB,Europe & Central Asia,OTHER,PLATFORM,0,0,0,0,0,0,0,NATIONAL
venezuela,timesofoman.com,com,GLOBAL,GLOBAL,GLOBAL,PLATFORM,0,0,0,0,0,0,0,NATIONAL
venezuela,tweaktown.com,com,GLOBAL,GLOBAL,GLOBAL,PLATFORM,0,0,0,0,0,0,0,NATIONAL
venezuela,union-bulletin.com,com,GLOBAL,GLOBAL,GLOBAL,PLATFORM,0,0,0,0,0,0,0,NATIONAL
venezuela,victorharbortimes.com.au,au,AU,East Asia & Pacific,OTHER,PLATFORM,0,0,0,0,0,0,0,NATIONAL
venezuela,wallstreet-online.de,de,DE,Europe & Central Asia,OTHER,PLATFORM,0,0,0,0,0,0,0,NATIONAL
venezuela,wbckfm.com,com,GLOBAL,GLOBAL,GLOBAL,PLATFORM,0,0,0,0,0,0,0,NATIONAL
venezuela,wbsm.com,com,GLOBAL,GLOBAL,GLOBAL,PLATFORM,0,0,0,0,0,0,0,NATIONAL
venezuela,wcsg.org,org,GLOBAL,GLOBAL,GLOBAL,PLATFORM,0,0,0,0,0,0,0,NATIONAL
venezuela,wgal.com,com,GLOBAL,GLOBAL,GLOBAL,PLATFORM,0,0,0,0,0,0,0,NATIONAL
venezuela,wildcatbluenation.com,com,GLOBAL,GLOBAL,GLOBAL,PLATFORM,0,0,0,0,0,0,0,NATIONAL
venezuela,wjol.com,com,GLOBAL,GLOBAL,GLOBAL,PLATFORM,0,0,0,0,0,0,0,NATIONAL
venezuela,wlos.com,com,GLOBAL,GLOBAL,GLOBAL,PLATFORM,0,0,0,0,0,0,0,NATIONAL
venezuela,wmtram.com,com,GLOBAL,GLOBAL,GLOBAL,PLATFORM,0,0,0,0,0,0,0,NATIONAL
venezuela,worldtribune.com,com,GLOBAL,GLOBAL,GLOBAL,PLATFORM,0,0,0,0,0,0,0,NATIONAL
venezuela,wqmf.iheart.com,com,GLOBAL,GLOBAL,GLOBAL,PLATFORM,0,0,0,0,0,0,0,NATIONAL
venezuela,wsaw.com,com,GLOBAL,GLOBAL,GLOBAL,PLATFORM,0,0,0,0,0,0,0,NATIONAL
venezuela,wsiu.org,org,GLOBAL,GLOBAL,GLOBAL,PLATFORM,0,0,0,0,0,0,0,NATIONAL
venezuela,wsmv.com,com,GLOBAL,GLOBAL,GLOBAL,PLATFORM,0,0,0,0,0,0,0,NATIONAL
venezuela,wtju.net,net,GLOBAL,GLOBAL,GLOBAL,PLATFORM,0,0,0,0,0,0,0,NATIONAL
venezuela,wtok.com,com,GLOBAL,GLOBAL,GLOBAL,PLATFORM,0,0,0,0,0,0,0,NATIONAL
venezuela,wtvy.com,com,GLOBAL,GLOBAL,GLOBAL,PLATFORM,0,0,0,0,0,0,0,NATIONAL
venezuela,wxow.com,com,GLOBAL,GLOBAL,GLOBAL,PLATFORM,0,0,0,0,0,0,0,NATIONAL
venezuela,xl93.iheart.com,com,GLOBAL,GLOBAL,GLOBAL,PLATFORM,0,0,0,0,0,0,0,NATIONAL
venezuela,103xonline.iheart.com,com,GLOBAL,GLOBAL,GLOBAL,PLATFORM,0,0,0,0,0,0,0,NATIONAL
venezuela,1061kissfm.iheart.com,com,GLOBAL,GLOBAL,GLOBAL,PLATFORM,0,0,0,0,0,0,0,NATIONAL
venezuela,1077thefox.iheart.com,com,GLOBAL,GLOBAL,GLOBAL,PLATFORM,0,0,0,0,0,0,0,NATIONAL
venezuela,1290wlby.com,com,GLOBAL,GLOBAL,GLOBAL,PLATFORM,0,0,0,0,0,0,0,NATIONAL
venezuela,1360kmjm.iheart.com,com,GLOBAL,GLOBAL,GLOBAL,PLATFORM,0,0,0,0,0,0,0,NATIONAL
venezuela,1450wkip.iheart.com,com,GLOBAL,GLOBAL,GLOBAL,PLATFORM,0,0,0,0,0,0,0,NATIONAL
venezuela,21alivenews.com,com,GLOBAL,GLOBAL,GLOBAL,PLATFORM,0,0,0,0,0,0,0,NATIONAL
venezuela,41nbc.com,com,GLOBAL,GLOBAL,GLOBAL,PLATFORM,0,0,0,0,0,0,0,NATIONAL
venezuela,620ckrm.com,com,GLOBAL,GLOBAL,GLOBAL,PLATFORM,0,0,0,0,0,0,0,NATIONAL
venezuela,720thevoice.iheart.com,com,GLOBAL,GLOBAL,GLOBAL,PLATFORM,0,0,0,0,0,0,0,NATIONAL
venezuela,921theticket.com,com,GLOBAL,GLOBAL,GLOBAL,PLATFORM,0,0,0,0,0,0,0,NATIONAL
venezuela,933fmthewolf.iheart.com,com,GLOBAL,GLOBAL,GLOBAL,PLATFORM,0,0,0,0,0,0,0,NATIONAL
venezuela,971theeagle.iheart.com,com,GLOBAL,GLOBAL,GLOBAL,PLATFORM,0,0,0,0,0,0,0,NATIONAL
venezuela,973thedawg.com,com,GLOBAL,GLOBAL,GLOBAL,PLATFORM,0,0,0,0,0,0,0,NATIONAL
venezuela,981kvet.iheart.com,com,GLOBAL,GLOBAL,GLOBAL,PLATFORM,0,0,0,0,0,0,0,NATIONAL
venezuela,abbynews.com,com,GLOBAL,GLOBAL,GLOBAL,PLATFORM,0,0,0,0,0,0,0,NATIONAL
venezuela,abqjournal.com,com,GLOBAL,GLOBAL,GLOBAL,PLATFORM,0,0,0,0,0,0,0,NATIONAL
venezuela,actionforex.com,com,GLOBAL,GLOBAL,GLOBAL,PLATFORM,0,0,0,0,0,0,0,NATIONAL
venezuela,advisor.ca,ca,CA,North America,OTHER,PLATFORM,0,0,0,0,0,0,0,NATIONAL
venezuela,aggie96.iheart.com,com,GLOBAL,GLOBAL,GLOBAL,PLATFORM,0,0,0,0,0,0,0,NATIONAL
venezuela,arnnet.com.au,au,AU,East Asia & Pacific,OTHER,PLATFORM,0,0,0,0,0,0,0,NATIONAL
venezuela,blogs.webmd.com,com,GLOBAL,GLOBAL,GLOBAL,PLATFORM,0,0,0,0,0,0,0,NATIONAL
venezuela,bmj.com,com,GLOBAL,GLOBAL,GLOBAL,PLATFORM,0,0,0,0,0,0,0,NATIONAL
venezuela,bmmagazine.co.uk,uk,GB,Europe & Central Asia,OTHER,PLATFORM,0,0,0,0,0,0,0,NATIONAL
venezuela,bravenewcoin.com,com,GLOBAL,GLOBAL,GLOBAL,PLATFORM,0,0,0,0,0,0,0,NATIONAL
venezuela,bucksinsider.com,com,GLOBAL,GLOBAL,GLOBAL,PLATFORM,0,0,0,0,0,0,0,NATIONAL
venezuela,cagesideseats.com,com,GLOBAL,GLOBAL,GLOBAL,PLATFORM,0,0,0,0,0,0,0,NATIONAL
venezuela,camdencourier.com.au,au,AU,East Asia & Pacific,OTHER,PLATFORM,0,0,0,0,0,0,0,NATIONAL
venezuela,carolinajournal.com,com,GLOBAL,GLOBAL,GLOBAL,PLATFORM,0,0,0,0,0,0,0,NATIONAL
venezuela,chisagocountypress.com,com,GLOBAL,GLOBAL,GLOBAL,PLATFORM,0,0,0,0,0,0,0,NATIONAL
venezuela,classichits925.com,com,GLOBAL,GLOBAL,GLOBAL,PLATFORM,0,0,0,0,0,0,0,NATIONAL
venezuela,clearwatertimes.com,com,GLOBAL,GLOBAL,GLOBAL,PLATFORM,0,0,0,0,0,0,0,NATIONAL
venezuela,comicbook.com,com,GLOBAL,GLOBAL,GLOBAL,PLATFORM,0,0,0,0,0,0,0,NATIONAL
venezuela,comicsbeat.com,com,GLOBAL,GLOBAL,GLOBAL,PLATFORM,0,0,0,0,0,0,0,NATIONAL
venezuela,concordmonitor.com,com,GLOBAL,GLOBAL,GLOBAL,PLATFORM,0,0,0,0,0,0,0,NATIONAL
venezuela,cootamundraherald.com.au,au,AU,East Asia & Pacific,OTHER,PLATFORM,0,0,0,0,0,0,0,NATIONAL
venezuela,cowboystatedaily.com,com,GLOBAL,GLOBAL,GLOBAL,PLATFORM,0,0,0,0,0,0,0,NATIONAL
venezuela,dawnofthedawg.com,com,GLOBAL,GLOBAL,GLOBAL,PLATFORM,0,0,0,0,0,0,0,NATIONAL
venezuela,doorcountydailynews.com,com,GLOBAL,GLOBAL,GLOBAL,PLATFORM,0,0,0,0,0,0,0,NATIONAL
venezuela,dose.ca,ca,CA,North America,OTHER,PLATFORM,0,0,0,0,0,0,0,NATIONAL
venezuela,drive.com.au,au,AU,East Asia & Pacific,OTHER,PLATFORM,0,0,0,0,0,0,0,NATIONAL
venezuela,eastasiaforum.org,org,GLOBAL,GLOBAL,GLOBAL,PLATFORM,0,0,0,0,0,0,0,NATIONAL
venezuela,english.kyodonews.net:443,NA,NA,NA,OTHER,PLATFORM,0,0,0,0,0,0,0,PLATFORM
venezuela,epthinktank.eu,eu,NA,NA,OTHER,PLATFORM,0,0,0,0,0,0,0,PLATFORM
venezuela,fox5vegas.com,com,GLOBAL,GLOBAL,GLOBAL,PLATFORM,0,0,0,0,0,0,0,NATIONAL
venezuela,freestonecountytimesonline.com,com,GLOBAL,GLOBAL,GLOBAL,PLATFORM,0,0,0,0,0,0,0,NATIONAL
venezuela,georgeherald.com,com,GLOBAL,GLOBAL,GLOBAL,PLATFORM,0,0,0,0,0,0,0,NATIONAL
venezuela,grenadachronicle.com,com,GLOBAL,GLOBAL,GLOBAL,PLATFORM,0,0,0,0,0,0,0,NATIONAL
venezuela,hiphopnc.com,com,GLOBAL,GLOBAL,GLOBAL,PLATFORM,0,0,0,0,0,0,0,NATIONAL
venezuela,ijpr.org,org,GLOBAL,GLOBAL,GLOBAL,PLATFORM,0,0,0,0,0,0,0,NATIONAL
venezuela,insurancejournal.com,com,GLOBAL,GLOBAL,GLOBAL,PLATFORM,0,0,0,0,0,0,0,NATIONAL
venezuela,jazz.fm,fm,NA,NA,OTHER,PLATFORM,0,0,0,0,0,0,0,PLATFORM
venezuela,kfmqrock1061.iheart.com,com,GLOBAL,GLOBAL,GLOBAL,PLATFORM,0,0,0,0,0,0,0,NATIONAL
venezuela,kfmx.com,com,GLOBAL,GLOBAL,GLOBAL,PLATFORM,0,0,0,0,0,0,0,NATIONAL
venezuela,kjkj.iheart.com,com,GLOBAL,GLOBAL,GLOBAL,PLATFORM,0,0,0,0,0,0,0,NATIONAL
venezuela,kkrt.com,com,GLOBAL,GLOBAL,GLOBAL,PLATFORM,0,0,0,0,0,0,0,NATIONAL
venezuela,kosi101.com,com,GLOBAL,GLOBAL,GLOBAL,PLATFORM,0,0,0,0,0,0,0,NATIONAL
venezuela,kotatv.com,com,GLOBAL,GLOBAL,GLOBAL,PLATFORM,0,0,0,0,0,0,0,NATIONAL
venezuela,kowb1290.com,com,GLOBAL,GLOBAL,GLOBAL,PLATFORM,0,0,0,0,0,0,0,NATIONAL
venezuela,krone.at,at,NA,NA,OTHER,PLATFORM,0,0,0,0,0,0,0,PLATFORM
venezuela,ksyl.com,com,GLOBAL,GLOBAL,GLOBAL,PLATFORM,0,0,0,0,0,0,0,NATIONAL
venezuela,ktvo.com,com,GLOBAL,GLOBAL,GLOBAL,PLATFORM,0,0,0,0,0,0,0,NATIONAL
venezuela,kuam.com,com,GLOBAL,GLOBAL,GLOBAL,PLATFORM,0,0,0,0,0,0,0,NATIONAL
venezuela,kxel.com,com,GLOBAL,GLOBAL,GLOBAL,PLATFORM,0,0,0,0,0,0,0,NATIONAL
venezuela,leaderpost.com:443,NA,NA,NA,OTHER,PLATFORM,0,0,0,0,0,0,0,PLATFORM
venezuela,leitrimobserver.ie,ie,NA,NA,OTHER,PLATFORM,0,0,0,0,0,0,0,PLATFORM
venezuela,localmemphis.com,com,GLOBAL,GLOBAL,GLOBAL,PLATFORM,0,0,0,0,0,0,0,NATIONAL
venezuela,locusmag.com,com,GLOBAL,GLOBAL,GLOBAL,PLATFORM,0,0,0,0,0,0,0,NATIONAL
venezuela,maizenbrew.com,com,GLOBAL,GLOBAL,GLOBAL,PLATFORM,0,0,0,0,0,0,0,NATIONAL
venezuela,makeuseof.com,com,GLOBAL,GLOBAL,GLOBAL,PLATFORM,0,0,0,0,0,0,0,NATIONAL
venezuela,mcnews.com.au,au,AU,East Asia & Pacific,OTHER,PLATFORM,0,0,0,0,0,0,0,NATIONAL
venezuela,mix106radio.com,com,GLOBAL,GLOBAL,GLOBAL,PLATFORM,0,0,0,0,0,0,0,NATIONAL
venezuela,mix969.iheart.com,com,GLOBAL,GLOBAL,GLOBAL,PLATFORM,0,0,0,0,0,0,0,NATIONAL
venezuela,mix989.iheart.com,com,GLOBAL,GLOBAL,GLOBAL,PLATFORM,0,0,0,0,0,0,0,NATIONAL
venezuela,mixgulfcoast.iheart.com,com,GLOBAL,GLOBAL,GLOBAL,PLATFORM,0,0,0,0,0,0,0,NATIONAL
venezuela,news-herald.com,com,GLOBAL,GLOBAL,GLOBAL,PLATFORM,0,0,0,0,0,0,0,NATIONAL
venezuela,newscenter1.tv,tv,NA,NA,OTHER,PLATFORM,0,0,0,0,0,0,0,PLATFORM
venezuela,newstalk1030.com,com,GLOBAL,GLOBAL,GLOBAL,PLATFORM,0,0,0,0,0,0,0,NATIONAL
venezuela,northbaynipissing.com,com,GLOBAL,GLOBAL,GLOBAL,PLATFORM,0,0,0,0,0,0,0,NATIONAL
venezuela,oregonbusiness.com,com,GLOBAL,GLOBAL,GLOBAL,PLATFORM,0,0,0,0,0,0,0,NATIONAL
venezuela,oregoncatalyst.com,com,GLOBAL,GLOBAL,GLOBAL,PLATFORM,0,0,0,0,0,0,0,NATIONAL
venezuela,ottawacitizen.com:443,NA,NA,NA,OTHER,PLATFORM,0,0,0,0,0,0,0,PLATFORM
venezuela,popcrush.com,com,GLOBAL,GLOBAL,GLOBAL,PLATFORM,0,0,0,0,0,0,0,NATIONAL
venezuela,powerlineblog.com,com,GLOBAL,GLOBAL,GLOBAL,PLATFORM,0,0,0,0,0,0,0,NATIONAL
venezuela,presspublications.com,com,GLOBAL,GLOBAL,GLOBAL,PLATFORM,0,0,0,0,0,0,0,NATIONAL
venezuela,quintenews.com,com,GLOBAL,GLOBAL,GLOBAL,PLATFORM,0,0,0,0,0,0,0,NATIONAL
venezuela,raptorsrapture.com,com,GLOBAL,GLOBAL,GLOBAL,PLATFORM,0,0,0,0,0,0,0,NATIONAL
venezuela,redstate.com,com,GLOBAL,GLOBAL,GLOBAL,PLATFORM,0,0,0,0,0,0,0,NATIONAL
venezuela,rfdtv.com,com,GLOBAL,GLOBAL,GLOBAL,PLATFORM,0,0,0,0,0,0,0,NATIONAL
venezuela,riverheadnewsreview.timesreview.com,com,GLOBAL,GLOBAL,GLOBAL,PLATFORM,0,0,0,0,0,0,0,NATIONAL
venezuela,rutland-times.co.uk,uk,GB,Europe & Central Asia,OTHER,PLATFORM,0,0,0,0,0,0,0,NATIONAL
venezuela,saharareporters.com,com,GLOBAL,GLOBAL,GLOBAL,PLATFORM,0,0,0,0,0,0,0,NATIONAL
venezuela,sedaliademocrat.com,com,GLOBAL,GLOBAL,GLOBAL,PLATFORM,0,0,0,0,0,0,0,NATIONAL
venezuela,shannonside.ie,ie,NA,NA,OTHER,PLATFORM,0,0,0,0,0,0,0,PLATFORM
venezuela,shtfplan.com,com,GLOBAL,GLOBAL,GLOBAL,PLATFORM,0,0,0,0,0,0,0,NATIONAL
venezuela,smartcompany.com.au,au,AU,East Asia & Pacific,OTHER,PLATFORM,0,0,0,0,0,0,0,NATIONAL
venezuela,speedhunters.com,com,GLOBAL,GLOBAL,GLOBAL,PLATFORM,0,0,0,0,0,0,0,NATIONAL
venezuela,theage.com.au,au,AU,East Asia & Pacific,OTHER,PLATFORM,0,0,0,0,0,0,0,NATIONAL
venezuela,thecitizen.co.tz,tz,NA,NA,OTHER,PLATFORM,0,0,0,0,0,0,0,PLATFORM
venezuela,thefreepress.ca,ca,CA,North America,OTHER,PLATFORM,0,0,0,0,0,0,0,NATIONAL
venezuela,thejetpress.com,com,GLOBAL,GLOBAL,GLOBAL,PLATFORM,0,0,0,0,0,0,0,NATIONAL
venezuela,theland.com.au,au,AU,East Asia & Pacific,OTHER,PLATFORM,0,0,0,0,0,0,0,NATIONAL
venezuela,theoaklandpress.com,com,GLOBAL,GLOBAL,GLOBAL,PLATFORM,0,0,0,0,0,0,0,NATIONAL
venezuela,theurbandaily.com,com,GLOBAL,GLOBAL,GLOBAL,PLATFORM,0,0,0,0,0,0,0,NATIONAL
venezuela,throwback963.iheart.com,com,GLOBAL,GLOBAL,GLOBAL,PLATFORM,0,0,0,0,0,0,0,NATIONAL
venezuela,ticotimes.net,net,GLOBAL,GLOBAL,GLOBAL,PLATFORM,0,0,0,0,0,0,0,NATIONAL
venezuela,trustedreviews.com,com,GLOBAL,GLOBAL,GLOBAL,PLATFORM,0,0,0,0,0,0,0,NATIONAL
venezuela,utv44.com,com,GLOBAL,GLOBAL,GLOBAL,PLATFORM,0,0,0,0,0,0,0,NATIONAL
venezuela,wateronline.com,com,GLOBAL,GLOBAL,GLOBAL,PLATFORM,0,0,0,0,0,0,0,NATIONAL
venezuela,wattsupwiththat.com,com,GLOBAL,GLOBAL,GLOBAL,PLATFORM,0,0,0,0,0,0,0,NATIONAL
venezuela,wboi.org,org,GLOBAL,GLOBAL,GLOBAL,PLATFORM,0,0,0,0,0,0,0,NATIONAL
venezuela,wdasfm.iheart.com,com,GLOBAL,GLOBAL,GLOBAL,PLATFORM,0,0,0,0,0,0,0,NATIONAL
venezuela,wdsd.iheart.com,com,GLOBAL,GLOBAL,GLOBAL,PLATFORM,0,0,0,0,0,0,0,NATIONAL
venezuela,webpronews.com,com,GLOBAL,GLOBAL,GLOBAL,PLATFORM,0,0,0,0,0,0,0,NATIONAL
venezuela,weirtondailytimes.com,com,GLOBAL,GLOBAL,GLOBAL,PLATFORM,0,0,0,0,0,0,0,NATIONAL
venezuela,wenxuecity.com,com,GLOBAL,GLOBAL,GLOBAL,PLATFORM,0,0,0,0,0,0,0,NATIONAL
venezuela,westcentralonline.com,com,GLOBAL,GLOBAL,GLOBAL,PLATFORM,0,0,0,0,0,0,0,NATIONAL
venezuela,westmeathexaminer.ie,ie,NA,NA,OTHER,PLATFORM,0,0,0,0,0,0,0,PLATFORM
venezuela,westmeathindependent.ie,ie,NA,NA,OTHER,PLATFORM,0,0,0,0,0,0,0,PLATFORM
venezuela,westmichiganstar.iheart.com,com,GLOBAL,GLOBAL,GLOBAL,PLATFORM,0,0,0,0,0,0,0,NATIONAL
venezuela,whro.org,org,GLOBAL,GLOBAL,GLOBAL,PLATFORM,0,0,0,0,0,0,0,NATIONAL
venezuela,wimsradio.com,com,GLOBAL,GLOBAL,GLOBAL,PLATFORM,0,0,0,0,0,0,0,NATIONAL
venezuela,wlsam.com,com,GLOBAL,GLOBAL,GLOBAL,PLATFORM,0,0,0,0,0,0,0,NATIONAL
venezuela,wrtv.com,com,GLOBAL,GLOBAL,GLOBAL,PLATFORM,0,0,0,0,0,0,0,NATIONAL
venezuela,wsaz.com,com,GLOBAL,GLOBAL,GLOBAL,PLATFORM,0,0,0,0,0,0,0,NATIONAL
venezuela,wvtm13.com,com,GLOBAL,GLOBAL,GLOBAL,PLATFORM,0,0,0,0,0,0,0,NATIONAL
venezuela,yorknewstimes.com,com,GLOBAL,GLOBAL,GLOBAL,PLATFORM,0,0,0,0,0,0,0,NATIONAL
venezuela,z93hv.iheart.com,com,GLOBAL,GLOBAL,GLOBAL,PLATFORM,0,0,0,0,0,0,0,NATIONAL
venezuela,zennie62blog.com,com,GLOBAL,GLOBAL,GLOBAL,PLATFORM,0,0,0,0,0,0,0,NATIONAL
venezuela,1039wvbo.com,com,GLOBAL,GLOBAL,GLOBAL,PLATFORM,0,0,0,0,0,0,0,NATIONAL
venezuela,2gb.com,com,GLOBAL,GLOBAL,GLOBAL,PLATFORM,0,0,0,0,0,0,0,NATIONAL
venezuela,640wxsm.com,com,GLOBAL,GLOBAL,GLOBAL,PLATFORM,0,0,0,0,0,0,0,NATIONAL
venezuela,949whom.com,com,GLOBAL,GLOBAL,GLOBAL,PLATFORM,0,0,0,0,0,0,0,NATIONAL
venezuela,airdrieecho.com:443,NA,NA,NA,OTHER,PLATFORM,0,0,0,0,0,0,0,PLATFORM
venezuela,airliners.net,net,GLOBAL,GLOBAL,GLOBAL,PLATFORM,0,0,0,0,0,0,0,NATIONAL
venezuela,arrowheadaddict.com,com,GLOBAL,GLOBAL,GLOBAL,PLATFORM,0,0,0,0,0,0,0,NATIONAL
venezuela,awate.com,com,GLOBAL,GLOBAL,GLOBAL,PLATFORM,0,0,0,0,0,0,0,NATIONAL
venezuela,awfulannouncing.com,com,GLOBAL,GLOBAL,GLOBAL,PLATFORM,0,0,0,0,0,0,0,NATIONAL
venezuela,blueshirtbanter.com,com,GLOBAL,GLOBAL,GLOBAL,PLATFORM,0,0,0,0,0,0,0,NATIONAL
venezuela,breakingnews.ie,ie,NA,NA,OTHER,PLATFORM,0,0,0,0,0,0,0,PLATFORM
venezuela,brecorder.com,com,GLOBAL,GLOBAL,GLOBAL,PLATFORM,0,0,0,0,0,0,0,NATIONAL
venezuela,bssnews.net,net,GLOBAL,GLOBAL,GLOBAL,PLATFORM,0,0,0,0,0,0,0,NATIONAL
venezuela,buzztulsa.iheart.com,com,GLOBAL,GLOBAL,GLOBAL,PLATFORM,0,0,0,0,0,0,0,NATIONAL
venezuela,calgarysun.com,com,GLOBAL,GLOBAL,GLOBAL,PLATFORM,0,0,0,0,0,0,0,NATIONAL
venezuela,catcountry1073.com,com,GLOBAL,GLOBAL,GLOBAL,PLATFORM,0,0,0,0,0,0,0,NATIONAL
venezuela,clydebankpost.co.uk,uk,GB,Europe & Central Asia,OTHER,PLATFORM,0,0,0,0,0,0,0,NATIONAL
venezuela,cointelegraph.com,com,GLOBAL,GLOBAL,GLOBAL,PLATFORM,0,0,0,0,0,0,0,NATIONAL
venezuela,crooksandliars.com,com,GLOBAL,GLOBAL,GLOBAL,PLATFORM,0,0,0,0,0,0,0,NATIONAL
venezuela,cubbiescrib.com,com,GLOBAL,GLOBAL,GLOBAL,PLATFORM,0,0,0,0,0,0,0,NATIONAL
venezuela,enca.com,com,GLOBAL,GLOBAL,GLOBAL,PLATFORM,0,0,0,0,0,0,0,NATIONAL
venezuela,firstalert7.com,com,GLOBAL,GLOBAL,GLOBAL,PLATFORM,0,0,0,0,0,0,0,NATIONAL
venezuela,fishshell.com,com,GLOBAL,GLOBAL,GLOBAL,PLATFORM,0,0,0,0,0,0,0,NATIONAL
venezuela,gazette-news.co.uk,uk,GB,Europe & Central Asia,OTHER,PLATFORM,0,0,0,0,0,0,0,NATIONAL
venezuela,harrisondaily.com,com,GLOBAL,GLOBAL,GLOBAL,PLATFORM,0,0,0,0,0,0,0,NATIONAL
venezuela,hazard-herald.com,com,GLOBAL,GLOBAL,GLOBAL,PLATFORM,0,0,0,0,0,0,0,NATIONAL
venezuela,henryherald.com,com,GLOBAL,GLOBAL,GLOBAL,PLATFORM,0,0,0,0,0,0,0,NATIONAL
venezuela,heraldstandard.com,com,GLOBAL,GLOBAL,GLOBAL,PLATFORM,0,0,0,0,0,0,0,NATIONAL
venezuela,hiphopdx.com,com,GLOBAL,GLOBAL,GLOBAL,PLATFORM,0,0,0,0,0,0,0,NATIONAL
venezuela,informationng.com,com,GLOBAL,GLOBAL,GLOBAL,PLATFORM,0,0,0,0,0,0,0,NATIONAL
venezuela,iowapublicradio.org,org,GLOBAL,GLOBAL,GLOBAL,PLATFORM,0,0,0,0,0,0,0,NATIONAL
venezuela,jamz963.com,com,GLOBAL,GLOBAL,GLOBAL,PLATFORM,0,0,0,0,0,0,0,NATIONAL
venezuela,jirevwe.github.io,io,NA,NA,OTHER,PLATFORM,0,0,0,0,0,0,0,PLATFORM
venezuela,kansaspublicradio.org,org,GLOBAL,GLOBAL,GLOBAL,PLATFORM,0,0,0,0,0,0,0,NATIONAL
venezuela,kazu.org,org,GLOBAL,GLOBAL,GLOBAL,PLATFORM,0,0,0,0,0,0,0,NATIONAL
venezuela,kfm.co.ug,ug,NA,NA,OTHER,PLATFORM,0,0,0,0,0,0,0,PLATFORM
venezuela,khow.iheart.com,com,GLOBAL,GLOBAL,GLOBAL,PLATFORM,0,0,0,0,0,0,0,NATIONAL
venezuela,koolam.com,com,GLOBAL,GLOBAL,GLOBAL,PLATFORM,0,0,0,0,0,0,0,NATIONAL
venezuela,ktbb.com,com,GLOBAL,GLOBAL,GLOBAL,PLATFORM,0,0,0,0,0,0,0,NATIONAL
venezuela,limaohio.com,com,GLOBAL,GLOBAL,GLOBAL,PLATFORM,0,0,0,0,0,0,0,NATIONAL
venezuela,madrock1025.com,com,GLOBAL,GLOBAL,GLOBAL,PLATFORM,0,0,0,0,0,0,0,NATIONAL
venezuela,maitlandmercury.com.au,au,AU,East Asia & Pacific,OTHER,PLATFORM,0,0,0,0,0,0,0,NATIONAL
venezuela,managingmadrid.com,com,GLOBAL,GLOBAL,GLOBAL,PLATFORM,0,0,0,0,0,0,0,NATIONAL
venezuela,mdjonline.com,com,GLOBAL,GLOBAL,GLOBAL,PLATFORM,0,0,0,0,0,0,0,NATIONAL
venezuela,medium.com,com,GLOBAL,GLOBAL,GLOBAL,PLATFORM,0,0,0,0,0,0,0,NATIONAL
venezuela,montereyherald.com,com,GLOBAL,GLOBAL,GLOBAL,PLATFORM,0,0,0,0,0,0,0,NATIONAL
venezuela,mymotherlode.com,com,GLOBAL,GLOBAL,GLOBAL,PLATFORM,0,0,0,0,0,0,0,NATIONAL
venezuela,nbc-2.com,com,GLOBAL,GLOBAL,GLOBAL,PLATFORM,0,0,0,0,0,0,0,NATIONAL
venezuela,newsindiatimes.com,com,GLOBAL,GLOBAL,GLOBAL,PLATFORM,0,0,0,0,0,0,0,NATIONAL
venezuela,nichegamer.com,com,GLOBAL,GLOBAL,GLOBAL,PLATFORM,0,0,0,0,0,0,0,NATIONAL
venezuela,pakistantoday.com.pk,pk,NA,NA,OTHER,PLATFORM,0,0,0,0,0,0,0,PLATFORM
venezuela,palestinechronicle.com,com,GLOBAL,GLOBAL,GLOBAL,PLATFORM,0,0,0,0,0,0,0,NATIONAL
venezuela,redlandsdailyfacts.com,com,GLOBAL,GLOBAL,GLOBAL,PLATFORM,0,0,0,0,0,0,0,NATIONAL
venezuela,righto.com,com,GLOBAL,GLOBAL,GLOBAL,PLATFORM,0,0,0,0,0,0,0,NATIONAL
venezuela,sabareesh.com,com,GLOBAL,GLOBAL,GLOBAL,PLATFORM,0,0,0,0,0,0,0,NATIONAL
venezuela,santamariatimes.com,com,GLOBAL,GLOBAL,GLOBAL,PLATFORM,0,0,0,0,0,0,0,NATIONAL
venezuela,smmirror.com,com,GLOBAL,GLOBAL,GLOBAL,PLATFORM,0,0,0,0,0,0,0,NATIONAL
venezuela,standard.co.uk,uk,GB,Europe & Central Asia,OTHER,PLATFORM,0,0,0,0,0,0,0,NATIONAL
venezuela,statepress.com,com,GLOBAL,GLOBAL,GLOBAL,PLATFORM,0,0,0,0,0,0,0,NATIONAL
venezuela,takungpao.com,com,GLOBAL,GLOBAL,GLOBAL,PLATFORM,0,0,0,0,0,0,0,NATIONAL
venezuela,tbsnews.net,net,GLOBAL,GLOBAL,GLOBAL,PLATFORM,0,0,0,0,0,0,0,NATIONAL
venezuela,theborneopost.com,com,GLOBAL,GLOBAL,GLOBAL,PLATFORM,0,0,0,0,0,0,0,NATIONAL
venezuela,thecentersquare.com,com,GLOBAL,GLOBAL,GLOBAL,PLATFORM,0,0,0,0,0,0,0,NATIONAL
venezuela,theeagle.com,com,GLOBAL,GLOBAL,GLOBAL,PLATFORM,0,0,0,0,0,0,0,NATIONAL
venezuela,thepostathens.com,com,GLOBAL,GLOBAL,GLOBAL,PLATFORM,0,0,0,0,0,0,0,NATIONAL
venezuela,thesun.ie,ie,NA,NA,OTHER,PLATFORM,0,0,0,0,0,0,0,PLATFORM
venezuela,thewhistler.ng,ng,NG,Sub-Saharan Africa,AFRICA,PLATFORM,0,0,0,0,0,0,0,NATIONAL
venezuela,toronto.com,com,GLOBAL,GLOBAL,GLOBAL,PLATFORM,0,0,0,0,0,0,0,NATIONAL
venezuela,troyrecord.com,com,GLOBAL,GLOBAL,GLOBAL,PLATFORM,0,0,0,0,0,0,0,NATIONAL
venezuela,uatrav.com,com,GLOBAL,GLOBAL,GLOBAL,PLATFORM,0,0,0,0,0,0,0,NATIONAL
venezuela,wccftech.com,com,GLOBAL,GLOBAL,GLOBAL,PLATFORM,0,0,0,0,0,0,0,NATIONAL
venezuela,wflanews.iheart.com,com,GLOBAL,GLOBAL,GLOBAL,PLATFORM,0,0,0,0,0,0,0,NATIONAL
venezuela,wgbh.org,org,GLOBAL,GLOBAL,GLOBAL,PLATFORM,0,0,0,0,0,0,0,NATIONAL
venezuela,wilsoncountynews.com,com,GLOBAL,GLOBAL,GLOBAL,PLATFORM,0,0,0,0,0,0,0,NATIONAL
venezuela,wjcw.com,com,GLOBAL,GLOBAL,GLOBAL,PLATFORM,0,0,0,0,0,0,0,NATIONAL
venezuela,worthplaying.com,com,GLOBAL,GLOBAL,GLOBAL,PLATFORM,0,0,0,0,0,0,0,NATIONAL
venezuela,wuky.org,org,GLOBAL,GLOBAL,GLOBAL,PLATFORM,0,0,0,0,0,0,0,NATIONAL
venezuela,wwmt.com,com,GLOBAL,GLOBAL,GLOBAL,PLATFORM,0,0,0,0,0,0,0,NATIONAL
venezuela,10tv.com,com,GLOBAL,GLOBAL,GLOBAL,PLATFORM,0,0,0,0,0,0,0,NATIONAL
venezuela,4bu.com.au,au,AU,East Asia & Pacific,OTHER,PLATFORM,0,0,0,0,0,0,0,NATIONAL
venezuela,5newsonline.com,com,GLOBAL,GLOBAL,GLOBAL,PLATFORM,0,0,0,0,0,0,0,NATIONAL
venezuela,92moose.fm,fm,NA,NA,OTHER,PLATFORM,0,0,0,0,0,0,0,PLATFORM
venezuela,abc12.com,com,GLOBAL,GLOBAL,GLOBAL,PLATFORM,0,0,0,0,0,0,0,NATIONAL
venezuela,bayshorebroadcasting.ca,ca,CA,North America,OTHER,PLATFORM,0,0,0,0,0,0,0,NATIONAL
venezuela,bomboradyo.com,com,GLOBAL,GLOBAL,GLOBAL,PLATFORM,0,0,0,0,0,0,0,NATIONAL
venezuela,britannica.com:443,NA,NA,NA,OTHER,PLATFORM,0,0,0,0,0,0,0,PLATFORM
venezuela,cardchronicle.com,com,GLOBAL,GLOBAL,GLOBAL,PLATFORM,0,0,0,0,0,0,0,NATIONAL
venezuela,caribjournal.com,com,GLOBAL,GLOBAL,GLOBAL,PLATFORM,0,0,0,0,0,0,0,NATIONAL
venezuela,charismanews.com,com,GLOBAL,GLOBAL,GLOBAL,PLATFORM,0,0,0,0,0,0,0,NATIONAL
venezuela,chickashanews.com,com,GLOBAL,GLOBAL,GLOBAL,PLATFORM,0,0,0,0,0,0,0,NATIONAL
venezuela,chvnradio.com,com,GLOBAL,GLOBAL,GLOBAL,PLATFORM,0,0,0,0,0,0,0,NATIONAL
venezuela,cnycentral.com,com,GLOBAL,GLOBAL,GLOBAL,PLATFORM,0,0,0,0,0,0,0,NATIONAL
venezuela,coincommunity.com,com,GLOBAL,GLOBAL,GLOBAL,PLATFORM,0,0,0,0,0,0,0,NATIONAL
venezuela,conservativehq.com,com,GLOBAL,GLOBAL,GLOBAL,PLATFORM,0,0,0,0,0,0,0,NATIONAL
venezuela,daily-journal.com,com,GLOBAL,GLOBAL,GLOBAL,PLATFORM,0,0,0,0,0,0,0,NATIONAL
venezuela,dailypost.co.uk,uk,GB,Europe & Central Asia,OTHER,PLATFORM,0,0,0,0,0,0,0,NATIONAL
venezuela,dglobe.com,com,GLOBAL,GLOBAL,GLOBAL,PLATFORM,0,0,0,0,0,0,0,NATIONAL
venezuela,effinghamdailynews.com,com,GLOBAL,GLOBAL,GLOBAL,PLATFORM,0,0,0,0,0,0,0,NATIONAL
venezuela,english.republika.mk,mk,NA,NA,OTHER,PLATFORM,0,0,0,0,0,0,0,PLATFORM
venezuela,ewrestlingnews.com,com,GLOBAL,GLOBAL,GLOBAL,PLATFORM,0,0,0,0,0,0,0,NATIONAL
venezuela,expressnews.com,com,GLOBAL,GLOBAL,GLOBAL,PLATFORM,0,0,0,0,0,0,0,NATIONAL
venezuela,fool.com.au,au,AU,East Asia & Pacific,OTHER,PLATFORM,0,0,0,0,0,0,0,NATIONAL
venezuela,freedom970.com,com,GLOBAL,GLOBAL,GLOBAL,PLATFORM,0,0,0,0,0,0,0,NATIONAL
venezuela,gazettextra.com,com,GLOBAL,GLOBAL,GLOBAL,PLATFORM,0,0,0,0,0,0,0,NATIONAL
venezuela,hamhigh.co.uk,uk,GB,Europe & Central Asia,OTHER,PLATFORM,0,0,0,0,0,0,0,NATIONAL
venezuela,hltv.org,org,GLOBAL,GLOBAL,GLOBAL,PLATFORM,0,0,0,0,0,0,0,NATIONAL
venezuela,homelandsecuritynewswire.com,com,GLOBAL,GLOBAL,GLOBAL,PLATFORM,0,0,0,0,0,0,0,NATIONAL
venezuela,iafrica.com,com,GLOBAL,GLOBAL,GLOBAL,PLATFORM,0,0,0,0,0,0,0,NATIONAL
venezuela,jaguars.com,com,GLOBAL,GLOBAL,GLOBAL,PLATFORM,0,0,0,0,0,0,0,NATIONAL
venezuela,japantimes.co.jp,jp,JP,East Asia & Pacific,OTHER,PLATFORM,0,0,0,0,0,0,0,NATIONAL
venezuela,k2radio.com,com,GLOBAL,GLOBAL,GLOBAL,PLATFORM,0,0,0,0,0,0,0,NATIONAL
venezuela,keyc.com,com,GLOBAL,GLOBAL,GLOBAL,PLATFORM,0,0,0,0,0,0,0,NATIONAL
venezuela,keyzradio.com,com,GLOBAL,GLOBAL,GLOBAL,PLATFORM,0,0,0,0,0,0,0,NATIONAL
venezuela,koka.am,am,NA,NA,OTHER,PLATFORM,0,0,0,0,0,0,0,PLATFORM
venezuela,kvia.com,com,GLOBAL,GLOBAL,GLOBAL,PLATFORM,0,0,0,0,0,0,0,NATIONAL
venezuela,livemint.com,com,GLOBAL,GLOBAL,GLOBAL,PLATFORM,0,0,0,0,0,0,0,NATIONAL
venezuela,lufkindailynews.com,com,GLOBAL,GLOBAL,GLOBAL,PLATFORM,0,0,0,0,0,0,0,NATIONAL
venezuela,mapleridgenews.com,com,GLOBAL,GLOBAL,GLOBAL,PLATFORM,0,0,0,0,0,0,0,NATIONAL
venezuela,maritime-executive.com,com,GLOBAL,GLOBAL,GLOBAL,PLATFORM,0,0,0,0,0,0,0,NATIONAL
venezuela,mb.com.ph,ph,NA,NA,OTHER,PLATFORM,0,0,0,0,0,0,0,PLATFORM
venezuela,mewc.org,org,GLOBAL,GLOBAL,GLOBAL,PLATFORM,0,0,0,0,0,0,0,NATIONAL
venezuela,mountvernonnews.com,com,GLOBAL,GLOBAL,GLOBAL,PLATFORM,0,0,0,0,0,0,0,NATIONAL
venezuela,mtdemocrat.com,com,GLOBAL,GLOBAL,GLOBAL,PLATFORM,0,0,0,0,0,0,0,NATIONAL
venezuela,mykiss1031.com,com,GLOBAL,GLOBAL,GLOBAL,PLATFORM,0,0,0,0,0,0,0,NATIONAL
venezuela,normantranscript.com,com,GLOBAL,GLOBAL,GLOBAL,PLATFORM,0,0,0,0,0,0,0,NATIONAL
venezuela,northernpublicradio.org,org,GLOBAL,GLOBAL,GLOBAL,PLATFORM,0,0,0,0,0,0,0,NATIONAL
venezuela,panorama.am,am,NA,NA,OTHER,PLATFORM,0,0,0,0,0,0,0,PLATFORM
venezuela,pennrecord.com,com,GLOBAL,GLOBAL,GLOBAL,PLATFORM,0,0,0,0,0,0,0,NATIONAL
venezuela,phinphanatic.com,com,GLOBAL,GLOBAL,GLOBAL,PLATFORM,0,0,0,0,0,0,0,NATIONAL
venezuela,power96radio.com,com,GLOBAL,GLOBAL,GLOBAL,PLATFORM,0,0,0,0,0,0,0,NATIONAL
venezuela,progressive-charlestown.com,com,GLOBAL,GLOBAL,GLOBAL,PLATFORM,0,0,0,0,0,0,0,NATIONAL
venezuela,progressiverailroading.com,com,GLOBAL,GLOBAL,GLOBAL,PLATFORM,0,0,0,0,0,0,0,NATIONAL
venezuela,radiojamaicanewsonline.com,com,GLOBAL,GLOBAL,GLOBAL,PLATFORM,0,0,0,0,0,0,0,NATIONAL
venezuela,rivergrandrapids.com,com,GLOBAL,GLOBAL,GLOBAL,PLATFORM,0,0,0,0,0,0,0,NATIONAL
venezuela,somerset-kentucky.com,com,GLOBAL,GLOBAL,GLOBAL,PLATFORM,0,0,0,0,0,0,0,NATIONAL
venezuela,stalbertgazette.com,com,GLOBAL,GLOBAL,GLOBAL,PLATFORM,0,0,0,0,0,0,0,NATIONAL
venezuela,steinbachonline.com,com,GLOBAL,GLOBAL,GLOBAL,PLATFORM,0,0,0,0,0,0,0,NATIONAL
venezuela,stripes.com,com,GLOBAL,GLOBAL,GLOBAL,PLATFORM,0,0,0,0,0,0,0,NATIONAL
venezuela,sundayworld.com,com,GLOBAL,GLOBAL,GLOBAL,PLATFORM,0,0,0,0,0,0,0,NATIONAL
venezuela,sunny1063.com,com,GLOBAL,GLOBAL,GLOBAL,PLATFORM,0,0,0,0,0,0,0,NATIONAL
venezuela,swindonadvertiser.co.uk,uk,GB,Europe & Central Asia,OTHER,PLATFORM,0,0,0,0,0,0,0,NATIONAL
venezuela,techcabal.com,com,GLOBAL,GLOBAL,GLOBAL,PLATFORM,0,0,0,0,0,0,0,NATIONAL
venezuela,thatballsouttahere.com,com,GLOBAL,GLOBAL,GLOBAL,PLATFORM,0,0,0,0,0,0,0,NATIONAL
venezuela,thetimes-tribune.com,com,GLOBAL,GLOBAL,GLOBAL,PLATFORM,0,0,0,0,0,0,0,NATIONAL
venezuela,times-series.co.uk,uk,GB,Europe & Central Asia,OTHER,PLATFORM,0,0,0,0,0,0,0,NATIONAL
venezuela,universetoday.com,com,GLOBAL,GLOBAL,GLOBAL,PLATFORM,0,0,0,0,0,0,0,NATIONAL
venezuela,vanityfair.com,com,GLOBAL,GLOBAL,GLOBAL,PLATFORM,0,0,0,0,0,0,0,NATIONAL
venezuela,wclk.com,com,GLOBAL,GLOBAL,GLOBAL,PLATFORM,0,0,0,0,0,0,0,NATIONAL
venezuela,wdov.iheart.com,com,GLOBAL,GLOBAL,GLOBAL,PLATFORM,0,0,0,0,0,0,0,NATIONAL
venezuela,weartv.com,com,GLOBAL,GLOBAL,GLOBAL,PLATFORM,0,0,0,0,0,0,0,NATIONAL
venezuela,wellingtontimes.com.au,au,AU,East Asia & Pacific,OTHER,PLATFORM,0,0,0,0,0,0,0,NATIONAL
venezuela,westerntelegraph.co.uk,uk,GB,Europe & Central Asia,OTHER,PLATFORM,0,0,0,0,0,0,0,NATIONAL
venezuela,westseattleblog.com,com,GLOBAL,GLOBAL,GLOBAL,PLATFORM,0,0,0,0,0,0,0,NATIONAL
venezuela,wfnt.com,com,GLOBAL,GLOBAL,GLOBAL,PLATFORM,0,0,0,0,0,0,0,NATIONAL
venezuela,winnipegsun.com,com,GLOBAL,GLOBAL,GLOBAL,PLATFORM,0,0,0,0,0,0,0,NATIONAL
venezuela,witl.com,com,GLOBAL,GLOBAL,GLOBAL,PLATFORM,0,0,0,0,0,0,0,NATIONAL
venezuela,wkuf.fm,fm,NA,NA,OTHER,PLATFORM,0,0,0,0,0,0,0,PLATFORM
venezuela,wosu.org,org,GLOBAL,GLOBAL,GLOBAL,PLATFORM,0,0,0,0,0,0,0,NATIONAL
venezuela,wowo.com,com,GLOBAL,GLOBAL,GLOBAL,PLATFORM,0,0,0,0,0,0,0,NATIONAL
venezuela,wtkr.com,com,GLOBAL,GLOBAL,GLOBAL,PLATFORM,0,0,0,0,0,0,0,NATIONAL
venezuela,wzzm13.com,com,GLOBAL,GLOBAL,GLOBAL,PLATFORM,0,0,0,0,0,0,0,NATIONAL
venezuela,y100.iheart.com,com,GLOBAL,GLOBAL,GLOBAL,PLATFORM,0,0,0,0,0,0,0,NATIONAL
venezuela,yachtsandyachting.com,com,GLOBAL,GLOBAL,GLOBAL,PLATFORM,0,0,0,0,0,0,0,NATIONAL
venezuela,1031wndh.iheart.com,com,GLOBAL,GLOBAL,GLOBAL,PLATFORM,0,0,0,0,0,0,0,NATIONAL
venezuela,1049bobfm.iheart.com,com,GLOBAL,GLOBAL,GLOBAL,PLATFORM,0,0,0,0,0,0,0,NATIONAL
venezuela,1051kocean.iheart.com,com,GLOBAL,GLOBAL,GLOBAL,PLATFORM,0,0,0,0,0,0,0,NATIONAL
venezuela,247ureports.com,com,GLOBAL,GLOBAL,GLOBAL,PLATFORM,0,0,0,0,0,0,0,NATIONAL
venezuela,55krc.iheart.com,com,GLOBAL,GLOBAL,GLOBAL,PLATFORM,0,0,0,0,0,0,0,NATIONAL
venezuela,600kcol.iheart.com,com,GLOBAL,GLOBAL,GLOBAL,PLATFORM,0,0,0,0,0,0,0,NATIONAL
venezuela,943thepoint.com,com,GLOBAL,GLOBAL,GLOBAL,PLATFORM,0,0,0,0,0,0,0,NATIONAL
venezuela,943wsc.iheart.com,com,GLOBAL,GLOBAL,GLOBAL,PLATFORM,0,0,0,0,0,0,0,NATIONAL
venezuela,955themountain.iheart.com,com,GLOBAL,GLOBAL,GLOBAL,PLATFORM,0,0,0,0,0,0,0,NATIONAL
venezuela,95ksj.iheart.com,com,GLOBAL,GLOBAL,GLOBAL,PLATFORM,0,0,0,0,0,0,0,NATIONAL
venezuela,99kisscountry.iheart.com,com,GLOBAL,GLOBAL,GLOBAL,PLATFORM,0,0,0,0,0,0,0,NATIONAL
venezuela,abc7amarillo.com,com,GLOBAL,GLOBAL,GLOBAL,PLATFORM,0,0,0,0,0,0,0,NATIONAL
venezuela,abc7news.com,com,GLOBAL,GLOBAL,GLOBAL,PLATFORM,0,0,0,0,0,0,0,NATIONAL
venezuela,abcactionnews.com,com,GLOBAL,GLOBAL,GLOBAL,PLATFORM,0,0,0,0,0,0,0,NATIONAL
venezuela,accountingtoday.com,com,GLOBAL,GLOBAL,GLOBAL,PLATFORM,0,0,0,0,0,0,0,NATIONAL
venezuela,ajot.com,com,GLOBAL,GLOBAL,GLOBAL,PLATFORM,0,0,0,0,0,0,0,NATIONAL
venezuela,allafrica.com,com,GLOBAL,GLOBAL,GLOBAL,PLATFORM,0,0,0,0,0,0,0,NATIONAL
venezuela,allhiphop.com,com,GLOBAL,GLOBAL,GLOBAL,PLATFORM,0,0,0,0,0,0,0,NATIONAL
venezuela,altaz933.com,com,GLOBAL,GLOBAL,GLOBAL,PLATFORM,0,0,0,0,0,0,0,NATIONAL
venezuela,appleinsider.com,com,GLOBAL,GLOBAL,GLOBAL,PLATFORM,0,0,0,0,0,0,0,NATIONAL
venezuela,applevalleynewsnow.com,com,GLOBAL,GLOBAL,GLOBAL,PLATFORM,0,0,0,0,0,0,0,NATIONAL
venezuela,bahamaspress.com,com,GLOBAL,GLOBAL,GLOBAL,PLATFORM,0,0,0,0,0,0,0,NATIONAL
venezuela,basingstokegazette.co.uk,uk,GB,Europe & Central Asia,OTHER,PLATFORM,0,0,0,0,0,0,0,NATIONAL
venezuela,begadistrictnews.com.au,au,AU,East Asia & Pacific,OTHER,PLATFORM,0,0,0,0,0,0,0,NATIONAL
venezuela,bendbulletin.com,com,GLOBAL,GLOBAL,GLOBAL,PLATFORM,0,0,0,0,0,0,0,NATIONAL
venezuela,bigcountry995.com,com,GLOBAL,GLOBAL,GLOBAL,PLATFORM,0,0,0,0,0,0,0,NATIONAL
venezuela,bull1057.iheart.com,com,GLOBAL,GLOBAL,GLOBAL,PLATFORM,0,0,0,0,0,0,0,NATIONAL
venezuela,buzznet.com,com,GLOBAL,GLOBAL,GLOBAL,PLATFORM,0,0,0,0,0,0,0,NATIONAL
venezuela,climatechangedispatch.com,com,GLOBAL,GLOBAL,GLOBAL,PLATFORM,0,0,0,0,0,0,0,NATIONAL
venezuela,dailysach.in,in,IN,South Asia,OTHER,PLATFORM,0,0,0,0,0,0,0,NATIONAL
venezuela,dnyuz.com,com,GLOBAL,GLOBAL,GLOBAL,PLATFORM,0,0,0,0,0,0,0,NATIONAL
venezuela,downeys.co.uk,uk,GB,Europe & Central Asia,OTHER,PLATFORM,0,0,0,0,0,0,0,NATIONAL
venezuela,durhamregion.com,com,GLOBAL,GLOBAL,GLOBAL,PLATFORM,0,0,0,0,0,0,0,NATIONAL
venezuela,eagledayton.com,com,GLOBAL,GLOBAL,GLOBAL,PLATFORM,0,0,0,0,0,0,0,NATIONAL
venezuela,elpasoinc.com,com,GLOBAL,GLOBAL,GLOBAL,PLATFORM,0,0,0,0,0,0,0,NATIONAL
venezuela,en.apa.az,az,NA,NA,OTHER,PLATFORM,0,0,0,0,0,0,0,PLATFORM
venezuela,en.mercopress.com,com,GLOBAL,GLOBAL,GLOBAL,PLATFORM,0,0,0,0,0,0,0,NATIONAL
venezuela,en.yna.co.kr,kr,KR,East Asia & Pacific,OTHER,PLATFORM,0,0,0,0,0,0,0,NATIONAL
venezuela,erwinrecord.net,net,GLOBAL,GLOBAL,GLOBAL,PLATFORM,0,0,0,0,0,0,0,NATIONAL
venezuela,forums.appleinsider.com,com,GLOBAL,GLOBAL,GLOBAL,PLATFORM,0,0,0,0,0,0,0,NATIONAL
venezuela,foxie105fm.com,com,GLOBAL,GLOBAL,GLOBAL,PLATFORM,0,0,0,0,0,0,0,NATIONAL
venezuela,frontpageafricaonline.com,com,GLOBAL,GLOBAL,GLOBAL,PLATFORM,0,0,0,0,0,0,0,NATIONAL
venezuela,gdnonline.com:443,NA,NA,NA,OTHER,PLATFORM,0,0,0,0,0,0,0,PLATFORM
venezuela,gillettenewsrecord.com,com,GLOBAL,GLOBAL,GLOBAL,PLATFORM,0,0,0,0,0,0,0,NATIONAL
venezuela,gov.uk,uk,GB,Europe & Central Asia,OTHER,PLATFORM,0,0,0,0,0,0,0,NATIONAL
venezuela,greystar.co.nz,nz,NZ,East Asia & Pacific,OTHER,PLATFORM,0,0,0,0,0,0,0,NATIONAL
venezuela,harrowtimes.co.uk,uk,GB,Europe & Central Asia,OTHER,PLATFORM,0,0,0,0,0,0,0,NATIONAL
venezuela,hellenicshippingnews.com,com,GLOBAL,GLOBAL,GLOBAL,PLATFORM,0,0,0,0,0,0,0,NATIONAL
venezuela,heraldcourier.com,com,GLOBAL,GLOBAL,GLOBAL,PLATFORM,0,0,0,0,0,0,0,NATIONAL
venezuela,hits957.iheart.com,com,GLOBAL,GLOBAL,GLOBAL,PLATFORM,0,0,0,0,0,0,0,NATIONAL
venezuela,houstonpress.com,com,GLOBAL,GLOBAL,GLOBAL,PLATFORM,0,0,0,0,0,0,0,NATIONAL
venezuela,howtogeek.com,com,GLOBAL,GLOBAL,GLOBAL,PLATFORM,0,0,0,0,0,0,0,NATIONAL
venezuela,humanevents.com,com,GLOBAL,GLOBAL,GLOBAL,PLATFORM,0,0,0,0,0,0,0,NATIONAL
venezuela,ilcittadinoonline.it,it,IT,Europe & Central Asia,OTHER,PLATFORM,0,0,0,0,0,0,0,NATIONAL
venezuela,industrialinfo.com,com,GLOBAL,GLOBAL,GLOBAL,PLATFORM,0,0,0,0,0,0,0,NATIONAL
venezuela,investmentexecutive.com,com,GLOBAL,GLOBAL,GLOBAL,PLATFORM,0,0,0,0,0,0,0,NATIONAL
venezuela,irrigator.com.au,au,AU,East Asia & Pacific,OTHER,PLATFORM,0,0,0,0,0,0,0,NATIONAL
venezuela,jamestownsun.com,com,GLOBAL,GLOBAL,GLOBAL,PLATFORM,0,0,0,0,0,0,0,NATIONAL
venezuela,journal-topics.com,com,GLOBAL,GLOBAL,GLOBAL,PLATFORM,0,0,0,0,0,0,0,NATIONAL
venezuela,juniorminingnetwork.com,com,GLOBAL,GLOBAL,GLOBAL,PLATFORM,0,0,0,0,0,0,0,NATIONAL
venezuela,k101fm.net,net,GLOBAL,GLOBAL,GLOBAL,PLATFORM,0,0,0,0,0,0,0,NATIONAL
venezuela,kansascityhomes.com,com,GLOBAL,GLOBAL,GLOBAL,PLATFORM,0,0,0,0,0,0,0,NATIONAL
venezuela,kcbd.com,com,GLOBAL,GLOBAL,GLOBAL,PLATFORM,0,0,0,0,0,0,0,NATIONAL
venezuela,kcby.com,com,GLOBAL,GLOBAL,GLOBAL,PLATFORM,0,0,0,0,0,0,0,NATIONAL
venezuela,kisslima.iheart.com,com,GLOBAL,GLOBAL,GLOBAL,PLATFORM,0,0,0,0,0,0,0,NATIONAL
venezuela,knoxvilledailysun.com,com,GLOBAL,GLOBAL,GLOBAL,PLATFORM,0,0,0,0,0,0,0,NATIONAL
venezuela,kool965.com,com,GLOBAL,GLOBAL,GLOBAL,PLATFORM,0,0,0,0,0,0,0,NATIONAL
venezuela,kool973.com,com,GLOBAL,GLOBAL,GLOBAL,PLATFORM,0,0,0,0,0,0,0,NATIONAL
venezuela,ktxs.com,com,GLOBAL,GLOBAL,GLOBAL,PLATFORM,0,0,0,0,0,0,0,NATIONAL
venezuela,kxy.iheart.com,com,GLOBAL,GLOBAL,GLOBAL,PLATFORM,0,0,0,0,0,0,0,NATIONAL
venezuela,lichfieldlive.co.uk,uk,GB,Europe & Central Asia,OTHER,PLATFORM,0,0,0,0,0,0,0,NATIONAL
venezuela,lonestarball.com,com,GLOBAL,GLOBAL,GLOBAL,PLATFORM,0,0,0,0,0,0,0,NATIONAL
venezuela,louisianaradionetwork.com,com,GLOBAL,GLOBAL,GLOBAL,PLATFORM,0,0,0,0,0,0,0,NATIONAL
venezuela,maciverinstitute.com,com,GLOBAL,GLOBAL,GLOBAL,PLATFORM,0,0,0,0,0,0,0,NATIONAL
venezuela,mfa.gov.tr,tr,TR,Europe & Central Asia,OTHER,PLATFORM,0,0,0,0,0,0,0,NATIONAL
venezuela,militaryschool.com,com,GLOBAL,GLOBAL,GLOBAL,PLATFORM,0,0,0,0,0,0,0,NATIONAL
venezuela,mix941.com,com,GLOBAL,GLOBAL,GLOBAL,PLATFORM,0,0,0,0,0,0,0,NATIONAL
venezuela,mobilesyrup.com,com,GLOBAL,GLOBAL,GLOBAL,PLATFORM,0,0,0,0,0,0,0,NATIONAL
venezuela,nationalpost.com,com,GLOBAL,GLOBAL,GLOBAL,PLATFORM,0,0,0,0,0,0,0,NATIONAL
venezuela,ncregister.com,com,GLOBAL,GLOBAL,GLOBAL,PLATFORM,0,0,0,0,0,0,0,NATIONAL
venezuela,nerdist.com,com,GLOBAL,GLOBAL,GLOBAL,PLATFORM,0,0,0,0,0,0,0,NATIONAL
venezuela,newschannel6now.com,com,GLOBAL,GLOBAL,GLOBAL,PLATFORM,0,0,0,0,0,0,0,NATIONAL
venezuela,nhpbs.org,org,GLOBAL,GLOBAL,GLOBAL,PLATFORM,0,0,0,0,0,0,0,NATIONAL
venezuela,nj1015.com,com,GLOBAL,GLOBAL,GLOBAL,PLATFORM,0,0,0,0,0,0,0,NATIONAL
venezuela,nny360.com,com,GLOBAL,GLOBAL,GLOBAL,PLATFORM,0,0,0,0,0,0,0,NATIONAL
venezuela,northwalespioneer.co.uk,uk,GB,Europe & Central Asia,OTHER,PLATFORM,0,0,0,0,0,0,0,NATIONAL
venezuela,obituaries.somerset-kentucky.com,com,GLOBAL,GLOBAL,GLOBAL,PLATFORM,0,0,0,0,0,0,0,NATIONAL
venezuela,odditycentral.com,com,GLOBAL,GLOBAL,GLOBAL,PLATFORM,0,0,0,0,0,0,0,NATIONAL
venezuela,orangeville.com,com,GLOBAL,GLOBAL,GLOBAL,PLATFORM,0,0,0,0,0,0,0,NATIONAL
venezuela,outdoornews.com,com,GLOBAL,GLOBAL,GLOBAL,PLATFORM,0,0,0,0,0,0,0,NATIONAL
venezuela,patrickruffini.com,com,GLOBAL,GLOBAL,GLOBAL,PLATFORM,0,0,0,0,0,0,0,NATIONAL
venezuela,peterboroughtoday.co.uk,uk,GB,Europe & Central Asia,OTHER,PLATFORM,0,0,0,0,0,0,0,NATIONAL
venezuela,pressenza.com,com,GLOBAL,GLOBAL,GLOBAL,PLATFORM,0,0,0,0,0,0,0,NATIONAL
venezuela,princegeorgecitizen.com,com,GLOBAL,GLOBAL,GLOBAL,PLATFORM,0,0,0,0,0,0,0,NATIONAL
venezuela,ripcityproject.com,com,GLOBAL,GLOBAL,GLOBAL,PLATFORM,0,0,0,0,0,0,0,NATIONAL
venezuela,rock921.iheart.com,com,GLOBAL,GLOBAL,GLOBAL,PLATFORM,0,0,0,0,0,0,0,NATIONAL
venezuela,sacurrent.com,com,GLOBAL,GLOBAL,GLOBAL,PLATFORM,0,0,0,0,0,0,0,NATIONAL
venezuela,sanantoniomag.com,com,GLOBAL,GLOBAL,GLOBAL,PLATFORM,0,0,0,0,0,0,0,NATIONAL
venezuela,seaforthhuronexpositor.com:443,NA,NA,NA,OTHER,PLATFORM,0,0,0,0,0,0,0,PLATFORM
venezuela,silverandblackpride.com,com,GLOBAL,GLOBAL,GLOBAL,PLATFORM,0,0,0,0,0,0,0,NATIONAL
venezuela,simcoe.com,com,GLOBAL,GLOBAL,GLOBAL,PLATFORM,0,0,0,0,0,0,0,NATIONAL
venezuela,slashgear.com,com,GLOBAL,GLOBAL,GLOBAL,PLATFORM,0,0,0,0,0,0,0,NATIONAL
venezuela,sluggerotoole.com,com,GLOBAL,GLOBAL,GLOBAL,PLATFORM,0,0,0,0,0,0,0,NATIONAL
venezuela,smdailyjournal.com,com,GLOBAL,GLOBAL,GLOBAL,PLATFORM,0,0,0,0,0,0,0,NATIONAL
venezuela,sookenewsmirror.com,com,GLOBAL,GLOBAL,GLOBAL,PLATFORM,0,0,0,0,0,0,0,NATIONAL
venezuela,spacedaily.com,com,GLOBAL,GLOBAL,GLOBAL,PLATFORM,0,0,0,0,0,0,0,NATIONAL
venezuela,star945.com,com,GLOBAL,GLOBAL,GLOBAL,PLATFORM,0,0,0,0,0,0,0,NATIONAL
venezuela,statejournal.com,com,GLOBAL,GLOBAL,GLOBAL,PLATFORM,0,0,0,0,0,0,0,NATIONAL
venezuela,stlamerican.com,com,GLOBAL,GLOBAL,GLOBAL,PLATFORM,0,0,0,0,0,0,0,NATIONAL
venezuela,strategypage.com,com,GLOBAL,GLOBAL,GLOBAL,PLATFORM,0,0,0,0,0,0,0,NATIONAL
venezuela,swimswam.com,com,GLOBAL,GLOBAL,GLOBAL,PLATFORM,0,0,0,0,0,0,0,NATIONAL
venezuela,taftmidwaydriller.com,com,GLOBAL,GLOBAL,GLOBAL,PLATFORM,0,0,0,0,0,0,0,NATIONAL
venezuela,tennesseetitans.com,com,GLOBAL,GLOBAL,GLOBAL,PLATFORM,0,0,0,0,0,0,0,NATIONAL
venezuela,the-messenger.com,com,GLOBAL,GLOBAL,GLOBAL,PLATFORM,0,0,0,0,0,0,0,NATIONAL
venezuela,theeagleonline.com.ng,ng,NG,Sub-Saharan Africa,AFRICA,PLATFORM,0,0,0,0,0,0,0,NATIONAL
venezuela,theifp.ca,ca,CA,North America,OTHER,PLATFORM,0,0,0,0,0,0,0,NATIONAL
venezuela,thesalemnewsonline.com,com,GLOBAL,GLOBAL,GLOBAL,PLATFORM,0,0,0,0,0,0,0,NATIONAL
venezuela,thetidenewsonline.com,com,GLOBAL,GLOBAL,GLOBAL,PLATFORM,0,0,0,0,0,0,0,NATIONAL
venezuela,thewave.ca,ca,CA,North America,OTHER,PLATFORM,0,0,0,0,0,0,0,NATIONAL
venezuela,timesleader.com,com,GLOBAL,GLOBAL,GLOBAL,PLATFORM,0,0,0,0,0,0,0,NATIONAL
venezuela,trinidadexpress.com,com,GLOBAL,GLOBAL,GLOBAL,PLATFORM,0,0,0,0,0,0,0,NATIONAL
venezuela,trucknews.com,com,GLOBAL,GLOBAL,GLOBAL,PLATFORM,0,0,0,0,0,0,0,NATIONAL
venezuela,ukiahdailyjournal.com,com,GLOBAL,GLOBAL,GLOBAL,PLATFORM,0,0,0,0,0,0,0,NATIONAL
venezuela,uproxx.com,com,GLOBAL,GLOBAL,GLOBAL,PLATFORM,0,0,0,0,0,0,0,NATIONAL
venezuela,vanderbilthustler.com,com,GLOBAL,GLOBAL,GLOBAL,PLATFORM,0,0,0,0,0,0,0,NATIONAL
venezuela,veranda.com,com,GLOBAL,GLOBAL,GLOBAL,PLATFORM,0,0,0,0,0,0,0,NATIONAL
venezuela,vernonmorningstar.com,com,GLOBAL,GLOBAL,GLOBAL,PLATFORM,0,0,0,0,0,0,0,NATIONAL
venezuela,waaytv.com,com,GLOBAL,GLOBAL,GLOBAL,PLATFORM,0,0,0,0,0,0,0,NATIONAL
venezuela,wacotrib.com,com,GLOBAL,GLOBAL,GLOBAL,PLATFORM,0,0,0,0,0,0,0,NATIONAL
venezuela,wbaa.org,org,GLOBAL,GLOBAL,GLOBAL,PLATFORM,0,0,0,0,0,0,0,NATIONAL
venezuela,wellington.scoop.co.nz,nz,NZ,East Asia & Pacific,OTHER,PLATFORM,0,0,0,0,0,0,0,NATIONAL
venezuela,westernnebraskaobserver.net,net,GLOBAL,GLOBAL,GLOBAL,PLATFORM,0,0,0,0,0,0,0,NATIONAL
venezuela,wfmj.com,com,GLOBAL,GLOBAL,GLOBAL,PLATFORM,0,0,0,0,0,0,0,NATIONAL
venezuela,wftw.com,com,GLOBAL,GLOBAL,GLOBAL,PLATFORM,0,0,0,0,0,0,0,NATIONAL
venezuela,wgmz.iheart.com,com,GLOBAL,GLOBAL,GLOBAL,PLATFORM,0,0,0,0,0,0,0,NATIONAL
venezuela,whatech.com,com,GLOBAL,GLOBAL,GLOBAL,PLATFORM,0,0,0,0,0,0,0,NATIONAL
venezuela,wjactv.com,com,GLOBAL,GLOBAL,GLOBAL,PLATFORM,0,0,0,0,0,0,0,NATIONAL
venezuela,wral.com,com,GLOBAL,GLOBAL,GLOBAL,PLATFORM,0,0,0,0,0,0,0,NATIONAL
venezuela,xtra99.com,com,GLOBAL,GLOBAL,GLOBAL,PLATFORM,0,0,0,0,0,0,0,NATIONAL
venezuela,yakimaherald.com,com,GLOBAL,GLOBAL,GLOBAL,PLATFORM,0,0,0,0,0,0,0,NATIONAL
venezuela,ynetnews.com,com,GLOBAL,GLOBAL,GLOBAL,PLATFORM,0,0,0,0,0,0,0,NATIONAL
venezuela,yumasun.com,com,GLOBAL,GLOBAL,GLOBAL,PLATFORM,0,0,0,0,0,0,0,NATIONAL
venezuela,1015hankfm.com,com,GLOBAL,GLOBAL,GLOBAL,PLATFORM,0,0,0,0,0,0,0,NATIONAL
venezuela,103wjod.com,com,GLOBAL,GLOBAL,GLOBAL,PLATFORM,0,0,0,0,0,0,0,NATIONAL
venezuela,92q.com,com,GLOBAL,GLOBAL,GLOBAL,PLATFORM,0,0,0,0,0,0,0,NATIONAL
venezuela,977theriver.com,com,GLOBAL,GLOBAL,GLOBAL,PLATFORM,0,0,0,0,0,0,0,NATIONAL
venezuela,9yan.jose947.com,com,GLOBAL,GLOBAL,GLOBAL,PLATFORM,0,0,0,0,0,0,0,NATIONAL
venezuela,archdaily.com,com,GLOBAL,GLOBAL,GLOBAL,PLATFORM,0,0,0,0,0,0,0,NATIONAL
venezuela,batemansbaypost.com.au,au,AU,East Asia & Pacific,OTHER,PLATFORM,0,0,0,0,0,0,0,NATIONAL
venezuela,bernews.com,com,GLOBAL,GLOBAL,GLOBAL,PLATFORM,0,0,0,0,0,0,0,NATIONAL
venezuela,bjpenn.com,com,GLOBAL,GLOBAL,GLOBAL,PLATFORM,0,0,0,0,0,0,0,NATIONAL
venezuela,bleedingheartland.com,com,GLOBAL,GLOBAL,GLOBAL,PLATFORM,0,0,0,0,0,0,0,NATIONAL
venezuela,bournemouthecho.co.uk,uk,GB,Europe & Central Asia,OTHER,PLATFORM,0,0,0,0,0,0,0,NATIONAL
venezuela,bqr.jose947.com,com,GLOBAL,GLOBAL,GLOBAL,PLATFORM,0,0,0,0,0,0,0,NATIONAL
venezuela,castanetkamloops.net,net,GLOBAL,GLOBAL,GLOBAL,PLATFORM,0,0,0,0,0,0,0,NATIONAL
venezuela,cavalierdaily.com,com,GLOBAL,GLOBAL,GLOBAL,PLATFORM,0,0,0,0,0,0,0,NATIONAL
venezuela,caymannewsservice.com,com,GLOBAL,GLOBAL,GLOBAL,PLATFORM,0,0,0,0,0,0,0,NATIONAL
venezuela,chinadigitaltimes.net,net,GLOBAL,GLOBAL,GLOBAL,PLATFORM,0,0,0,0,0,0,0,NATIONAL
venezuela,clarkesworldmagazine.com,com,GLOBAL,GLOBAL,GLOBAL,PLATFORM,0,0,0,0,0,0,0,NATIONAL
venezuela,clevelandbrowns.com,com,GLOBAL,GLOBAL,GLOBAL,PLATFORM,0,0,0,0,0,0,0,NATIONAL
venezuela,cnb.cz,cz,NA,NA,OTHER,PLATFORM,0,0,0,0,0,0,0,PLATFORM
venezuela,cochranetimes.com:443,NA,NA,NA,OTHER,PLATFORM,0,0,0,0,0,0,0,PLATFORM
venezuela,cracked.com,com,GLOBAL,GLOBAL,GLOBAL,PLATFORM,0,0,0,0,0,0,0,NATIONAL
venezuela,dailybruin.com,com,GLOBAL,GLOBAL,GLOBAL,PLATFORM,0,0,0,0,0,0,0,NATIONAL
venezuela,dailyindependent.com,com,GLOBAL,GLOBAL,GLOBAL,PLATFORM,0,0,0,0,0,0,0,NATIONAL
venezuela,davisenterprise.com,com,GLOBAL,GLOBAL,GLOBAL,PLATFORM,0,0,0,0,0,0,0,NATIONAL
venezuela,dawsonnews.com,com,GLOBAL,GLOBAL,GLOBAL,PLATFORM,0,0,0,0,0,0,0,NATIONAL
venezuela,donegallive.ie,ie,NA,NA,OTHER,PLATFORM,0,0,0,0,0,0,0,PLATFORM
venezuela,eshm.jose947.com,com,GLOBAL,GLOBAL,GLOBAL,PLATFORM,0,0,0,0,0,0,0,NATIONAL
venezuela,fox10phoenix.com,com,GLOBAL,GLOBAL,GLOBAL,PLATFORM,0,0,0,0,0,0,0,NATIONAL
venezuela,fox4news.com,com,GLOBAL,GLOBAL,GLOBAL,PLATFORM,0,0,0,0,0,0,0,NATIONAL
venezuela,fox4now.com,com,GLOBAL,GLOBAL,GLOBAL,PLATFORM,0,0,0,0,0,0,0,NATIONAL
venezuela,fremonttribune.com,com,GLOBAL,GLOBAL,GLOBAL,PLATFORM,0,0,0,0,0,0,0,NATIONAL
venezuela,harwichandmanningtreestandard.co.uk,uk,GB,Europe & Central Asia,OTHER,PLATFORM,0,0,0,0,0,0,0,NATIONAL
venezuela,highlandcountypress.com,com,GLOBAL,GLOBAL,GLOBAL,PLATFORM,0,0,0,0,0,0,0,NATIONAL
venezuela,hoopshype.com,com,GLOBAL,GLOBAL,GLOBAL,PLATFORM,0,0,0,0,0,0,0,NATIONAL
venezuela,hot1079.iheart.com,com,GLOBAL,GLOBAL,GLOBAL,PLATFORM,0,0,0,0,0,0,0,NATIONAL
venezuela,hotspotatl.com,com,GLOBAL,GLOBAL,GLOBAL,PLATFORM,0,0,0,0,0,0,0,NATIONAL
venezuela,houstonherald.com,com,GLOBAL,GLOBAL,GLOBAL,PLATFORM,0,0,0,0,0,0,0,NATIONAL
venezuela,hudsonreporter.com,com,GLOBAL,GLOBAL,GLOBAL,PLATFORM,0,0,0,0,0,0,0,NATIONAL
venezuela,i7t4.jose947.com,com,GLOBAL,GLOBAL,GLOBAL,PLATFORM,0,0,0,0,0,0,0,NATIONAL
venezuela,insidehalton.com,com,GLOBAL,GLOBAL,GLOBAL,PLATFORM,0,0,0,0,0,0,0,NATIONAL
venezuela,jagranjosh.com,com,GLOBAL,GLOBAL,GLOBAL,PLATFORM,0,0,0,0,0,0,0,NATIONAL
venezuela,jalopnik.com,com,GLOBAL,GLOBAL,GLOBAL,PLATFORM,0,0,0,0,0,0,0,NATIONAL
venezuela,kfilradio.com,com,GLOBAL,GLOBAL,GLOBAL,PLATFORM,0,0,0,0,0,0,0,NATIONAL
venezuela,kfoxtv.com,com,GLOBAL,GLOBAL,GLOBAL,PLATFORM,0,0,0,0,0,0,0,NATIONAL
venezuela,kink.fm,fm,NA,NA,OTHER,PLATFORM,0,0,0,0,0,0,0,PLATFORM
venezuela,kiwaradio.com,com,GLOBAL,GLOBAL,GLOBAL,PLATFORM,0,0,0,0,0,0,0,NATIONAL
venezuela,klif.com,com,GLOBAL,GLOBAL,GLOBAL,PLATFORM,0,0,0,0,0,0,0,NATIONAL
venezuela,koolfmabilene.com,com,GLOBAL,GLOBAL,GLOBAL,PLATFORM,0,0,0,0,0,0,0,NATIONAL
venezuela,kuic.com,com,GLOBAL,GLOBAL,GLOBAL,PLATFORM,0,0,0,0,0,0,0,NATIONAL
venezuela,kwiq.com,com,GLOBAL,GLOBAL,GLOBAL,PLATFORM,0,0,0,0,0,0,0,NATIONAL
venezuela,kwtx.com,com,GLOBAL,GLOBAL,GLOBAL,PLATFORM,0,0,0,0,0,0,0,NATIONAL
venezuela,kygl.com,com,GLOBAL,GLOBAL,GLOBAL,PLATFORM,0,0,0,0,0,0,0,NATIONAL
venezuela,lake1023.iheart.com,com,GLOBAL,GLOBAL,GLOBAL,PLATFORM,0,0,0,0,0,0,0,NATIONAL
venezuela,landrovercary.com,com,GLOBAL,GLOBAL,GLOBAL,PLATFORM,0,0,0,0,0,0,0,NATIONAL
venezuela,livesaildie.com,com,GLOBAL,GLOBAL,GLOBAL,PLATFORM,0,0,0,0,0,0,0,NATIONAL
venezuela,local10.com,com,GLOBAL,GLOBAL,GLOBAL,PLATFORM,0,0,0,0,0,0,0,NATIONAL
venezuela,massachusettsnewswire.com,com,GLOBAL,GLOBAL,GLOBAL,PLATFORM,0,0,0,0,0,0,0,NATIONAL
venezuela,morningjournal.com,com,GLOBAL,GLOBAL,GLOBAL,PLATFORM,0,0,0,0,0,0,0,NATIONAL
venezuela,murrayvalleystandard.com.au,au,AU,East Asia & Pacific,OTHER,PLATFORM,0,0,0,0,0,0,0,NATIONAL
venezuela,mv-voice.com,com,GLOBAL,GLOBAL,GLOBAL,PLATFORM,0,0,0,0,0,0,0,NATIONAL
venezuela,navhindtimes.in,in,IN,South Asia,OTHER,PLATFORM,0,0,0,0,0,0,0,NATIONAL
venezuela,ncnewsonline.com,com,GLOBAL,GLOBAL,GLOBAL,PLATFORM,0,0,0,0,0,0,0,NATIONAL
venezuela,netflixlife.com,com,GLOBAL,GLOBAL,GLOBAL,PLATFORM,0,0,0,0,0,0,0,NATIONAL
venezuela,obituaries.dailyindependent.com,com,GLOBAL,GLOBAL,GLOBAL,PLATFORM,0,0,0,0,0,0,0,NATIONAL
venezuela,obituaries.niagara-gazette.com,com,GLOBAL,GLOBAL,GLOBAL,PLATFORM,0,0,0,0,0,0,0,NATIONAL
venezuela,ok.co.uk,uk,GB,Europe & Central Asia,OTHER,PLATFORM,0,0,0,0,0,0,0,NATIONAL
venezuela,playbill.com,com,GLOBAL,GLOBAL,GLOBAL,PLATFORM,0,0,0,0,0,0,0,NATIONAL
venezuela,pluggedin.com,com,GLOBAL,GLOBAL,GLOBAL,PLATFORM,0,0,0,0,0,0,0,NATIONAL
venezuela,portal.sina.com.hk,hk,NA,NA,OTHER,PLATFORM,0,0,0,0,0,0,0,PLATFORM
venezuela,pressreporter.com,com,GLOBAL,GLOBAL,GLOBAL,PLATFORM,0,0,0,0,0,0,0,NATIONAL
venezuela,presstelegram.com,com,GLOBAL,GLOBAL,GLOBAL,PLATFORM,0,0,0,0,0,0,0,NATIONAL
venezuela,pymnts.com,com,GLOBAL,GLOBAL,GLOBAL,PLATFORM,0,0,0,0,0,0,0,NATIONAL
venezuela,qcsunonline.com,com,GLOBAL,GLOBAL,GLOBAL,PLATFORM,0,0,0,0,0,0,0,NATIONAL
venezuela,rollbamaroll.com,com,GLOBAL,GLOBAL,GLOBAL,PLATFORM,0,0,0,0,0,0,0,NATIONAL
venezuela,scarletandgame.com,com,GLOBAL,GLOBAL,GLOBAL,PLATFORM,0,0,0,0,0,0,0,NATIONAL
venezuela,scotusblog.com,com,GLOBAL,GLOBAL,GLOBAL,PLATFORM,0,0,0,0,0,0,0,NATIONAL
venezuela,speedcafe.com,com,GLOBAL,GLOBAL,GLOBAL,PLATFORM,0,0,0,0,0,0,0,NATIONAL
venezuela,swiftcurrentonline.com,com,GLOBAL,GLOBAL,GLOBAL,PLATFORM,0,0,0,0,0,0,0,NATIONAL
venezuela,thehill.com,com,GLOBAL,GLOBAL,GLOBAL,PLATFORM,0,0,0,0,0,0,0,NATIONAL
venezuela,thenewdaily.com.au,au,AU,East Asia & Pacific,OTHER,PLATFORM,0,0,0,0,0,0,0,NATIONAL
venezuela,thesudburystar.com:443,NA,NA,NA,OTHER,PLATFORM,0,0,0,0,0,0,0,PLATFORM
venezuela,thurrockgazette.co.uk,uk,GB,Europe & Central Asia,OTHER,PLATFORM,0,0,0,0,0,0,0,NATIONAL
venezuela,warwickadvertiser.com,com,GLOBAL,GLOBAL,GLOBAL,PLATFORM,0,0,0,0,0,0,0,NATIONAL
venezuela,wcfcourier.com,com,GLOBAL,GLOBAL,GLOBAL,PLATFORM,0,0,0,0,0,0,0,NATIONAL
venezuela,weatherforddemocrat.com,com,GLOBAL,GLOBAL,GLOBAL,PLATFORM,0,0,0,0,0,0,0,NATIONAL
venezuela,windowstorussia.com,com,GLOBAL,GLOBAL,GLOBAL,PLATFORM,0,0,0,0,0,0,0,NATIONAL
venezuela,windsorstar.com:443,NA,NA,NA,OTHER,PLATFORM,0,0,0,0,0,0,0,PLATFORM
venezuela,wrgc.com,com,GLOBAL,GLOBAL,GLOBAL,PLATFORM,0,0,0,0,0,0,0,NATIONAL
venezuela,wsiltv.com,com,GLOBAL,GLOBAL,GLOBAL,PLATFORM,0,0,0,0,0,0,0,NATIONAL
venezuela,3ba.com.au,au,AU,East Asia & Pacific,OTHER,PLATFORM,0,0,0,0,0,0,0,NATIONAL
venezuela,965kvki.com,com,GLOBAL,GLOBAL,GLOBAL,PLATFORM,0,0,0,0,0,0,0,NATIONAL
venezuela,adventistworld.org,org,GLOBAL,GLOBAL,GLOBAL,PLATFORM,0,0,0,0,0,0,0,NATIONAL
venezuela,americanthinker.com,com,GLOBAL,GLOBAL,GLOBAL,PLATFORM,0,0,0,0,0,0,0,NATIONAL
venezuela,athens-times.com,com,GLOBAL,GLOBAL,GLOBAL,PLATFORM,0,0,0,0,0,0,0,NATIONAL
venezuela,atlantanewsfirst.com,com,GLOBAL,GLOBAL,GLOBAL,PLATFORM,0,0,0,0,0,0,0,NATIONAL
venezuela,b93.net,net,GLOBAL,GLOBAL,GLOBAL,PLATFORM,0,0,0,0,0,0,0,NATIONAL
venezuela,blackandteal.com,com,GLOBAL,GLOBAL,GLOBAL,PLATFORM,0,0,0,0,0,0,0,NATIONAL
venezuela,buckys5thquarter.com,com,GLOBAL,GLOBAL,GLOBAL,PLATFORM,0,0,0,0,0,0,0,NATIONAL
venezuela,bulawayo24.com,com,GLOBAL,GLOBAL,GLOBAL,PLATFORM,0,0,0,0,0,0,0,NATIONAL
venezuela,chathamstartribune.com,com,GLOBAL,GLOBAL,GLOBAL,PLATFORM,0,0,0,0,0,0,0,NATIONAL
venezuela,choteauacantha.com,com,GLOBAL,GLOBAL,GLOBAL,PLATFORM,0,0,0,0,0,0,0,NATIONAL
venezuela,club937.com,com,GLOBAL,GLOBAL,GLOBAL,PLATFORM,0,0,0,0,0,0,0,NATIONAL
venezuela,cochranetimespost.ca:443,NA,NA,NA,OTHER,PLATFORM,0,0,0,0,0,0,0,PLATFORM
venezuela,coladaily.com,com,GLOBAL,GLOBAL,GLOBAL,PLATFORM,0,0,0,0,0,0,0,NATIONAL
venezuela,countypress.co.uk,uk,GB,Europe & Central Asia,OTHER,PLATFORM,0,0,0,0,0,0,0,NATIONAL
venezuela,crookwellgazette.com.au,au,AU,East Asia & Pacific,OTHER,PLATFORM,0,0,0,0,0,0,0,NATIONAL
venezuela,dailydemocrat.com,com,GLOBAL,GLOBAL,GLOBAL,PLATFORM,0,0,0,0,0,0,0,NATIONAL
venezuela,denbighshirefreepress.co.uk,uk,GB,Europe & Central Asia,OTHER,PLATFORM,0,0,0,0,0,0,0,NATIONAL
venezuela,destructoid.com,com,GLOBAL,GLOBAL,GLOBAL,PLATFORM,0,0,0,0,0,0,0,NATIONAL
venezuela,dissexpress.co.uk,uk,GB,Europe & Central Asia,OTHER,PLATFORM,0,0,0,0,0,0,0,NATIONAL
venezuela,edmontonexaminer.com:443,NA,NA,NA,OTHER,PLATFORM,0,0,0,0,0,0,0,PLATFORM
venezuela,edmontonjournal.com:443,NA,NA,NA,OTHER,PLATFORM,0,0,0,0,0,0,0,PLATFORM
venezuela,energeticcity.ca,ca,CA,North America,OTHER,PLATFORM,0,0,0,0,0,0,0,NATIONAL
venezuela,fenlandcitizen.co.uk,uk,GB,Europe & Central Asia,OTHER,PLATFORM,0,0,0,0,0,0,0,NATIONAL
venezuela,fitsnews.com,com,GLOBAL,GLOBAL,GLOBAL,PLATFORM,0,0,0,0,0,0,0,NATIONAL
venezuela,foxla.com,com,GLOBAL,GLOBAL,GLOBAL,PLATFORM,0,0,0,0,0,0,0,NATIONAL
venezuela,foxrochester.com,com,GLOBAL,GLOBAL,GLOBAL,PLATFORM,0,0,0,0,0,0,0,NATIONAL
venezuela,ghanaweb.com,com,GLOBAL,GLOBAL,GLOBAL,PLATFORM,0,0,0,0,0,0,0,NATIONAL
venezuela,globalreinsurance.com,com,GLOBAL,GLOBAL,GLOBAL,PLATFORM,0,0,0,0,0,0,0,NATIONAL
venezuela,haaretz.com,com,GLOBAL,GLOBAL,GLOBAL,PLATFORM,0,0,0,0,0,0,0,NATIONAL
venezuela,harringayonline.com,com,GLOBAL,GLOBAL,GLOBAL,PLATFORM,0,0,0,0,0,0,0,NATIONAL
venezuela,health.wusf.usf.edu,edu,NA,NA,OTHER,PLATFORM,0,0,0,0,0,0,0,PLATFORM
venezuela,iwradio.co.uk,uk,GB,Europe & Central Asia,OTHER,PLATFORM,0,0,0,0,0,0,0,NATIONAL
venezuela,kdrv.com,com,GLOBAL,GLOBAL,GLOBAL,PLATFORM,0,0,0,0,0,0,0,NATIONAL
venezuela,kingdomfm.co.uk,uk,GB,Europe & Central Asia,OTHER,PLATFORM,0,0,0,0,0,0,0,NATIONAL
venezuela,krock.com.au,au,AU,East Asia & Pacific,OTHER,PLATFORM,0,0,0,0,0,0,0,NATIONAL
venezuela,leicestermercury.co.uk,uk,GB,Europe & Central Asia,OTHER,PLATFORM,0,0,0,0,0,0,0,NATIONAL
venezuela,liturgy.co.nz,nz,NZ,East Asia & Pacific,OTHER,PLATFORM,0,0,0,0,0,0,0,NATIONAL
venezuela,matr.net,net,GLOBAL,GLOBAL,GLOBAL,PLATFORM,0,0,0,0,0,0,0,NATIONAL
venezuela,mediapost.com,com,GLOBAL,GLOBAL,GLOBAL,PLATFORM,0,0,0,0,0,0,0,NATIONAL
venezuela,naroomanewsonline.com.au,au,AU,East Asia & Pacific,OTHER,PLATFORM,0,0,0,0,0,0,0,NATIONAL
venezuela,news-expressky.com,com,GLOBAL,GLOBAL,GLOBAL,PLATFORM,0,0,0,0,0,0,0,NATIONAL
venezuela,ninersnation.com,com,GLOBAL,GLOBAL,GLOBAL,PLATFORM,0,0,0,0,0,0,0,NATIONAL
venezuela,nipawinjournal.com:443,NA,NA,NA,OTHER,PLATFORM,0,0,0,0,0,0,0,PLATFORM
venezuela,ocj.com,com,GLOBAL,GLOBAL,GLOBAL,PLATFORM,0,0,0,0,0,0,0,NATIONAL
venezuela,oedigital.com,com,GLOBAL,GLOBAL,GLOBAL,PLATFORM,0,0,0,0,0,0,0,NATIONAL
venezuela,ottawasun.com,com,GLOBAL,GLOBAL,GLOBAL,PLATFORM,0,0,0,0,0,0,0,NATIONAL
venezuela,owensoundsuntimes.com:443,NA,NA,NA,OTHER,PLATFORM,0,0,0,0,0,0,0,PLATFORM
venezuela,prrecordgazette.com:443,NA,NA,NA,OTHER,PLATFORM,0,0,0,0,0,0,0,PLATFORM
venezuela,publishersweekly.com:443,NA,NA,NA,OTHER,PLATFORM,0,0,0,0,0,0,0,PLATFORM
venezuela,putnamsentinel.com,com,GLOBAL,GLOBAL,GLOBAL,PLATFORM,0,0,0,0,0,0,0,NATIONAL
venezuela,qda.jose947.com,com,GLOBAL,GLOBAL,GLOBAL,PLATFORM,0,0,0,0,0,0,0,NATIONAL
venezuela,radio945fm.iheart.com,com,GLOBAL,GLOBAL,GLOBAL,PLATFORM,0,0,0,0,0,0,0,NATIONAL
venezuela,seattleweekly.com,com,GLOBAL,GLOBAL,GLOBAL,PLATFORM,0,0,0,0,0,0,0,NATIONAL
venezuela,sherwoodparknews.com:443,NA,NA,NA,OTHER,PLATFORM,0,0,0,0,0,0,0,PLATFORM
venezuela,sojo1049.com,com,GLOBAL,GLOBAL,GLOBAL,PLATFORM,0,0,0,0,0,0,0,NATIONAL
venezuela,stategazette.com,com,GLOBAL,GLOBAL,GLOBAL,PLATFORM,0,0,0,0,0,0,0,NATIONAL
venezuela,surinametimes.com,com,GLOBAL,GLOBAL,GLOBAL,PLATFORM,0,0,0,0,0,0,0,NATIONAL
venezuela,theadviser.com.au,au,AU,East Asia & Pacific,OTHER,PLATFORM,0,0,0,0,0,0,0,NATIONAL
venezuela,thefacts.com,com,GLOBAL,GLOBAL,GLOBAL,PLATFORM,0,0,0,0,0,0,0,NATIONAL
venezuela,thewestonmercury.co.uk,uk,GB,Europe & Central Asia,OTHER,PLATFORM,0,0,0,0,0,0,0,NATIONAL
venezuela,theworldlink.com,com,GLOBAL,GLOBAL,GLOBAL,PLATFORM,0,0,0,0,0,0,0,NATIONAL
venezuela,thoibaotaichinhvietnam.vn,vn,NA,NA,OTHER,PLATFORM,0,0,0,0,0,0,0,PLATFORM
venezuela,timesleader.net,net,GLOBAL,GLOBAL,GLOBAL,PLATFORM,0,0,0,0,0,0,0,NATIONAL
venezuela,tvnewscheck.com,com,GLOBAL,GLOBAL,GLOBAL,PLATFORM,0,0,0,0,0,0,0,NATIONAL
venezuela,urbanrealm.com,com,GLOBAL,GLOBAL,GLOBAL,PLATFORM,0,0,0,0,0,0,0,NATIONAL
venezuela,visionmp.com,com,GLOBAL,GLOBAL,GLOBAL,PLATFORM,0,0,0,0,0,0,0,NATIONAL
venezuela,wdadradio.com,com,GLOBAL,GLOBAL,GLOBAL,PLATFORM,0,0,0,0,0,0,0,NATIONAL
venezuela,westernadvocate.com.au,au,AU,East Asia & Pacific,OTHER,PLATFORM,0,0,0,0,0,0,0,NATIONAL
venezuela,westernmassnews.com,com,GLOBAL,GLOBAL,GLOBAL,PLATFORM,0,0,0,0,0,0,0,NATIONAL
venezuela,wmbfnews.com,com,GLOBAL,GLOBAL,GLOBAL,PLATFORM,0,0,0,0,0,0,0,NATIONAL
venezuela,wnd.com,com,GLOBAL,GLOBAL,GLOBAL,PLATFORM,0,0,0,0,0,0,0,NATIONAL
venezuela,wnnj.iheart.com,com,GLOBAL,GLOBAL,GLOBAL,PLATFORM,0,0,0,0,0,0,0,NATIONAL
venezuela,wrrv.com,com,GLOBAL,GLOBAL,GLOBAL,PLATFORM,0,0,0,0,0,0,0,NATIONAL
venezuela,wsjm.com,com,GLOBAL,GLOBAL,GLOBAL,PLATFORM,0,0,0,0,0,0,0,NATIONAL
venezuela,wtae.com,com,GLOBAL,GLOBAL,GLOBAL,PLATFORM,0,0,0,0,0,0,0,NATIONAL
venezuela,1007wzxl.iheart.com,com,GLOBAL,GLOBAL,GLOBAL,PLATFORM,0,0,0,0,0,0,0,NATIONAL
venezuela,1019therock.com,com,GLOBAL,GLOBAL,GLOBAL,PLATFORM,0,0,0,0,0,0,0,NATIONAL
venezuela,1025kiss.com,com,GLOBAL,GLOBAL,GLOBAL,PLATFORM,0,0,0,0,0,0,0,NATIONAL
venezuela,1047kissfm.iheart.com,com,GLOBAL,GLOBAL,GLOBAL,PLATFORM,0,0,0,0,0,0,0,NATIONAL
venezuela,1460kltc.iheart.com,com,GLOBAL,GLOBAL,GLOBAL,PLATFORM,0,0,0,0,0,0,0,NATIONAL
venezuela,937kclb.com,com,GLOBAL,GLOBAL,GLOBAL,PLATFORM,0,0,0,0,0,0,0,NATIONAL
venezuela,939beat.iheart.com,com,GLOBAL,GLOBAL,GLOBAL,PLATFORM,0,0,0,0,0,0,0,NATIONAL
venezuela,94hjy.iheart.com,com,GLOBAL,GLOBAL,GLOBAL,PLATFORM,0,0,0,0,0,0,0,NATIONAL
venezuela,963theblaze.com,com,GLOBAL,GLOBAL,GLOBAL,PLATFORM,0,0,0,0,0,0,0,NATIONAL
venezuela,969thedogrocks.iheart.com,com,GLOBAL,GLOBAL,GLOBAL,PLATFORM,0,0,0,0,0,0,0,NATIONAL
venezuela,afro.com,com,GLOBAL,GLOBAL,GLOBAL,PLATFORM,0,0,0,0,0,0,0,NATIONAL
venezuela,aleteia.org,org,GLOBAL,GLOBAL,GLOBAL,PLATFORM,0,0,0,0,0,0,0,NATIONAL
venezuela,alipac.us,us,US,North America,OTHER,PLATFORM,0,0,0,0,0,0,0,NATIONAL
venezuela,americanbanker.com,com,GLOBAL,GLOBAL,GLOBAL,PLATFORM,0,0,0,0,0,0,0,NATIONAL
venezuela,americanmachinist.com,com,GLOBAL,GLOBAL,GLOBAL,PLATFORM,0,0,0,0,0,0,0,NATIONAL
venezuela,argusobserver.com,com,GLOBAL,GLOBAL,GLOBAL,PLATFORM,0,0,0,0,0,0,0,NATIONAL
venezuela,arkansasbusiness.com,com,GLOBAL,GLOBAL,GLOBAL,PLATFORM,0,0,0,0,0,0,0,NATIONAL
venezuela,avherald.com,com,GLOBAL,GLOBAL,GLOBAL,PLATFORM,0,0,0,0,0,0,0,NATIONAL
venezuela,b3ta.com,com,GLOBAL,GLOBAL,GLOBAL,PLATFORM,0,0,0,0,0,0,0,NATIONAL
venezuela,balls.ie,ie,NA,NA,OTHER,PLATFORM,0,0,0,0,0,0,0,PLATFORM
venezuela,betakit.com,com,GLOBAL,GLOBAL,GLOBAL,PLATFORM,0,0,0,0,0,0,0,NATIONAL
venezuela,ca.finance.yahoo.com,com,GLOBAL,GLOBAL,GLOBAL,PLATFORM,0,0,0,0,0,0,0,NATIONAL
venezuela,canadianmanufacturing.com,com,GLOBAL,GLOBAL,GLOBAL,PLATFORM,0,0,0,0,0,0,0,NATIONAL
venezuela,canoncitydailyrecord.com,com,GLOBAL,GLOBAL,GLOBAL,PLATFORM,0,0,0,0,0,0,0,NATIONAL
venezuela,canyon-news.com,com,GLOBAL,GLOBAL,GLOBAL,PLATFORM,0,0,0,0,0,0,0,NATIONAL
venezuela,channeldayton.iheart.com,com,GLOBAL,GLOBAL,GLOBAL,PLATFORM,0,0,0,0,0,0,0,NATIONAL
venezuela,chicagodefender.com,com,GLOBAL,GLOBAL,GLOBAL,PLATFORM,0,0,0,0,0,0,0,NATIONAL
venezuela,christiannewswire.com,com,GLOBAL,GLOBAL,GLOBAL,PLATFORM,0,0,0,0,0,0,0,NATIONAL
venezuela,clichemag.com,com,GLOBAL,GLOBAL,GLOBAL,PLATFORM,0,0,0,0,0,0,0,NATIONAL
venezuela,cloverdalereporter.com,com,GLOBAL,GLOBAL,GLOBAL,PLATFORM,0,0,0,0,0,0,0,NATIONAL
venezuela,communitynewspapers.com,com,GLOBAL,GLOBAL,GLOBAL,PLATFORM,0,0,0,0,0,0,0,NATIONAL
venezuela,constructionequipmentguide.com,com,GLOBAL,GLOBAL,GLOBAL,PLATFORM,0,0,0,0,0,0,0,NATIONAL
venezuela,democracynow.org,org,GLOBAL,GLOBAL,GLOBAL,PLATFORM,0,0,0,0,0,0,0,NATIONAL
venezuela,denverbroncos.com,com,GLOBAL,GLOBAL,GLOBAL,PLATFORM,0,0,0,0,0,0,0,NATIONAL
venezuela,dutchitchannel.nl,nl,NA,NA,OTHER,PLATFORM,0,0,0,0,0,0,0,PLATFORM
venezuela,english.almanar.com.lb,lb,NA,NA,OTHER,PLATFORM,0,0,0,0,0,0,0,PLATFORM
venezuela,essexnewsdaily.com,com,GLOBAL,GLOBAL,GLOBAL,PLATFORM,0,0,0,0,0,0,0,NATIONAL
venezuela,events.longislandpress.com,com,GLOBAL,GLOBAL,GLOBAL,PLATFORM,0,0,0,0,0,0,0,NATIONAL
venezuela,fashiontimes.com,com,GLOBAL,GLOBAL,GLOBAL,PLATFORM,0,0,0,0,0,0,0,NATIONAL
venezuela,fierce-network.com,com,GLOBAL,GLOBAL,GLOBAL,PLATFORM,0,0,0,0,0,0,0,NATIONAL
venezuela,footwearnews.com,com,GLOBAL,GLOBAL,GLOBAL,PLATFORM,0,0,0,0,0,0,0,NATIONAL
venezuela,fortsaskatchewanrecord.com:443,NA,NA,NA,OTHER,PLATFORM,0,0,0,0,0,0,0,PLATFORM
venezuela,fox32chicago.com,com,GLOBAL,GLOBAL,GLOBAL,PLATFORM,0,0,0,0,0,0,0,NATIONAL
venezuela,foxsanantonio.com,com,GLOBAL,GLOBAL,GLOBAL,PLATFORM,0,0,0,0,0,0,0,NATIONAL
venezuela,gmanetwork.com,com,GLOBAL,GLOBAL,GLOBAL,PLATFORM,0,0,0,0,0,0,0,NATIONAL
venezuela,goracers.com,com,GLOBAL,GLOBAL,GLOBAL,PLATFORM,0,0,0,0,0,0,0,NATIONAL
venezuela,goshennews.com,com,GLOBAL,GLOBAL,GLOBAL,PLATFORM,0,0,0,0,0,0,0,NATIONAL
venezuela,govinfosecurity.com,com,GLOBAL,GLOBAL,GLOBAL,PLATFORM,0,0,0,0,0,0,0,NATIONAL
venezuela,grmdaily.com,com,GLOBAL,GLOBAL,GLOBAL,PLATFORM,0,0,0,0,0,0,0,NATIONAL
venezuela,healio.com,com,GLOBAL,GLOBAL,GLOBAL,PLATFORM,0,0,0,0,0,0,0,NATIONAL
venezuela,hellenicnews.com,com,GLOBAL,GLOBAL,GLOBAL,PLATFORM,0,0,0,0,0,0,0,NATIONAL
venezuela,horsesdaily.com,com,GLOBAL,GLOBAL,GLOBAL,PLATFORM,0,0,0,0,0,0,0,NATIONAL
venezuela,hot931.com,com,GLOBAL,GLOBAL,GLOBAL,PLATFORM,0,0,0,0,0,0,0,NATIONAL
venezuela,ibtimes.com,com,GLOBAL,GLOBAL,GLOBAL,PLATFORM,0,0,0,0,0,0,0,NATIONAL
venezuela,ibtimes.com.au,au,AU,East Asia & Pacific,OTHER,PLATFORM,0,0,0,0,0,0,0,NATIONAL
venezuela,ideastream.org,org,GLOBAL,GLOBAL,GLOBAL,PLATFORM,0,0,0,0,0,0,0,NATIONAL
venezuela,industryweek.com,com,GLOBAL,GLOBAL,GLOBAL,PLATFORM,0,0,0,0,0,0,0,NATIONAL
venezuela,indy1033.iheart.com,com,GLOBAL,GLOBAL,GLOBAL,PLATFORM,0,0,0,0,0,0,0,NATIONAL
venezuela,ipolitics.ca,ca,CA,North America,OTHER,PLATFORM,0,0,0,0,0,0,0,NATIONAL
venezuela,jg-tc.com,com,GLOBAL,GLOBAL,GLOBAL,PLATFORM,0,0,0,0,0,0,0,NATIONAL
venezuela,kdminer.com,com,GLOBAL,GLOBAL,GLOBAL,PLATFORM,0,0,0,0,0,0,0,NATIONAL
venezuela,kfrxfm.com,com,GLOBAL,GLOBAL,GLOBAL,PLATFORM,0,0,0,0,0,0,0,NATIONAL
venezuela,kiss108.iheart.com,com,GLOBAL,GLOBAL,GLOBAL,PLATFORM,0,0,0,0,0,0,0,NATIONAL
venezuela,kissfmrgv.iheart.com,com,GLOBAL,GLOBAL,GLOBAL,PLATFORM,0,0,0,0,0,0,0,NATIONAL
venezuela,klaw.com,com,GLOBAL,GLOBAL,GLOBAL,PLATFORM,0,0,0,0,0,0,0,NATIONAL
venezuela,ksla.com,com,GLOBAL,GLOBAL,GLOBAL,PLATFORM,0,0,0,0,0,0,0,NATIONAL
venezuela,kunm.org,org,GLOBAL,GLOBAL,GLOBAL,PLATFORM,0,0,0,0,0,0,0,NATIONAL
venezuela,kysdc.com,com,GLOBAL,GLOBAL,GLOBAL,PLATFORM,0,0,0,0,0,0,0,NATIONAL
venezuela,languagehat.com,com,GLOBAL,GLOBAL,GLOBAL,PLATFORM,0,0,0,0,0,0,0,NATIONAL
venezuela,learningenglish.voanews.com,com,GLOBAL,GLOBAL,GLOBAL,PLATFORM,0,0,0,0,0,0,0,NATIONAL
venezuela,leightonbuzzardonline.co.uk,uk,GB,Europe & Central Asia,OTHER,PLATFORM,0,0,0,0,0,0,0,NATIONAL
venezuela,lfpress.com,com,GLOBAL,GLOBAL,GLOBAL,PLATFORM,0,0,0,0,0,0,0,NATIONAL
venezuela,longislandpress.com,com,GLOBAL,GLOBAL,GLOBAL,PLATFORM,0,0,0,0,0,0,0,NATIONAL
venezuela,macleayargus.com.au,au,AU,East Asia & Pacific,OTHER,PLATFORM,0,0,0,0,0,0,0,NATIONAL
venezuela,malaysiakini.com,com,GLOBAL,GLOBAL,GLOBAL,PLATFORM,0,0,0,0,0,0,0,NATIONAL
venezuela,manilatimes.net,net,GLOBAL,GLOBAL,GLOBAL,PLATFORM,0,0,0,0,0,0,0,NATIONAL
venezuela,mariettatimes.com,com,GLOBAL,GLOBAL,GLOBAL,PLATFORM,0,0,0,0,0,0,0,NATIONAL
venezuela,marshallnews.com,com,GLOBAL,GLOBAL,GLOBAL,PLATFORM,0,0,0,0,0,0,0,NATIONAL
venezuela,medicalxpress.com,com,GLOBAL,GLOBAL,GLOBAL,PLATFORM,0,0,0,0,0,0,0,NATIONAL
venezuela,megatucson.iheart.com,com,GLOBAL,GLOBAL,GLOBAL,PLATFORM,0,0,0,0,0,0,0,NATIONAL
venezuela,midutahradio.com,com,GLOBAL,GLOBAL,GLOBAL,PLATFORM,0,0,0,0,0,0,0,NATIONAL
venezuela,miss103.iheart.com,com,GLOBAL,GLOBAL,GLOBAL,PLATFORM,0,0,0,0,0,0,0,NATIONAL
venezuela,moderndogmagazine.com,com,GLOBAL,GLOBAL,GLOBAL,PLATFORM,0,0,0,0,0,0,0,NATIONAL
venezuela,mondovisione.com,com,GLOBAL,GLOBAL,GLOBAL,PLATFORM,0,0,0,0,0,0,0,NATIONAL
venezuela,muskogeephoenix.com,com,GLOBAL,GLOBAL,GLOBAL,PLATFORM,0,0,0,0,0,0,0,NATIONAL
venezuela,myaustinminnesota.com,com,GLOBAL,GLOBAL,GLOBAL,PLATFORM,0,0,0,0,0,0,0,NATIONAL
venezuela,mycrestonnow.com,com,GLOBAL,GLOBAL,GLOBAL,PLATFORM,0,0,0,0,0,0,0,NATIONAL
venezuela,naijanews.com,com,GLOBAL,GLOBAL,GLOBAL,PLATFORM,0,0,0,0,0,0,0,NATIONAL
venezuela,navarrepress.com,com,GLOBAL,GLOBAL,GLOBAL,PLATFORM,0,0,0,0,0,0,0,NATIONAL
venezuela,newarkadvertiser.co.uk,uk,GB,Europe & Central Asia,OTHER,PLATFORM,0,0,0,0,0,0,0,NATIONAL
venezuela,news.northeastern.edu,edu,NA,NA,OTHER,PLATFORM,0,0,0,0,0,0,0,PLATFORM
venezuela,newschannel20.com,com,GLOBAL,GLOBAL,GLOBAL,PLATFORM,0,0,0,0,0,0,0,NATIONAL
venezuela,newsradio1170.iheart.com,com,GLOBAL,GLOBAL,GLOBAL,PLATFORM,0,0,0,0,0,0,0,NATIONAL
venezuela,newsradio1410.iheart.com,com,GLOBAL,GLOBAL,GLOBAL,PLATFORM,0,0,0,0,0,0,0,NATIONAL
venezuela,newstalk1049.iheart.com,com,GLOBAL,GLOBAL,GLOBAL,PLATFORM,0,0,0,0,0,0,0,NATIONAL
venezuela,newwestrecord.ca,ca,CA,North America,OTHER,PLATFORM,0,0,0,0,0,0,0,NATIONAL
venezuela,nrn.com,com,GLOBAL,GLOBAL,GLOBAL,PLATFORM,0,0,0,0,0,0,0,NATIONAL
venezuela,ntxe-news.com,com,GLOBAL,GLOBAL,GLOBAL,PLATFORM,0,0,0,0,0,0,0,NATIONAL
venezuela,nutraingredients-usa.com,com,GLOBAL,GLOBAL,GLOBAL,PLATFORM,0,0,0,0,0,0,0,NATIONAL
venezuela,oberonreview.com.au,au,AU,East Asia & Pacific,OTHER,PLATFORM,0,0,0,0,0,0,0,NATIONAL
venezuela,obituaries.goshennews.com,com,GLOBAL,GLOBAL,GLOBAL,PLATFORM,0,0,0,0,0,0,0,NATIONAL
venezuela,obituaries.muskogeephoenix.com,com,GLOBAL,GLOBAL,GLOBAL,PLATFORM,0,0,0,0,0,0,0,NATIONAL
venezuela,obituaries.reporter.net,net,GLOBAL,GLOBAL,GLOBAL,PLATFORM,0,0,0,0,0,0,0,NATIONAL
venezuela,offtackleempire.com,com,GLOBAL,GLOBAL,GLOBAL,PLATFORM,0,0,0,0,0,0,0,NATIONAL
venezuela,perhamfocus.com,com,GLOBAL,GLOBAL,GLOBAL,PLATFORM,0,0,0,0,0,0,0,NATIONAL
venezuela,postcourier.com.pg,pg,NA,NA,OTHER,PLATFORM,0,0,0,0,0,0,0,PLATFORM
venezuela,projectnoah.org,org,GLOBAL,GLOBAL,GLOBAL,PLATFORM,0,0,0,0,0,0,0,NATIONAL
venezuela,publicnewsservice.org,org,GLOBAL,GLOBAL,GLOBAL,PLATFORM,0,0,0,0,0,0,0,NATIONAL
venezuela,quickcountry.com,com,GLOBAL,GLOBAL,GLOBAL,PLATFORM,0,0,0,0,0,0,0,NATIONAL
venezuela,real959.iheart.com,com,GLOBAL,GLOBAL,GLOBAL,PLATFORM,0,0,0,0,0,0,0,NATIONAL
venezuela,recoilweb.com,com,GLOBAL,GLOBAL,GLOBAL,PLATFORM,0,0,0,0,0,0,0,NATIONAL
venezuela,redlandcitybulletin.com.au,au,AU,East Asia & Pacific,OTHER,PLATFORM,0,0,0,0,0,0,0,NATIONAL
venezuela,reliefweb.int:443,NA,NA,NA,OTHER,PLATFORM,0,0,0,0,0,0,0,PLATFORM
venezuela,rock1067.iheart.com,com,GLOBAL,GLOBAL,GLOBAL,PLATFORM,0,0,0,0,0,0,0,NATIONAL
venezuela,rollingout.com,com,GLOBAL,GLOBAL,GLOBAL,PLATFORM,0,0,0,0,0,0,0,NATIONAL
venezuela,sanilacbroadcasting.com,com,GLOBAL,GLOBAL,GLOBAL,PLATFORM,0,0,0,0,0,0,0,NATIONAL
venezuela,sitkasentinel.com,com,GLOBAL,GLOBAL,GLOBAL,PLATFORM,0,0,0,0,0,0,0,NATIONAL
venezuela,slcdunk.com,com,GLOBAL,GLOBAL,GLOBAL,PLATFORM,0,0,0,0,0,0,0,NATIONAL
venezuela,space.com,com,GLOBAL,GLOBAL,GLOBAL,PLATFORM,0,0,0,0,0,0,0,NATIONAL
venezuela,spokanepublicradio.org,org,GLOBAL,GLOBAL,GLOBAL,PLATFORM,0,0,0,0,0,0,0,NATIONAL
venezuela,star1029.iheart.com,com,GLOBAL,GLOBAL,GLOBAL,PLATFORM,0,0,0,0,0,0,0,NATIONAL
venezuela,star105.com,com,GLOBAL,GLOBAL,GLOBAL,PLATFORM,0,0,0,0,0,0,0,NATIONAL
venezuela,swiowanewssource.com,com,GLOBAL,GLOBAL,GLOBAL,PLATFORM,0,0,0,0,0,0,0,NATIONAL
venezuela,terracestandard.com,com,GLOBAL,GLOBAL,GLOBAL,PLATFORM,0,0,0,0,0,0,0,NATIONAL
venezuela,texasstandard.org,org,GLOBAL,GLOBAL,GLOBAL,PLATFORM,0,0,0,0,0,0,0,NATIONAL
venezuela,textileworld.com,com,GLOBAL,GLOBAL,GLOBAL,PLATFORM,0,0,0,0,0,0,0,NATIONAL
venezuela,theahl.com,com,GLOBAL,GLOBAL,GLOBAL,PLATFORM,0,0,0,0,0,0,0,NATIONAL
venezuela,thealabamabaptist.org,org,GLOBAL,GLOBAL,GLOBAL,PLATFORM,0,0,0,0,0,0,0,NATIONAL
venezuela,thebulletin.be,be,NA,NA,OTHER,PLATFORM,0,0,0,0,0,0,0,PLATFORM
venezuela,thediplomat.ro,ro,NA,NA,OTHER,PLATFORM,0,0,0,0,0,0,0,PLATFORM
venezuela,theweathernetwork.com,com,GLOBAL,GLOBAL,GLOBAL,PLATFORM,0,0,0,0,0,0,0,NATIONAL
venezuela,tivysideadvertiser.co.uk,uk,GB,Europe & Central Asia,OTHER,PLATFORM,0,0,0,0,0,0,0,NATIONAL
venezuela,tribute.ca,ca,CA,North America,OTHER,PLATFORM,0,0,0,0,0,0,0,NATIONAL
venezuela,triplicate.com,com,GLOBAL,GLOBAL,GLOBAL,PLATFORM,0,0,0,0,0,0,0,NATIONAL
venezuela,ttbook.org,org,GLOBAL,GLOBAL,GLOBAL,PLATFORM,0,0,0,0,0,0,0,NATIONAL
venezuela,unilad.com,com,GLOBAL,GLOBAL,GLOBAL,PLATFORM,0,0,0,0,0,0,0,NATIONAL
venezuela,vancouverisawesome.com,com,GLOBAL,GLOBAL,GLOBAL,PLATFORM,0,0,0,0,0,0,0,NATIONAL
venezuela,vermilionstandard.com:443,NA,NA,NA,OTHER,PLATFORM,0,0,0,0,0,0,0,PLATFORM
venezuela,villagevoice.com,com,GLOBAL,GLOBAL,GLOBAL,PLATFORM,0,0,0,0,0,0,0,NATIONAL
venezuela,waateanews.com,com,GLOBAL,GLOBAL,GLOBAL,PLATFORM,0,0,0,0,0,0,0,NATIONAL
venezuela,wakefieldexpress.co.uk,uk,GB,Europe & Central Asia,OTHER,PLATFORM,0,0,0,0,0,0,0,NATIONAL
venezuela,wdtimes.com,com,GLOBAL,GLOBAL,GLOBAL,PLATFORM,0,0,0,0,0,0,0,NATIONAL
venezuela,wfls.com,com,GLOBAL,GLOBAL,GLOBAL,PLATFORM,0,0,0,0,0,0,0,NATIONAL
venezuela,wfmf.iheart.com,com,GLOBAL,GLOBAL,GLOBAL,PLATFORM,0,0,0,0,0,0,0,NATIONAL
venezuela,wheb.iheart.com,com,GLOBAL,GLOBAL,GLOBAL,PLATFORM,0,0,0,0,0,0,0,NATIONAL
venezuela,wjno.iheart.com,com,GLOBAL,GLOBAL,GLOBAL,PLATFORM,0,0,0,0,0,0,0,NATIONAL
venezuela,wkqq.iheart.com,com,GLOBAL,GLOBAL,GLOBAL,PLATFORM,0,0,0,0,0,0,0,NATIONAL
venezuela,wkyt.com,com,GLOBAL,GLOBAL,GLOBAL,PLATFORM,0,0,0,0,0,0,0,NATIONAL
venezuela,wsslfm.iheart.com,com,GLOBAL,GLOBAL,GLOBAL,PLATFORM,0,0,0,0,0,0,0,NATIONAL
venezuela,wtop.com,com,GLOBAL,GLOBAL,GLOBAL,PLATFORM,0,0,0,0,0,0,0,NATIONAL
venezuela,wyrk.com,com,GLOBAL,GLOBAL,GLOBAL,PLATFORM,0,0,0,0,0,0,0,NATIONAL
venezuela,yorkregion.com,com,GLOBAL,GLOBAL,GLOBAL,PLATFORM,0,0,0,0,0,0,0,NATIONAL
venezuela,1041wdlt.com,com,GLOBAL,GLOBAL,GLOBAL,PLATFORM,0,0,0,0,0,0,0,NATIONAL
venezuela,560cfos.ca,ca,CA,North America,OTHER,PLATFORM,0,0,0,0,0,0,0,NATIONAL
venezuela,76crimes.com,com,GLOBAL,GLOBAL,GLOBAL,PLATFORM,0,0,0,0,0,0,0,NATIONAL
venezuela,965thewalleye.com,com,GLOBAL,GLOBAL,GLOBAL,PLATFORM,0,0,0,0,0,0,0,NATIONAL
venezuela,987thebull.com,com,GLOBAL,GLOBAL,GLOBAL,PLATFORM,0,0,0,0,0,0,0,NATIONAL
venezuela,989wclz.com,com,GLOBAL,GLOBAL,GLOBAL,PLATFORM,0,0,0,0,0,0,0,NATIONAL
venezuela,aero-news.net,net,GLOBAL,GLOBAL,GLOBAL,PLATFORM,0,0,0,0,0,0,0,NATIONAL
venezuela,agrinews-pubs.com,com,GLOBAL,GLOBAL,GLOBAL,PLATFORM,0,0,0,0,0,0,0,NATIONAL
venezuela,arise.tv,tv,NA,NA,OTHER,PLATFORM,0,0,0,0,0,0,0,PLATFORM
venezuela,auburnpub.com,com,GLOBAL,GLOBAL,GLOBAL,PLATFORM,0,0,0,0,0,0,0,NATIONAL
venezuela,b95forlife.iheart.com,com,GLOBAL,GLOBAL,GLOBAL,PLATFORM,0,0,0,0,0,0,0,NATIONAL
venezuela,bankrate.com,com,GLOBAL,GLOBAL,GLOBAL,PLATFORM,0,0,0,0,0,0,0,NATIONAL
venezuela,beat1053.iheart.com,com,GLOBAL,GLOBAL,GLOBAL,PLATFORM,0,0,0,0,0,0,0,NATIONAL
venezuela,belgrade-news.com,com,GLOBAL,GLOBAL,GLOBAL,PLATFORM,0,0,0,0,0,0,0,NATIONAL
venezuela,bevnet.com,com,GLOBAL,GLOBAL,GLOBAL,PLATFORM,0,0,0,0,0,0,0,NATIONAL
venezuela,biztimes.com,com,GLOBAL,GLOBAL,GLOBAL,PLATFORM,0,0,0,0,0,0,0,NATIONAL
venezuela,blogherald.com,com,GLOBAL,GLOBAL,GLOBAL,PLATFORM,0,0,0,0,0,0,0,NATIONAL
venezuela,bluelinestation.com,com,GLOBAL,GLOBAL,GLOBAL,PLATFORM,0,0,0,0,0,0,0,NATIONAL
venezuela,bpnews.net,net,GLOBAL,GLOBAL,GLOBAL,PLATFORM,0,0,0,0,0,0,0,NATIONAL
venezuela,brownwoodnews.com,com,GLOBAL,GLOBAL,GLOBAL,PLATFORM,0,0,0,0,0,0,0,NATIONAL
venezuela,buckeyecountry1037.iheart.com,com,GLOBAL,GLOBAL,GLOBAL,PLATFORM,0,0,0,0,0,0,0,NATIONAL
venezuela,buenosairesherald.com,com,GLOBAL,GLOBAL,GLOBAL,PLATFORM,0,0,0,0,0,0,0,NATIONAL
venezuela,bundesliga.com,com,GLOBAL,GLOBAL,GLOBAL,PLATFORM,0,0,0,0,0,0,0,NATIONAL
venezuela,capeandislands.org,org,GLOBAL,GLOBAL,GLOBAL,PLATFORM,0,0,0,0,0,0,0,NATIONAL
venezuela,catholicsun.org,org,GLOBAL,GLOBAL,GLOBAL,PLATFORM,0,0,0,0,0,0,0,NATIONAL
venezuela,ccjdigital.com,com,GLOBAL,GLOBAL,GLOBAL,PLATFORM,0,0,0,0,0,0,0,NATIONAL
venezuela,chad.co.uk,uk,GB,Europe & Central Asia,OTHER,PLATFORM,0,0,0,0,0,0,0,NATIONAL
venezuela,chapelboro.com,com,GLOBAL,GLOBAL,GLOBAL,PLATFORM,0,0,0,0,0,0,0,NATIONAL
venezuela,chargers.com,com,GLOBAL,GLOBAL,GLOBAL,PLATFORM,0,0,0,0,0,0,0,NATIONAL
venezuela,classiccountry957.iheart.com,com,GLOBAL,GLOBAL,GLOBAL,PLATFORM,0,0,0,0,0,0,0,NATIONAL
venezuela,coastreporter.net,net,GLOBAL,GLOBAL,GLOBAL,PLATFORM,0,0,0,0,0,0,0,NATIONAL
venezuela,commercial-news.com,com,GLOBAL,GLOBAL,GLOBAL,PLATFORM,0,0,0,0,0,0,0,NATIONAL
venezuela,cosmeticsandtoiletries.com,com,GLOBAL,GLOBAL,GLOBAL,PLATFORM,0,0,0,0,0,0,0,NATIONAL
venezuela,deathpenaltyinfo.org,org,GLOBAL,GLOBAL,GLOBAL,PLATFORM,0,0,0,0,0,0,0,NATIONAL
venezuela,defensenews.com,com,GLOBAL,GLOBAL,GLOBAL,PLATFORM,0,0,0,0,0,0,0,NATIONAL
venezuela,derryjournal.com,com,GLOBAL,GLOBAL,GLOBAL,PLATFORM,0,0,0,0,0,0,0,NATIONAL
venezuela,drtvchannel.com,com,GLOBAL,GLOBAL,GLOBAL,PLATFORM,0,0,0,0,0,0,0,NATIONAL
venezuela,durangoherald.com,com,GLOBAL,GLOBAL,GLOBAL,PLATFORM,0,0,0,0,0,0,0,NATIONAL
venezuela,eastbayri.com,com,GLOBAL,GLOBAL,GLOBAL,PLATFORM,0,0,0,0,0,0,0,NATIONAL
venezuela,ecsu.edu,edu,NA,NA,OTHER,PLATFORM,0,0,0,0,0,0,0,PLATFORM
venezuela,el-observador.com,com,GLOBAL,GLOBAL,GLOBAL,PLATFORM,0,0,0,0,0,0,0,NATIONAL
venezuela,english.mathrubhumi.com,com,GLOBAL,GLOBAL,GLOBAL,PLATFORM,0,0,0,0,0,0,0,NATIONAL
venezuela,equibase.com,com,GLOBAL,GLOBAL,GLOBAL,PLATFORM,0,0,0,0,0,0,0,NATIONAL
venezuela,film-news.co.uk:443,NA,NA,NA,OTHER,PLATFORM,0,0,0,0,0,0,0,PLATFORM
venezuela,filmmakermagazine.com,com,GLOBAL,GLOBAL,GLOBAL,PLATFORM,0,0,0,0,0,0,0,NATIONAL
venezuela,financialbuzz.com,com,GLOBAL,GLOBAL,GLOBAL,PLATFORM,0,0,0,0,0,0,0,NATIONAL
venezuela,firstcoastnews.com,com,GLOBAL,GLOBAL,GLOBAL,PLATFORM,0,0,0,0,0,0,0,NATIONAL
venezuela,foodpoisoningbulletin.com,com,GLOBAL,GLOBAL,GLOBAL,PLATFORM,0,0,0,0,0,0,0,NATIONAL
venezuela,foxreno.com,com,GLOBAL,GLOBAL,GLOBAL,PLATFORM,0,0,0,0,0,0,0,NATIONAL
venezuela,gananoquereporter.com:443,NA,NA,NA,OTHER,PLATFORM,0,0,0,0,0,0,0,PLATFORM
venezuela,gowatertown.net,net,GLOBAL,GLOBAL,GLOBAL,PLATFORM,0,0,0,0,0,0,0,NATIONAL
venezuela,grandforksherald.com,com,GLOBAL,GLOBAL,GLOBAL,PLATFORM,0,0,0,0,0,0,0,NATIONAL
venezuela,guelphmercury.com,com,GLOBAL,GLOBAL,GLOBAL,PLATFORM,0,0,0,0,0,0,0,NATIONAL
venezuela,haitiantimes.com,com,GLOBAL,GLOBAL,GLOBAL,PLATFORM,0,0,0,0,0,0,0,NATIONAL
venezuela,heraldextra.com,com,GLOBAL,GLOBAL,GLOBAL,PLATFORM,0,0,0,0,0,0,0,NATIONAL
venezuela,hot1025.iheart.com,com,GLOBAL,GLOBAL,GLOBAL,PLATFORM,0,0,0,0,0,0,0,NATIONAL
venezuela,hot1047.com,com,GLOBAL,GLOBAL,GLOBAL,PLATFORM,0,0,0,0,0,0,0,NATIONAL
venezuela,housebeautiful.com,com,GLOBAL,GLOBAL,GLOBAL,PLATFORM,0,0,0,0,0,0,0,NATIONAL
venezuela,independentnews.com,com,GLOBAL,GLOBAL,GLOBAL,PLATFORM,0,0,0,0,0,0,0,NATIONAL
venezuela,innovationtoronto.com,com,GLOBAL,GLOBAL,GLOBAL,PLATFORM,0,0,0,0,0,0,0,NATIONAL
venezuela,insidenova.com,com,GLOBAL,GLOBAL,GLOBAL,PLATFORM,0,0,0,0,0,0,0,NATIONAL
venezuela,jambands.com,com,GLOBAL,GLOBAL,GLOBAL,PLATFORM,0,0,0,0,0,0,0,NATIONAL
venezuela,kbnwnews.com,com,GLOBAL,GLOBAL,GLOBAL,PLATFORM,0,0,0,0,0,0,0,NATIONAL
venezuela,kix953.com,com,GLOBAL,GLOBAL,GLOBAL,PLATFORM,0,0,0,0,0,0,0,NATIONAL
venezuela,koel.com,com,GLOBAL,GLOBAL,GLOBAL,PLATFORM,0,0,0,0,0,0,0,NATIONAL
venezuela,kshe95.com,com,GLOBAL,GLOBAL,GLOBAL,PLATFORM,0,0,0,0,0,0,0,NATIONAL
venezuela,ksro.com,com,GLOBAL,GLOBAL,GLOBAL,PLATFORM,0,0,0,0,0,0,0,NATIONAL
venezuela,kxrb.com,com,GLOBAL,GLOBAL,GLOBAL,PLATFORM,0,0,0,0,0,0,0,NATIONAL
venezuela,labelsandlabeling.com:443,NA,NA,NA,OTHER,PLATFORM,0,0,0,0,0,0,0,PLATFORM
venezuela,leaderlive.co.uk,uk,GB,Europe & Central Asia,OTHER,PLATFORM,0,0,0,0,0,0,0,NATIONAL
venezuela,leamingtonobserver.co.uk,uk,GB,Europe & Central Asia,OTHER,PLATFORM,0,0,0,0,0,0,0,NATIONAL
venezuela,legalnewsline.com,com,GLOBAL,GLOBAL,GLOBAL,PLATFORM,0,0,0,0,0,0,0,NATIONAL
venezuela,lenews.ch,ch,NA,NA,OTHER,PLATFORM,0,0,0,0,0,0,0,PLATFORM
venezuela,magicvalley.com,com,GLOBAL,GLOBAL,GLOBAL,PLATFORM,0,0,0,0,0,0,0,NATIONAL
venezuela,miaminewtimes.com,com,GLOBAL,GLOBAL,GLOBAL,PLATFORM,0,0,0,0,0,0,0,NATIONAL
venezuela,mtexpress.com,com,GLOBAL,GLOBAL,GLOBAL,PLATFORM,0,0,0,0,0,0,0,NATIONAL
venezuela,mycariboonow.com,com,GLOBAL,GLOBAL,GLOBAL,PLATFORM,0,0,0,0,0,0,0,NATIONAL
venezuela,myozarksonline.com,com,GLOBAL,GLOBAL,GLOBAL,PLATFORM,0,0,0,0,0,0,0,NATIONAL
venezuela,naija247news.com,com,GLOBAL,GLOBAL,GLOBAL,PLATFORM,0,0,0,0,0,0,0,NATIONAL
venezuela,nesn.com,com,GLOBAL,GLOBAL,GLOBAL,PLATFORM,0,0,0,0,0,0,0,NATIONAL
venezuela,news.delaware.gov,gov,NA,NA,OTHER,PLATFORM,0,0,0,1,0,0,1,GOV
venezuela,newsghana.com.gh,gh,NA,NA,OTHER,PLATFORM,0,0,0,0,0,0,0,PLATFORM
venezuela,newsminer.com,com,GLOBAL,GLOBAL,GLOBAL,PLATFORM,0,0,0,0,0,0,0,NATIONAL
venezuela,newswise.com,com,GLOBAL,GLOBAL,GLOBAL,PLATFORM,0,0,0,0,0,0,0,NATIONAL
venezuela,newtownbee.com,com,GLOBAL,GLOBAL,GLOBAL,PLATFORM,0,0,0,0,0,0,0,NATIONAL
venezuela,nextbigfuture.com,com,GLOBAL,GLOBAL,GLOBAL,PLATFORM,0,0,0,0,0,0,0,NATIONAL
venezuela,obituaries.times-news.com,com,GLOBAL,GLOBAL,GLOBAL,PLATFORM,0,0,0,0,0,0,0,NATIONAL
venezuela,opinionnigeria.com,com,GLOBAL,GLOBAL,GLOBAL,PLATFORM,0,0,0,0,0,0,0,NATIONAL
venezuela,pantip.com,com,GLOBAL,GLOBAL,GLOBAL,PLATFORM,0,0,0,0,0,0,0,NATIONAL
venezuela,pembroketoday.ca,ca,CA,North America,OTHER,PLATFORM,0,0,0,0,0,0,0,NATIONAL
venezuela,playstationlifestyle.net,net,GLOBAL,GLOBAL,GLOBAL,PLATFORM,0,0,0,0,0,0,0,NATIONAL
venezuela,portlandmercury.com,com,GLOBAL,GLOBAL,GLOBAL,PLATFORM,0,0,0,0,0,0,0,NATIONAL
venezuela,pressofatlanticcity.com,com,GLOBAL,GLOBAL,GLOBAL,PLATFORM,0,0,0,0,0,0,0,NATIONAL
venezuela,register-herald.com,com,GLOBAL,GLOBAL,GLOBAL,PLATFORM,0,0,0,0,0,0,0,NATIONAL
venezuela,richmondandtwickenhamtimes.co.uk,uk,GB,Europe & Central Asia,OTHER,PLATFORM,0,0,0,0,0,0,0,NATIONAL
venezuela,ripcityradio.iheart.com,com,GLOBAL,GLOBAL,GLOBAL,PLATFORM,0,0,0,0,0,0,0,NATIONAL
venezuela,rrr.org.au,au,AU,East Asia & Pacific,OTHER,PLATFORM,0,0,0,0,0,0,0,NATIONAL
venezuela,soundandvision.com,com,GLOBAL,GLOBAL,GLOBAL,PLATFORM,0,0,0,0,0,0,0,NATIONAL
venezuela,spotrac.com,com,GLOBAL,GLOBAL,GLOBAL,PLATFORM,0,0,0,0,0,0,0,NATIONAL
venezuela,stratford-herald.com,com,GLOBAL,GLOBAL,GLOBAL,PLATFORM,0,0,0,0,0,0,0,NATIONAL
venezuela,telecomasia.net,net,GLOBAL,GLOBAL,GLOBAL,PLATFORM,0,0,0,0,0,0,0,NATIONAL
venezuela,thecable.ng,ng,NG,Sub-Saharan Africa,AFRICA,PLATFORM,0,0,0,0,0,0,0,NATIONAL
venezuela,thedailymeal.com,com,GLOBAL,GLOBAL,GLOBAL,PLATFORM,0,0,0,0,0,0,0,NATIONAL
venezuela,theghanareport.com,com,GLOBAL,GLOBAL,GLOBAL,PLATFORM,0,0,0,0,0,0,0,NATIONAL
venezuela,theobserver.com,com,GLOBAL,GLOBAL,GLOBAL,PLATFORM,0,0,0,0,0,0,0,NATIONAL
venezuela,thephoto-news.com,com,GLOBAL,GLOBAL,GLOBAL,PLATFORM,0,0,0,0,0,0,0,NATIONAL
venezuela,thepilot.com,com,GLOBAL,GLOBAL,GLOBAL,PLATFORM,0,0,0,0,0,0,0,NATIONAL
venezuela,thepost.on.ca:443,NA,NA,NA,OTHER,PLATFORM,0,0,0,0,0,0,0,PLATFORM
venezuela,theridgefieldpress.com,com,GLOBAL,GLOBAL,GLOBAL,PLATFORM,0,0,0,0,0,0,0,NATIONAL
venezuela,thestandard.co.zw,zw,NA,NA,OTHER,PLATFORM,0,0,0,0,0,0,0,PLATFORM
venezuela,thewesterlysun.com,com,GLOBAL,GLOBAL,GLOBAL,PLATFORM,0,0,0,0,0,0,0,NATIONAL
venezuela,thurstontalk.com,com,GLOBAL,GLOBAL,GLOBAL,PLATFORM,0,0,0,0,0,0,0,NATIONAL
venezuela,times-news.com,com,GLOBAL,GLOBAL,GLOBAL,PLATFORM,0,0,0,0,0,0,0,NATIONAL
venezuela,todayfm.com,com,GLOBAL,GLOBAL,GLOBAL,PLATFORM,0,0,0,0,0,0,0,NATIONAL
venezuela,udaipurkiran.com,com,GLOBAL,GLOBAL,GLOBAL,PLATFORM,0,0,0,0,0,0,0,NATIONAL
venezuela,uexpress.com,com,GLOBAL,GLOBAL,GLOBAL,PLATFORM,0,0,0,0,0,0,0,NATIONAL
venezuela,upr.org,org,GLOBAL,GLOBAL,GLOBAL,PLATFORM,0,0,0,0,0,0,0,NATIONAL
venezuela,vikingsterritory.com,com,GLOBAL,GLOBAL,GLOBAL,PLATFORM,0,0,0,0,0,0,0,NATIONAL
venezuela,warringtonguardian.co.uk,uk,GB,Europe & Central Asia,OTHER,PLATFORM,0,0,0,0,0,0,0,NATIONAL
venezuela,washfm.iheart.com,com,GLOBAL,GLOBAL,GLOBAL,PLATFORM,0,0,0,0,0,0,0,NATIONAL
venezuela,washjeff.edu,edu,NA,NA,OTHER,PLATFORM,0,0,0,0,0,0,0,PLATFORM
venezuela,wbbq.iheart.com,com,GLOBAL,GLOBAL,GLOBAL,PLATFORM,0,0,0,0,0,0,0,NATIONAL
venezuela,wbkb11.com,com,GLOBAL,GLOBAL,GLOBAL,PLATFORM,0,0,0,0,0,0,0,NATIONAL
venezuela,wbls.com,com,GLOBAL,GLOBAL,GLOBAL,PLATFORM,0,0,0,0,0,0,0,NATIONAL
venezuela,wbng.com,com,GLOBAL,GLOBAL,GLOBAL,PLATFORM,0,0,0,0,0,0,0,NATIONAL
venezuela,wbtv.com,com,GLOBAL,GLOBAL,GLOBAL,PLATFORM,0,0,0,0,0,0,0,NATIONAL
venezuela,wccfradio.iheart.com,com,GLOBAL,GLOBAL,GLOBAL,PLATFORM,0,0,0,0,0,0,0,NATIONAL
venezuela,wham1180.iheart.com,com,GLOBAL,GLOBAL,GLOBAL,PLATFORM,0,0,0,0,0,0,0,NATIONAL
venezuela,wibc.com,com,GLOBAL,GLOBAL,GLOBAL,PLATFORM,0,0,0,0,0,0,0,NATIONAL
venezuela,wjbo.iheart.com,com,GLOBAL,GLOBAL,GLOBAL,PLATFORM,0,0,0,0,0,0,0,NATIONAL
venezuela,wjon.com,com,GLOBAL,GLOBAL,GLOBAL,PLATFORM,0,0,0,0,0,0,0,NATIONAL
venezuela,wrestlezone.com,com,GLOBAL,GLOBAL,GLOBAL,PLATFORM,0,0,0,0,0,0,0,NATIONAL
venezuela,wrvo.org,org,GLOBAL,GLOBAL,GLOBAL,PLATFORM,0,0,0,0,0,0,0,NATIONAL
venezuela,wtsp.com,com,GLOBAL,GLOBAL,GLOBAL,PLATFORM,0,0,0,0,0,0,0,NATIONAL
venezuela,wweek.com,com,GLOBAL,GLOBAL,GLOBAL,PLATFORM,0,0,0,0,0,0,0,NATIONAL
venezuela,zigwheels.com,com,GLOBAL,GLOBAL,GLOBAL,PLATFORM,0,0,0,0,0,0,0,NATIONAL
venezuela,1150kknw.com,com,GLOBAL,GLOBAL,GLOBAL,PLATFORM,0,0,0,0,0,0,0,NATIONAL
venezuela,13wmaz.com,com,GLOBAL,GLOBAL,GLOBAL,PLATFORM,0,0,0,0,0,0,0,NATIONAL
venezuela,1430kasi.iheart.com,com,GLOBAL,GLOBAL,GLOBAL,PLATFORM,0,0,0,0,0,0,0,NATIONAL
venezuela,1470kyyw.com,com,GLOBAL,GLOBAL,GLOBAL,PLATFORM,0,0,0,0,0,0,0,NATIONAL
venezuela,1nmi.jose947.com,com,GLOBAL,GLOBAL,GLOBAL,PLATFORM,0,0,0,0,0,0,0,NATIONAL
venezuela,6uy.jose947.com,com,GLOBAL,GLOBAL,GLOBAL,PLATFORM,0,0,0,0,0,0,0,NATIONAL
venezuela,781h.jose947.com,com,GLOBAL,GLOBAL,GLOBAL,PLATFORM,0,0,0,0,0,0,0,NATIONAL
venezuela,945rocks.iheart.com,com,GLOBAL,GLOBAL,GLOBAL,PLATFORM,0,0,0,0,0,0,0,NATIONAL
venezuela,athleticsnation.com,com,GLOBAL,GLOBAL,GLOBAL,PLATFORM,0,0,0,0,0,0,0,NATIONAL
venezuela,atlantadailyworld.com,com,GLOBAL,GLOBAL,GLOBAL,PLATFORM,0,0,0,0,0,0,0,NATIONAL
venezuela,bbs.wenxuecity.com,com,GLOBAL,GLOBAL,GLOBAL,PLATFORM,0,0,0,0,0,0,0,NATIONAL
venezuela,bloomsbury.com:443,NA,NA,NA,OTHER,PLATFORM,0,0,0,0,0,0,0,PLATFORM
venezuela,boothbayregister.com:443,NA,NA,NA,OTHER,PLATFORM,0,0,0,0,0,0,0,PLATFORM
venezuela,buccaneers.com,com,GLOBAL,GLOBAL,GLOBAL,PLATFORM,0,0,0,0,0,0,0,NATIONAL
venezuela,chronline.com,com,GLOBAL,GLOBAL,GLOBAL,PLATFORM,0,0,0,0,0,0,0,NATIONAL
venezuela,cjme.com,com,GLOBAL,GLOBAL,GLOBAL,PLATFORM,0,0,0,0,0,0,0,NATIONAL
venezuela,coinspeaker.com,com,GLOBAL,GLOBAL,GLOBAL,PLATFORM,0,0,0,0,0,0,0,NATIONAL
venezuela,connexionfrance.com,com,GLOBAL,GLOBAL,GLOBAL,PLATFORM,0,0,0,0,0,0,0,NATIONAL
venezuela,cornwallseawaynews.com,com,GLOBAL,GLOBAL,GLOBAL,PLATFORM,0,0,0,0,0,0,0,NATIONAL
venezuela,drbicuspid.com,com,GLOBAL,GLOBAL,GLOBAL,PLATFORM,0,0,0,0,0,0,0,NATIONAL
venezuela,dunkingwithwolves.com,com,GLOBAL,GLOBAL,GLOBAL,PLATFORM,0,0,0,0,0,0,0,NATIONAL
venezuela,eaglesanantonio.com,com,GLOBAL,GLOBAL,GLOBAL,PLATFORM,0,0,0,0,0,0,0,NATIONAL
venezuela,gl8.jose947.com,com,GLOBAL,GLOBAL,GLOBAL,PLATFORM,0,0,0,0,0,0,0,NATIONAL
venezuela,gmatclub.com,com,GLOBAL,GLOBAL,GLOBAL,PLATFORM,0,0,0,0,0,0,0,NATIONAL
venezuela,houstonchronicle.com,com,GLOBAL,GLOBAL,GLOBAL,PLATFORM,0,0,0,0,0,0,0,NATIONAL
venezuela,ibtimes.co.uk,uk,GB,Europe & Central Asia,OTHER,PLATFORM,0,0,0,0,0,0,0,NATIONAL
venezuela,independentsentinel.com,com,GLOBAL,GLOBAL,GLOBAL,PLATFORM,0,0,0,0,0,0,0,NATIONAL
venezuela,k99.com,com,GLOBAL,GLOBAL,GLOBAL,PLATFORM,0,0,0,0,0,0,0,NATIONAL
venezuela,kilkennypeople.ie,ie,NA,NA,OTHER,PLATFORM,0,0,0,0,0,0,0,PLATFORM
venezuela,kxlh.com,com,GLOBAL,GLOBAL,GLOBAL,PLATFORM,0,0,0,0,0,0,0,NATIONAL
venezuela,lancasterfarming.com,com,GLOBAL,GLOBAL,GLOBAL,PLATFORM,0,0,0,0,0,0,0,NATIONAL
venezuela,lethbridgeherald.com,com,GLOBAL,GLOBAL,GLOBAL,PLATFORM,0,0,0,0,0,0,0,NATIONAL
venezuela,local21news.com,com,GLOBAL,GLOBAL,GLOBAL,PLATFORM,0,0,0,0,0,0,0,NATIONAL
venezuela,local3news.com,com,GLOBAL,GLOBAL,GLOBAL,PLATFORM,0,0,0,0,0,0,0,NATIONAL
venezuela,missoulacurrent.com,com,GLOBAL,GLOBAL,GLOBAL,PLATFORM,0,0,0,0,0,0,0,NATIONAL
venezuela,monstersandcritics.com,com,GLOBAL,GLOBAL,GLOBAL,PLATFORM,0,0,0,0,0,0,0,NATIONAL
venezuela,myq1075.com,com,GLOBAL,GLOBAL,GLOBAL,PLATFORM,0,0,0,0,0,0,0,NATIONAL
venezuela,nbcdfw.com,com,GLOBAL,GLOBAL,GLOBAL,PLATFORM,0,0,0,0,0,0,0,NATIONAL
venezuela,ottumwacourier.com,com,GLOBAL,GLOBAL,GLOBAL,PLATFORM,0,0,0,0,0,0,0,NATIONAL
venezuela,prowrestling.net,net,GLOBAL,GLOBAL,GLOBAL,PLATFORM,0,0,0,0,0,0,0,NATIONAL
venezuela,rj59.jose947.com,com,GLOBAL,GLOBAL,GLOBAL,PLATFORM,0,0,0,0,0,0,0,NATIONAL
venezuela,rovrocks.iheart.com,com,GLOBAL,GLOBAL,GLOBAL,PLATFORM,0,0,0,0,0,0,0,NATIONAL
venezuela,sabrenoise.com,com,GLOBAL,GLOBAL,GLOBAL,PLATFORM,0,0,0,0,0,0,0,NATIONAL
venezuela,sandiegosun.com,com,GLOBAL,GLOBAL,GLOBAL,PLATFORM,0,0,0,0,0,0,0,NATIONAL
venezuela,sicemdawgs.com,com,GLOBAL,GLOBAL,GLOBAL,PLATFORM,0,0,0,0,0,0,0,NATIONAL
venezuela,spoilertv.com,com,GLOBAL,GLOBAL,GLOBAL,PLATFORM,0,0,0,0,0,0,0,NATIONAL
venezuela,superiortelegram.com,com,GLOBAL,GLOBAL,GLOBAL,PLATFORM,0,0,0,0,0,0,0,NATIONAL
venezuela,theindependent.com,com,GLOBAL,GLOBAL,GLOBAL,PLATFORM,0,0,0,0,0,0,0,NATIONAL
venezuela,thelondoner.ca:443,NA,NA,NA,OTHER,PLATFORM,0,0,0,0,0,0,0,PLATFORM
venezuela,thetimes.com,com,GLOBAL,GLOBAL,GLOBAL,PLATFORM,0,0,0,0,0,0,0,NATIONAL
venezuela,thevermilion.com,com,GLOBAL,GLOBAL,GLOBAL,PLATFORM,0,0,0,0,0,0,0,NATIONAL
venezuela,torontosun.com,com,GLOBAL,GLOBAL,GLOBAL,PLATFORM,0,0,0,0,0,0,0,NATIONAL
venezuela,tvgrapevine.com,com,GLOBAL,GLOBAL,GLOBAL,PLATFORM,0,0,0,0,0,0,0,NATIONAL
venezuela,voiceonline.com,com,GLOBAL,GLOBAL,GLOBAL,PLATFORM,0,0,0,0,0,0,0,NATIONAL
venezuela,wakingthered.com,com,GLOBAL,GLOBAL,GLOBAL,PLATFORM,0,0,0,0,0,0,0,NATIONAL
venezuela,whyallanewsonline.com.au,au,AU,East Asia & Pacific,OTHER,PLATFORM,0,0,0,0,0,0,0,NATIONAL
venezuela,wjcl.com,com,GLOBAL,GLOBAL,GLOBAL,PLATFORM,0,0,0,0,0,0,0,NATIONAL
venezuela,wtam.iheart.com,com,GLOBAL,GLOBAL,GLOBAL,PLATFORM,0,0,0,0,0,0,0,NATIONAL
venezuela,wtoc.com,com,GLOBAL,GLOBAL,GLOBAL,PLATFORM,0,0,0,0,0,0,0,NATIONAL
