event,domain,tld,iso2,region,macro,role,finance_media,community,state_media,government,military,int_org,validated
ukraine,1013kissfm.iheart.com,com,GLOBAL,GLOBAL,GLOBAL,PLATFORM,0,0,0,0,0,0,0
ukraine,1015thehawk.com,com,GLOBAL,GLOBAL,GLOBAL,PLATFORM,0,0,0,0,0,0,0
ukraine,101magic.iheart.com,com,GLOBAL,GLOBAL,GLOBAL,PLATFORM,0,0,0,0,0,0,0
ukraine,1021thebull.iheart.com,com,GLOBAL,GLOBAL,GLOBAL,PLATFORM,0,0,0,0,0,0,0
ukraine,1043theparty.com,com,GLOBAL,GLOBAL,GLOBAL,PLATFORM,0,0,0,0,0,0,0
ukraine,1057thehawk.com,com,GLOBAL,GLOBAL,GLOBAL,PLATFORM,0,0,0,0,0,0,0
ukraine,1150kknw.com,com,GLOBAL,GLOBAL,GLOBAL,PLATFORM,0,0,0,0,0,0,0
ukraine,1440wgig.iheart.com,com,GLOBAL,GLOBAL,GLOBAL,PLATFORM,0,0,0,0,0,0,0
ukraine,4029tv.com,com,GLOBAL,GLOBAL,GLOBAL,PLATFORM,0,0,0,0,0,0,0
ukraine,5280.com,com,GLOBAL,GLOBAL,GLOBAL,PLATFORM,0,0,0,0,0,0,0
ukraine,91mobiles.com,com,GLOBAL,GLOBAL,GLOBAL,PLATFORM,0,0,0,0,0,0,0
ukraine,941zbq.iheart.com,com,GLOBAL,GLOBAL,GLOBAL,PLATFORM,0,0,0,0,0,0,0
ukraine,993thex.com,com,GLOBAL,GLOBAL,GLOBAL,PLATFORM,0,0,0,0,0,0,0
ukraine,995qyk.com,com,GLOBAL,GLOBAL,GLOBAL,PLATFORM,0,0,0,0,0,0,0
ukraine,9news.com.au,au,AU,East Asia & Pacific,OTHER,PLATFORM,0,0,0,0,0,0,0
ukraine,aaas.org,org,GLOBAL,GLOBAL,GLOBAL,PLATFORM,0,0,0,0,0,0,0
ukraine,abc17news.com,com,GLOBAL,GLOBAL,GLOBAL,PLATFORM,0,0,0,0,0,0,0
ukraine,abcnews.go.com,com,GLOBAL,GLOBAL,GLOBAL,PLATFORM,0,0,0,0,0,0,0
ukraine,aberdeennews.com,com,GLOBAL,GLOBAL,GLOBAL,PLATFORM,0,0,0,0,0,0,0
ukraine,afr.com,com,GLOBAL,GLOBAL,GLOBAL,PLATFORM,0,0,0,0,0,0,0
ukraine,agenceurope.eu,eu,NA,NA,OTHER,PLATFORM,0,0,0,0,0,0,0
ukraine,agriland.ie,ie,NA,NA,OTHER,PLATFORM,0,0,0,0,0,0,0
ukraine,ahdb.org.uk,uk,GB,Europe & Central Asia,OTHER,PLATFORM,0,0,0,0,0,0,0
ukraine,algemeiner.com,com,GLOBAL,GLOBAL,GLOBAL,PLATFORM,0,0,0,0,0,0,0
ukraine,alt1073.iheart.com,com,GLOBAL,GLOBAL,GLOBAL,PLATFORM,0,0,0,0,0,0,0
ukraine,amarujala.com,com,GLOBAL,GLOBAL,GLOBAL,PLATFORM,0,0,0,0,0,0,0
ukraine,americanfreepress.net,net,GLOBAL,GLOBAL,GLOBAL,PLATFORM,0,0,0,0,0,0,0
ukraine,andina.pe,pe,NA,NA,OTHER,PLATFORM,0,0,0,0,0,0,0
ukraine,annistonstar.com,com,GLOBAL,GLOBAL,GLOBAL,PLATFORM,0,0,0,0,0,0,0
ukraine,aol.com,com,GLOBAL,GLOBAL,GLOBAL,PLATFORM,0,0,0,0,0,0,0
ukraine,apnews.com,com,GLOBAL,GLOBAL,GLOBAL,PLATFORM,0,0,0,0,0,0,0
ukraine,arabherald.com,com,GLOBAL,GLOBAL,GLOBAL,PLATFORM,0,0,0,0,0,0,0
ukraine,arabtimesonline.com,com,GLOBAL,GLOBAL,GLOBAL,PLATFORM,0,0,0,0,0,0,0
ukraine,architectmagazine.com,com,GLOBAL,GLOBAL,GLOBAL,PLATFORM,0,0,0,0,0,0,0
ukraine,areawidenews.com,com,GLOBAL,GLOBAL,GLOBAL,PLATFORM,0,0,0,0,0,0,0
ukraine,article.wn.com,com,GLOBAL,GLOBAL,GLOBAL,PLATFORM,0,0,0,0,0,0,0
ukraine,athensmessenger.com,com,GLOBAL,GLOBAL,GLOBAL,PLATFORM,0,0,0,0,0,0,0
ukraine,atlantamagazine.com,com,GLOBAL,GLOBAL,GLOBAL,PLATFORM,0,0,0,0,0,0,0
ukraine,australiannews.net,net,GLOBAL,GLOBAL,GLOBAL,PLATFORM,0,0,0,0,0,0,0
ukraine,autoblog.com,com,GLOBAL,GLOBAL,GLOBAL,PLATFORM,0,0,0,0,0,0,0
ukraine,automationworld.com:443,NA,NA,NA,OTHER,PLATFORM,0,0,0,0,0,0,0
ukraine,aviationweek.com,com,GLOBAL,GLOBAL,GLOBAL,PLATFORM,0,0,0,0,0,0,0
ukraine,azcentral.com,com,GLOBAL,GLOBAL,GLOBAL,PLATFORM,0,0,0,0,0,0,0
ukraine,azdailysun.com,com,GLOBAL,GLOBAL,GLOBAL,PLATFORM,0,0,0,0,0,0,0
ukraine,azmirror.com,com,GLOBAL,GLOBAL,GLOBAL,PLATFORM,0,0,0,0,0,0,0
ukraine,bangkokpost.com,com,GLOBAL,GLOBAL,GLOBAL,PLATFORM,0,0,0,0,0,0,0
ukraine,baristanet.com,com,GLOBAL,GLOBAL,GLOBAL,PLATFORM,0,0,0,0,0,0,0
ukraine,barryanddistrictnews.co.uk,uk,GB,Europe & Central Asia,OTHER,PLATFORM,0,0,0,0,0,0,0
ukraine,basingstokegazette.co.uk,uk,GB,Europe & Central Asia,OTHER,PLATFORM,0,0,0,0,0,0,0
ukraine,beaumontenterprise.com,com,GLOBAL,GLOBAL,GLOBAL,PLATFORM,0,0,0,0,0,0,0
ukraine,beijingbulletin.com,com,GLOBAL,GLOBAL,GLOBAL,PLATFORM,0,0,0,0,0,0,0
ukraine,bevnet.com,com,GLOBAL,GLOBAL,GLOBAL,PLATFORM,0,0,0,0,0,0,0
ukraine,biblestudytools.com,com,GLOBAL,GLOBAL,GLOBAL,PLATFORM,0,0,0,0,0,0,0
ukraine,bigcountry969.com,com,GLOBAL,GLOBAL,GLOBAL,PLATFORM,0,0,0,0,0,0,0
ukraine,blazin1023.com,com,GLOBAL,GLOBAL,GLOBAL,PLATFORM,0,0,0,0,0,0,0
ukraine,boisestatepublicradio.org,org,GLOBAL,GLOBAL,GLOBAL,PLATFORM,0,0,0,0,0,0,0
ukraine,bostonmagazine.com,com,GLOBAL,GLOBAL,GLOBAL,PLATFORM,0,0,0,0,0,0,0
ukraine,boxden.com,com,GLOBAL,GLOBAL,GLOBAL,PLATFORM,0,0,0,0,0,0,0
ukraine,bozemandailychronicle.com,com,GLOBAL,GLOBAL,GLOBAL,PLATFORM,0,0,0,0,0,0,0
ukraine,br.noticias.yahoo.com,com,GLOBAL,GLOBAL,GLOBAL,PLATFORM,0,0,0,0,0,0,0
ukraine,bransontrilakesnews.com,com,GLOBAL,GLOBAL,GLOBAL,PLATFORM,0,0,0,0,0,0,0
ukraine,brisbanetimes.com.au,au,AU,East Asia & Pacific,OTHER,PLATFORM,0,0,0,0,0,0,0
ukraine,bristolpost.co.uk,uk,GB,Europe & Central Asia,OTHER,PLATFORM,0,0,0,0,0,0,0
ukraine,buffalonews.com,com,GLOBAL,GLOBAL,GLOBAL,PLATFORM,0,0,0,0,0,0,0
ukraine,businessinsider.com,com,GLOBAL,GLOBAL,GLOBAL,PLATFORM,1,0,0,0,0,0,1
ukraine,businessinsider.com.au,au,AU,East Asia & Pacific,OTHER,PLATFORM,0,0,0,0,0,0,0
ukraine,businesstoday.in,in,IN,South Asia,OTHER,PLATFORM,0,0,0,0,0,0,0
ukraine,callapple.org,org,GLOBAL,GLOBAL,GLOBAL,PLATFORM,0,0,0,0,0,0,0
ukraine,carlow-nationalist.ie,ie,NA,NA,OTHER,PLATFORM,0,0,0,0,0,0,0
ukraine,castanet.net,net,GLOBAL,GLOBAL,GLOBAL,PLATFORM,0,0,0,0,0,0,0
ukraine,catholicnews.com,com,GLOBAL,GLOBAL,GLOBAL,PLATFORM,0,0,0,0,0,0,0
ukraine,cbs19.tv,tv,NA,NA,OTHER,PLATFORM,0,0,0,0,0,0,0
ukraine,cbsnews.com,com,GLOBAL,GLOBAL,GLOBAL,PLATFORM,0,0,0,0,0,0,0
ukraine,celebdirtylaundry.com,com,GLOBAL,GLOBAL,GLOBAL,PLATFORM,0,0,0,0,0,0,0
ukraine,cha.house.gov,gov,NA,NA,OTHER,PLATFORM,0,0,0,1,0,0,1
ukraine,chinadaily.com.cn,cn,CN,East Asia & Pacific,OTHER,PLATFORM,0,0,1,0,0,0,1
ukraine,chronicleonline.com,com,GLOBAL,GLOBAL,GLOBAL,PLATFORM,0,0,0,0,0,0,0
ukraine,cnn.com,com,GLOBAL,GLOBAL,GLOBAL,PLATFORM,0,0,0,0,0,0,0
ukraine,cnsnews.com,com,GLOBAL,GLOBAL,GLOBAL,PLATFORM,0,0,0,0,0,0,0
ukraine,complex.com,com,GLOBAL,GLOBAL,GLOBAL,PLATFORM,0,0,0,0,0,0,0
ukraine,conwaydailysun.com,com,GLOBAL,GLOBAL,GLOBAL,PLATFORM,0,0,0,0,0,0,0
ukraine,crainsnewyork.com,com,GLOBAL,GLOBAL,GLOBAL,PLATFORM,0,0,0,0,0,0,0
ukraine,ctrl.blog,blog,NA,NA,OTHER,PLATFORM,0,0,0,0,0,0,0
ukraine,ctvnews.ca,ca,CA,North America,OTHER,PLATFORM,0,0,0,0,0,0,0
ukraine,currentargus.com,com,GLOBAL,GLOBAL,GLOBAL,PLATFORM,0,0,0,0,0,0,0
ukraine,dailyhive.com,com,GLOBAL,GLOBAL,GLOBAL,PLATFORM,0,0,0,0,0,0,0
ukraine,dailymail.co.uk,uk,GB,Europe & Central Asia,OTHER,PLATFORM,0,0,0,0,0,0,0
ukraine,dailymaverick.co.za,za,ZA,Sub-Saharan Africa,AFRICA,PLATFORM,0,0,0,0,0,0,0
ukraine,dailynorthwestern.com,com,GLOBAL,GLOBAL,GLOBAL,PLATFORM,0,0,0,0,0,0,0
ukraine,dailyvoice.com,com,GLOBAL,GLOBAL,GLOBAL,PLATFORM,0,0,0,0,0,0,0
ukraine,dairynewsaustralia.com.au,au,AU,East Asia & Pacific,OTHER,PLATFORM,0,0,0,0,0,0,0
ukraine,dercuano.github.io,io,NA,NA,OTHER,PLATFORM,0,0,0,0,0,0,0
ukraine,deseret.com,com,GLOBAL,GLOBAL,GLOBAL,PLATFORM,0,0,0,0,0,0,0
ukraine,desototimes.com,com,GLOBAL,GLOBAL,GLOBAL,PLATFORM,0,0,0,0,0,0,0
ukraine,detroitnews.com,com,GLOBAL,GLOBAL,GLOBAL,PLATFORM,0,0,0,0,0,0,0
ukraine,developingtelecoms.com,com,GLOBAL,GLOBAL,GLOBAL,PLATFORM,0,0,0,0,0,0,0
ukraine,digitaljournal.com,com,GLOBAL,GLOBAL,GLOBAL,PLATFORM,0,0,0,0,0,0,0
ukraine,dl-online.com,com,GLOBAL,GLOBAL,GLOBAL,PLATFORM,0,0,0,0,0,0,0
ukraine,duluthnewstribune.com,com,GLOBAL,GLOBAL,GLOBAL,PLATFORM,0,0,0,0,0,0,0
ukraine,dvidshub.net,net,GLOBAL,GLOBAL,GLOBAL,PLATFORM,0,0,0,0,0,0,0
ukraine,easy1350.iheart.com,com,GLOBAL,GLOBAL,GLOBAL,PLATFORM,0,0,0,0,0,0,0
ukraine,economist.com,com,GLOBAL,GLOBAL,GLOBAL,PLATFORM,0,0,0,0,0,0,0
ukraine,ecuadortimes.net,net,GLOBAL,GLOBAL,GLOBAL,PLATFORM,0,0,0,0,0,0,0
ukraine,elimpulso.com,com,GLOBAL,GLOBAL,GLOBAL,PLATFORM,0,0,0,0,0,0,0
ukraine,emporiaindependentmessenger.com,com,GLOBAL,GLOBAL,GLOBAL,PLATFORM,0,0,0,0,0,0,0
ukraine,en.antaranews.com,com,GLOBAL,GLOBAL,GLOBAL,PLATFORM,0,0,0,0,0,0,0
ukraine,en.vietnamplus.vn,vn,NA,NA,OTHER,PLATFORM,0,0,0,0,0,0,0
ukraine,energycommerce.house.gov,gov,NA,NA,OTHER,PLATFORM,0,0,0,1,0,0,1
ukraine,english.ahram.org.eg,eg,EG,Middle East & North Africa,OTHER,PLATFORM,0,0,0,0,0,0,0
ukraine,espn.com,com,GLOBAL,GLOBAL,GLOBAL,PLATFORM,0,0,0,0,0,0,0
ukraine,evolutionnews.org,org,GLOBAL,GLOBAL,GLOBAL,PLATFORM,0,0,0,0,0,0,0
ukraine,farmersjournal.ie,ie,NA,NA,OTHER,PLATFORM,0,0,0,0,0,0,0
ukraine,fastcompany.com,com,GLOBAL,GLOBAL,GLOBAL,PLATFORM,0,0,0,0,0,0,0
ukraine,fieldfisher.com,com,GLOBAL,GLOBAL,GLOBAL,PLATFORM,0,0,0,0,0,0,0
ukraine,finance.yahoo.com,com,GLOBAL,GLOBAL,GLOBAL,PLATFORM,0,0,0,0,0,0,0
ukraine,financial-planning.com,com,GLOBAL,GLOBAL,GLOBAL,PLATFORM,0,0,0,0,0,0,0
ukraine,firerescue1.com:443,NA,NA,NA,OTHER,PLATFORM,0,0,0,0,0,0,0
ukraine,flipboard.com,com,GLOBAL,GLOBAL,GLOBAL,PLATFORM,0,0,0,0,0,0,0
ukraine,fool.com,com,GLOBAL,GLOBAL,GLOBAL,PLATFORM,0,0,0,0,0,0,0
ukraine,forbes.com,com,GLOBAL,GLOBAL,GLOBAL,PLATFORM,1,0,0,0,0,0,1
ukraine,foreignaffairs.co.nz,nz,NZ,East Asia & Pacific,OTHER,PLATFORM,0,0,0,0,0,0,0
ukraine,forexlive.com,com,GLOBAL,GLOBAL,GLOBAL,PLATFORM,0,0,0,0,0,0,0
ukraine,forward.com,com,GLOBAL,GLOBAL,GLOBAL,PLATFORM,0,0,0,0,0,0,0
ukraine,fox10phoenix.com,com,GLOBAL,GLOBAL,GLOBAL,PLATFORM,0,0,0,0,0,0,0
ukraine,fox10tv.com,com,GLOBAL,GLOBAL,GLOBAL,PLATFORM,0,0,0,0,0,0,0
ukraine,foxbusiness.com,com,GLOBAL,GLOBAL,GLOBAL,PLATFORM,0,0,0,0,0,0,0
ukraine,france24.com,com,GLOBAL,GLOBAL,GLOBAL,PLATFORM,0,0,0,0,0,0,0
ukraine,frankie.com.au,au,AU,East Asia & Pacific,OTHER,PLATFORM,0,0,0,0,0,0,0
ukraine,freddalzell.com,com,GLOBAL,GLOBAL,GLOBAL,PLATFORM,0,0,0,0,0,0,0
ukraine,freepressseries.co.uk,uk,GB,Europe & Central Asia,OTHER,PLATFORM,0,0,0,0,0,0,0
ukraine,gamespot.com,com,GLOBAL,GLOBAL,GLOBAL,PLATFORM,0,0,0,0,0,0,0
ukraine,gbc.gi,gi,NA,NA,OTHER,PLATFORM,0,0,0,0,0,0,0
ukraine,gcaptain.com,com,GLOBAL,GLOBAL,GLOBAL,PLATFORM,0,0,0,0,0,0,0
ukraine,genomeweb.com,com,GLOBAL,GLOBAL,GLOBAL,PLATFORM,0,0,0,0,0,0,0
ukraine,geograph.org.uk,uk,GB,Europe & Central Asia,OTHER,PLATFORM,0,0,0,0,0,0,0
ukraine,getsurrey.co.uk,uk,GB,Europe & Central Asia,OTHER,PLATFORM,0,0,0,0,0,0,0
ukraine,github.com,com,GLOBAL,GLOBAL,GLOBAL,PLATFORM,0,0,0,0,0,0,0
ukraine,glasgowtimes.co.uk,uk,GB,Europe & Central Asia,OTHER,PLATFORM,0,0,0,0,0,0,0
ukraine,gleague.nba.com,com,GLOBAL,GLOBAL,GLOBAL,PLATFORM,0,0,0,0,0,0,0
ukraine,gov.uk,uk,GB,Europe & Central Asia,OTHER,PLATFORM,0,0,0,0,0,0,0
ukraine,governor.utah.gov,gov,NA,NA,OTHER,PLATFORM,0,0,0,1,0,0,1
ukraine,greatfallstribune.com,com,GLOBAL,GLOBAL,GLOBAL,PLATFORM,0,0,0,0,0,0,0
ukraine,greatlakesnow.org,org,GLOBAL,GLOBAL,GLOBAL,PLATFORM,0,0,0,0,0,0,0
ukraine,ground.news,news,NA,NA,OTHER,PLATFORM,0,0,0,0,0,0,0
ukraine,haaretz.com,com,GLOBAL,GLOBAL,GLOBAL,PLATFORM,0,0,0,0,0,0,0
ukraine,hancinema.net,net,GLOBAL,GLOBAL,GLOBAL,PLATFORM,0,0,0,0,0,0,0
ukraine,headlinestoday.in,in,IN,South Asia,OTHER,PLATFORM,0,0,0,0,0,0,0
ukraine,herald-review.com,com,GLOBAL,GLOBAL,GLOBAL,PLATFORM,0,0,0,0,0,0,0
ukraine,hits957.iheart.com,com,GLOBAL,GLOBAL,GLOBAL,PLATFORM,0,0,0,0,0,0,0
ukraine,home.nzcity.co.nz,nz,NZ,East Asia & Pacific,OTHER,PLATFORM,0,0,0,0,0,0,0
ukraine,hometownregister.com,com,GLOBAL,GLOBAL,GLOBAL,PLATFORM,0,0,0,0,0,0,0
ukraine,hospitalitydesign.com,com,GLOBAL,GLOBAL,GLOBAL,PLATFORM,0,0,0,0,0,0,0
ukraine,hot97.com,com,GLOBAL,GLOBAL,GLOBAL,PLATFORM,0,0,0,0,0,0,0
ukraine,houstonchronicle.com,com,GLOBAL,GLOBAL,GLOBAL,PLATFORM,0,0,0,0,0,0,0
ukraine,i95rocks.com,com,GLOBAL,GLOBAL,GLOBAL,PLATFORM,0,0,0,0,0,0,0
ukraine,impartialreporter.com,com,GLOBAL,GLOBAL,GLOBAL,PLATFORM,0,0,0,0,0,0,0
ukraine,indiatoday.in,in,IN,South Asia,OTHER,PLATFORM,0,0,0,0,0,0,0
ukraine,indyweek.com,com,GLOBAL,GLOBAL,GLOBAL,PLATFORM,0,0,0,0,0,0,0
ukraine,inforum.com,com,GLOBAL,GLOBAL,GLOBAL,PLATFORM,0,0,0,0,0,0,0
ukraine,insidelacrosse.com,com,GLOBAL,GLOBAL,GLOBAL,PLATFORM,0,0,0,0,0,0,0
ukraine,insidermonkey.com,com,GLOBAL,GLOBAL,GLOBAL,PLATFORM,0,0,0,0,0,0,0
ukraine,iowapublicradio.org,org,GLOBAL,GLOBAL,GLOBAL,PLATFORM,0,0,0,0,0,0,0
ukraine,it.notizie.yahoo.com,com,GLOBAL,GLOBAL,GLOBAL,PLATFORM,0,0,0,0,0,0,0
ukraine,jamaicaobserver.com,com,GLOBAL,GLOBAL,GLOBAL,PLATFORM,0,0,0,0,0,0,0
ukraine,jamestownsun.com,com,GLOBAL,GLOBAL,GLOBAL,PLATFORM,0,0,0,0,0,0,0
ukraine,jhnewsandguide.com,com,GLOBAL,GLOBAL,GLOBAL,PLATFORM,0,0,0,0,0,0,0
ukraine,jobsite.gcaptain.com,com,GLOBAL,GLOBAL,GLOBAL,PLATFORM,0,0,0,0,0,0,0
ukraine,k99fm.iheart.com,com,GLOBAL,GLOBAL,GLOBAL,PLATFORM,0,0,0,0,0,0,0
ukraine,kalw.org,org,GLOBAL,GLOBAL,GLOBAL,PLATFORM,0,0,0,0,0,0,0
ukraine,kashcountry1075.iheart.com,com,GLOBAL,GLOBAL,GLOBAL,PLATFORM,0,0,0,0,0,0,0
ukraine,kdrv.com,com,GLOBAL,GLOBAL,GLOBAL,PLATFORM,0,0,0,0,0,0,0
ukraine,kedm.org,org,GLOBAL,GLOBAL,GLOBAL,PLATFORM,0,0,0,0,0,0,0
ukraine,kelo.com,com,GLOBAL,GLOBAL,GLOBAL,PLATFORM,0,0,0,0,0,0,0
ukraine,kentlive.news,news,NA,NA,OTHER,PLATFORM,0,0,0,0,0,0,0
ukraine,kfyi.iheart.com,com,GLOBAL,GLOBAL,GLOBAL,PLATFORM,0,0,0,0,0,0,0
ukraine,kgou.org,org,GLOBAL,GLOBAL,GLOBAL,PLATFORM,0,0,0,0,0,0,0
ukraine,kion546.com,com,GLOBAL,GLOBAL,GLOBAL,PLATFORM,0,0,0,0,0,0,0
ukraine,kiss1027fm.iheart.com,com,GLOBAL,GLOBAL,GLOBAL,PLATFORM,0,0,0,0,0,0,0
ukraine,kitchener.ctvnews.ca,ca,CA,North America,OTHER,PLATFORM,0,0,0,0,0,0,0
ukraine,kitv.com,com,GLOBAL,GLOBAL,GLOBAL,PLATFORM,0,0,0,0,0,0,0
ukraine,kixs.com,com,GLOBAL,GLOBAL,GLOBAL,PLATFORM,0,0,0,0,0,0,0
ukraine,kksa-am.com,com,GLOBAL,GLOBAL,GLOBAL,PLATFORM,0,0,0,0,0,0,0
ukraine,koco.com,com,GLOBAL,GLOBAL,GLOBAL,PLATFORM,0,0,0,0,0,0,0
ukraine,krsl.com,com,GLOBAL,GLOBAL,GLOBAL,PLATFORM,0,0,0,0,0,0,0
ukraine,ksam1017.com,com,GLOBAL,GLOBAL,GLOBAL,PLATFORM,0,0,0,0,0,0,0
ukraine,kuna.net.kw,kw,NA,NA,OTHER,PLATFORM,0,0,0,0,0,0,0
ukraine,kut.org,org,GLOBAL,GLOBAL,GLOBAL,PLATFORM,0,0,0,0,0,0,0
ukraine,kvia.com,com,GLOBAL,GLOBAL,GLOBAL,PLATFORM,0,0,0,0,0,0,0
ukraine,kxxv.com,com,GLOBAL,GLOBAL,GLOBAL,PLATFORM,0,0,0,0,0,0,0
ukraine,kygl.com,com,GLOBAL,GLOBAL,GLOBAL,PLATFORM,0,0,0,0,0,0,0
ukraine,labmanager.com,com,GLOBAL,GLOBAL,GLOBAL,PLATFORM,0,0,0,0,0,0,0
ukraine,lancasteronline.com,com,GLOBAL,GLOBAL,GLOBAL,PLATFORM,0,0,0,0,0,0,0
ukraine,laosnews.net,net,GLOBAL,GLOBAL,GLOBAL,PLATFORM,0,0,0,0,0,0,0
ukraine,latimes.com,com,GLOBAL,GLOBAL,GLOBAL,PLATFORM,0,0,0,0,0,0,0
ukraine,lawandcrime.com,com,GLOBAL,GLOBAL,GLOBAL,PLATFORM,0,0,0,0,0,0,0
ukraine,lebanon-express.com,com,GLOBAL,GLOBAL,GLOBAL,PLATFORM,0,0,0,0,0,0,0
ukraine,ledburyreporter.co.uk,uk,GB,Europe & Central Asia,OTHER,PLATFORM,0,0,0,0,0,0,0
ukraine,leicestermercury.co.uk,uk,GB,Europe & Central Asia,OTHER,PLATFORM,0,0,0,0,0,0,0
ukraine,leinsterleader.ie,ie,NA,NA,OTHER,PLATFORM,0,0,0,0,0,0,0
ukraine,lep.co.uk,uk,GB,Europe & Central Asia,OTHER,PLATFORM,0,0,0,0,0,0,0
ukraine,libn.com,com,GLOBAL,GLOBAL,GLOBAL,PLATFORM,0,0,0,0,0,0,0
ukraine,lifehacker.com.au,au,AU,East Asia & Pacific,OTHER,PLATFORM,0,0,0,0,0,0,0
ukraine,livejournal.com,com,GLOBAL,GLOBAL,GLOBAL,PLATFORM,0,0,0,0,0,0,0
ukraine,liverpoolecho.co.uk,uk,GB,Europe & Central Asia,OTHER,PLATFORM,0,0,0,0,0,0,0
ukraine,local3news.com,com,GLOBAL,GLOBAL,GLOBAL,PLATFORM,0,0,0,0,0,0,0
ukraine,longbeachstar.com,com,GLOBAL,GLOBAL,GLOBAL,PLATFORM,0,0,0,0,0,0,0
ukraine,loudersound.com,com,GLOBAL,GLOBAL,GLOBAL,PLATFORM,0,0,0,0,0,0,0
ukraine,lse.co.uk,uk,GB,Europe & Central Asia,OTHER,PLATFORM,0,0,0,0,0,0,0
ukraine,macrobusiness.com.au,au,AU,East Asia & Pacific,OTHER,PLATFORM,0,0,0,0,0,0,0
ukraine,macrumors.com,com,GLOBAL,GLOBAL,GLOBAL,PLATFORM,0,0,0,0,0,0,0
ukraine,madison.com,com,GLOBAL,GLOBAL,GLOBAL,PLATFORM,0,0,0,0,0,0,0
ukraine,maldonandburnhamstandard.co.uk,uk,GB,Europe & Central Asia,OTHER,PLATFORM,0,0,0,0,0,0,0
ukraine,manchesterjournal.com,com,GLOBAL,GLOBAL,GLOBAL,PLATFORM,0,0,0,0,0,0,0
ukraine,marieclaire.com,com,GLOBAL,GLOBAL,GLOBAL,PLATFORM,0,0,0,0,0,0,0
ukraine,markets.businessinsider.com,com,GLOBAL,GLOBAL,GLOBAL,PLATFORM,0,0,0,0,0,0,0
ukraine,marketwatch.com,com,GLOBAL,GLOBAL,GLOBAL,PLATFORM,1,0,0,0,0,0,1
ukraine,marshallnews.com,com,GLOBAL,GLOBAL,GLOBAL,PLATFORM,0,0,0,0,0,0,0
ukraine,mdjonline.com,com,GLOBAL,GLOBAL,GLOBAL,PLATFORM,0,0,0,0,0,0,0
ukraine,mediaite.com,com,GLOBAL,GLOBAL,GLOBAL,PLATFORM,0,0,0,0,0,0,0
ukraine,mediakit.orlandoweekly.com,com,GLOBAL,GLOBAL,GLOBAL,PLATFORM,0,0,0,0,0,0,0
ukraine,medpagetoday.com,com,GLOBAL,GLOBAL,GLOBAL,PLATFORM,0,0,0,0,0,0,0
ukraine,medscape.com,com,GLOBAL,GLOBAL,GLOBAL,PLATFORM,0,0,0,0,0,0,0
ukraine,menafn.com,com,GLOBAL,GLOBAL,GLOBAL,PLATFORM,0,0,0,0,0,0,0
ukraine,mesabitribune.com,com,GLOBAL,GLOBAL,GLOBAL,PLATFORM,0,0,0,0,0,0,0
ukraine,messenger-inquirer.com,com,GLOBAL,GLOBAL,GLOBAL,PLATFORM,0,0,0,0,0,0,0
ukraine,mexicostar.com,com,GLOBAL,GLOBAL,GLOBAL,PLATFORM,0,0,0,0,0,0,0
ukraine,mirror.co.uk,uk,GB,Europe & Central Asia,OTHER,PLATFORM,0,0,0,0,0,0,0
ukraine,missoulian.com,com,GLOBAL,GLOBAL,GLOBAL,PLATFORM,0,0,0,0,0,0,0
ukraine,mitsloan.mit.edu,edu,NA,NA,OTHER,PLATFORM,0,0,0,0,0,0,0
ukraine,moddb.com,com,GLOBAL,GLOBAL,GLOBAL,PLATFORM,0,0,0,0,0,0,0
ukraine,model-engineer.co.uk,uk,GB,Europe & Central Asia,OTHER,PLATFORM,0,0,0,0,0,0,0
ukraine,montgomeryadvertiser.com,com,GLOBAL,GLOBAL,GLOBAL,PLATFORM,0,0,0,0,0,0,0
ukraine,mortgagenewsdaily.com:443,NA,NA,NA,OTHER,PLATFORM,0,0,0,0,0,0,0
ukraine,moultonadvertiser.com,com,GLOBAL,GLOBAL,GLOBAL,PLATFORM,0,0,0,0,0,0,0
ukraine,mrt.com,com,GLOBAL,GLOBAL,GLOBAL,PLATFORM,0,0,0,0,0,0,0
ukraine,msn.com,com,GLOBAL,GLOBAL,GLOBAL,PLATFORM,0,0,0,0,0,0,0
ukraine,multiplesclerosisnewstoday.com,com,GLOBAL,GLOBAL,GLOBAL,PLATFORM,0,0,0,0,0,0,0
ukraine,mumbrella.com.au,au,AU,East Asia & Pacific,OTHER,PLATFORM,0,0,0,0,0,0,0
ukraine,muscatinejournal.com,com,GLOBAL,GLOBAL,GLOBAL,PLATFORM,0,0,0,0,0,0,0
ukraine,my957.com,com,GLOBAL,GLOBAL,GLOBAL,PLATFORM,0,0,0,0,0,0,0
ukraine,myneworleans.com,com,GLOBAL,GLOBAL,GLOBAL,PLATFORM,0,0,0,0,0,0,0
ukraine,mynorthwest.com,com,GLOBAL,GLOBAL,GLOBAL,PLATFORM,0,0,0,0,0,0,0
ukraine,mynspr.org,org,GLOBAL,GLOBAL,GLOBAL,PLATFORM,0,0,0,0,0,0,0
ukraine,myplainview.com,com,GLOBAL,GLOBAL,GLOBAL,PLATFORM,0,0,0,0,0,0,0
ukraine,myrecordjournal.com,com,GLOBAL,GLOBAL,GLOBAL,PLATFORM,0,0,0,0,0,0,0
ukraine,mysanantonio.com,com,GLOBAL,GLOBAL,GLOBAL,PLATFORM,0,0,0,0,0,0,0
ukraine,nashvilleherald.com,com,GLOBAL,GLOBAL,GLOBAL,PLATFORM,0,0,0,0,0,0,0
ukraine,nationnews.com,com,GLOBAL,GLOBAL,GLOBAL,PLATFORM,0,0,0,0,0,0,0
ukraine,naturalresources.house.gov,gov,NA,NA,OTHER,PLATFORM,0,0,0,1,0,0,1
ukraine,nature.com,com,GLOBAL,GLOBAL,GLOBAL,PLATFORM,0,0,0,0,0,0,0
ukraine,nba.com,com,GLOBAL,GLOBAL,GLOBAL,PLATFORM,0,0,0,0,0,0,0
ukraine,nbcnews.com,com,GLOBAL,GLOBAL,GLOBAL,PLATFORM,0,0,0,0,0,0,0
ukraine,nbcphiladelphia.com,com,GLOBAL,GLOBAL,GLOBAL,PLATFORM,0,0,0,0,0,0,0
ukraine,neonnettle.com,com,GLOBAL,GLOBAL,GLOBAL,PLATFORM,0,0,0,0,0,0,0
ukraine,neoskosmos.com,com,GLOBAL,GLOBAL,GLOBAL,PLATFORM,0,0,0,0,0,0,0
ukraine,news-expressky.com,com,GLOBAL,GLOBAL,GLOBAL,PLATFORM,0,0,0,0,0,0,0
ukraine,news.usni.org,org,GLOBAL,GLOBAL,GLOBAL,PLATFORM,0,0,0,0,0,0,0
ukraine,news.webindia123.com,com,GLOBAL,GLOBAL,GLOBAL,PLATFORM,0,0,0,0,0,0,0
ukraine,news.yahoo.com,com,GLOBAL,GLOBAL,GLOBAL,PLATFORM,0,0,0,0,0,0,0
ukraine,newscentermaine.com,com,GLOBAL,GLOBAL,GLOBAL,PLATFORM,0,0,0,0,0,0,0
ukraine,newsday.co.tt,tt,NA,NA,OTHER,PLATFORM,0,0,0,0,0,0,0
ukraine,newsecuritybeat.org,org,GLOBAL,GLOBAL,GLOBAL,PLATFORM,0,0,0,0,0,0,0
ukraine,newstribune.com,com,GLOBAL,GLOBAL,GLOBAL,PLATFORM,0,0,0,0,0,0,0
ukraine,newsweek.com,com,GLOBAL,GLOBAL,GLOBAL,PLATFORM,0,0,0,0,0,0,0
ukraine,nhpr.org,org,GLOBAL,GLOBAL,GLOBAL,PLATFORM,0,0,0,0,0,0,0
ukraine,nhregister.com,com,GLOBAL,GLOBAL,GLOBAL,PLATFORM,0,0,0,0,0,0,0
ukraine,noozhawk.com,com,GLOBAL,GLOBAL,GLOBAL,PLATFORM,0,0,0,0,0,0,0
ukraine,northwaleschronicle.co.uk,uk,GB,Europe & Central Asia,OTHER,PLATFORM,0,0,0,0,0,0,0
ukraine,nwemail.co.uk,uk,GB,Europe & Central Asia,OTHER,PLATFORM,0,0,0,0,0,0,0
ukraine,nytimes.com,com,GLOBAL,GLOBAL,GLOBAL,PLATFORM,0,0,0,0,0,0,0
ukraine,oann.com,com,GLOBAL,GLOBAL,GLOBAL,PLATFORM,0,0,0,0,0,0,0
ukraine,observer.ug,ug,NA,NA,OTHER,PLATFORM,0,0,0,0,0,0,0
ukraine,ohnotheydidnt.livejournal.com,com,GLOBAL,GLOBAL,GLOBAL,PLATFORM,0,0,0,0,0,0,0
ukraine,omaha.com,com,GLOBAL,GLOBAL,GLOBAL,PLATFORM,0,0,0,0,0,0,0
ukraine,opendemocracy.net,net,GLOBAL,GLOBAL,GLOBAL,PLATFORM,0,0,0,0,0,0,0
ukraine,oregonbusiness.com,com,GLOBAL,GLOBAL,GLOBAL,PLATFORM,0,0,0,0,0,0,0
ukraine,orlandoweekly.com,com,GLOBAL,GLOBAL,GLOBAL,PLATFORM,0,0,0,0,0,0,0
ukraine,oswegocountynewsnow.com,com,GLOBAL,GLOBAL,GLOBAL,PLATFORM,0,0,0,0,0,0,0
ukraine,overdriveonline.com:443,NA,NA,NA,OTHER,PLATFORM,0,0,0,0,0,0,0
ukraine,oversight.house.gov,gov,NA,NA,OTHER,PLATFORM,0,0,0,1,0,0,1
ukraine,oversixty.com.au,au,AU,East Asia & Pacific,OTHER,PLATFORM,0,0,0,0,0,0,0
ukraine,oxfordmail.co.uk,uk,GB,Europe & Central Asia,OTHER,PLATFORM,0,0,0,0,0,0,0
ukraine,packers.com,com,GLOBAL,GLOBAL,GLOBAL,PLATFORM,0,0,0,0,0,0,0
ukraine,padailypost.com,com,GLOBAL,GLOBAL,GLOBAL,PLATFORM,0,0,0,0,0,0,0
ukraine,pantagraph.com,com,GLOBAL,GLOBAL,GLOBAL,PLATFORM,0,0,0,0,0,0,0
ukraine,patch.com,com,GLOBAL,GLOBAL,GLOBAL,PLATFORM,0,0,0,0,0,0,0
ukraine,pbs.org,org,GLOBAL,GLOBAL,GLOBAL,PLATFORM,0,0,0,0,0,0,0
ukraine,pctonline.com,com,GLOBAL,GLOBAL,GLOBAL,PLATFORM,0,0,0,0,0,0,0
ukraine,pghcitypaper.com,com,GLOBAL,GLOBAL,GLOBAL,PLATFORM,0,0,0,0,0,0,0
ukraine,pmnewsnigeria.com,com,GLOBAL,GLOBAL,GLOBAL,PLATFORM,0,0,0,0,0,0,0
ukraine,pokernews.com,com,GLOBAL,GLOBAL,GLOBAL,PLATFORM,0,0,0,0,0,0,0
ukraine,pollstar.com,com,GLOBAL,GLOBAL,GLOBAL,PLATFORM,0,0,0,0,0,0,0
ukraine,postandcourier.com,com,GLOBAL,GLOBAL,GLOBAL,PLATFORM,0,0,0,0,0,0,0
ukraine,postcrescent.com,com,GLOBAL,GLOBAL,GLOBAL,PLATFORM,0,0,0,0,0,0,0
ukraine,postregister.com,com,GLOBAL,GLOBAL,GLOBAL,PLATFORM,0,0,0,0,0,0,0
ukraine,power1069fm.com,com,GLOBAL,GLOBAL,GLOBAL,PLATFORM,0,0,0,0,0,0,0
ukraine,premierchristianradio.com,com,GLOBAL,GLOBAL,GLOBAL,PLATFORM,0,0,0,0,0,0,0
ukraine,pressandjournal.co.uk,uk,GB,Europe & Central Asia,OTHER,PLATFORM,0,0,0,0,0,0,0
ukraine,prnewswire.com:443,NA,NA,NA,OTHER,PLATFORM,0,0,0,0,0,0,0
ukraine,pro32.ap.org,org,GLOBAL,GLOBAL,GLOBAL,PLATFORM,0,0,0,0,0,0,0
ukraine,proactiveinvestors.com.au,au,AU,East Asia & Pacific,OTHER,PLATFORM,0,0,0,0,0,0,0
ukraine,progress-index.com,com,GLOBAL,GLOBAL,GLOBAL,PLATFORM,0,0,0,0,0,0,0
ukraine,puck.news,news,NA,NA,OTHER,PLATFORM,0,0,0,0,0,0,0
ukraine,punchng.com,com,GLOBAL,GLOBAL,GLOBAL,PLATFORM,0,0,0,0,0,0,0
ukraine,radiousa.com,com,GLOBAL,GLOBAL,GLOBAL,PLATFORM,0,0,0,0,0,0,0
ukraine,real959.iheart.com,com,GLOBAL,GLOBAL,GLOBAL,PLATFORM,0,0,0,0,0,0,0
ukraine,realagriculture.com,com,GLOBAL,GLOBAL,GLOBAL,PLATFORM,0,0,0,0,0,0,0
ukraine,realitytvworld.com,com,GLOBAL,GLOBAL,GLOBAL,PLATFORM,0,0,0,0,0,0,0
ukraine,record-eagle.com,com,GLOBAL,GLOBAL,GLOBAL,PLATFORM,0,0,0,0,0,0,0
ukraine,redeyeradioshow.com,com,GLOBAL,GLOBAL,GLOBAL,PLATFORM,0,0,0,0,0,0,0
ukraine,reformer.com,com,GLOBAL,GLOBAL,GLOBAL,PLATFORM,0,0,0,0,0,0,0
ukraine,registercitizen.com,com,GLOBAL,GLOBAL,GLOBAL,PLATFORM,0,0,0,0,0,0,0
ukraine,reversemortgagedaily.com,com,GLOBAL,GLOBAL,GLOBAL,PLATFORM,0,0,0,0,0,0,0
ukraine,rfi.fr,fr,FR,Europe & Central Asia,OTHER,PLATFORM,0,0,0,0,0,0,0
ukraine,richmond.com,com,GLOBAL,GLOBAL,GLOBAL,PLATFORM,0,0,0,0,0,0,0
ukraine,rivernewsonline.com,com,GLOBAL,GLOBAL,GLOBAL,PLATFORM,0,0,0,0,0,0,0
ukraine,rnz.co.nz,nz,NZ,East Asia & Pacific,OTHER,PLATFORM,0,0,0,0,0,0,0
ukraine,rocketcitynow.com,com,GLOBAL,GLOBAL,GLOBAL,PLATFORM,0,0,0,0,0,0,0
ukraine,romseyadvertiser.co.uk,uk,GB,Europe & Central Asia,OTHER,PLATFORM,0,0,0,0,0,0,0
ukraine,rough-polished.com,com,GLOBAL,GLOBAL,GLOBAL,PLATFORM,0,0,0,0,0,0,0
ukraine,royalcentral.co.uk,uk,GB,Europe & Central Asia,OTHER,PLATFORM,0,0,0,0,0,0,0
ukraine,rrstar.com,com,GLOBAL,GLOBAL,GLOBAL,PLATFORM,0,0,0,0,0,0,0
ukraine,sci-news.com,com,GLOBAL,GLOBAL,GLOBAL,PLATFORM,0,0,0,0,0,0,0
ukraine,science.house.gov,gov,NA,NA,OTHER,PLATFORM,0,0,0,1,0,0,1
ukraine,scmagazine.com,com,GLOBAL,GLOBAL,GLOBAL,PLATFORM,0,0,0,0,0,0,0
ukraine,scvnews.com,com,GLOBAL,GLOBAL,GLOBAL,PLATFORM,0,0,0,0,0,0,0
ukraine,seenews.com,com,GLOBAL,GLOBAL,GLOBAL,PLATFORM,0,0,0,0,0,0,0
ukraine,sfgate.com,com,GLOBAL,GLOBAL,GLOBAL,PLATFORM,0,0,0,0,0,0,0
ukraine,shepherdexpress.com,com,GLOBAL,GLOBAL,GLOBAL,PLATFORM,0,0,0,0,0,0,0
ukraine,shorelinebeacon.com,com,GLOBAL,GLOBAL,GLOBAL,PLATFORM,0,0,0,0,0,0,0
ukraine,si.com,com,GLOBAL,GLOBAL,GLOBAL,PLATFORM,0,0,0,0,0,0,0
ukraine,sidneydailynews.com,com,GLOBAL,GLOBAL,GLOBAL,PLATFORM,0,0,0,0,0,0,0
ukraine,siouxcityjournal.com,com,GLOBAL,GLOBAL,GLOBAL,PLATFORM,0,0,0,0,0,0,0
ukraine,smh.com.au,au,AU,East Asia & Pacific,OTHER,PLATFORM,0,0,0,0,0,0,0
ukraine,societyforscience.org,org,GLOBAL,GLOBAL,GLOBAL,PLATFORM,0,0,0,0,0,0,0
ukraine,sojo1049.com,com,GLOBAL,GLOBAL,GLOBAL,PLATFORM,0,0,0,0,0,0,0
ukraine,somersetcountygazette.co.uk,uk,GB,Europe & Central Asia,OTHER,PLATFORM,0,0,0,0,0,0,0
ukraine,source.wustl.edu,edu,NA,NA,OTHER,PLATFORM,0,0,0,0,0,0,0
ukraine,southwalesargus.co.uk,uk,GB,Europe & Central Asia,OTHER,PLATFORM,0,0,0,0,0,0,0
ukraine,spectrumnews1.com,com,GLOBAL,GLOBAL,GLOBAL,PLATFORM,0,0,0,0,0,0,0
ukraine,spiritofjefferson.com,com,GLOBAL,GLOBAL,GLOBAL,PLATFORM,0,0,0,0,0,0,0
ukraine,srilankasource.com,com,GLOBAL,GLOBAL,GLOBAL,PLATFORM,0,0,0,0,0,0,0
ukraine,stamfordadvocate.com,com,GLOBAL,GLOBAL,GLOBAL,PLATFORM,0,0,0,0,0,0,0
ukraine,standardmedia.co.ke,ke,NA,NA,OTHER,PLATFORM,0,0,0,0,0,0,0
ukraine,startribune.com,com,GLOBAL,GLOBAL,GLOBAL,PLATFORM,0,0,0,0,0,0,0
ukraine,stevivor.com,com,GLOBAL,GLOBAL,GLOBAL,PLATFORM,0,0,0,0,0,0,0
ukraine,straitstimes.com,com,GLOBAL,GLOBAL,GLOBAL,PLATFORM,0,0,0,0,0,0,0
ukraine,streetinsider.com,com,GLOBAL,GLOBAL,GLOBAL,PLATFORM,0,0,0,0,0,0,0
ukraine,stroudnewsandjournal.co.uk,uk,GB,Europe & Central Asia,OTHER,PLATFORM,0,0,0,0,0,0,0
ukraine,tech.hindustantimes.com,com,GLOBAL,GLOBAL,GLOBAL,PLATFORM,0,0,0,0,0,0,0
ukraine,techcrunch.com,com,GLOBAL,GLOBAL,GLOBAL,PLATFORM,0,0,0,0,0,0,0
ukraine,tellerreport.com,com,GLOBAL,GLOBAL,GLOBAL,PLATFORM,0,0,0,0,0,0,0
ukraine,theadvocate.com,com,GLOBAL,GLOBAL,GLOBAL,PLATFORM,0,0,0,0,0,0,0
ukraine,theatlantic.com,com,GLOBAL,GLOBAL,GLOBAL,PLATFORM,0,0,0,0,0,0,0
ukraine,thecourier.co.uk,uk,GB,Europe & Central Asia,OTHER,PLATFORM,0,0,0,0,0,0,0
ukraine,thedailyblog.co.nz,nz,NZ,East Asia & Pacific,OTHER,PLATFORM,0,0,0,0,0,0,0
ukraine,thedenverchannel.com,com,GLOBAL,GLOBAL,GLOBAL,PLATFORM,0,0,0,0,0,0,0
ukraine,theguardian.com,com,GLOBAL,GLOBAL,GLOBAL,PLATFORM,0,0,0,0,0,0,0
ukraine,thehill.com,com,GLOBAL,GLOBAL,GLOBAL,PLATFORM,0,0,0,0,0,0,0
ukraine,thehour.com,com,GLOBAL,GLOBAL,GLOBAL,PLATFORM,0,0,0,0,0,0,0
ukraine,thelancet.com,com,GLOBAL,GLOBAL,GLOBAL,PLATFORM,0,0,0,0,0,0,0
ukraine,thenationonlineng.net,net,GLOBAL,GLOBAL,GLOBAL,PLATFORM,0,0,0,0,0,0,0
ukraine,theprogressnews.com,com,GLOBAL,GLOBAL,GLOBAL,PLATFORM,0,0,0,0,0,0,0
ukraine,thestar.com.my,my,NA,NA,OTHER,PLATFORM,0,0,0,0,0,0,0
ukraine,thesun.co.uk,uk,GB,Europe & Central Asia,OTHER,PLATFORM,0,0,0,0,0,0,0
ukraine,thetelegraph.com,com,GLOBAL,GLOBAL,GLOBAL,PLATFORM,0,0,0,0,0,0,0
ukraine,thisdaylive.com,com,GLOBAL,GLOBAL,GLOBAL,PLATFORM,0,0,0,0,0,0,0
ukraine,tide1009.com,com,GLOBAL,GLOBAL,GLOBAL,PLATFORM,0,0,0,0,0,0,0
ukraine,timesdaily.com,com,GLOBAL,GLOBAL,GLOBAL,PLATFORM,0,0,0,0,0,0,0
ukraine,timesofindia.indiatimes.com,com,GLOBAL,GLOBAL,GLOBAL,PLATFORM,0,0,0,0,0,0,0
ukraine,timesunion.com,com,GLOBAL,GLOBAL,GLOBAL,PLATFORM,0,0,0,0,0,0,0
ukraine,tipperarylive.ie,ie,NA,NA,OTHER,PLATFORM,0,0,0,0,0,0,0
ukraine,tnonline.com,com,GLOBAL,GLOBAL,GLOBAL,PLATFORM,0,0,0,0,0,0,0
ukraine,torontotelegraph.com,com,GLOBAL,GLOBAL,GLOBAL,PLATFORM,0,0,0,0,0,0,0
ukraine,triblive.com,com,GLOBAL,GLOBAL,GLOBAL,PLATFORM,0,0,0,0,0,0,0
ukraine,tsn.ca,ca,CA,North America,OTHER,PLATFORM,0,0,0,0,0,0,0
ukraine,ttnews.com,com,GLOBAL,GLOBAL,GLOBAL,PLATFORM,0,0,0,0,0,0,0
ukraine,tucson.com,com,GLOBAL,GLOBAL,GLOBAL,PLATFORM,0,0,0,0,0,0,0
ukraine,tulsaworld.com,com,GLOBAL,GLOBAL,GLOBAL,PLATFORM,0,0,0,0,0,0,0
ukraine,uniindia.com,com,GLOBAL,GLOBAL,GLOBAL,PLATFORM,0,0,0,0,0,0,0
ukraine,unionleader.com,com,GLOBAL,GLOBAL,GLOBAL,PLATFORM,0,0,0,0,0,0,0
ukraine,uschamber.com,com,GLOBAL,GLOBAL,GLOBAL,PLATFORM,0,0,0,0,0,0,0
ukraine,utahbusiness.com,com,GLOBAL,GLOBAL,GLOBAL,PLATFORM,0,0,0,0,0,0,0
ukraine,valdostadailytimes.com,com,GLOBAL,GLOBAL,GLOBAL,PLATFORM,0,0,0,0,0,0,0
ukraine,vcstar.com,com,GLOBAL,GLOBAL,GLOBAL,PLATFORM,0,0,0,0,0,0,0
ukraine,vermontbiz.com,com,GLOBAL,GLOBAL,GLOBAL,PLATFORM,0,0,0,0,0,0,0
ukraine,veterans.house.gov,gov,NA,NA,OTHER,PLATFORM,0,0,0,1,0,0,1
ukraine,veteranstoday.com,com,GLOBAL,GLOBAL,GLOBAL,PLATFORM,0,0,0,0,0,0,0
ukraine,vladtv.com,com,GLOBAL,GLOBAL,GLOBAL,PLATFORM,0,0,0,0,0,0,0
ukraine,voiceofthevalley.com,com,GLOBAL,GLOBAL,GLOBAL,PLATFORM,0,0,0,0,0,0,0
ukraine,voxy.co.nz,nz,NZ,East Asia & Pacific,OTHER,PLATFORM,0,0,0,0,0,0,0
ukraine,wabe.org,org,GLOBAL,GLOBAL,GLOBAL,PLATFORM,0,0,0,0,0,0,0
ukraine,wacotrib.com,com,GLOBAL,GLOBAL,GLOBAL,PLATFORM,0,0,0,0,0,0,0
ukraine,wallstreet-online.de,de,DE,Europe & Central Asia,OTHER,PLATFORM,0,0,0,0,0,0,0
ukraine,wam.ae,ae,NA,NA,OTHER,PLATFORM,0,0,0,0,0,0,0
ukraine,warringtonguardian.co.uk,uk,GB,Europe & Central Asia,OTHER,PLATFORM,0,0,0,0,0,0,0
ukraine,washingtonexaminer.com,com,GLOBAL,GLOBAL,GLOBAL,PLATFORM,0,0,0,0,0,0,0
ukraine,washingtonpost.com,com,GLOBAL,GLOBAL,GLOBAL,PLATFORM,0,0,0,0,0,0,0
ukraine,waterford-news.ie,ie,NA,NA,OTHER,PLATFORM,0,0,0,0,0,0,0
ukraine,wateronline.com,com,GLOBAL,GLOBAL,GLOBAL,PLATFORM,0,0,0,0,0,0,0
ukraine,wbir.com,com,GLOBAL,GLOBAL,GLOBAL,PLATFORM,0,0,0,0,0,0,0
ukraine,wboc.com,com,GLOBAL,GLOBAL,GLOBAL,PLATFORM,0,0,0,0,0,0,0
ukraine,wbur.org,org,GLOBAL,GLOBAL,GLOBAL,PLATFORM,0,0,0,0,0,0,0
ukraine,wcfcourier.com,com,GLOBAL,GLOBAL,GLOBAL,PLATFORM,0,0,0,0,0,0,0
ukraine,wcyy.com,com,GLOBAL,GLOBAL,GLOBAL,PLATFORM,0,0,0,0,0,0,0
ukraine,wdrm.iheart.com,com,GLOBAL,GLOBAL,GLOBAL,PLATFORM,0,0,0,0,0,0,0
ukraine,wdsu.com,com,GLOBAL,GLOBAL,GLOBAL,PLATFORM,0,0,0,0,0,0,0
ukraine,wemu.org,org,GLOBAL,GLOBAL,GLOBAL,PLATFORM,0,0,0,0,0,0,0
ukraine,wesa.fm,fm,NA,NA,OTHER,PLATFORM,0,0,0,0,0,0,0
ukraine,wfaa.com,com,GLOBAL,GLOBAL,GLOBAL,PLATFORM,0,0,0,0,0,0,0
ukraine,wflafm.iheart.com,com,GLOBAL,GLOBAL,GLOBAL,PLATFORM,0,0,0,0,0,0,0
ukraine,wfmz.com,com,GLOBAL,GLOBAL,GLOBAL,PLATFORM,0,0,0,0,0,0,0
ukraine,wgow.com,com,GLOBAL,GLOBAL,GLOBAL,PLATFORM,0,0,0,0,0,0,0
ukraine,whig.com,com,GLOBAL,GLOBAL,GLOBAL,PLATFORM,0,0,0,0,0,0,0
ukraine,wifc.com,com,GLOBAL,GLOBAL,GLOBAL,PLATFORM,0,0,0,0,0,0,0
ukraine,wild104.iheart.com,com,GLOBAL,GLOBAL,GLOBAL,PLATFORM,0,0,0,0,0,0,0
ukraine,willistonherald.com,com,GLOBAL,GLOBAL,GLOBAL,PLATFORM,0,0,0,0,0,0,0
ukraine,wiod.iheart.com,com,GLOBAL,GLOBAL,GLOBAL,PLATFORM,0,0,0,0,0,0,0
ukraine,wkml.com,com,GLOBAL,GLOBAL,GLOBAL,PLATFORM,0,0,0,0,0,0,0
ukraine,wltx.com,com,GLOBAL,GLOBAL,GLOBAL,PLATFORM,0,0,0,0,0,0,0
ukraine,wlwt.com,com,GLOBAL,GLOBAL,GLOBAL,PLATFORM,0,0,0,0,0,0,0
ukraine,wmar2news.com,com,GLOBAL,GLOBAL,GLOBAL,PLATFORM,0,0,0,0,0,0,0
ukraine,wmgk.com,com,GLOBAL,GLOBAL,GLOBAL,PLATFORM,0,0,0,0,0,0,0
ukraine,wnep.com,com,GLOBAL,GLOBAL,GLOBAL,PLATFORM,0,0,0,0,0,0,0
ukraine,woai.iheart.com,com,GLOBAL,GLOBAL,GLOBAL,PLATFORM,0,0,0,0,0,0,0
ukraine,woodradio.iheart.com,com,GLOBAL,GLOBAL,GLOBAL,PLATFORM,0,0,0,0,0,0,0
ukraine,woodwardnews.net,net,GLOBAL,GLOBAL,GLOBAL,PLATFORM,0,0,0,0,0,0,0
ukraine,wpdh.com,com,GLOBAL,GLOBAL,GLOBAL,PLATFORM,0,0,0,0,0,0,0
ukraine,wrkf.org,org,GLOBAL,GLOBAL,GLOBAL,PLATFORM,0,0,0,0,0,0,0
ukraine,wsau.com,com,GLOBAL,GLOBAL,GLOBAL,PLATFORM,0,0,0,0,0,0,0
ukraine,wsbs.com,com,GLOBAL,GLOBAL,GLOBAL,PLATFORM,0,0,0,0,0,0,0
ukraine,wsfl.com,com,GLOBAL,GLOBAL,GLOBAL,PLATFORM,0,0,0,0,0,0,0
ukraine,wtae.com,com,GLOBAL,GLOBAL,GLOBAL,PLATFORM,0,0,0,0,0,0,0
ukraine,wthitv.com,com,GLOBAL,GLOBAL,GLOBAL,PLATFORM,0,0,0,0,0,0,0
ukraine,wtol.com,com,GLOBAL,GLOBAL,GLOBAL,PLATFORM,0,0,0,0,0,0,0
ukraine,wuwm.com,com,GLOBAL,GLOBAL,GLOBAL,PLATFORM,0,0,0,0,0,0,0
ukraine,wwltv.com,com,GLOBAL,GLOBAL,GLOBAL,PLATFORM,0,0,0,0,0,0,0
ukraine,wyht.iheart.com,com,GLOBAL,GLOBAL,GLOBAL,PLATFORM,0,0,0,0,0,0,0
ukraine,y95country.com,com,GLOBAL,GLOBAL,GLOBAL,PLATFORM,0,0,0,0,0,0,0
ukraine,yachtingmagazine.com,com,GLOBAL,GLOBAL,GLOBAL,PLATFORM,0,0,0,0,0,0,0
ukraine,yahoo.com,com,GLOBAL,GLOBAL,GLOBAL,PLATFORM,0,0,0,0,0,0,0
ukraine,yaktrinews.com,com,GLOBAL,GLOBAL,GLOBAL,PLATFORM,0,0,0,0,0,0,0
ukraine,yeovilexpress.co.uk,uk,GB,Europe & Central Asia,OTHER,PLATFORM,0,0,0,0,0,0,0
ukraine,yesmagazine.org,org,GLOBAL,GLOBAL,GLOBAL,PLATFORM,0,0,0,0,0,0,0
ukraine,ynetnews.com,com,GLOBAL,GLOBAL,GLOBAL,PLATFORM,0,0,0,0,0,0,0
ukraine,yourdemocracy.net.au,au,AU,East Asia & Pacific,OTHER,PLATFORM,0,0,0,0,0,0,0
ukraine,yourlocalguardian.co.uk,uk,GB,Europe & Central Asia,OTHER,PLATFORM,0,0,0,0,0,0,0
ukraine,zerohedge.com,com,GLOBAL,GLOBAL,GLOBAL,PLATFORM,0,0,0,0,0,0,0
ukraine,1035thebeat.iheart.com,com,GLOBAL,GLOBAL,GLOBAL,PLATFORM,0,0,0,0,0,0,0
ukraine,1051thewolf.iheart.com,com,GLOBAL,GLOBAL,GLOBAL,PLATFORM,0,0,0,0,0,0,0
ukraine,10tv.com,com,GLOBAL,GLOBAL,GLOBAL,PLATFORM,0,0,0,0,0,0,0
ukraine,13newsnow.com,com,GLOBAL,GLOBAL,GLOBAL,PLATFORM,0,0,0,0,0,0,0
ukraine,2gb.com,com,GLOBAL,GLOBAL,GLOBAL,PLATFORM,0,0,0,0,0,0,0
ukraine,49erswebzone.com,com,GLOBAL,GLOBAL,GLOBAL,PLATFORM,0,0,0,0,0,0,0
ukraine,5newsonline.com,com,GLOBAL,GLOBAL,GLOBAL,PLATFORM,0,0,0,0,0,0,0
ukraine,600wmtradio.iheart.com,com,GLOBAL,GLOBAL,GLOBAL,PLATFORM,0,0,0,0,0,0,0
ukraine,925wpap.iheart.com,com,GLOBAL,GLOBAL,GLOBAL,PLATFORM,0,0,0,0,0,0,0
ukraine,937thebull.iheart.com,com,GLOBAL,GLOBAL,GLOBAL,PLATFORM,0,0,0,0,0,0,0
ukraine,965thebull.iheart.com,com,GLOBAL,GLOBAL,GLOBAL,PLATFORM,0,0,0,0,0,0,0
ukraine,9and10news.com,com,GLOBAL,GLOBAL,GLOBAL,PLATFORM,0,0,0,0,0,0,0
ukraine,9news.com,com,GLOBAL,GLOBAL,GLOBAL,PLATFORM,0,0,0,0,0,0,0
ukraine,accesswdun.com,com,GLOBAL,GLOBAL,GLOBAL,PLATFORM,0,0,0,0,0,0,0
ukraine,africanexaminer.com,com,GLOBAL,GLOBAL,GLOBAL,PLATFORM,0,0,0,0,0,0,0
ukraine,al-monitor.com,com,GLOBAL,GLOBAL,GLOBAL,PLATFORM,0,0,0,0,0,0,0
ukraine,albawaba.com,com,GLOBAL,GLOBAL,GLOBAL,PLATFORM,0,0,0,0,0,0,0
ukraine,aljazeera.com,com,GLOBAL,GLOBAL,GLOBAL,PLATFORM,0,0,0,0,0,0,0
ukraine,americanmilitarynews.com,com,GLOBAL,GLOBAL,GLOBAL,PLATFORM,0,0,0,0,0,0,0
ukraine,appadvice.com,com,GLOBAL,GLOBAL,GLOBAL,PLATFORM,0,0,0,0,0,0,0
ukraine,arlingtonva.us,us,US,North America,OTHER,PLATFORM,0,0,0,0,0,0,0
ukraine,artfixdaily.com,com,GLOBAL,GLOBAL,GLOBAL,PLATFORM,0,0,0,0,0,0,0
ukraine,arynews.tv,tv,NA,NA,OTHER,PLATFORM,0,0,0,0,0,0,0
ukraine,asia.nikkei.com,com,GLOBAL,GLOBAL,GLOBAL,PLATFORM,0,0,0,0,0,0,0
ukraine,atholdailynews.com,com,GLOBAL,GLOBAL,GLOBAL,PLATFORM,0,0,0,0,0,0,0
ukraine,au.finance.yahoo.com,com,GLOBAL,GLOBAL,GLOBAL,PLATFORM,0,0,0,0,0,0,0
ukraine,australianflying.com.au,au,AU,East Asia & Pacific,OTHER,PLATFORM,0,0,0,0,0,0,0
ukraine,autonews.com,com,GLOBAL,GLOBAL,GLOBAL,PLATFORM,0,0,0,0,0,0,0
ukraine,azerbaijannews.net,net,GLOBAL,GLOBAL,GLOBAL,PLATFORM,0,0,0,0,0,0,0
ukraine,b100wobb.iheart.com,com,GLOBAL,GLOBAL,GLOBAL,PLATFORM,0,0,0,0,0,0,0
ukraine,backpacker.com,com,GLOBAL,GLOBAL,GLOBAL,PLATFORM,0,0,0,0,0,0,0
ukraine,balkangreenenergynews.com,com,GLOBAL,GLOBAL,GLOBAL,PLATFORM,0,0,0,0,0,0,0
ukraine,baltimoretimes-online.com,com,GLOBAL,GLOBAL,GLOBAL,PLATFORM,0,0,0,0,0,0,0
ukraine,bendsource.com,com,GLOBAL,GLOBAL,GLOBAL,PLATFORM,0,0,0,0,0,0,0
ukraine,benningtonbanner.com,com,GLOBAL,GLOBAL,GLOBAL,PLATFORM,0,0,0,0,0,0,0
ukraine,bethesdamagazine.com,com,GLOBAL,GLOBAL,GLOBAL,PLATFORM,0,0,0,0,0,0,0
ukraine,bigi1079.iheart.com,com,GLOBAL,GLOBAL,GLOBAL,PLATFORM,0,0,0,0,0,0,0
ukraine,bignewsnetwork.com,com,GLOBAL,GLOBAL,GLOBAL,PLATFORM,0,0,0,0,0,0,0
ukraine,bleedingcool.com,com,GLOBAL,GLOBAL,GLOBAL,PLATFORM,0,0,0,0,0,0,0
ukraine,bloombergquint.com,com,GLOBAL,GLOBAL,GLOBAL,PLATFORM,0,0,0,0,0,0,0
ukraine,bnnbloomberg.ca,ca,CA,North America,OTHER,PLATFORM,0,0,0,0,0,0,0
ukraine,bordertelegraph.com,com,GLOBAL,GLOBAL,GLOBAL,PLATFORM,0,0,0,0,0,0,0
ukraine,bpnews.net,net,GLOBAL,GLOBAL,GLOBAL,PLATFORM,0,0,0,0,0,0,0
ukraine,buckeyecountry943.iheart.com,com,GLOBAL,GLOBAL,GLOBAL,PLATFORM,0,0,0,0,0,0,0
ukraine,burlingtoncountytimes.com,com,GLOBAL,GLOBAL,GLOBAL,PLATFORM,0,0,0,0,0,0,0
ukraine,ca.finance.yahoo.com,com,GLOBAL,GLOBAL,GLOBAL,PLATFORM,0,0,0,0,0,0,0
ukraine,cachevalleydaily.com,com,GLOBAL,GLOBAL,GLOBAL,PLATFORM,0,0,0,0,0,0,0
ukraine,caledonianrecord.com,com,GLOBAL,GLOBAL,GLOBAL,PLATFORM,0,0,0,0,0,0,0
ukraine,cambodiantimes.com,com,GLOBAL,GLOBAL,GLOBAL,PLATFORM,0,0,0,0,0,0,0
ukraine,capenews.net,net,GLOBAL,GLOBAL,GLOBAL,PLATFORM,0,0,0,0,0,0,0
ukraine,carnegieeurope.eu,eu,NA,NA,OTHER,PLATFORM,0,0,0,0,0,0,0
ukraine,cbc.ca,ca,CA,North America,OTHER,PLATFORM,0,0,0,0,0,0,0
ukraine,channel933.iheart.com,com,GLOBAL,GLOBAL,GLOBAL,PLATFORM,0,0,0,0,0,0,0
ukraine,cherokeephoenix.org,org,GLOBAL,GLOBAL,GLOBAL,PLATFORM,0,0,0,0,0,0,0
ukraine,chesterstandard.co.uk,uk,GB,Europe & Central Asia,OTHER,PLATFORM,0,0,0,0,0,0,0
ukraine,chicago.suntimes.com,com,GLOBAL,GLOBAL,GLOBAL,PLATFORM,0,0,0,0,0,0,0
ukraine,chinookobserver.com,com,GLOBAL,GLOBAL,GLOBAL,PLATFORM,0,0,0,0,0,0,0
ukraine,chron.com,com,GLOBAL,GLOBAL,GLOBAL,PLATFORM,0,0,0,0,0,0,0
ukraine,cio.com,com,GLOBAL,GLOBAL,GLOBAL,PLATFORM,0,0,0,0,0,0,0
ukraine,cityindex.co.uk,uk,GB,Europe & Central Asia,OTHER,PLATFORM,0,0,0,0,0,0,0
ukraine,ckua.com,com,GLOBAL,GLOBAL,GLOBAL,PLATFORM,0,0,0,0,0,0,0
ukraine,classicrock961.com,com,GLOBAL,GLOBAL,GLOBAL,PLATFORM,0,0,0,0,0,0,0
ukraine,clevelandstar.com,com,GLOBAL,GLOBAL,GLOBAL,PLATFORM,0,0,0,0,0,0,0
ukraine,clintonherald.com,com,GLOBAL,GLOBAL,GLOBAL,PLATFORM,0,0,0,0,0,0,0
ukraine,clutchpoints.com,com,GLOBAL,GLOBAL,GLOBAL,PLATFORM,0,0,0,0,0,0,0
ukraine,coe.int,int,NA,NA,OTHER,PLATFORM,0,0,0,0,0,0,0
ukraine,coincommunity.com,com,GLOBAL,GLOBAL,GLOBAL,PLATFORM,0,0,0,0,0,0,0
ukraine,columbiamissourian.com,com,GLOBAL,GLOBAL,GLOBAL,PLATFORM,0,0,0,0,0,0,0
ukraine,columbian.com,com,GLOBAL,GLOBAL,GLOBAL,PLATFORM,0,0,0,0,0,0,0
ukraine,country-guide.ca,ca,CA,North America,OTHER,PLATFORM,0,0,0,0,0,0,0
ukraine,covers.com,com,GLOBAL,GLOBAL,GLOBAL,PLATFORM,0,0,0,0,0,0,0
ukraine,crn.com,com,GLOBAL,GLOBAL,GLOBAL,PLATFORM,0,0,0,0,0,0,0
ukraine,csmonitor.com,com,GLOBAL,GLOBAL,GLOBAL,PLATFORM,0,0,0,0,0,0,0
ukraine,ctpost.com,com,GLOBAL,GLOBAL,GLOBAL,PLATFORM,0,0,0,0,0,0,0
ukraine,dailyprogress.com,com,GLOBAL,GLOBAL,GLOBAL,PLATFORM,0,0,0,0,0,0,0
ukraine,dailyrecord.co.uk,uk,GB,Europe & Central Asia,OTHER,PLATFORM,0,0,0,0,0,0,0
ukraine,dailysignal.com,com,GLOBAL,GLOBAL,GLOBAL,PLATFORM,0,0,0,0,0,0,0
ukraine,dawn.com,com,GLOBAL,GLOBAL,GLOBAL,PLATFORM,0,0,0,0,0,0,0
ukraine,demented-21.livejournal.com,com,GLOBAL,GLOBAL,GLOBAL,PLATFORM,0,0,0,0,0,0,0
ukraine,diplomaticourier.com,com,GLOBAL,GLOBAL,GLOBAL,PLATFORM,0,0,0,0,0,0,0
ukraine,dtnext.in,in,IN,South Asia,OTHER,PLATFORM,0,0,0,0,0,0,0
ukraine,dudleynews.co.uk,uk,GB,Europe & Central Asia,OTHER,PLATFORM,0,0,0,0,0,0,0
ukraine,dunfermlinepress.com,com,GLOBAL,GLOBAL,GLOBAL,PLATFORM,0,0,0,0,0,0,0
ukraine,dw.com,com,GLOBAL,GLOBAL,GLOBAL,PLATFORM,0,0,0,0,0,0,0
ukraine,eagletribune.com,com,GLOBAL,GLOBAL,GLOBAL,PLATFORM,0,0,0,0,0,0,0
ukraine,ealingtimes.co.uk,uk,GB,Europe & Central Asia,OTHER,PLATFORM,0,0,0,0,0,0,0
ukraine,economynext.com,com,GLOBAL,GLOBAL,GLOBAL,PLATFORM,0,0,0,0,0,0,0
ukraine,edmontonjournal.com,com,GLOBAL,GLOBAL,GLOBAL,PLATFORM,0,0,0,0,0,0,0
ukraine,energeticcity.ca,ca,CA,North America,OTHER,PLATFORM,0,0,0,0,0,0,0
ukraine,english.alaraby.co.uk,uk,GB,Europe & Central Asia,OTHER,PLATFORM,0,0,0,0,0,0,0
ukraine,english.chosun.com,com,GLOBAL,GLOBAL,GLOBAL,PLATFORM,0,0,0,0,0,0,0
ukraine,english.sta.si,si,NA,NA,OTHER,PLATFORM,0,0,0,0,0,0,0
ukraine,epc.eu,eu,NA,NA,OTHER,PLATFORM,0,0,0,0,0,0,0
ukraine,es-us.noticias.yahoo.com,com,GLOBAL,GLOBAL,GLOBAL,PLATFORM,0,0,0,0,0,0,0
ukraine,essence.com,com,GLOBAL,GLOBAL,GLOBAL,PLATFORM,0,0,0,0,0,0,0
ukraine,etftrends.com,com,GLOBAL,GLOBAL,GLOBAL,PLATFORM,0,0,0,0,0,0,0
ukraine,everydayhealth.com,com,GLOBAL,GLOBAL,GLOBAL,PLATFORM,0,0,0,0,0,0,0
ukraine,f4wonline.com,com,GLOBAL,GLOBAL,GLOBAL,PLATFORM,0,0,0,0,0,0,0
ukraine,fiercebiotech.com,com,GLOBAL,GLOBAL,GLOBAL,PLATFORM,0,0,0,0,0,0,0
ukraine,fiercepharma.com,com,GLOBAL,GLOBAL,GLOBAL,PLATFORM,0,0,0,0,0,0,0
ukraine,fijilive.com,com,GLOBAL,GLOBAL,GLOBAL,PLATFORM,0,0,0,0,0,0,0
ukraine,firstshowing.net,net,GLOBAL,GLOBAL,GLOBAL,PLATFORM,0,0,0,0,0,0,0
ukraine,floridaphoenix.com,com,GLOBAL,GLOBAL,GLOBAL,PLATFORM,0,0,0,0,0,0,0
ukraine,floridastateparks.org,org,GLOBAL,GLOBAL,GLOBAL,PLATFORM,0,0,0,0,0,0,0
ukraine,fltimes.com,com,GLOBAL,GLOBAL,GLOBAL,PLATFORM,0,0,0,0,0,0,0
ukraine,forum.onlineopinion.com.au,au,AU,East Asia & Pacific,OTHER,PLATFORM,0,0,0,0,0,0,0
ukraine,fosseposse.sbnation.com,com,GLOBAL,GLOBAL,GLOBAL,PLATFORM,0,0,0,0,0,0,0
ukraine,fox26houston.com,com,GLOBAL,GLOBAL,GLOBAL,PLATFORM,0,0,0,0,0,0,0
ukraine,fox6now.com,com,GLOBAL,GLOBAL,GLOBAL,PLATFORM,0,0,0,0,0,0,0
ukraine,foxnews.com,com,GLOBAL,GLOBAL,GLOBAL,PLATFORM,0,0,0,0,0,0,0
ukraine,foxy99.com,com,GLOBAL,GLOBAL,GLOBAL,PLATFORM,0,0,0,0,0,0,0
ukraine,funkytaurusmedia.com,com,GLOBAL,GLOBAL,GLOBAL,PLATFORM,0,0,0,0,0,0,0
ukraine,futurity.org,org,GLOBAL,GLOBAL,GLOBAL,PLATFORM,0,0,0,0,0,0,0
ukraine,fxstreet.com,com,GLOBAL,GLOBAL,GLOBAL,PLATFORM,0,0,0,0,0,0,0
ukraine,gamerevolution.com,com,GLOBAL,GLOBAL,GLOBAL,PLATFORM,0,0,0,0,0,0,0
ukraine,gasiantimes.com,com,GLOBAL,GLOBAL,GLOBAL,PLATFORM,0,0,0,0,0,0,0
ukraine,gazette.com,com,GLOBAL,GLOBAL,GLOBAL,PLATFORM,0,0,0,0,0,0,0
ukraine,gazetteseries.co.uk,uk,GB,Europe & Central Asia,OTHER,PLATFORM,0,0,0,0,0,0,0
ukraine,gc.cuny.edu,edu,NA,NA,OTHER,PLATFORM,0,0,0,0,0,0,0
ukraine,go955.com,com,GLOBAL,GLOBAL,GLOBAL,PLATFORM,0,0,0,0,0,0,0
ukraine,goodhousekeeping.com,com,GLOBAL,GLOBAL,GLOBAL,PLATFORM,0,0,0,0,0,0,0
ukraine,govexec.com,com,GLOBAL,GLOBAL,GLOBAL,PLATFORM,0,0,0,0,0,0,0
ukraine,great98.net,net,GLOBAL,GLOBAL,GLOBAL,PLATFORM,0,0,0,0,0,0,0
ukraine,herald.co.zw,zw,NA,NA,OTHER,PLATFORM,0,0,0,0,0,0,0
ukraine,heraldseries.co.uk,uk,GB,Europe & Central Asia,OTHER,PLATFORM,0,0,0,0,0,0,0
ukraine,hjnews.com,com,GLOBAL,GLOBAL,GLOBAL,PLATFORM,0,0,0,0,0,0,0
ukraine,hometownsource.com,com,GLOBAL,GLOBAL,GLOBAL,PLATFORM,0,0,0,0,0,0,0
ukraine,hortweek.com,com,GLOBAL,GLOBAL,GLOBAL,PLATFORM,0,0,0,0,0,0,0
ukraine,hot967fm.com,com,GLOBAL,GLOBAL,GLOBAL,PLATFORM,0,0,0,0,0,0,0
ukraine,hotabq.iheart.com,com,GLOBAL,GLOBAL,GLOBAL,PLATFORM,0,0,0,0,0,0,0
ukraine,hotelsmag.com,com,GLOBAL,GLOBAL,GLOBAL,PLATFORM,0,0,0,0,0,0,0
ukraine,hpcwire.com,com,GLOBAL,GLOBAL,GLOBAL,PLATFORM,0,0,0,0,0,0,0
ukraine,humanrightsfirst.org,org,GLOBAL,GLOBAL,GLOBAL,PLATFORM,0,0,0,0,0,0,0
ukraine,ign.com,com,GLOBAL,GLOBAL,GLOBAL,PLATFORM,0,0,0,0,0,0,0
ukraine,ilovebobfm.com,com,GLOBAL,GLOBAL,GLOBAL,PLATFORM,0,0,0,0,0,0,0
ukraine,iloveqatar.net,net,GLOBAL,GLOBAL,GLOBAL,PLATFORM,0,0,0,0,0,0,0
ukraine,independentnews.com,com,GLOBAL,GLOBAL,GLOBAL,PLATFORM,0,0,0,0,0,0,0
ukraine,indiancountrytoday.com,com,GLOBAL,GLOBAL,GLOBAL,PLATFORM,0,0,0,0,0,0,0
ukraine,indiankanoon.org,org,GLOBAL,GLOBAL,GLOBAL,PLATFORM,0,0,0,0,0,0,0
ukraine,info.profind.com,com,GLOBAL,GLOBAL,GLOBAL,PLATFORM,0,0,0,0,0,0,0
ukraine,investing.com,com,GLOBAL,GLOBAL,GLOBAL,PLATFORM,0,0,0,0,0,0,0
ukraine,investmentexecutive.com,com,GLOBAL,GLOBAL,GLOBAL,PLATFORM,0,0,0,0,0,0,0
ukraine,investors.com,com,GLOBAL,GLOBAL,GLOBAL,PLATFORM,0,0,0,0,0,0,0
ukraine,invezz.com,com,GLOBAL,GLOBAL,GLOBAL,PLATFORM,0,0,0,0,0,0,0
ukraine,irishmirror.ie,ie,NA,NA,OTHER,PLATFORM,0,0,0,0,0,0,0
ukraine,irishtimes.com,com,GLOBAL,GLOBAL,GLOBAL,PLATFORM,0,0,0,0,0,0,0
ukraine,jamestown.org,org,GLOBAL,GLOBAL,GLOBAL,PLATFORM,0,0,0,0,0,0,0
ukraine,joplinglobe.com,com,GLOBAL,GLOBAL,GLOBAL,PLATFORM,0,0,0,0,0,0,0
ukraine,justjaredjr.com,com,GLOBAL,GLOBAL,GLOBAL,PLATFORM,0,0,0,0,0,0,0
ukraine,k99country.iheart.com,com,GLOBAL,GLOBAL,GLOBAL,PLATFORM,0,0,0,0,0,0,0
ukraine,kbgo.iheart.com,com,GLOBAL,GLOBAL,GLOBAL,PLATFORM,0,0,0,0,0,0,0
ukraine,kbpi.iheart.com,com,GLOBAL,GLOBAL,GLOBAL,PLATFORM,0,0,0,0,0,0,0
ukraine,kegl.iheart.com,com,GLOBAL,GLOBAL,GLOBAL,PLATFORM,0,0,0,0,0,0,0
ukraine,kesq.com,com,GLOBAL,GLOBAL,GLOBAL,PLATFORM,0,0,0,0,0,0,0
ukraine,keysnews.com,com,GLOBAL,GLOBAL,GLOBAL,PLATFORM,0,0,0,0,0,0,0
ukraine,kffb.com,com,GLOBAL,GLOBAL,GLOBAL,PLATFORM,0,0,0,0,0,0,0
ukraine,kgoradio.com,com,GLOBAL,GLOBAL,GLOBAL,PLATFORM,0,0,0,0,0,0,0
ukraine,kisscincinnati.iheart.com,com,GLOBAL,GLOBAL,GLOBAL,PLATFORM,0,0,0,0,0,0,0
ukraine,klvi.iheart.com,com,GLOBAL,GLOBAL,GLOBAL,PLATFORM,0,0,0,0,0,0,0
ukraine,knue.com,com,GLOBAL,GLOBAL,GLOBAL,PLATFORM,0,0,0,0,0,0,0
ukraine,koaa.com,com,GLOBAL,GLOBAL,GLOBAL,PLATFORM,0,0,0,0,0,0,0
ukraine,koel.com,com,GLOBAL,GLOBAL,GLOBAL,PLATFORM,0,0,0,0,0,0,0
ukraine,krro.com,com,GLOBAL,GLOBAL,GLOBAL,PLATFORM,0,0,0,0,0,0,0
ukraine,ksmu.org,org,GLOBAL,GLOBAL,GLOBAL,PLATFORM,0,0,0,0,0,0,0
ukraine,kunc.org,org,GLOBAL,GLOBAL,GLOBAL,PLATFORM,0,0,0,0,0,0,0
ukraine,kxic.iheart.com,com,GLOBAL,GLOBAL,GLOBAL,PLATFORM,0,0,0,0,0,0,0
ukraine,kxrb.com,com,GLOBAL,GLOBAL,GLOBAL,PLATFORM,0,0,0,0,0,0,0
ukraine,kyuk.org,org,GLOBAL,GLOBAL,GLOBAL,PLATFORM,0,0,0,0,0,0,0
ukraine,lacrossetribune.com,com,GLOBAL,GLOBAL,GLOBAL,PLATFORM,0,0,0,0,0,0,0
ukraine,lajollalight.com,com,GLOBAL,GLOBAL,GLOBAL,PLATFORM,0,0,0,0,0,0,0
ukraine,latestly.com,com,GLOBAL,GLOBAL,GLOBAL,PLATFORM,0,0,0,0,0,0,0
ukraine,lawstreetmedia.com,com,GLOBAL,GLOBAL,GLOBAL,PLATFORM,0,0,0,0,0,0,0
ukraine,lawyersweekly.com.au,au,AU,East Asia & Pacific,OTHER,PLATFORM,0,0,0,0,0,0,0
ukraine,leadertelegram.com,com,GLOBAL,GLOBAL,GLOBAL,PLATFORM,0,0,0,0,0,0,0
ukraine,lenews.ch,ch,NA,NA,OTHER,PLATFORM,0,0,0,0,0,0,0
ukraine,lexology.com,com,GLOBAL,GLOBAL,GLOBAL,PLATFORM,0,0,0,0,0,0,0
ukraine,localmemphis.com,com,GLOBAL,GLOBAL,GLOBAL,PLATFORM,0,0,0,0,0,0,0
ukraine,localnews8.com,com,GLOBAL,GLOBAL,GLOBAL,PLATFORM,0,0,0,0,0,0,0
ukraine,london.ctvnews.ca,ca,CA,North America,OTHER,PLATFORM,0,0,0,0,0,0,0
ukraine,macaubusiness.com,com,GLOBAL,GLOBAL,GLOBAL,PLATFORM,0,0,0,0,0,0,0
ukraine,magnoliareporter.com,com,GLOBAL,GLOBAL,GLOBAL,PLATFORM,0,0,0,0,0,0,0
ukraine,marca.com,com,GLOBAL,GLOBAL,GLOBAL,PLATFORM,0,0,0,0,0,0,0
ukraine,marketscreener.com,com,GLOBAL,GLOBAL,GLOBAL,PLATFORM,0,0,0,0,0,0,0
ukraine,marylandreporter.com,com,GLOBAL,GLOBAL,GLOBAL,PLATFORM,0,0,0,0,0,0,0
ukraine,mb.com.ph,ph,NA,NA,OTHER,PLATFORM,0,0,0,0,0,0,0
ukraine,mcalesternews.com,com,GLOBAL,GLOBAL,GLOBAL,PLATFORM,0,0,0,0,0,0,0
ukraine,mcknights.com,com,GLOBAL,GLOBAL,GLOBAL,PLATFORM,0,0,0,0,0,0,0
ukraine,meed.com,com,GLOBAL,GLOBAL,GLOBAL,PLATFORM,0,0,0,0,0,0,0
ukraine,metalunderground.com,com,GLOBAL,GLOBAL,GLOBAL,PLATFORM,0,0,0,0,0,0,0
ukraine,middletownpress.com,com,GLOBAL,GLOBAL,GLOBAL,PLATFORM,0,0,0,0,0,0,0
ukraine,mintpressnews.com,com,GLOBAL,GLOBAL,GLOBAL,PLATFORM,0,0,0,0,0,0,0
ukraine,miragenews.com,com,GLOBAL,GLOBAL,GLOBAL,PLATFORM,0,0,0,0,0,0,0
ukraine,mises.org,org,GLOBAL,GLOBAL,GLOBAL,PLATFORM,0,0,0,0,0,0,0
ukraine,mitchellrepublic.com,com,GLOBAL,GLOBAL,GLOBAL,PLATFORM,0,0,0,0,0,0,0
ukraine,mix941kmxj.com,com,GLOBAL,GLOBAL,GLOBAL,PLATFORM,0,0,0,0,0,0,0
ukraine,montrealgazette.com,com,GLOBAL,GLOBAL,GLOBAL,PLATFORM,0,0,0,0,0,0,0
ukraine,mtexpress.com,com,GLOBAL,GLOBAL,GLOBAL,PLATFORM,0,0,0,0,0,0,0
ukraine,musicradar.com,com,GLOBAL,GLOBAL,GLOBAL,PLATFORM,0,0,0,0,0,0,0
ukraine,mycouriertribune.com,com,GLOBAL,GLOBAL,GLOBAL,PLATFORM,0,0,0,0,0,0,0
ukraine,mymagic989.iheart.com,com,GLOBAL,GLOBAL,GLOBAL,PLATFORM,0,0,0,0,0,0,0
ukraine,mymotherlode.com,com,GLOBAL,GLOBAL,GLOBAL,PLATFORM,0,0,0,0,0,0,0
ukraine,mynbc5.com,com,GLOBAL,GLOBAL,GLOBAL,PLATFORM,0,0,0,0,0,0,0
ukraine,nairaland.com,com,GLOBAL,GLOBAL,GLOBAL,PLATFORM,0,0,0,0,0,0,0
ukraine,napavalleyregister.com,com,GLOBAL,GLOBAL,GLOBAL,PLATFORM,0,0,0,0,0,0,0
ukraine,nationalmortgageprofessional.com,com,GLOBAL,GLOBAL,GLOBAL,PLATFORM,0,0,0,0,0,0,0
ukraine,nationalpost.com,com,GLOBAL,GLOBAL,GLOBAL,PLATFORM,0,0,0,0,0,0,0
ukraine,natlawreview.com,com,GLOBAL,GLOBAL,GLOBAL,PLATFORM,0,0,0,0,0,0,0
ukraine,naveenbharat.in,in,IN,South Asia,OTHER,PLATFORM,0,0,0,0,0,0,0
ukraine,nbcmiami.com,com,GLOBAL,GLOBAL,GLOBAL,PLATFORM,0,0,0,0,0,0,0
ukraine,nbcrightnow.com,com,GLOBAL,GLOBAL,GLOBAL,PLATFORM,0,0,0,0,0,0,0
ukraine,ncnewsonline.com,com,GLOBAL,GLOBAL,GLOBAL,PLATFORM,0,0,0,0,0,0,0
ukraine,ncronline.org,org,GLOBAL,GLOBAL,GLOBAL,PLATFORM,0,0,0,0,0,0,0
ukraine,nepalnational.com,com,GLOBAL,GLOBAL,GLOBAL,PLATFORM,0,0,0,0,0,0,0
ukraine,newdelhitimes.com,com,GLOBAL,GLOBAL,GLOBAL,PLATFORM,0,0,0,0,0,0,0
ukraine,newhot997.com,com,GLOBAL,GLOBAL,GLOBAL,PLATFORM,0,0,0,0,0,0,0
ukraine,news-medical.net,net,GLOBAL,GLOBAL,GLOBAL,PLATFORM,0,0,0,0,0,0,0
ukraine,news.cn,cn,CN,East Asia & Pacific,OTHER,PLATFORM,0,0,0,0,0,0,0
ukraine,news.miami.edu,edu,NA,NA,OTHER,PLATFORM,0,0,0,0,0,0,0
ukraine,newsbreak.com,com,GLOBAL,GLOBAL,GLOBAL,PLATFORM,0,0,0,0,0,0,0
ukraine,newspressnow.com,com,GLOBAL,GLOBAL,GLOBAL,PLATFORM,0,0,0,0,0,0,0
ukraine,newsradio1170.iheart.com,com,GLOBAL,GLOBAL,GLOBAL,PLATFORM,0,0,0,0,0,0,0
ukraine,newsradiowkcy.iheart.com,com,GLOBAL,GLOBAL,GLOBAL,PLATFORM,0,0,0,0,0,0,0
ukraine,newsroom.ucla.edu,edu,NA,NA,OTHER,PLATFORM,0,0,0,0,0,0,0
ukraine,newstimes.com,com,GLOBAL,GLOBAL,GLOBAL,PLATFORM,0,0,0,0,0,0,0
ukraine,newyorkjets.com,com,GLOBAL,GLOBAL,GLOBAL,PLATFORM,0,0,0,0,0,0,0
ukraine,nhmagazine.com,com,GLOBAL,GLOBAL,GLOBAL,PLATFORM,0,0,0,0,0,0,0
ukraine,niagara-gazette.com,com,GLOBAL,GLOBAL,GLOBAL,PLATFORM,0,0,0,0,0,0,0
ukraine,nigeriasun.com,com,GLOBAL,GLOBAL,GLOBAL,PLATFORM,0,0,0,0,0,0,0
ukraine,nogalesinternational.com,com,GLOBAL,GLOBAL,GLOBAL,PLATFORM,0,0,0,0,0,0,0
ukraine,normantranscript.com,com,GLOBAL,GLOBAL,GLOBAL,PLATFORM,0,0,0,0,0,0,0
ukraine,northcountrypublicradio.org,org,GLOBAL,GLOBAL,GLOBAL,PLATFORM,0,0,0,0,0,0,0
ukraine,northernirelandnews.com,com,GLOBAL,GLOBAL,GLOBAL,PLATFORM,0,0,0,0,0,0,0
ukraine,northernnews.ca,ca,CA,North America,OTHER,PLATFORM,0,0,0,0,0,0,0
ukraine,npr.org,org,GLOBAL,GLOBAL,GLOBAL,PLATFORM,0,0,0,0,0,0,0
ukraine,nrtoday.com,com,GLOBAL,GLOBAL,GLOBAL,PLATFORM,0,0,0,0,0,0,0
ukraine,nuclearstreet.com,com,GLOBAL,GLOBAL,GLOBAL,PLATFORM,0,0,0,0,0,0,0
ukraine,nwitimes.com,com,GLOBAL,GLOBAL,GLOBAL,PLATFORM,0,0,0,0,0,0,0
ukraine,oakridger.com,com,GLOBAL,GLOBAL,GLOBAL,PLATFORM,0,0,0,0,0,0,0
ukraine,obituaries.niagara-gazette.com,com,GLOBAL,GLOBAL,GLOBAL,PLATFORM,0,0,0,0,0,0,0
ukraine,ocj.com,com,GLOBAL,GLOBAL,GLOBAL,PLATFORM,0,0,0,0,0,0,0
ukraine,orlandosentinel.com,com,GLOBAL,GLOBAL,GLOBAL,PLATFORM,0,0,0,0,0,0,0
ukraine,outtraveler.com,com,GLOBAL,GLOBAL,GLOBAL,PLATFORM,0,0,0,0,0,0,0
ukraine,pdxmonthly.com,com,GLOBAL,GLOBAL,GLOBAL,PLATFORM,0,0,0,0,0,0,0
ukraine,peacefmonline.com,com,GLOBAL,GLOBAL,GLOBAL,PLATFORM,0,0,0,0,0,0,0
ukraine,penarthtimes.co.uk,uk,GB,Europe & Central Asia,OTHER,PLATFORM,0,0,0,0,0,0,0
ukraine,pentictonherald.ca,ca,CA,North America,OTHER,PLATFORM,0,0,0,0,0,0,0
ukraine,performancedrive.com.au,au,AU,East Asia & Pacific,OTHER,PLATFORM,0,0,0,0,0,0,0
ukraine,phoenixnewtimes.com,com,GLOBAL,GLOBAL,GLOBAL,PLATFORM,0,0,0,0,0,0,0
ukraine,physiciansweekly.com,com,GLOBAL,GLOBAL,GLOBAL,PLATFORM,0,0,0,0,0,0,0
ukraine,pittsburghmagazine.com,com,GLOBAL,GLOBAL,GLOBAL,PLATFORM,0,0,0,0,0,0,0
ukraine,polandsun.com,com,GLOBAL,GLOBAL,GLOBAL,PLATFORM,0,0,0,0,0,0,0
ukraine,premierguitar.com,com,GLOBAL,GLOBAL,GLOBAL,PLATFORM,0,0,0,0,0,0,0
ukraine,prokerala.com,com,GLOBAL,GLOBAL,GLOBAL,PLATFORM,0,0,0,0,0,0,0
ukraine,psychologytoday.com,com,GLOBAL,GLOBAL,GLOBAL,PLATFORM,0,0,0,0,0,0,0
ukraine,publicradiotulsa.org,org,GLOBAL,GLOBAL,GLOBAL,PLATFORM,0,0,0,0,0,0,0
ukraine,publishersweekly.com,com,GLOBAL,GLOBAL,GLOBAL,PLATFORM,0,0,0,0,0,0,0
ukraine,publishersweekly.com:443,NA,NA,NA,OTHER,PLATFORM,0,0,0,0,0,0,0
ukraine,pullmanradio.com,com,GLOBAL,GLOBAL,GLOBAL,PLATFORM,0,0,0,0,0,0,0
ukraine,qatar-tribune.com,com,GLOBAL,GLOBAL,GLOBAL,PLATFORM,0,0,0,0,0,0,0
ukraine,qctimes.com,com,GLOBAL,GLOBAL,GLOBAL,PLATFORM,0,0,0,0,0,0,0
ukraine,readingchronicle.co.uk,uk,GB,Europe & Central Asia,OTHER,PLATFORM,0,0,0,0,0,0,0
ukraine,restonnow.com,com,GLOBAL,GLOBAL,GLOBAL,PLATFORM,0,0,0,0,0,0,0
ukraine,reviewatlas.com,com,GLOBAL,GLOBAL,GLOBAL,PLATFORM,0,0,0,0,0,0,0
ukraine,rfa.org,org,GLOBAL,GLOBAL,GLOBAL,PLATFORM,0,0,0,0,0,0,0
ukraine,rferl.org,org,GLOBAL,GLOBAL,GLOBAL,PLATFORM,0,0,0,0,0,0,0
ukraine,ridgecrestca.com,com,GLOBAL,GLOBAL,GLOBAL,PLATFORM,0,0,0,0,0,0,0
ukraine,rivercountry.newschannelnebraska.com,com,GLOBAL,GLOBAL,GLOBAL,PLATFORM,0,0,0,0,0,0,0
ukraine,savannahnow.com,com,GLOBAL,GLOBAL,GLOBAL,PLATFORM,0,0,0,0,0,0,0
ukraine,sbnation.com,com,GLOBAL,GLOBAL,GLOBAL,PLATFORM,0,0,0,0,0,0,0
ukraine,scnow.com,com,GLOBAL,GLOBAL,GLOBAL,PLATFORM,0,0,0,0,0,0,0
ukraine,seattlepi.com,com,GLOBAL,GLOBAL,GLOBAL,PLATFORM,0,0,0,0,0,0,0
ukraine,seventeen.com,com,GLOBAL,GLOBAL,GLOBAL,PLATFORM,0,0,0,0,0,0,0
ukraine,sfchronicle.com,com,GLOBAL,GLOBAL,GLOBAL,PLATFORM,0,0,0,0,0,0,0
ukraine,shippingwatch.com:443,NA,NA,NA,OTHER,PLATFORM,0,0,0,0,0,0,0
ukraine,sina.com.hk,hk,NA,NA,OTHER,PLATFORM,0,0,0,0,0,0,0
ukraine,snopes.com,com,GLOBAL,GLOBAL,GLOBAL,PLATFORM,0,0,0,0,0,0,0
ukraine,southeast.newschannelnebraska.com,com,GLOBAL,GLOBAL,GLOBAL,PLATFORM,0,0,0,0,0,0,0
ukraine,star1043.iheart.com,com,GLOBAL,GLOBAL,GLOBAL,PLATFORM,0,0,0,0,0,0,0
ukraine,starherald.com,com,GLOBAL,GLOBAL,GLOBAL,PLATFORM,0,0,0,0,0,0,0
ukraine,stripes.com,com,GLOBAL,GLOBAL,GLOBAL,PLATFORM,0,0,0,0,0,0,0
ukraine,stuff.co.nz,nz,NZ,East Asia & Pacific,OTHER,PLATFORM,0,0,0,0,0,0,0
ukraine,surreycomet.co.uk,uk,GB,Europe & Central Asia,OTHER,PLATFORM,0,0,0,0,0,0,0
ukraine,sverigesradio.se,se,NA,NA,OTHER,PLATFORM,0,0,0,0,0,0,0
ukraine,tcpalm.com,com,GLOBAL,GLOBAL,GLOBAL,PLATFORM,0,0,0,0,0,0,0
ukraine,techtimes.com,com,GLOBAL,GLOBAL,GLOBAL,PLATFORM,0,0,0,0,0,0,0
ukraine,thebeatstl.iheart.com,com,GLOBAL,GLOBAL,GLOBAL,PLATFORM,0,0,0,0,0,0,0
ukraine,thecentersquare.com,com,GLOBAL,GLOBAL,GLOBAL,PLATFORM,0,0,0,0,0,0,0
ukraine,thechampaignroom.com,com,GLOBAL,GLOBAL,GLOBAL,PLATFORM,0,0,0,0,0,0,0
ukraine,thedailyrecord.com,com,GLOBAL,GLOBAL,GLOBAL,PLATFORM,0,0,0,0,0,0,0
ukraine,thedrum.com,com,GLOBAL,GLOBAL,GLOBAL,PLATFORM,0,0,0,0,0,0,0
ukraine,themalaysianinsight.com,com,GLOBAL,GLOBAL,GLOBAL,PLATFORM,0,0,0,0,0,0,0
ukraine,themonthly.com.au,au,AU,East Asia & Pacific,OTHER,PLATFORM,0,0,0,0,0,0,0
ukraine,thenewpulsefm.com,com,GLOBAL,GLOBAL,GLOBAL,PLATFORM,0,0,0,0,0,0,0
ukraine,thenews.com.pk,pk,NA,NA,OTHER,PLATFORM,0,0,0,0,0,0,0
ukraine,theriver1059.iheart.com,com,GLOBAL,GLOBAL,GLOBAL,PLATFORM,0,0,0,0,0,0,0
ukraine,thesetonian.com,com,GLOBAL,GLOBAL,GLOBAL,PLATFORM,0,0,0,0,0,0,0
ukraine,thetimestribune.com,com,GLOBAL,GLOBAL,GLOBAL,PLATFORM,0,0,0,0,0,0,0
ukraine,thisismoney.co.uk,uk,GB,Europe & Central Asia,OTHER,PLATFORM,0,0,0,0,0,0,0
ukraine,thomasnet.com,com,GLOBAL,GLOBAL,GLOBAL,PLATFORM,0,0,0,0,0,0,0
ukraine,timescitizen.com,com,GLOBAL,GLOBAL,GLOBAL,PLATFORM,0,0,0,0,0,0,0
ukraine,toronto.ctvnews.ca,ca,CA,North America,OTHER,PLATFORM,0,0,0,0,0,0,0
ukraine,ttrweekly.com,com,GLOBAL,GLOBAL,GLOBAL,PLATFORM,0,0,0,0,0,0,0
ukraine,tucsonlocalmedia.com,com,GLOBAL,GLOBAL,GLOBAL,PLATFORM,0,0,0,0,0,0,0
ukraine,ukathletics.com,com,GLOBAL,GLOBAL,GLOBAL,PLATFORM,0,0,0,0,0,0,0
ukraine,umterps.com,com,GLOBAL,GLOBAL,GLOBAL,PLATFORM,0,0,0,0,0,0,0
ukraine,usatoday.com,com,GLOBAL,GLOBAL,GLOBAL,PLATFORM,0,0,0,0,0,0,0
ukraine,vgchartz.com,com,GLOBAL,GLOBAL,GLOBAL,PLATFORM,0,0,0,0,0,0,0
ukraine,virginiamercury.com,com,GLOBAL,GLOBAL,GLOBAL,PLATFORM,0,0,0,0,0,0,0
ukraine,volcanoes.usgs.gov,gov,NA,NA,OTHER,PLATFORM,0,0,0,1,0,0,1
ukraine,warsawvoice.pl,pl,PL,Europe & Central Asia,OTHER,PLATFORM,0,0,0,0,0,0,0
ukraine,washingtontimes.com,com,GLOBAL,GLOBAL,GLOBAL,PLATFORM,0,0,0,0,0,0,0
ukraine,wbaltv.com,com,GLOBAL,GLOBAL,GLOBAL,PLATFORM,0,0,0,0,0,0,0
ukraine,wbex.iheart.com,com,GLOBAL,GLOBAL,GLOBAL,PLATFORM,0,0,0,0,0,0,0
ukraine,wbhm.org,org,GLOBAL,GLOBAL,GLOBAL,PLATFORM,0,0,0,0,0,0,0
ukraine,weaa.org,org,GLOBAL,GLOBAL,GLOBAL,PLATFORM,0,0,0,0,0,0,0
ukraine,weareiowa.com,com,GLOBAL,GLOBAL,GLOBAL,PLATFORM,0,0,0,0,0,0,0
ukraine,westernmassnews.com,com,GLOBAL,GLOBAL,GLOBAL,PLATFORM,0,0,0,0,0,0,0
ukraine,wfmf.iheart.com,com,GLOBAL,GLOBAL,GLOBAL,PLATFORM,0,0,0,0,0,0,0
ukraine,whitecourtstar.com,com,GLOBAL,GLOBAL,GLOBAL,PLATFORM,0,0,0,0,0,0,0
ukraine,whopam.com,com,GLOBAL,GLOBAL,GLOBAL,PLATFORM,0,0,0,0,0,0,0
ukraine,wibc.com,com,GLOBAL,GLOBAL,GLOBAL,PLATFORM,0,0,0,0,0,0,0
ukraine,wicz.com,com,GLOBAL,GLOBAL,GLOBAL,PLATFORM,0,0,0,0,0,0,0
ukraine,wiltshiretimes.co.uk,uk,GB,Europe & Central Asia,OTHER,PLATFORM,0,0,0,0,0,0,0
ukraine,wimbledonguardian.co.uk,uk,GB,Europe & Central Asia,OTHER,PLATFORM,0,0,0,0,0,0,0
ukraine,winnipegsun.com,com,GLOBAL,GLOBAL,GLOBAL,PLATFORM,0,0,0,0,0,0,0
ukraine,wisn.com,com,GLOBAL,GLOBAL,GLOBAL,PLATFORM,0,0,0,0,0,0,0
ukraine,wkbw.com,com,GLOBAL,GLOBAL,GLOBAL,PLATFORM,0,0,0,0,0,0,0
ukraine,wkfr.com,com,GLOBAL,GLOBAL,GLOBAL,PLATFORM,0,0,0,0,0,0,0
ukraine,wmanfm.iheart.com,com,GLOBAL,GLOBAL,GLOBAL,PLATFORM,0,0,0,0,0,0,0
ukraine,wovk.iheart.com,com,GLOBAL,GLOBAL,GLOBAL,PLATFORM,0,0,0,0,0,0,0
ukraine,wral.com,com,GLOBAL,GLOBAL,GLOBAL,PLATFORM,0,0,0,0,0,0,0
ukraine,wsfcam.iheart.com,com,GLOBAL,GLOBAL,GLOBAL,PLATFORM,0,0,0,0,0,0,0
ukraine,wsjm.com,com,GLOBAL,GLOBAL,GLOBAL,PLATFORM,0,0,0,0,0,0,0
ukraine,wtag.iheart.com,com,GLOBAL,GLOBAL,GLOBAL,PLATFORM,0,0,0,0,0,0,0
ukraine,wtak.iheart.com,com,GLOBAL,GLOBAL,GLOBAL,PLATFORM,0,0,0,0,0,0,0
ukraine,wusa9.com,com,GLOBAL,GLOBAL,GLOBAL,PLATFORM,0,0,0,0,0,0,0
ukraine,wvgazettemail.com,com,GLOBAL,GLOBAL,GLOBAL,PLATFORM,0,0,0,0,0,0,0
ukraine,wvnews.com,com,GLOBAL,GLOBAL,GLOBAL,PLATFORM,0,0,0,0,0,0,0
ukraine,wvxu.org,org,GLOBAL,GLOBAL,GLOBAL,PLATFORM,0,0,0,0,0,0,0
ukraine,www2.ljworld.com,com,GLOBAL,GLOBAL,GLOBAL,PLATFORM,0,0,0,0,0,0,0
ukraine,wxpr.org,org,GLOBAL,GLOBAL,GLOBAL,PLATFORM,0,0,0,0,0,0,0
ukraine,wxxv25.com,com,GLOBAL,GLOBAL,GLOBAL,PLATFORM,0,0,0,0,0,0,0
ukraine,xxlmag.com,com,GLOBAL,GLOBAL,GLOBAL,PLATFORM,0,0,0,0,0,0,0
ukraine,y102reading.iheart.com,com,GLOBAL,GLOBAL,GLOBAL,PLATFORM,0,0,0,0,0,0,0
ukraine,12newsnow.com,com,GLOBAL,GLOBAL,GLOBAL,PLATFORM,0,0,0,0,0,0,0
ukraine,13wmaz.com,com,GLOBAL,GLOBAL,GLOBAL,PLATFORM,0,0,0,0,0,0,0
ukraine,41nbc.com,com,GLOBAL,GLOBAL,GLOBAL,PLATFORM,0,0,0,0,0,0,0
ukraine,925kissfm.iheart.com,com,GLOBAL,GLOBAL,GLOBAL,PLATFORM,0,0,0,0,0,0,0
ukraine,939litefm.iheart.com,com,GLOBAL,GLOBAL,GLOBAL,PLATFORM,0,0,0,0,0,0,0
ukraine,949kcmo.com,com,GLOBAL,GLOBAL,GLOBAL,PLATFORM,0,0,0,0,0,0,0
ukraine,961therocket.iheart.com,com,GLOBAL,GLOBAL,GLOBAL,PLATFORM,0,0,0,0,0,0,0
ukraine,963starcountry.iheart.com,com,GLOBAL,GLOBAL,GLOBAL,PLATFORM,0,0,0,0,0,0,0
ukraine,973thebullicons.iheart.com,com,GLOBAL,GLOBAL,GLOBAL,PLATFORM,0,0,0,0,0,0,0
ukraine,975online.iheart.com,com,GLOBAL,GLOBAL,GLOBAL,PLATFORM,0,0,0,0,0,0,0
ukraine,a4c.com,com,GLOBAL,GLOBAL,GLOBAL,PLATFORM,0,0,0,0,0,0,0
ukraine,abc6.com,com,GLOBAL,GLOBAL,GLOBAL,PLATFORM,0,0,0,0,0,0,0
ukraine,aclj.org:443,NA,NA,NA,OTHER,PLATFORM,0,0,0,0,0,0,0
ukraine,advancedbiofuelsusa.info,info,GLOBAL,GLOBAL,GLOBAL,PLATFORM,0,0,0,0,0,0,0
ukraine,africa.com,com,GLOBAL,GLOBAL,GLOBAL,PLATFORM,0,0,0,0,0,0,0
ukraine,afterellen.com,com,GLOBAL,GLOBAL,GLOBAL,PLATFORM,0,0,0,0,0,0,0
ukraine,aggie96.iheart.com,com,GLOBAL,GLOBAL,GLOBAL,PLATFORM,0,0,0,0,0,0,0
ukraine,aginfo.net,net,GLOBAL,GLOBAL,GLOBAL,PLATFORM,0,0,0,0,0,0,0
ukraine,allaccess.com,com,GLOBAL,GLOBAL,GLOBAL,PLATFORM,0,0,0,0,0,0,0
ukraine,americantop40.com,com,GLOBAL,GLOBAL,GLOBAL,PLATFORM,0,0,0,0,0,0,0
ukraine,animenewsnetwork.com,com,GLOBAL,GLOBAL,GLOBAL,PLATFORM,0,0,0,0,0,0,0
ukraine,aol.co.uk,uk,GB,Europe & Central Asia,OTHER,PLATFORM,0,0,0,0,0,0,0
ukraine,asiapacificreport.nz,nz,NZ,East Asia & Pacific,OTHER,PLATFORM,0,0,0,0,0,0,0
ukraine,b100quadcities.com,com,GLOBAL,GLOBAL,GLOBAL,PLATFORM,0,0,0,0,0,0,0
ukraine,b93radio.com,com,GLOBAL,GLOBAL,GLOBAL,PLATFORM,0,0,0,0,0,0,0
ukraine,bbc.co.uk,uk,GB,Europe & Central Asia,OTHER,PLATFORM,0,0,0,0,0,0,0
ukraine,bbc.com,com,GLOBAL,GLOBAL,GLOBAL,PLATFORM,0,0,0,0,0,0,0
ukraine,beatricedailysun.com,com,GLOBAL,GLOBAL,GLOBAL,PLATFORM,0,0,0,0,0,0,0
ukraine,beloitdailynews.com,com,GLOBAL,GLOBAL,GLOBAL,PLATFORM,0,0,0,0,0,0,0
ukraine,bhpioneer.com,com,GLOBAL,GLOBAL,GLOBAL,PLATFORM,0,0,0,0,0,0,0
ukraine,bikeportland.org,org,GLOBAL,GLOBAL,GLOBAL,PLATFORM,0,0,0,0,0,0,0
ukraine,bizjournals.com,com,GLOBAL,GLOBAL,GLOBAL,PLATFORM,0,0,0,0,0,0,0
ukraine,bjpenn.com,com,GLOBAL,GLOBAL,GLOBAL,PLATFORM,0,0,0,0,0,0,0
ukraine,blabbermouth.net,net,GLOBAL,GLOBAL,GLOBAL,PLATFORM,0,0,0,0,0,0,0
ukraine,blackandredunited.com,com,GLOBAL,GLOBAL,GLOBAL,PLATFORM,0,0,0,0,0,0,0
ukraine,bluebirdbanter.com,com,GLOBAL,GLOBAL,GLOBAL,PLATFORM,0,0,0,0,0,0,0
ukraine,bnamericas.com,com,GLOBAL,GLOBAL,GLOBAL,PLATFORM,0,0,0,0,0,0,0
ukraine,bondbuyer.com,com,GLOBAL,GLOBAL,GLOBAL,PLATFORM,0,0,0,0,0,0,0
ukraine,brandonsun.com,com,GLOBAL,GLOBAL,GLOBAL,PLATFORM,0,0,0,0,0,0,0
ukraine,buckeyecountry1037.iheart.com,com,GLOBAL,GLOBAL,GLOBAL,PLATFORM,0,0,0,0,0,0,0
ukraine,business-humanrights.org,org,GLOBAL,GLOBAL,GLOBAL,PLATFORM,0,0,0,0,0,0,0
ukraine,businessinsurance.com,com,GLOBAL,GLOBAL,GLOBAL,PLATFORM,0,0,0,0,0,0,0
ukraine,buzzfeednews.com,com,GLOBAL,GLOBAL,GLOBAL,PLATFORM,0,0,0,0,0,0,0
ukraine,buzztulsa.iheart.com,com,GLOBAL,GLOBAL,GLOBAL,PLATFORM,0,0,0,0,0,0,0
ukraine,calcoastnews.com,com,GLOBAL,GLOBAL,GLOBAL,PLATFORM,0,0,0,0,0,0,0
ukraine,calgary.ctvnews.ca,ca,CA,North America,OTHER,PLATFORM,0,0,0,0,0,0,0
ukraine,cambridge-news.co.uk,uk,GB,Europe & Central Asia,OTHER,PLATFORM,0,0,0,0,0,0,0
ukraine,carscoops.com,com,GLOBAL,GLOBAL,GLOBAL,PLATFORM,0,0,0,0,0,0,0
ukraine,chess24.com,com,GLOBAL,GLOBAL,GLOBAL,PLATFORM,0,0,0,0,0,0,0
ukraine,christianitytoday.com,com,GLOBAL,GLOBAL,GLOBAL,PLATFORM,0,0,0,0,0,0,0
ukraine,cincinnati.com,com,GLOBAL,GLOBAL,GLOBAL,PLATFORM,0,0,0,0,0,0,0
ukraine,citizentribune.com,com,GLOBAL,GLOBAL,GLOBAL,PLATFORM,0,0,0,0,0,0,0
ukraine,city-journal.org:443,NA,NA,NA,OTHER,PLATFORM,0,0,0,0,0,0,0
ukraine,classichits1390.iheart.com,com,GLOBAL,GLOBAL,GLOBAL,PLATFORM,0,0,0,0,0,0,0
ukraine,coloradoan.com,com,GLOBAL,GLOBAL,GLOBAL,PLATFORM,0,0,0,0,0,0,0
ukraine,combatpress.com,com,GLOBAL,GLOBAL,GLOBAL,PLATFORM,0,0,0,0,0,0,0
ukraine,comicbookmovie.com,com,GLOBAL,GLOBAL,GLOBAL,PLATFORM,0,0,0,0,0,0,0
ukraine,country925.iheart.com,com,GLOBAL,GLOBAL,GLOBAL,PLATFORM,0,0,0,0,0,0,0
ukraine,cricketaddictor.com,com,GLOBAL,GLOBAL,GLOBAL,PLATFORM,0,0,0,0,0,0,0
ukraine,cuindependent.com,com,GLOBAL,GLOBAL,GLOBAL,PLATFORM,0,0,0,0,0,0,0
ukraine,dailyastorian.com,com,GLOBAL,GLOBAL,GLOBAL,PLATFORM,0,0,0,0,0,0,0
ukraine,dailycitizen.news,news,NA,NA,OTHER,PLATFORM,0,0,0,0,0,0,0
ukraine,dailyrepublic.com,com,GLOBAL,GLOBAL,GLOBAL,PLATFORM,0,0,0,0,0,0,0
ukraine,dc.eater.com,com,GLOBAL,GLOBAL,GLOBAL,PLATFORM,0,0,0,0,0,0,0
ukraine,dealbreaker.com,com,GLOBAL,GLOBAL,GLOBAL,PLATFORM,0,0,0,0,0,0,0
ukraine,democratherald.com,com,GLOBAL,GLOBAL,GLOBAL,PLATFORM,0,0,0,0,0,0,0
ukraine,desiblitz.com,com,GLOBAL,GLOBAL,GLOBAL,PLATFORM,0,0,0,0,0,0,0
ukraine,detroitlions.com,com,GLOBAL,GLOBAL,GLOBAL,PLATFORM,0,0,0,0,0,0,0
ukraine,durangoherald.com,com,GLOBAL,GLOBAL,GLOBAL,PLATFORM,0,0,0,0,0,0,0
ukraine,eastidahonews.com,com,GLOBAL,GLOBAL,GLOBAL,PLATFORM,0,0,0,0,0,0,0
ukraine,echopress.com,com,GLOBAL,GLOBAL,GLOBAL,PLATFORM,0,0,0,0,0,0,0
ukraine,emarketer.com,com,GLOBAL,GLOBAL,GLOBAL,PLATFORM,0,0,0,0,0,0,0
ukraine,en.mercopress.com,com,GLOBAL,GLOBAL,GLOBAL,PLATFORM,0,0,0,0,0,0,0
ukraine,endocrinologyadvisor.com,com,GLOBAL,GLOBAL,GLOBAL,PLATFORM,0,0,0,0,0,0,0
ukraine,english.news.cn,cn,CN,East Asia & Pacific,OTHER,PLATFORM,0,0,0,0,0,0,0
ukraine,eventbrite.com.au,au,AU,East Asia & Pacific,OTHER,PLATFORM,0,0,0,0,0,0,0
ukraine,everything2.com:443,NA,NA,NA,OTHER,PLATFORM,0,0,0,0,0,0,0
ukraine,expressnews.com,com,GLOBAL,GLOBAL,GLOBAL,PLATFORM,0,0,0,0,0,0,0
ukraine,extratime.com,com,GLOBAL,GLOBAL,GLOBAL,PLATFORM,0,0,0,0,0,0,0
ukraine,fauquiernow.com,com,GLOBAL,GLOBAL,GLOBAL,PLATFORM,0,0,0,0,0,0,0
ukraine,fiddleheadfocus.com,com,GLOBAL,GLOBAL,GLOBAL,PLATFORM,0,0,0,0,0,0,0
ukraine,fijitimes.com,com,GLOBAL,GLOBAL,GLOBAL,PLATFORM,0,0,0,0,0,0,0
ukraine,fin-news.com,com,GLOBAL,GLOBAL,GLOBAL,PLATFORM,0,0,0,0,0,0,0
ukraine,finanznachrichten.de,de,DE,Europe & Central Asia,OTHER,PLATFORM,0,0,0,0,0,0,0
ukraine,fontanaheraldnews.com,com,GLOBAL,GLOBAL,GLOBAL,PLATFORM,0,0,0,0,0,0,0
ukraine,football365.com,com,GLOBAL,GLOBAL,GLOBAL,PLATFORM,0,0,0,0,0,0,0
ukraine,fox29.com,com,GLOBAL,GLOBAL,GLOBAL,PLATFORM,0,0,0,0,0,0,0
ukraine,galioninquirer.com,com,GLOBAL,GLOBAL,GLOBAL,PLATFORM,0,0,0,0,0,0,0
ukraine,gamesindustry.biz:443,NA,NA,NA,OTHER,PLATFORM,0,0,0,0,0,0,0
ukraine,gatestoneinstitute.org,org,GLOBAL,GLOBAL,GLOBAL,PLATFORM,0,0,0,0,0,0,0
ukraine,gillettenewsrecord.com,com,GLOBAL,GLOBAL,GLOBAL,PLATFORM,0,0,0,0,0,0,0
ukraine,goupstate.com,com,GLOBAL,GLOBAL,GLOBAL,PLATFORM,0,0,0,0,0,0,0
ukraine,gov.ms,ms,NA,NA,OTHER,PLATFORM,0,0,0,0,0,0,0
ukraine,govtech.com,com,GLOBAL,GLOBAL,GLOBAL,PLATFORM,0,0,0,0,0,0,0
ukraine,grainews.ca,ca,CA,North America,OTHER,PLATFORM,0,0,0,0,0,0,0
ukraine,grandforksherald.com,com,GLOBAL,GLOBAL,GLOBAL,PLATFORM,0,0,0,0,0,0,0
ukraine,grandrapidsmn.com,com,GLOBAL,GLOBAL,GLOBAL,PLATFORM,0,0,0,0,0,0,0
ukraine,greekcitytimes.com,com,GLOBAL,GLOBAL,GLOBAL,PLATFORM,0,0,0,0,0,0,0
ukraine,greensboro.com,com,GLOBAL,GLOBAL,GLOBAL,PLATFORM,0,0,0,0,0,0,0
ukraine,gzeromedia.com,com,GLOBAL,GLOBAL,GLOBAL,PLATFORM,0,0,0,0,0,0,0
ukraine,hiawathaworldonline.com,com,GLOBAL,GLOBAL,GLOBAL,PLATFORM,0,0,0,0,0,0,0
ukraine,hot975fm.com,com,GLOBAL,GLOBAL,GLOBAL,PLATFORM,0,0,0,0,0,0,0
ukraine,howestreet.com,com,GLOBAL,GLOBAL,GLOBAL,PLATFORM,0,0,0,0,0,0,0
ukraine,huffpost.com,com,GLOBAL,GLOBAL,GLOBAL,PLATFORM,0,0,0,0,0,0,0
ukraine,ifex.org,org,GLOBAL,GLOBAL,GLOBAL,PLATFORM,0,0,0,0,0,0,0
ukraine,ifp.co.in:443,NA,NA,NA,OTHER,PLATFORM,0,0,0,0,0,0,0
ukraine,impactnottingham.com,com,GLOBAL,GLOBAL,GLOBAL,PLATFORM,0,0,0,0,0,0,0
ukraine,in.investing.com,com,GLOBAL,GLOBAL,GLOBAL,PLATFORM,0,0,0,0,0,0,0
ukraine,insider.com,com,GLOBAL,GLOBAL,GLOBAL,PLATFORM,0,0,0,0,0,0,0
ukraine,jacksonprogress-argus.com,com,GLOBAL,GLOBAL,GLOBAL,PLATFORM,0,0,0,0,0,0,0
ukraine,jdsupra.com,com,GLOBAL,GLOBAL,GLOBAL,PLATFORM,0,0,0,0,0,0,0
ukraine,jewishjournal.com,com,GLOBAL,GLOBAL,GLOBAL,PLATFORM,0,0,0,0,0,0,0
ukraine,journalrecord.com,com,GLOBAL,GLOBAL,GLOBAL,PLATFORM,0,0,0,0,0,0,0
ukraine,journalstar.com,com,GLOBAL,GLOBAL,GLOBAL,PLATFORM,0,0,0,0,0,0,0
ukraine,k103.iheart.com,com,GLOBAL,GLOBAL,GLOBAL,PLATFORM,0,0,0,0,0,0,0
ukraine,k2radio.com,com,GLOBAL,GLOBAL,GLOBAL,PLATFORM,0,0,0,0,0,0,0
ukraine,kare11.com,com,GLOBAL,GLOBAL,GLOBAL,PLATFORM,0,0,0,0,0,0,0
ukraine,kcck.org,org,GLOBAL,GLOBAL,GLOBAL,PLATFORM,0,0,0,0,0,0,0
ukraine,kcur.org,org,GLOBAL,GLOBAL,GLOBAL,PLATFORM,0,0,0,0,0,0,0
ukraine,kdwb.iheart.com,com,GLOBAL,GLOBAL,GLOBAL,PLATFORM,0,0,0,0,0,0,0
ukraine,kens5.com,com,GLOBAL,GLOBAL,GLOBAL,PLATFORM,0,0,0,0,0,0,0
ukraine,keyt.com,com,GLOBAL,GLOBAL,GLOBAL,PLATFORM,0,0,0,0,0,0,0
ukraine,kgab.com,com,GLOBAL,GLOBAL,GLOBAL,PLATFORM,0,0,0,0,0,0,0
ukraine,kgot.iheart.com,com,GLOBAL,GLOBAL,GLOBAL,PLATFORM,0,0,0,0,0,0,0
ukraine,khaama.com,com,GLOBAL,GLOBAL,GLOBAL,PLATFORM,0,0,0,0,0,0,0
ukraine,khou.com,com,GLOBAL,GLOBAL,GLOBAL,PLATFORM,0,0,0,0,0,0,0
ukraine,kiiitv.com,com,GLOBAL,GLOBAL,GLOBAL,PLATFORM,0,0,0,0,0,0,0
ukraine,king5.com,com,GLOBAL,GLOBAL,GLOBAL,PLATFORM,0,0,0,0,0,0,0
ukraine,kingstonthisweek.com,com,GLOBAL,GLOBAL,GLOBAL,PLATFORM,0,0,0,0,0,0,0
ukraine,kiss1023.iheart.com,com,GLOBAL,GLOBAL,GLOBAL,PLATFORM,0,0,0,0,0,0,0
ukraine,kiwaradio.com,com,GLOBAL,GLOBAL,GLOBAL,PLATFORM,0,0,0,0,0,0,0
ukraine,kjas.com,com,GLOBAL,GLOBAL,GLOBAL,PLATFORM,0,0,0,0,0,0,0
ukraine,klcc.org,org,GLOBAL,GLOBAL,GLOBAL,PLATFORM,0,0,0,0,0,0,0
ukraine,klkntv.com,com,GLOBAL,GLOBAL,GLOBAL,PLATFORM,0,0,0,0,0,0,0
ukraine,kmmsam.com,com,GLOBAL,GLOBAL,GLOBAL,PLATFORM,0,0,0,0,0,0,0
ukraine,kmuw.org,org,GLOBAL,GLOBAL,GLOBAL,PLATFORM,0,0,0,0,0,0,0
ukraine,knau.org,org,GLOBAL,GLOBAL,GLOBAL,PLATFORM,0,0,0,0,0,0,0
ukraine,knixcountry.iheart.com,com,GLOBAL,GLOBAL,GLOBAL,PLATFORM,0,0,0,0,0,0,0
ukraine,knsiradio.com,com,GLOBAL,GLOBAL,GLOBAL,PLATFORM,0,0,0,0,0,0,0
ukraine,kool108.iheart.com,com,GLOBAL,GLOBAL,GLOBAL,PLATFORM,0,0,0,0,0,0,0
ukraine,kpvi.com,com,GLOBAL,GLOBAL,GLOBAL,PLATFORM,0,0,0,0,0,0,0
ukraine,ksdk.com,com,GLOBAL,GLOBAL,GLOBAL,PLATFORM,0,0,0,0,0,0,0
ukraine,kvue.com,com,GLOBAL,GLOBAL,GLOBAL,PLATFORM,0,0,0,0,0,0,0
ukraine,kwit.org,org,GLOBAL,GLOBAL,GLOBAL,PLATFORM,0,0,0,0,0,0,0
ukraine,kxly.com,com,GLOBAL,GLOBAL,GLOBAL,PLATFORM,0,0,0,0,0,0,0
ukraine,kxno.iheart.com,com,GLOBAL,GLOBAL,GLOBAL,PLATFORM,0,0,0,0,0,0,0
ukraine,lake1023.iheart.com,com,GLOBAL,GLOBAL,GLOBAL,PLATFORM,0,0,0,0,0,0,0
ukraine,laramielive.com,com,GLOBAL,GLOBAL,GLOBAL,PLATFORM,0,0,0,0,0,0,0
ukraine,lasvegassun.com,com,GLOBAL,GLOBAL,GLOBAL,PLATFORM,0,0,0,0,0,0,0
ukraine,livemint.com,com,GLOBAL,GLOBAL,GLOBAL,PLATFORM,0,0,0,0,0,0,0
ukraine,manutd.com,com,GLOBAL,GLOBAL,GLOBAL,PLATFORM,0,0,0,0,0,0,0
ukraine,maritime-executive.com,com,GLOBAL,GLOBAL,GLOBAL,PLATFORM,0,0,0,0,0,0,0
ukraine,marketbusinessnews.com,com,GLOBAL,GLOBAL,GLOBAL,PLATFORM,0,0,0,0,0,0,0
ukraine,mix931online.iheart.com,com,GLOBAL,GLOBAL,GLOBAL,PLATFORM,0,0,0,0,0,0,0
ukraine,mmanews.com,com,GLOBAL,GLOBAL,GLOBAL,PLATFORM,0,0,0,0,0,0,0
ukraine,mtlblog.com,com,GLOBAL,GLOBAL,GLOBAL,PLATFORM,0,0,0,0,0,0,0
ukraine,my100fm.iheart.com,com,GLOBAL,GLOBAL,GLOBAL,PLATFORM,0,0,0,0,0,0,0
ukraine,mydallaspost.com,com,GLOBAL,GLOBAL,GLOBAL,PLATFORM,0,0,0,0,0,0,0
ukraine,mywdia.iheart.com,com,GLOBAL,GLOBAL,GLOBAL,PLATFORM,0,0,0,0,0,0,0
ukraine,nahl.com,com,GLOBAL,GLOBAL,GLOBAL,PLATFORM,0,0,0,0,0,0,0
ukraine,naija247news.com,com,GLOBAL,GLOBAL,GLOBAL,PLATFORM,0,0,0,0,0,0,0
ukraine,nbcboston.com,com,GLOBAL,GLOBAL,GLOBAL,PLATFORM,0,0,0,0,0,0,0
ukraine,nbcdfw.com,com,GLOBAL,GLOBAL,GLOBAL,PLATFORM,0,0,0,0,0,0,0
ukraine,nbclosangeles.com,com,GLOBAL,GLOBAL,GLOBAL,PLATFORM,0,0,0,0,0,0,0
ukraine,newburyportnews.com,com,GLOBAL,GLOBAL,GLOBAL,PLATFORM,0,0,0,0,0,0,0
ukraine,newgamenetwork.com,com,GLOBAL,GLOBAL,GLOBAL,PLATFORM,0,0,0,0,0,0,0
ukraine,news.am,am,NA,NA,OTHER,PLATFORM,0,0,0,0,0,0,0
ukraine,newsletter.co.uk,uk,GB,Europe & Central Asia,OTHER,PLATFORM,0,0,0,0,0,0,0
ukraine,newsnow.co.uk,uk,GB,Europe & Central Asia,OTHER,PLATFORM,0,0,0,0,0,0,0
ukraine,newstalk1280.com,com,GLOBAL,GLOBAL,GLOBAL,PLATFORM,0,0,0,0,0,0,0
ukraine,newstalkzb.co.nz,nz,NZ,East Asia & Pacific,OTHER,PLATFORM,0,0,0,0,0,0,0
ukraine,newswest9.com,com,GLOBAL,GLOBAL,GLOBAL,PLATFORM,0,0,0,0,0,0,0
ukraine,nj1015.com,com,GLOBAL,GLOBAL,GLOBAL,PLATFORM,0,0,0,0,0,0,0
ukraine,northcoastjournal.com,com,GLOBAL,GLOBAL,GLOBAL,PLATFORM,0,0,0,0,0,0,0
ukraine,nukethefridge.com,com,GLOBAL,GLOBAL,GLOBAL,PLATFORM,0,0,0,0,0,0,0
ukraine,oilcity.news,news,NA,NA,OTHER,PLATFORM,0,0,0,0,0,0,0
ukraine,optics.org,org,GLOBAL,GLOBAL,GLOBAL,PLATFORM,0,0,0,0,0,0,0
ukraine,ottawa.ctvnews.ca,ca,CA,North America,OTHER,PLATFORM,0,0,0,0,0,0,0
ukraine,politico.com,com,GLOBAL,GLOBAL,GLOBAL,PLATFORM,0,0,0,0,0,0,0
ukraine,postbulletin.com,com,GLOBAL,GLOBAL,GLOBAL,PLATFORM,0,0,0,0,0,0,0
ukraine,power1009.iheart.com,com,GLOBAL,GLOBAL,GLOBAL,PLATFORM,0,0,0,0,0,0,0
ukraine,pressdemocrat.com,com,GLOBAL,GLOBAL,GLOBAL,PLATFORM,0,0,0,0,0,0,0
ukraine,pressherald.com,com,GLOBAL,GLOBAL,GLOBAL,PLATFORM,0,0,0,0,0,0,0
ukraine,providencejournal.com,com,GLOBAL,GLOBAL,GLOBAL,PLATFORM,0,0,0,0,0,0,0
ukraine,q13fox.com,com,GLOBAL,GLOBAL,GLOBAL,PLATFORM,0,0,0,0,0,0,0
ukraine,restaurantdive.com,com,GLOBAL,GLOBAL,GLOBAL,PLATFORM,0,0,0,0,0,0,0
ukraine,richardcrouse.ca,ca,CA,North America,OTHER,PLATFORM,0,0,0,0,0,0,0
ukraine,ross-shirejournal.co.uk,uk,GB,Europe & Central Asia,OTHER,PLATFORM,0,0,0,0,0,0,0
ukraine,rtvslo.si,si,NA,NA,OTHER,PLATFORM,0,0,0,0,0,0,0
ukraine,runnermag.ca,ca,CA,North America,OTHER,PLATFORM,0,0,0,0,0,0,0
ukraine,sarniathisweek.com,com,GLOBAL,GLOBAL,GLOBAL,PLATFORM,0,0,0,0,0,0,0
ukraine,sciencealert.com,com,GLOBAL,GLOBAL,GLOBAL,PLATFORM,0,0,0,0,0,0,0
ukraine,seacoastcurrent.com,com,GLOBAL,GLOBAL,GLOBAL,PLATFORM,0,0,0,0,0,0,0
ukraine,seekingalpha.com,com,GLOBAL,GLOBAL,GLOBAL,PLATFORM,1,0,0,0,0,0,1
ukraine,sen.com.au,au,AU,East Asia & Pacific,OTHER,PLATFORM,0,0,0,0,0,0,0
ukraine,sheridanmedia.com,com,GLOBAL,GLOBAL,GLOBAL,PLATFORM,0,0,0,0,0,0,0
ukraine,socialnews.xyz,xyz,NA,NA,OTHER,PLATFORM,0,0,0,0,0,0,0
ukraine,spsrasd.info,info,GLOBAL,GLOBAL,GLOBAL,PLATFORM,0,0,0,0,0,0,0
ukraine,star941fm.iheart.com,com,GLOBAL,GLOBAL,GLOBAL,PLATFORM,0,0,0,0,0,0,0
ukraine,steelers.com,com,GLOBAL,GLOBAL,GLOBAL,PLATFORM,0,0,0,0,0,0,0
ukraine,stlamerican.com,com,GLOBAL,GLOBAL,GLOBAL,PLATFORM,0,0,0,0,0,0,0
ukraine,stltoday.com,com,GLOBAL,GLOBAL,GLOBAL,PLATFORM,0,0,0,0,0,0,0
ukraine,stwnewspress.com,com,GLOBAL,GLOBAL,GLOBAL,PLATFORM,0,0,0,0,0,0,0
ukraine,sunjournal.com,com,GLOBAL,GLOBAL,GLOBAL,PLATFORM,0,0,0,0,0,0,0
ukraine,swindonadvertiser.co.uk,uk,GB,Europe & Central Asia,OTHER,PLATFORM,0,0,0,0,0,0,0
ukraine,tctmd.com,com,GLOBAL,GLOBAL,GLOBAL,PLATFORM,0,0,0,0,0,0,0
ukraine,telegraph.co.uk,uk,GB,Europe & Central Asia,OTHER,PLATFORM,0,0,0,0,0,0,0
ukraine,theage.com.au,au,AU,East Asia & Pacific,OTHER,PLATFORM,0,0,0,0,0,0,0
ukraine,theaviationist.com,com,GLOBAL,GLOBAL,GLOBAL,PLATFORM,0,0,0,0,0,0,0
ukraine,thecounter.org,org,GLOBAL,GLOBAL,GLOBAL,PLATFORM,0,0,0,0,0,0,0
ukraine,theday.com,com,GLOBAL,GLOBAL,GLOBAL,PLATFORM,0,0,0,0,0,0,0
ukraine,thedickinsonpress.com,com,GLOBAL,GLOBAL,GLOBAL,PLATFORM,0,0,0,0,0,0,0
ukraine,theportugalnews.com,com,GLOBAL,GLOBAL,GLOBAL,PLATFORM,0,0,0,0,0,0,0
ukraine,thesheridanpress.com,com,GLOBAL,GLOBAL,GLOBAL,PLATFORM,0,0,0,0,0,0,0
ukraine,thestandard.org.nz,nz,NZ,East Asia & Pacific,OTHER,PLATFORM,0,0,0,0,0,0,0
ukraine,theverge.com,com,GLOBAL,GLOBAL,GLOBAL,PLATFORM,0,0,0,0,0,0,0
ukraine,thezimbabwemail.com,com,GLOBAL,GLOBAL,GLOBAL,PLATFORM,0,0,0,0,0,0,0
ukraine,times-journal.com,com,GLOBAL,GLOBAL,GLOBAL,PLATFORM,0,0,0,0,0,0,0
ukraine,timesonline.com,com,GLOBAL,GLOBAL,GLOBAL,PLATFORM,0,0,0,0,0,0,0
ukraine,trinidadexpress.com,com,GLOBAL,GLOBAL,GLOBAL,PLATFORM,0,0,0,0,0,0,0
ukraine,tsnn.com,com,GLOBAL,GLOBAL,GLOBAL,PLATFORM,0,0,0,0,0,0,0
ukraine,tvnewscheck.com,com,GLOBAL,GLOBAL,GLOBAL,PLATFORM,0,0,0,0,0,0,0
ukraine,tw.news.yahoo.com,com,GLOBAL,GLOBAL,GLOBAL,PLATFORM,0,0,0,0,0,0,0
ukraine,ucpress.edu,edu,NA,NA,OTHER,PLATFORM,0,0,0,0,0,0,0
ukraine,vanguardngr.com,com,GLOBAL,GLOBAL,GLOBAL,PLATFORM,0,0,0,0,0,0,0
ukraine,voanews.com,com,GLOBAL,GLOBAL,GLOBAL,PLATFORM,0,0,0,0,0,0,0
ukraine,wahoo-ashland-waverly.com,com,GLOBAL,GLOBAL,GLOBAL,PLATFORM,0,0,0,0,0,0,0
ukraine,walesonline.co.uk,uk,GB,Europe & Central Asia,OTHER,PLATFORM,0,0,0,0,0,0,0
ukraine,wandsworthguardian.co.uk,uk,GB,Europe & Central Asia,OTHER,PLATFORM,0,0,0,0,0,0,0
ukraine,wbbq.iheart.com,com,GLOBAL,GLOBAL,GLOBAL,PLATFORM,0,0,0,0,0,0,0
ukraine,wctrib.com,com,GLOBAL,GLOBAL,GLOBAL,PLATFORM,0,0,0,0,0,0,0
ukraine,westcentralsbest.com,com,GLOBAL,GLOBAL,GLOBAL,PLATFORM,0,0,0,0,0,0,0
ukraine,wiltsglosstandard.co.uk,uk,GB,Europe & Central Asia,OTHER,PLATFORM,0,0,0,0,0,0,0
ukraine,windsorstar.com,com,GLOBAL,GLOBAL,GLOBAL,PLATFORM,0,0,0,0,0,0,0
ukraine,witl.com,com,GLOBAL,GLOBAL,GLOBAL,PLATFORM,0,0,0,0,0,0,0
ukraine,wjbt.iheart.com,com,GLOBAL,GLOBAL,GLOBAL,PLATFORM,0,0,0,0,0,0,0
ukraine,wmeq.iheart.com,com,GLOBAL,GLOBAL,GLOBAL,PLATFORM,0,0,0,0,0,0,0
ukraine,wmtw.com,com,GLOBAL,GLOBAL,GLOBAL,PLATFORM,0,0,0,0,0,0,0
ukraine,wnewsj.com,com,GLOBAL,GLOBAL,GLOBAL,PLATFORM,0,0,0,0,0,0,0
ukraine,wobm.com,com,GLOBAL,GLOBAL,GLOBAL,PLATFORM,0,0,0,0,0,0,0
ukraine,worldoil.com,com,GLOBAL,GLOBAL,GLOBAL,PLATFORM,0,0,0,0,0,0,0
ukraine,wqmf.iheart.com,com,GLOBAL,GLOBAL,GLOBAL,PLATFORM,0,0,0,0,0,0,0
ukraine,wtvr.com,com,GLOBAL,GLOBAL,GLOBAL,PLATFORM,0,0,0,0,0,0,0
ukraine,wusfnews.wusf.usf.edu,edu,NA,NA,OTHER,PLATFORM,0,0,0,0,0,0,0
ukraine,wwaytv3.com,com,GLOBAL,GLOBAL,GLOBAL,PLATFORM,0,0,0,0,0,0,0
ukraine,x1071.com,com,GLOBAL,GLOBAL,GLOBAL,PLATFORM,0,0,0,0,0,0,0
ukraine,yankton.net,net,GLOBAL,GLOBAL,GLOBAL,PLATFORM,0,0,0,0,0,0,0
ukraine,yourtv.com.au,au,AU,East Asia & Pacific,OTHER,PLATFORM,0,0,0,0,0,0,0
ukraine,1061fmtalk.iheart.com,com,GLOBAL,GLOBAL,GLOBAL,PLATFORM,0,0,0,0,0,0,0
ukraine,2paragraphs.com,com,GLOBAL,GLOBAL,GLOBAL,PLATFORM,0,0,0,0,0,0,0
ukraine,7thspace.com,com,GLOBAL,GLOBAL,GLOBAL,PLATFORM,0,0,0,0,0,0,0
ukraine,953bull.iheart.com,com,GLOBAL,GLOBAL,GLOBAL,PLATFORM,0,0,0,0,0,0,0
ukraine,961srs.iheart.com,com,GLOBAL,GLOBAL,GLOBAL,PLATFORM,0,0,0,0,0,0,0
ukraine,997thelake.iheart.com,com,GLOBAL,GLOBAL,GLOBAL,PLATFORM,0,0,0,0,0,0,0
ukraine,abplive.com,com,GLOBAL,GLOBAL,GLOBAL,PLATFORM,0,0,0,0,0,0,0
ukraine,africaleader.com,com,GLOBAL,GLOBAL,GLOBAL,PLATFORM,0,0,0,0,0,0,0
ukraine,anewsa.com,com,GLOBAL,GLOBAL,GLOBAL,PLATFORM,0,0,0,0,0,0,0
ukraine,asahi.com,com,GLOBAL,GLOBAL,GLOBAL,PLATFORM,0,0,0,0,0,0,0
ukraine,athensreview.com,com,GLOBAL,GLOBAL,GLOBAL,PLATFORM,0,0,0,0,0,0,0
ukraine,azbigmedia.com,com,GLOBAL,GLOBAL,GLOBAL,PLATFORM,0,0,0,0,0,0,0
ukraine,barcauniversal.com,com,GLOBAL,GLOBAL,GLOBAL,PLATFORM,0,0,0,0,0,0,0
ukraine,bayshorebroadcasting.ca,ca,CA,North America,OTHER,PLATFORM,0,0,0,0,0,0,0
ukraine,bendbulletin.com,com,GLOBAL,GLOBAL,GLOBAL,PLATFORM,0,0,0,0,0,0,0
ukraine,biztoc.com,com,GLOBAL,GLOBAL,GLOBAL,PLATFORM,0,0,0,0,0,0,0
ukraine,borehamwoodtimes.co.uk,uk,GB,Europe & Central Asia,OTHER,PLATFORM,0,0,0,0,0,0,0
ukraine,boxingnewsonline.net,net,GLOBAL,GLOBAL,GLOBAL,PLATFORM,0,0,0,0,0,0,0
ukraine,bwog.com,com,GLOBAL,GLOBAL,GLOBAL,PLATFORM,0,0,0,0,0,0,0
ukraine,chortle.co.uk,uk,GB,Europe & Central Asia,OTHER,PLATFORM,0,0,0,0,0,0,0
ukraine,citizensvoice.com,com,GLOBAL,GLOBAL,GLOBAL,PLATFORM,0,0,0,0,0,0,0
ukraine,cornwalllive.com,com,GLOBAL,GLOBAL,GLOBAL,PLATFORM,0,0,0,0,0,0,0
ukraine,echo-news.co.uk,uk,GB,Europe & Central Asia,OTHER,PLATFORM,0,0,0,0,0,0,0
ukraine,eham.net,net,GLOBAL,GLOBAL,GLOBAL,PLATFORM,0,0,0,0,0,0,0
ukraine,equibase.com,com,GLOBAL,GLOBAL,GLOBAL,PLATFORM,0,0,0,0,0,0,0
ukraine,fairfieldcitizenonline.com,com,GLOBAL,GLOBAL,GLOBAL,PLATFORM,0,0,0,0,0,0,0
ukraine,forums.appleinsider.com,com,GLOBAL,GLOBAL,GLOBAL,PLATFORM,0,0,0,0,0,0,0
ukraine,fox4news.com,com,GLOBAL,GLOBAL,GLOBAL,PLATFORM,0,0,0,0,0,0,0
ukraine,foxsports1450.iheart.com,com,GLOBAL,GLOBAL,GLOBAL,PLATFORM,0,0,0,0,0,0,0
ukraine,gaapweb.com,com,GLOBAL,GLOBAL,GLOBAL,PLATFORM,0,0,0,0,0,0,0
ukraine,gazettextra.com,com,GLOBAL,GLOBAL,GLOBAL,PLATFORM,0,0,0,0,0,0,0
ukraine,globalvoices.org,org,GLOBAL,GLOBAL,GLOBAL,PLATFORM,0,0,0,0,0,0,0
ukraine,gloucestershirelive.co.uk,uk,GB,Europe & Central Asia,OTHER,PLATFORM,0,0,0,0,0,0,0
ukraine,greenevillesun.com,com,GLOBAL,GLOBAL,GLOBAL,PLATFORM,0,0,0,0,0,0,0
ukraine,haitisun.com,com,GLOBAL,GLOBAL,GLOBAL,PLATFORM,0,0,0,0,0,0,0
ukraine,healio.com,com,GLOBAL,GLOBAL,GLOBAL,PLATFORM,0,0,0,0,0,0,0
ukraine,highlandcountypress.com,com,GLOBAL,GLOBAL,GLOBAL,PLATFORM,0,0,0,0,0,0,0
ukraine,hot96.com,com,GLOBAL,GLOBAL,GLOBAL,PLATFORM,0,0,0,0,0,0,0
ukraine,hudsonvalleycountry.com,com,GLOBAL,GLOBAL,GLOBAL,PLATFORM,0,0,0,0,0,0,0
ukraine,huskers.com,com,GLOBAL,GLOBAL,GLOBAL,PLATFORM,0,0,0,0,0,0,0
ukraine,imore.com,com,GLOBAL,GLOBAL,GLOBAL,PLATFORM,0,0,0,0,0,0,0
ukraine,independenttribune.com,com,GLOBAL,GLOBAL,GLOBAL,PLATFORM,0,0,0,0,0,0,0
ukraine,insidethegames.biz,biz,GLOBAL,GLOBAL,GLOBAL,PLATFORM,0,0,0,0,0,0,0
ukraine,investmentwatchblog.com,com,GLOBAL,GLOBAL,GLOBAL,PLATFORM,0,0,0,0,0,0,0
ukraine,jpost.com,com,GLOBAL,GLOBAL,GLOBAL,PLATFORM,0,0,0,0,0,0,0
ukraine,kake.com,com,GLOBAL,GLOBAL,GLOBAL,PLATFORM,0,0,0,0,0,0,0
ukraine,keighleynews.co.uk,uk,GB,Europe & Central Asia,OTHER,PLATFORM,0,0,0,0,0,0,0
ukraine,kickoff.com,com,GLOBAL,GLOBAL,GLOBAL,PLATFORM,0,0,0,0,0,0,0
ukraine,kmov.com,com,GLOBAL,GLOBAL,GLOBAL,PLATFORM,0,0,0,0,0,0,0
ukraine,krem.com,com,GLOBAL,GLOBAL,GLOBAL,PLATFORM,0,0,0,0,0,0,0
ukraine,ktbs.com,com,GLOBAL,GLOBAL,GLOBAL,PLATFORM,0,0,0,0,0,0,0
ukraine,lakegenevanews.net,net,GLOBAL,GLOBAL,GLOBAL,PLATFORM,0,0,0,0,0,0,0
ukraine,laser1017.iheart.com,com,GLOBAL,GLOBAL,GLOBAL,PLATFORM,0,0,0,0,0,0,0
ukraine,leighjournal.co.uk,uk,GB,Europe & Central Asia,OTHER,PLATFORM,0,0,0,0,0,0,0
ukraine,longisland.com,com,GLOBAL,GLOBAL,GLOBAL,PLATFORM,0,0,0,0,0,0,0
ukraine,luxurytravelmagazine.com,com,GLOBAL,GLOBAL,GLOBAL,PLATFORM,0,0,0,0,0,0,0
ukraine,malaymail.com,com,GLOBAL,GLOBAL,GLOBAL,PLATFORM,0,0,0,0,0,0,0
ukraine,manchestereveningnews.co.uk,uk,GB,Europe & Central Asia,OTHER,PLATFORM,0,0,0,0,0,0,0
ukraine,mashable.com,com,GLOBAL,GLOBAL,GLOBAL,PLATFORM,0,0,0,0,0,0,0
ukraine,media.pa.gov,gov,NA,NA,OTHER,PLATFORM,0,0,0,1,0,0,1
ukraine,messengernewspapers.co.uk,uk,GB,Europe & Central Asia,OTHER,PLATFORM,0,0,0,0,0,0,0
ukraine,ndtv.com,com,GLOBAL,GLOBAL,GLOBAL,PLATFORM,0,0,0,0,0,0,0
ukraine,newjerseytelegraph.com,com,GLOBAL,GLOBAL,GLOBAL,PLATFORM,0,0,0,0,0,0,0
ukraine,newson6.com,com,GLOBAL,GLOBAL,GLOBAL,PLATFORM,0,0,0,0,0,0,0
ukraine,newsradio1470.iheart.com,com,GLOBAL,GLOBAL,GLOBAL,PLATFORM,0,0,0,0,0,0,0
ukraine,newsroompanama.com,com,GLOBAL,GLOBAL,GLOBAL,PLATFORM,0,0,0,0,0,0,0
ukraine,nola.com,com,GLOBAL,GLOBAL,GLOBAL,PLATFORM,0,0,0,0,0,0,0
ukraine,northwalespioneer.co.uk,uk,GB,Europe & Central Asia,OTHER,PLATFORM,0,0,0,0,0,0,0
ukraine,nwaonline.com,com,GLOBAL,GLOBAL,GLOBAL,PLATFORM,0,0,0,0,0,0,0
ukraine,onenewspage.com,com,GLOBAL,GLOBAL,GLOBAL,PLATFORM,0,0,0,0,0,0,0
ukraine,opinion.inquirer.net,net,GLOBAL,GLOBAL,GLOBAL,PLATFORM,0,0,0,0,0,0,0
ukraine,owensoundsuntimes.com,com,GLOBAL,GLOBAL,GLOBAL,PLATFORM,0,0,0,0,0,0,0
ukraine,peeblesshirenews.com,com,GLOBAL,GLOBAL,GLOBAL,PLATFORM,0,0,0,0,0,0,0
ukraine,purdueexponent.org,org,GLOBAL,GLOBAL,GLOBAL,PLATFORM,0,0,0,0,0,0,0
ukraine,q961.com,com,GLOBAL,GLOBAL,GLOBAL,PLATFORM,0,0,0,0,0,0,0
ukraine,riponpress.com,com,GLOBAL,GLOBAL,GLOBAL,PLATFORM,0,0,0,0,0,0,0
ukraine,rotowire.com,com,GLOBAL,GLOBAL,GLOBAL,PLATFORM,0,0,0,0,0,0,0
ukraine,sanantoniopost.com,com,GLOBAL,GLOBAL,GLOBAL,PLATFORM,0,0,0,0,0,0,0
ukraine,scmp.com,com,GLOBAL,GLOBAL,GLOBAL,PLATFORM,0,0,0,0,0,0,0
ukraine,sfstation.com,com,GLOBAL,GLOBAL,GLOBAL,PLATFORM,0,0,0,0,0,0,0
ukraine,smdailyjournal.com,com,GLOBAL,GLOBAL,GLOBAL,PLATFORM,0,0,0,0,0,0,0
ukraine,spurs-web.com,com,GLOBAL,GLOBAL,GLOBAL,PLATFORM,0,0,0,0,0,0,0
ukraine,stgeorgeutah.com,com,GLOBAL,GLOBAL,GLOBAL,PLATFORM,0,0,0,0,0,0,0
ukraine,stvincenttimes.com,com,GLOBAL,GLOBAL,GLOBAL,PLATFORM,0,0,0,0,0,0,0
ukraine,sundaymail.co.zw,zw,NA,NA,OTHER,PLATFORM,0,0,0,0,0,0,0
ukraine,surfky.com,com,GLOBAL,GLOBAL,GLOBAL,PLATFORM,0,0,0,0,0,0,0
ukraine,taiwannews.com.tw,tw,NA,NA,OTHER,PLATFORM,0,0,0,0,0,0,0
ukraine,tellychakkar.com,com,GLOBAL,GLOBAL,GLOBAL,PLATFORM,0,0,0,0,0,0,0
ukraine,theacc.com,com,GLOBAL,GLOBAL,GLOBAL,PLATFORM,0,0,0,0,0,0,0
ukraine,thebftonline.com,com,GLOBAL,GLOBAL,GLOBAL,PLATFORM,0,0,0,0,0,0,0
ukraine,theepochtimes.com,com,GLOBAL,GLOBAL,GLOBAL,PLATFORM,0,0,0,0,0,0,0
ukraine,themountaineer.com,com,GLOBAL,GLOBAL,GLOBAL,PLATFORM,0,0,0,0,0,0,0
ukraine,thenews-chronicle.com,com,GLOBAL,GLOBAL,GLOBAL,PLATFORM,0,0,0,0,0,0,0
ukraine,thenorthernecho.co.uk,uk,GB,Europe & Central Asia,OTHER,PLATFORM,0,0,0,0,0,0,0
ukraine,thestarpress.com,com,GLOBAL,GLOBAL,GLOBAL,PLATFORM,0,0,0,0,0,0,0
ukraine,timeshighereducation.com,com,GLOBAL,GLOBAL,GLOBAL,PLATFORM,0,0,0,0,0,0,0
ukraine,timminspress.com,com,GLOBAL,GLOBAL,GLOBAL,PLATFORM,0,0,0,0,0,0,0
ukraine,tiranatimes.com,com,GLOBAL,GLOBAL,GLOBAL,PLATFORM,0,0,0,0,0,0,0
ukraine,tribune.com.pk,pk,NA,NA,OTHER,PLATFORM,0,0,0,0,0,0,0
ukraine,twincitiesnewstalk.iheart.com,com,GLOBAL,GLOBAL,GLOBAL,PLATFORM,0,0,0,0,0,0,0
ukraine,vancouversun.com,com,GLOBAL,GLOBAL,GLOBAL,PLATFORM,0,0,0,0,0,0,0
ukraine,vg.no,no,NA,NA,OTHER,PLATFORM,0,0,0,0,0,0,0
ukraine,vietnamnet.vn,vn,NA,NA,OTHER,PLATFORM,0,0,0,0,0,0,0
ukraine,virginislandsnewsonline.com,com,GLOBAL,GLOBAL,GLOBAL,PLATFORM,0,0,0,0,0,0,0
ukraine,washingtontimes.com:443,NA,NA,NA,OTHER,PLATFORM,0,0,0,0,0,0,0
ukraine,wbjournal.com,com,GLOBAL,GLOBAL,GLOBAL,PLATFORM,0,0,0,0,0,0,0
ukraine,westkentuckystar.com,com,GLOBAL,GLOBAL,GLOBAL,PLATFORM,0,0,0,0,0,0,0
ukraine,wingingitinmotown.com,com,GLOBAL,GLOBAL,GLOBAL,PLATFORM,0,0,0,0,0,0,0
ukraine,wlap.iheart.com,com,GLOBAL,GLOBAL,GLOBAL,PLATFORM,0,0,0,0,0,0,0
ukraine,wmubroncos.com,com,GLOBAL,GLOBAL,GLOBAL,PLATFORM,0,0,0,0,0,0,0
ukraine,wtma.com,com,GLOBAL,GLOBAL,GLOBAL,PLATFORM,0,0,0,0,0,0,0
ukraine,wwos.nine.com.au,au,AU,East Asia & Pacific,OTHER,PLATFORM,0,0,0,0,0,0,0
ukraine,wyff4.com,com,GLOBAL,GLOBAL,GLOBAL,PLATFORM,0,0,0,0,0,0,0
ukraine,103xonline.iheart.com,com,GLOBAL,GLOBAL,GLOBAL,PLATFORM,0,0,0,0,0,0,0
ukraine,1041theedge.iheart.com,com,GLOBAL,GLOBAL,GLOBAL,PLATFORM,0,0,0,0,0,0,0
ukraine,12news.com,com,GLOBAL,GLOBAL,GLOBAL,PLATFORM,0,0,0,0,0,0,0
ukraine,650keni.iheart.com,com,GLOBAL,GLOBAL,GLOBAL,PLATFORM,0,0,0,0,0,0,0
ukraine,700wlw.iheart.com,com,GLOBAL,GLOBAL,GLOBAL,PLATFORM,0,0,0,0,0,0,0
ukraine,720thevoice.iheart.com,com,GLOBAL,GLOBAL,GLOBAL,PLATFORM,0,0,0,0,0,0,0
ukraine,931themountain.iheart.com,com,GLOBAL,GLOBAL,GLOBAL,PLATFORM,0,0,0,0,0,0,0
ukraine,979kissfm.iheart.com,com,GLOBAL,GLOBAL,GLOBAL,PLATFORM,0,0,0,0,0,0,0
ukraine,afaqs.com,com,GLOBAL,GLOBAL,GLOBAL,PLATFORM,0,0,0,0,0,0,0
ukraine,albanyherald.com,com,GLOBAL,GLOBAL,GLOBAL,PLATFORM,0,0,0,0,0,0,0
ukraine,alt1045philly.iheart.com,com,GLOBAL,GLOBAL,GLOBAL,PLATFORM,0,0,0,0,0,0,0
ukraine,appleinsider.com,com,GLOBAL,GLOBAL,GLOBAL,PLATFORM,0,0,0,0,0,0,0
ukraine,arabnews.com,com,GLOBAL,GLOBAL,GLOBAL,PLATFORM,0,0,1,0,0,0,1
ukraine,b105country.com,com,GLOBAL,GLOBAL,GLOBAL,PLATFORM,0,0,0,0,0,0,0
ukraine,barbadostoday.bb,bb,NA,NA,OTHER,PLATFORM,0,0,0,0,0,0,0
ukraine,bold.dk,dk,NA,NA,OTHER,PLATFORM,0,0,0,0,0,0,0
ukraine,business.inquirer.net,net,GLOBAL,GLOBAL,GLOBAL,PLATFORM,0,0,0,0,0,0,0
ukraine,cafonline.com,com,GLOBAL,GLOBAL,GLOBAL,PLATFORM,0,0,0,0,0,0,0
ukraine,cairnspost.com.au,au,AU,East Asia & Pacific,OTHER,PLATFORM,0,0,0,0,0,0,0
ukraine,chess.com,com,GLOBAL,GLOBAL,GLOBAL,PLATFORM,0,0,0,0,0,0,0
ukraine,connecticut.news12.com,com,GLOBAL,GLOBAL,GLOBAL,PLATFORM,0,0,0,0,0,0,0
ukraine,cotswoldjournal.co.uk,uk,GB,Europe & Central Asia,OTHER,PLATFORM,0,0,0,0,0,0,0
ukraine,datebook.sfchronicle.com,com,GLOBAL,GLOBAL,GLOBAL,PLATFORM,0,0,0,0,0,0,0
ukraine,digitalspy.com,com,GLOBAL,GLOBAL,GLOBAL,PLATFORM,0,0,0,0,0,0,0
ukraine,dispatch.com,com,GLOBAL,GLOBAL,GLOBAL,PLATFORM,0,0,0,0,0,0,0
ukraine,economictimes.indiatimes.com,com,GLOBAL,GLOBAL,GLOBAL,PLATFORM,0,0,0,0,0,0,0
ukraine,edition.cnn.com,com,GLOBAL,GLOBAL,GLOBAL,PLATFORM,0,0,0,0,0,0,0
ukraine,edp24.co.uk,uk,GB,Europe & Central Asia,OTHER,PLATFORM,0,0,0,0,0,0,0
ukraine,es.noticias.yahoo.com,com,GLOBAL,GLOBAL,GLOBAL,PLATFORM,0,0,0,0,0,0,0
ukraine,famoushookups.com,com,GLOBAL,GLOBAL,GLOBAL,PLATFORM,0,0,0,0,0,0,0
ukraine,financialpost.com,com,GLOBAL,GLOBAL,GLOBAL,PLATFORM,0,0,0,0,0,0,0
ukraine,fox17online.com,com,GLOBAL,GLOBAL,GLOBAL,PLATFORM,0,0,0,0,0,0,0
ukraine,fr.finance.yahoo.com,com,GLOBAL,GLOBAL,GLOBAL,PLATFORM,0,0,0,0,0,0,0
ukraine,geneamusings.com,com,GLOBAL,GLOBAL,GLOBAL,PLATFORM,0,0,0,0,0,0,0
ukraine,georgefm.co.nz,nz,NZ,East Asia & Pacific,OTHER,PLATFORM,0,0,0,0,0,0,0
ukraine,georgetownvoice.com,com,GLOBAL,GLOBAL,GLOBAL,PLATFORM,0,0,0,0,0,0,0
ukraine,getreading.co.uk,uk,GB,Europe & Central Asia,OTHER,PLATFORM,0,0,0,0,0,0,0
ukraine,gettysburgtimes.com,com,GLOBAL,GLOBAL,GLOBAL,PLATFORM,0,0,0,0,0,0,0
ukraine,gigulate.com,com,GLOBAL,GLOBAL,GLOBAL,PLATFORM,0,0,0,0,0,0,0
ukraine,girlslife.com,com,GLOBAL,GLOBAL,GLOBAL,PLATFORM,0,0,0,0,0,0,0
ukraine,gizchina.com,com,GLOBAL,GLOBAL,GLOBAL,PLATFORM,0,0,0,0,0,0,0
ukraine,goerie.com,com,GLOBAL,GLOBAL,GLOBAL,PLATFORM,0,0,0,0,0,0,0
ukraine,hauraki.co.nz,nz,NZ,East Asia & Pacific,OTHER,PLATFORM,0,0,0,0,0,0,0
ukraine,hk.sports.yahoo.com,com,GLOBAL,GLOBAL,GLOBAL,PLATFORM,0,0,0,0,0,0,0
ukraine,hometownstation.com,com,GLOBAL,GLOBAL,GLOBAL,PLATFORM,0,0,0,0,0,0,0
ukraine,hypebeast.com,com,GLOBAL,GLOBAL,GLOBAL,PLATFORM,0,0,0,0,0,0,0
ukraine,indiagazette.com,com,GLOBAL,GLOBAL,GLOBAL,PLATFORM,0,0,0,0,0,0,0
ukraine,indycornrows.com,com,GLOBAL,GLOBAL,GLOBAL,PLATFORM,0,0,0,0,0,0,0
ukraine,intermatwrestle.com,com,GLOBAL,GLOBAL,GLOBAL,PLATFORM,0,0,0,0,0,0,0
ukraine,irvinetimes.com,com,GLOBAL,GLOBAL,GLOBAL,PLATFORM,0,0,0,0,0,0,0
ukraine,japantoday.com,com,GLOBAL,GLOBAL,GLOBAL,PLATFORM,0,0,0,0,0,0,0
ukraine,jox2fm.com,com,GLOBAL,GLOBAL,GLOBAL,PLATFORM,0,0,0,0,0,0,0
ukraine,jtv.com,com,GLOBAL,GLOBAL,GLOBAL,PLATFORM,0,0,0,0,0,0,0
ukraine,kdat.com,com,GLOBAL,GLOBAL,GLOBAL,PLATFORM,0,0,0,0,0,0,0
ukraine,kdhnews.com,com,GLOBAL,GLOBAL,GLOBAL,PLATFORM,0,0,0,0,0,0,0
ukraine,kggo.com,com,GLOBAL,GLOBAL,GLOBAL,PLATFORM,0,0,0,0,0,0,0
ukraine,klaw.com,com,GLOBAL,GLOBAL,GLOBAL,PLATFORM,0,0,0,0,0,0,0
ukraine,kotaku.com.au,au,AU,East Asia & Pacific,OTHER,PLATFORM,0,0,0,0,0,0,0
ukraine,kpfa.org,org,GLOBAL,GLOBAL,GLOBAL,PLATFORM,0,0,0,0,0,0,0
ukraine,ktts.com,com,GLOBAL,GLOBAL,GLOBAL,PLATFORM,0,0,0,0,0,0,0
ukraine,kurdistan24.net,net,GLOBAL,GLOBAL,GLOBAL,PLATFORM,0,0,0,0,0,0,0
ukraine,kusi.com,com,GLOBAL,GLOBAL,GLOBAL,PLATFORM,0,0,0,0,0,0,0
ukraine,lebanondemocrat.com,com,GLOBAL,GLOBAL,GLOBAL,PLATFORM,0,0,0,0,0,0,0
ukraine,lonestar925.iheart.com,com,GLOBAL,GLOBAL,GLOBAL,PLATFORM,0,0,0,0,0,0,0
ukraine,me.smenet.org,org,GLOBAL,GLOBAL,GLOBAL,PLATFORM,0,0,0,0,0,0,0
ukraine,milfordmercury.co.uk,uk,GB,Europe & Central Asia,OTHER,PLATFORM,0,0,0,0,0,0,0
ukraine,mix100.com,com,GLOBAL,GLOBAL,GLOBAL,PLATFORM,0,0,0,0,0,0,0
ukraine,mix1043fm.com,com,GLOBAL,GLOBAL,GLOBAL,PLATFORM,0,0,0,0,0,0,0
ukraine,moneymarketing.co.uk,uk,GB,Europe & Central Asia,OTHER,PLATFORM,0,0,0,0,0,0,0
ukraine,nationalinterest.org,org,GLOBAL,GLOBAL,GLOBAL,PLATFORM,0,0,0,0,0,0,0
ukraine,nbcbayarea.com,com,GLOBAL,GLOBAL,GLOBAL,PLATFORM,0,0,0,0,0,0,0
ukraine,ncadvertiser.com,com,GLOBAL,GLOBAL,GLOBAL,PLATFORM,0,0,0,0,0,0,0
ukraine,newhavenindependent.org,org,GLOBAL,GLOBAL,GLOBAL,PLATFORM,0,0,0,0,0,0,0
ukraine,news8000.com,com,GLOBAL,GLOBAL,GLOBAL,PLATFORM,0,0,0,0,0,0,0
ukraine,newsday.com,com,GLOBAL,GLOBAL,GLOBAL,PLATFORM,0,0,0,0,0,0,0
ukraine,newyorkstatesman.com,com,GLOBAL,GLOBAL,GLOBAL,PLATFORM,0,0,0,0,0,0,0
ukraine,nintendolife.com,com,GLOBAL,GLOBAL,GLOBAL,PLATFORM,0,0,0,0,0,0,0
ukraine,northernirelandworld.com,com,GLOBAL,GLOBAL,GLOBAL,PLATFORM,0,0,0,0,0,0,0
ukraine,northwestgeorgianews.com,com,GLOBAL,GLOBAL,GLOBAL,PLATFORM,0,0,0,0,0,0,0
ukraine,oireachtas.ie,ie,NA,NA,OTHER,PLATFORM,0,0,0,0,0,0,0
ukraine,oklahomacitysun.com,com,GLOBAL,GLOBAL,GLOBAL,PLATFORM,0,0,0,0,0,0,0
ukraine,pmlive.com,com,GLOBAL,GLOBAL,GLOBAL,PLATFORM,0,0,0,0,0,0,0
ukraine,punknews.org,org,GLOBAL,GLOBAL,GLOBAL,PLATFORM,0,0,0,0,0,0,0
ukraine,sarasotamagazine.com,com,GLOBAL,GLOBAL,GLOBAL,PLATFORM,0,0,0,0,0,0,0
ukraine,scienceblogs.com,com,GLOBAL,GLOBAL,GLOBAL,PLATFORM,0,0,0,0,0,0,0
ukraine,sciencebusiness.net,net,GLOBAL,GLOBAL,GLOBAL,PLATFORM,0,0,0,0,0,0,0
ukraine,scroll.in,in,IN,South Asia,OTHER,PLATFORM,0,0,0,0,0,0,0
ukraine,sknvibes.com,com,GLOBAL,GLOBAL,GLOBAL,PLATFORM,0,0,0,0,0,0,0
ukraine,sloveniatimes.com,com,GLOBAL,GLOBAL,GLOBAL,PLATFORM,0,0,0,0,0,0,0
ukraine,sott.net,net,GLOBAL,GLOBAL,GLOBAL,PLATFORM,0,0,0,0,0,0,0
ukraine,southbendtribune.com,com,GLOBAL,GLOBAL,GLOBAL,PLATFORM,0,0,0,0,0,0,0
ukraine,southernenvironment.org,org,GLOBAL,GLOBAL,GLOBAL,PLATFORM,0,0,0,0,0,0,0
ukraine,spotlightreport.net,net,GLOBAL,GLOBAL,GLOBAL,PLATFORM,0,0,0,0,0,0,0
ukraine,stockhead.com.au,au,AU,East Asia & Pacific,OTHER,PLATFORM,0,0,0,0,0,0,0
ukraine,swissinfo.ch,ch,NA,NA,OTHER,PLATFORM,0,0,0,0,0,0,0
ukraine,tennesseedaily.com,com,GLOBAL,GLOBAL,GLOBAL,PLATFORM,0,0,0,0,0,0,0
ukraine,theblacksheartimes.com,com,GLOBAL,GLOBAL,GLOBAL,PLATFORM,0,0,0,0,0,0,0
ukraine,thedailybeast.com,com,GLOBAL,GLOBAL,GLOBAL,PLATFORM,0,0,0,0,0,0,0
ukraine,themiamihurricane.com,com,GLOBAL,GLOBAL,GLOBAL,PLATFORM,0,0,0,0,0,0,0
ukraine,thetottenhamindependent.co.uk,uk,GB,Europe & Central Asia,OTHER,PLATFORM,0,0,0,0,0,0,0
ukraine,timesofmalta.com,com,GLOBAL,GLOBAL,GLOBAL,PLATFORM,0,0,0,0,0,0,0
ukraine,titansradio.com,com,GLOBAL,GLOBAL,GLOBAL,PLATFORM,0,0,0,0,0,0,0
ukraine,tivysideadvertiser.co.uk,uk,GB,Europe & Central Asia,OTHER,PLATFORM,0,0,0,0,0,0,0
ukraine,tk101.iheart.com,com,GLOBAL,GLOBAL,GLOBAL,PLATFORM,0,0,0,0,0,0,0
ukraine,tpr.org,org,GLOBAL,GLOBAL,GLOBAL,PLATFORM,0,0,0,0,0,0,0
ukraine,ubspectrum.com,com,GLOBAL,GLOBAL,GLOBAL,PLATFORM,0,0,0,0,0,0,0
ukraine,updatesnews.com,com,GLOBAL,GLOBAL,GLOBAL,PLATFORM,0,0,0,0,0,0,0
ukraine,waateanews.com,com,GLOBAL,GLOBAL,GLOBAL,PLATFORM,0,0,0,0,0,0,0
ukraine,wamc.org,org,GLOBAL,GLOBAL,GLOBAL,PLATFORM,0,0,0,0,0,0,0
ukraine,washfm.iheart.com,com,GLOBAL,GLOBAL,GLOBAL,PLATFORM,0,0,0,0,0,0,0
ukraine,weathernationtv.com,com,GLOBAL,GLOBAL,GLOBAL,PLATFORM,0,0,0,0,0,0,0
ukraine,westmeathindependent.ie,ie,NA,NA,OTHER,PLATFORM,0,0,0,0,0,0,0
ukraine,wftw.com,com,GLOBAL,GLOBAL,GLOBAL,PLATFORM,0,0,0,0,0,0,0
ukraine,whp580.iheart.com,com,GLOBAL,GLOBAL,GLOBAL,PLATFORM,0,0,0,0,0,0,0
ukraine,wionews.com,com,GLOBAL,GLOBAL,GLOBAL,PLATFORM,0,0,0,0,0,0,0
ukraine,wlds.com,com,GLOBAL,GLOBAL,GLOBAL,PLATFORM,0,0,0,0,0,0,0
ukraine,world.kbs.co.kr,kr,KR,East Asia & Pacific,OTHER,PLATFORM,0,0,0,0,0,0,0
ukraine,wpsdlocal6.com,com,GLOBAL,GLOBAL,GLOBAL,PLATFORM,0,0,0,0,0,0,0
ukraine,wrno.iheart.com,com,GLOBAL,GLOBAL,GLOBAL,PLATFORM,0,0,0,0,0,0,0
ukraine,wyso.org,org,GLOBAL,GLOBAL,GLOBAL,PLATFORM,0,0,0,0,0,0,0
ukraine,yorkpress.co.uk,uk,GB,Europe & Central Asia,OTHER,PLATFORM,0,0,0,0,0,0,0
ukraine,z100radio.iheart.com,com,GLOBAL,GLOBAL,GLOBAL,PLATFORM,0,0,0,0,0,0,0
ukraine,1025wowcountry.com,com,GLOBAL,GLOBAL,GLOBAL,PLATFORM,0,0,0,0,0,0,0
ukraine,103wjod.com,com,GLOBAL,GLOBAL,GLOBAL,PLATFORM,0,0,0,0,0,0,0
ukraine,1057thebull.iheart.com,com,GLOBAL,GLOBAL,GLOBAL,PLATFORM,0,0,0,0,0,0,0
ukraine,929nin.com,com,GLOBAL,GLOBAL,GLOBAL,PLATFORM,0,0,0,0,0,0,0
ukraine,95kqds.com,com,GLOBAL,GLOBAL,GLOBAL,PLATFORM,0,0,0,0,0,0,0
ukraine,95ksj.iheart.com,com,GLOBAL,GLOBAL,GLOBAL,PLATFORM,0,0,0,0,0,0,0
ukraine,95rockfm.com,com,GLOBAL,GLOBAL,GLOBAL,PLATFORM,0,0,0,0,0,0,0
ukraine,963theblaze.com,com,GLOBAL,GLOBAL,GLOBAL,PLATFORM,0,0,0,0,0,0,0
ukraine,993thefox.iheart.com,com,GLOBAL,GLOBAL,GLOBAL,PLATFORM,0,0,0,0,0,0,0
ukraine,abcactionnews.com,com,GLOBAL,GLOBAL,GLOBAL,PLATFORM,0,0,0,0,0,0,0
ukraine,africa-confidential.com,com,GLOBAL,GLOBAL,GLOBAL,PLATFORM,0,0,0,0,0,0,0
ukraine,allaboutthejersey.com,com,GLOBAL,GLOBAL,GLOBAL,PLATFORM,0,0,0,0,0,0,0
ukraine,alternet.org,org,GLOBAL,GLOBAL,GLOBAL,PLATFORM,0,0,0,0,0,0,0
ukraine,am-online.com,com,GLOBAL,GLOBAL,GLOBAL,PLATFORM,0,0,0,0,0,0,0
ukraine,americanbanker.com,com,GLOBAL,GLOBAL,GLOBAL,PLATFORM,0,0,0,0,0,0,0
ukraine,ammoland.com,com,GLOBAL,GLOBAL,GLOBAL,PLATFORM,0,0,0,0,0,0,0
ukraine,arcweb.com,com,GLOBAL,GLOBAL,GLOBAL,PLATFORM,0,0,0,0,0,0,0
ukraine,arkansasbusiness.com,com,GLOBAL,GLOBAL,GLOBAL,PLATFORM,0,0,0,0,0,0,0
ukraine,arkansasrazorbacks.com,com,GLOBAL,GLOBAL,GLOBAL,PLATFORM,0,0,0,0,0,0,0
ukraine,aspendailynews.com,com,GLOBAL,GLOBAL,GLOBAL,PLATFORM,0,0,0,0,0,0,0
ukraine,awfulannouncing.com,com,GLOBAL,GLOBAL,GLOBAL,PLATFORM,0,0,0,0,0,0,0
ukraine,ballotpedia.org,org,GLOBAL,GLOBAL,GLOBAL,PLATFORM,0,0,0,0,0,0,0
ukraine,baltimorestar.com,com,GLOBAL,GLOBAL,GLOBAL,PLATFORM,0,0,0,0,0,0,0
ukraine,battlefordsnow.com,com,GLOBAL,GLOBAL,GLOBAL,PLATFORM,0,0,0,0,0,0,0
ukraine,billingsgazette.com,com,GLOBAL,GLOBAL,GLOBAL,PLATFORM,0,0,0,0,0,0,0
ukraine,bloodyelbow.com,com,GLOBAL,GLOBAL,GLOBAL,PLATFORM,0,0,0,0,0,0,0
ukraine,bostonstar.com,com,GLOBAL,GLOBAL,GLOBAL,PLATFORM,0,0,0,0,0,0,0
ukraine,businessnorth.com,com,GLOBAL,GLOBAL,GLOBAL,PLATFORM,0,0,0,0,0,0,0
ukraine,businessreport.com,com,GLOBAL,GLOBAL,GLOBAL,PLATFORM,0,0,0,0,0,0,0
ukraine,businesswire.com,com,GLOBAL,GLOBAL,GLOBAL,PLATFORM,0,0,0,0,0,0,0
ukraine,bworldonline.com,com,GLOBAL,GLOBAL,GLOBAL,PLATFORM,0,0,0,0,0,0,0
ukraine,cagle.com,com,GLOBAL,GLOBAL,GLOBAL,PLATFORM,0,0,0,0,0,0,0
ukraine,capradio.org,org,GLOBAL,GLOBAL,GLOBAL,PLATFORM,0,0,0,0,0,0,0
ukraine,cardschat.com,com,GLOBAL,GLOBAL,GLOBAL,PLATFORM,0,0,0,0,0,0,0
ukraine,catcountry1073.com,com,GLOBAL,GLOBAL,GLOBAL,PLATFORM,0,0,0,0,0,0,0
ukraine,cbs46.com,com,GLOBAL,GLOBAL,GLOBAL,PLATFORM,0,0,0,0,0,0,0
ukraine,cbs8.com,com,GLOBAL,GLOBAL,GLOBAL,PLATFORM,0,0,0,0,0,0,0
ukraine,channeldayton.iheart.com,com,GLOBAL,GLOBAL,GLOBAL,PLATFORM,0,0,0,0,0,0,0
ukraine,chicagobusiness.com,com,GLOBAL,GLOBAL,GLOBAL,PLATFORM,0,0,0,0,0,0,0
ukraine,chicagoparent.com,com,GLOBAL,GLOBAL,GLOBAL,PLATFORM,0,0,0,0,0,0,0
ukraine,chieftain.com,com,GLOBAL,GLOBAL,GLOBAL,PLATFORM,0,0,0,0,0,0,0
ukraine,christiantoday.com.au,au,AU,East Asia & Pacific,OTHER,PLATFORM,0,0,0,0,0,0,0
ukraine,cjr.org,org,GLOBAL,GLOBAL,GLOBAL,PLATFORM,0,0,0,0,0,0,0
ukraine,cjvr.com,com,GLOBAL,GLOBAL,GLOBAL,PLATFORM,0,0,0,0,0,0,0
ukraine,classiccountry1070.com,com,GLOBAL,GLOBAL,GLOBAL,PLATFORM,0,0,0,0,0,0,0
ukraine,cmcmarkets.com,com,GLOBAL,GLOBAL,GLOBAL,PLATFORM,0,0,0,0,0,0,0
ukraine,cmswire.com,com,GLOBAL,GLOBAL,GLOBAL,PLATFORM,0,0,0,0,0,0,0
ukraine,coastfm.co.uk,uk,GB,Europe & Central Asia,OTHER,PLATFORM,0,0,0,0,0,0,0
ukraine,codyenterprise.com,com,GLOBAL,GLOBAL,GLOBAL,PLATFORM,0,0,0,0,0,0,0
ukraine,communityimpact.com,com,GLOBAL,GLOBAL,GLOBAL,PLATFORM,0,0,0,0,0,0,0
ukraine,comstocksmag.com,com,GLOBAL,GLOBAL,GLOBAL,PLATFORM,0,0,0,0,0,0,0
ukraine,concordmonitor.com,com,GLOBAL,GLOBAL,GLOBAL,PLATFORM,0,0,0,0,0,0,0
ukraine,cool102.iheart.com,com,GLOBAL,GLOBAL,GLOBAL,PLATFORM,0,0,0,0,0,0,0
ukraine,cp24.com,com,GLOBAL,GLOBAL,GLOBAL,PLATFORM,0,0,0,0,0,0,0
ukraine,cronkitenews.azpbs.org,org,GLOBAL,GLOBAL,GLOBAL,PLATFORM,0,0,0,0,0,0,0
ukraine,dagblog.com,com,GLOBAL,GLOBAL,GLOBAL,PLATFORM,0,0,0,0,0,0,0
ukraine,dailyecho.co.uk,uk,GB,Europe & Central Asia,OTHER,PLATFORM,0,0,0,0,0,0,0
ukraine,dailygazette.com,com,GLOBAL,GLOBAL,GLOBAL,PLATFORM,0,0,0,0,0,0,0
ukraine,dailyherald.com,com,GLOBAL,GLOBAL,GLOBAL,PLATFORM,0,0,0,0,0,0,0
ukraine,dailyheraldtribune.com,com,GLOBAL,GLOBAL,GLOBAL,PLATFORM,0,0,0,0,0,0,0
ukraine,deadlinedetroit.com,com,GLOBAL,GLOBAL,GLOBAL,PLATFORM,0,0,0,0,0,0,0
ukraine,dfa.ie,ie,NA,NA,OTHER,PLATFORM,0,0,0,0,0,0,0
ukraine,dglobe.com,com,GLOBAL,GLOBAL,GLOBAL,PLATFORM,0,0,0,0,0,0,0
ukraine,digg.com,com,GLOBAL,GLOBAL,GLOBAL,PLATFORM,0,0,0,0,0,0,0
ukraine,discovermagazine.com,com,GLOBAL,GLOBAL,GLOBAL,PLATFORM,0,0,0,0,0,0,0
ukraine,drleonardcoldwell.com,com,GLOBAL,GLOBAL,GLOBAL,PLATFORM,0,0,0,0,0,0,0
ukraine,eco-business.com,com,GLOBAL,GLOBAL,GLOBAL,PLATFORM,0,0,0,0,0,0,0
ukraine,econotimes.com,com,GLOBAL,GLOBAL,GLOBAL,PLATFORM,0,0,0,0,0,0,0
ukraine,edition.mv,mv,NA,NA,OTHER,PLATFORM,0,0,0,0,0,0,0
ukraine,editorials.voa.gov,gov,NA,NA,OTHER,PLATFORM,0,0,0,1,0,0,1
ukraine,elle.com,com,GLOBAL,GLOBAL,GLOBAL,PLATFORM,0,0,0,0,0,0,0
ukraine,elpasoinc.com,com,GLOBAL,GLOBAL,GLOBAL,PLATFORM,0,0,0,0,0,0,0
ukraine,elpasotimes.com,com,GLOBAL,GLOBAL,GLOBAL,PLATFORM,0,0,0,0,0,0,0
ukraine,esquire.com,com,GLOBAL,GLOBAL,GLOBAL,PLATFORM,0,0,0,0,0,0,0
ukraine,eweek.com,com,GLOBAL,GLOBAL,GLOBAL,PLATFORM,0,0,0,0,0,0,0
ukraine,finra.org,org,GLOBAL,GLOBAL,GLOBAL,PLATFORM,0,0,0,0,0,0,0
ukraine,fitsnews.com,com,GLOBAL,GLOBAL,GLOBAL,PLATFORM,0,0,0,0,0,0,0
ukraine,flatlandkc.org,org,GLOBAL,GLOBAL,GLOBAL,PLATFORM,0,0,0,0,0,0,0
ukraine,floridapolitics.com,com,GLOBAL,GLOBAL,GLOBAL,PLATFORM,0,0,0,0,0,0,0
ukraine,fool.ca,ca,CA,North America,OTHER,PLATFORM,0,0,0,0,0,0,0
ukraine,fortworthbusiness.com,com,GLOBAL,GLOBAL,GLOBAL,PLATFORM,0,0,0,0,0,0,0
ukraine,fox13news.com,com,GLOBAL,GLOBAL,GLOBAL,PLATFORM,0,0,0,0,0,0,0
ukraine,fox5ny.com,com,GLOBAL,GLOBAL,GLOBAL,PLATFORM,0,0,0,0,0,0,0
ukraine,fox7austin.com,com,GLOBAL,GLOBAL,GLOBAL,PLATFORM,0,0,0,0,0,0,0
ukraine,foxcarolina.com,com,GLOBAL,GLOBAL,GLOBAL,PLATFORM,0,0,0,0,0,0,0
ukraine,freep.com,com,GLOBAL,GLOBAL,GLOBAL,PLATFORM,0,0,0,0,0,0,0
ukraine,gazettenet.com,com,GLOBAL,GLOBAL,GLOBAL,PLATFORM,0,0,0,0,0,0,0
ukraine,gothamist.com,com,GLOBAL,GLOBAL,GLOBAL,PLATFORM,0,0,0,0,0,0,0
ukraine,governing.com,com,GLOBAL,GLOBAL,GLOBAL,PLATFORM,0,0,0,0,0,0,0
ukraine,gulfnews.com,com,GLOBAL,GLOBAL,GLOBAL,PLATFORM,0,0,0,0,0,0,0
ukraine,gwinnettdailypost.com,com,GLOBAL,GLOBAL,GLOBAL,PLATFORM,0,0,0,0,0,0,0
ukraine,harpersbazaar.com,com,GLOBAL,GLOBAL,GLOBAL,PLATFORM,0,0,0,0,0,0,0
ukraine,heartfm.ca,ca,CA,North America,OTHER,PLATFORM,0,0,0,0,0,0,0
ukraine,heralddemocrat.com,com,GLOBAL,GLOBAL,GLOBAL,PLATFORM,0,0,0,0,0,0,0
ukraine,hertfordshiremercury.co.uk,uk,GB,Europe & Central Asia,OTHER,PLATFORM,0,0,0,0,0,0,0
ukraine,hngnews.com,com,GLOBAL,GLOBAL,GLOBAL,PLATFORM,0,0,0,0,0,0,0
ukraine,hot1079.iheart.com,com,GLOBAL,GLOBAL,GLOBAL,PLATFORM,0,0,0,0,0,0,0
ukraine,houstoniamag.com,com,GLOBAL,GLOBAL,GLOBAL,PLATFORM,0,0,0,0,0,0,0
ukraine,houstontexans.com,com,GLOBAL,GLOBAL,GLOBAL,PLATFORM,0,0,0,0,0,0,0
ukraine,ia.acs.org.au,au,AU,East Asia & Pacific,OTHER,PLATFORM,0,0,0,0,0,0,0
ukraine,illinoispolicy.org,org,GLOBAL,GLOBAL,GLOBAL,PLATFORM,0,0,0,0,0,0,0
ukraine,image.ie,ie,NA,NA,OTHER,PLATFORM,0,0,0,0,0,0,0
ukraine,indystar.com,com,GLOBAL,GLOBAL,GLOBAL,PLATFORM,0,0,0,0,0,0,0
ukraine,insidehpc.com,com,GLOBAL,GLOBAL,GLOBAL,PLATFORM,0,0,0,0,0,0,0
ukraine,irishexaminer.com,com,GLOBAL,GLOBAL,GLOBAL,PLATFORM,0,0,0,0,0,0,0
ukraine,israelnationalnews.com,com,GLOBAL,GLOBAL,GLOBAL,PLATFORM,0,0,0,0,0,0,0
ukraine,justiceinfo.net,net,GLOBAL,GLOBAL,GLOBAL,PLATFORM,0,0,0,0,0,0,0
ukraine,justicenewsflash.com,com,GLOBAL,GLOBAL,GLOBAL,PLATFORM,0,0,0,0,0,0,0
ukraine,k945.com,com,GLOBAL,GLOBAL,GLOBAL,PLATFORM,0,0,0,0,0,0,0
ukraine,kacu.org,org,GLOBAL,GLOBAL,GLOBAL,PLATFORM,0,0,0,0,0,0,0
ukraine,kbmr.iheart.com,com,GLOBAL,GLOBAL,GLOBAL,PLATFORM,0,0,0,0,0,0,0
ukraine,kclu.org,org,GLOBAL,GLOBAL,GLOBAL,PLATFORM,0,0,0,0,0,0,0
ukraine,kelofm.com,com,GLOBAL,GLOBAL,GLOBAL,PLATFORM,0,0,0,0,0,0,0
ukraine,ketr.org,org,GLOBAL,GLOBAL,GLOBAL,PLATFORM,0,0,0,0,0,0,0
ukraine,kfox95.com,com,GLOBAL,GLOBAL,GLOBAL,PLATFORM,0,0,0,0,0,0,0
ukraine,kgbx.iheart.com,com,GLOBAL,GLOBAL,GLOBAL,PLATFORM,0,0,0,0,0,0,0
ukraine,klif.com,com,GLOBAL,GLOBAL,GLOBAL,PLATFORM,0,0,0,0,0,0,0
ukraine,klou.iheart.com,com,GLOBAL,GLOBAL,GLOBAL,PLATFORM,0,0,0,0,0,0,0
ukraine,kmaj1440.com,com,GLOBAL,GLOBAL,GLOBAL,PLATFORM,0,0,0,0,0,0,0
ukraine,kmbc.com,com,GLOBAL,GLOBAL,GLOBAL,PLATFORM,0,0,0,0,0,0,0
ukraine,kniakrls.com,com,GLOBAL,GLOBAL,GLOBAL,PLATFORM,0,0,0,0,0,0,0
ukraine,knox.villagesoup.com,com,GLOBAL,GLOBAL,GLOBAL,PLATFORM,0,0,0,0,0,0,0
ukraine,knpr.org,org,GLOBAL,GLOBAL,GLOBAL,PLATFORM,0,0,0,0,0,0,0
ukraine,komu.com,com,GLOBAL,GLOBAL,GLOBAL,PLATFORM,0,0,0,0,0,0,0
ukraine,kool1079.com,com,GLOBAL,GLOBAL,GLOBAL,PLATFORM,0,0,0,0,0,0,0
ukraine,krgv.com,com,GLOBAL,GLOBAL,GLOBAL,PLATFORM,0,0,0,0,0,0,0
ukraine,ksfr.org,org,GLOBAL,GLOBAL,GLOBAL,PLATFORM,0,0,0,0,0,0,0
ukraine,kunm.org,org,GLOBAL,GLOBAL,GLOBAL,PLATFORM,0,0,0,0,0,0,0
ukraine,ladbible.com,com,GLOBAL,GLOBAL,GLOBAL,PLATFORM,0,0,0,0,0,0,0
ukraine,lagunabeachindy.com,com,GLOBAL,GLOBAL,GLOBAL,PLATFORM,0,0,0,0,0,0,0
ukraine,latinfinance.com,com,GLOBAL,GLOBAL,GLOBAL,PLATFORM,0,0,0,0,0,0,0
ukraine,lawofficer.com,com,GLOBAL,GLOBAL,GLOBAL,PLATFORM,0,0,0,0,0,0,0
ukraine,lightreading.com,com,GLOBAL,GLOBAL,GLOBAL,PLATFORM,0,0,0,0,0,0,0
ukraine,lpheralddispatch.com,com,GLOBAL,GLOBAL,GLOBAL,PLATFORM,0,0,0,0,0,0,0
ukraine,mix973wheeling.iheart.com,com,GLOBAL,GLOBAL,GLOBAL,PLATFORM,0,0,0,0,0,0,0
ukraine,mobihealthnews.com,com,GLOBAL,GLOBAL,GLOBAL,PLATFORM,0,0,0,0,0,0,0
ukraine,moodyonthemarket.com,com,GLOBAL,GLOBAL,GLOBAL,PLATFORM,0,0,0,0,0,0,0
ukraine,morganlewis.com,com,GLOBAL,GLOBAL,GLOBAL,PLATFORM,0,0,0,0,0,0,0
ukraine,morningstar.com,com,GLOBAL,GLOBAL,GLOBAL,PLATFORM,0,0,0,0,0,0,0
ukraine,mutigers.com,com,GLOBAL,GLOBAL,GLOBAL,PLATFORM,0,0,0,0,0,0,0
ukraine,mycountry955.com,com,GLOBAL,GLOBAL,GLOBAL,PLATFORM,0,0,0,0,0,0,0
ukraine,mylondon.news,news,NA,NA,OTHER,PLATFORM,0,0,0,0,0,0,0
ukraine,myq1075.com,com,GLOBAL,GLOBAL,GLOBAL,PLATFORM,0,0,0,0,0,0,0
ukraine,nationalgeographic.com,com,GLOBAL,GLOBAL,GLOBAL,PLATFORM,0,0,0,0,0,0,0
ukraine,nbcnewyork.com,com,GLOBAL,GLOBAL,GLOBAL,PLATFORM,0,0,0,0,0,0,0
ukraine,newrepublic.com,com,GLOBAL,GLOBAL,GLOBAL,PLATFORM,0,0,0,0,0,0,0
ukraine,news-gazette.com,com,GLOBAL,GLOBAL,GLOBAL,PLATFORM,0,0,0,0,0,0,0
ukraine,news-journal.com,com,GLOBAL,GLOBAL,GLOBAL,PLATFORM,0,0,0,0,0,0,0
ukraine,news.com.au,au,AU,East Asia & Pacific,OTHER,PLATFORM,0,0,0,0,0,0,0
ukraine,news.mit.edu,edu,NA,NA,OTHER,PLATFORM,0,0,0,0,0,0,0
ukraine,newsandstar.co.uk,uk,GB,Europe & Central Asia,OTHER,PLATFORM,0,0,0,0,0,0,0
ukraine,newsbug.info,info,GLOBAL,GLOBAL,GLOBAL,PLATFORM,0,0,0,0,0,0,0
ukraine,newsradio910wltp.iheart.com,com,GLOBAL,GLOBAL,GLOBAL,PLATFORM,0,0,0,0,0,0,0
ukraine,newstalkkgvo.com,com,GLOBAL,GLOBAL,GLOBAL,PLATFORM,0,0,0,0,0,0,0
ukraine,nigerianeye.com,com,GLOBAL,GLOBAL,GLOBAL,PLATFORM,0,0,0,0,0,0,0
ukraine,nonpareilonline.com,com,GLOBAL,GLOBAL,GLOBAL,PLATFORM,0,0,0,0,0,0,0
ukraine,nugget.ca,ca,CA,North America,OTHER,PLATFORM,0,0,0,0,0,0,0
ukraine,nxtmine.com,com,GLOBAL,GLOBAL,GLOBAL,PLATFORM,0,0,0,0,0,0,0
ukraine,oskaloosa.com,com,GLOBAL,GLOBAL,GLOBAL,PLATFORM,0,0,0,0,0,0,0
ukraine,ourmidland.com,com,GLOBAL,GLOBAL,GLOBAL,PLATFORM,0,0,0,0,0,0,0
ukraine,plannedparenthoodaction.org,org,GLOBAL,GLOBAL,GLOBAL,PLATFORM,0,0,0,0,0,0,0
ukraine,plymouthherald.co.uk,uk,GB,Europe & Central Asia,OTHER,PLATFORM,0,0,0,0,0,0,0
ukraine,politico.eu,eu,NA,NA,OTHER,PLATFORM,0,0,0,0,0,0,0
ukraine,politics.fijitimes.com,com,GLOBAL,GLOBAL,GLOBAL,PLATFORM,0,0,0,0,0,0,0
ukraine,politifact.com,com,GLOBAL,GLOBAL,GLOBAL,PLATFORM,0,0,0,0,0,0,0
ukraine,portcitydaily.com,com,GLOBAL,GLOBAL,GLOBAL,PLATFORM,0,0,0,0,0,0,0
ukraine,power98fm.com,com,GLOBAL,GLOBAL,GLOBAL,PLATFORM,0,0,0,0,0,0,0
ukraine,powertalk1360.iheart.com,com,GLOBAL,GLOBAL,GLOBAL,PLATFORM,0,0,0,0,0,0,0
ukraine,prnewswire.com,com,GLOBAL,GLOBAL,GLOBAL,PLATFORM,0,0,0,0,0,0,0
ukraine,psychologicalscience.org,org,GLOBAL,GLOBAL,GLOBAL,PLATFORM,0,0,0,0,0,0,0
ukraine,q1077.com,com,GLOBAL,GLOBAL,GLOBAL,PLATFORM,0,0,0,0,0,0,0
ukraine,q957.com,com,GLOBAL,GLOBAL,GLOBAL,PLATFORM,0,0,0,0,0,0,0
ukraine,qconline.com,com,GLOBAL,GLOBAL,GLOBAL,PLATFORM,0,0,0,0,0,0,0
ukraine,radiok.org,org,GLOBAL,GLOBAL,GLOBAL,PLATFORM,0,0,0,0,0,0,0
ukraine,recorder.com,com,GLOBAL,GLOBAL,GLOBAL,PLATFORM,0,0,0,0,0,0,0
ukraine,rivergrandrapids.com,com,GLOBAL,GLOBAL,GLOBAL,PLATFORM,0,0,0,0,0,0,0
ukraine,roymorgan.com,com,GLOBAL,GLOBAL,GLOBAL,PLATFORM,0,0,0,0,0,0,0
ukraine,rtrfm.com.au,au,AU,East Asia & Pacific,OTHER,PLATFORM,0,0,0,0,0,0,0
ukraine,saharareporters.com,com,GLOBAL,GLOBAL,GLOBAL,PLATFORM,0,0,0,0,0,0,0
ukraine,samessenger.com,com,GLOBAL,GLOBAL,GLOBAL,PLATFORM,0,0,0,0,0,0,0
ukraine,sandiegouniontribune.com,com,GLOBAL,GLOBAL,GLOBAL,PLATFORM,0,0,0,0,0,0,0
ukraine,sanilacbroadcasting.com,com,GLOBAL,GLOBAL,GLOBAL,PLATFORM,0,0,0,0,0,0,0
ukraine,savejersey.com,com,GLOBAL,GLOBAL,GLOBAL,PLATFORM,0,0,0,0,0,0,0
ukraine,sbs.com.au,au,AU,East Asia & Pacific,OTHER,PLATFORM,0,0,0,0,0,0,0
ukraine,schroders.com,com,GLOBAL,GLOBAL,GLOBAL,PLATFORM,0,0,0,0,0,0,0
ukraine,simcoereformer.ca,ca,CA,North America,OTHER,PLATFORM,0,0,0,0,0,0,0
ukraine,siouxcity.iloveadeal.com,com,GLOBAL,GLOBAL,GLOBAL,PLATFORM,0,0,0,0,0,0,0
ukraine,sis.gov.eg,eg,EG,Middle East & North Africa,OTHER,PLATFORM,0,0,0,0,0,0,0
ukraine,smartpropertyinvestment.com.au,au,AU,East Asia & Pacific,OTHER,PLATFORM,0,0,0,0,0,0,0
ukraine,somerset-kentucky.com,com,GLOBAL,GLOBAL,GLOBAL,PLATFORM,0,0,0,0,0,0,0
ukraine,sourcingjournal.com,com,GLOBAL,GLOBAL,GLOBAL,PLATFORM,0,0,0,0,0,0,0
ukraine,sowetanlive.co.za,za,ZA,Sub-Saharan Africa,AFRICA,PLATFORM,0,0,0,0,0,0,0
ukraine,starlocalmedia.com,com,GLOBAL,GLOBAL,GLOBAL,PLATFORM,0,0,0,0,0,0,0
ukraine,surfline.com,com,GLOBAL,GLOBAL,GLOBAL,PLATFORM,0,0,0,0,0,0,0
ukraine,tallahassee.com,com,GLOBAL,GLOBAL,GLOBAL,PLATFORM,0,0,0,0,0,0,0
ukraine,tass.com,com,GLOBAL,GLOBAL,GLOBAL,PLATFORM,0,0,1,0,0,0,1
ukraine,techradar.com,com,GLOBAL,GLOBAL,GLOBAL,PLATFORM,0,0,0,0,0,0,0
ukraine,telluridenews.com,com,GLOBAL,GLOBAL,GLOBAL,PLATFORM,0,0,0,0,0,0,0
ukraine,tennessean.com,com,GLOBAL,GLOBAL,GLOBAL,PLATFORM,0,0,0,0,0,0,0
ukraine,thailandnews.net,net,GLOBAL,GLOBAL,GLOBAL,PLATFORM,0,0,0,0,0,0,0
ukraine,theathletic.com,com,GLOBAL,GLOBAL,GLOBAL,PLATFORM,0,0,0,0,0,0,0
ukraine,theconcordian.com,com,GLOBAL,GLOBAL,GLOBAL,PLATFORM,0,0,0,0,0,0,0
ukraine,theconversation.com,com,GLOBAL,GLOBAL,GLOBAL,PLATFORM,0,0,0,0,0,0,0
ukraine,thegazette.com,com,GLOBAL,GLOBAL,GLOBAL,PLATFORM,0,0,0,0,0,0,0
ukraine,theproducenews.com,com,GLOBAL,GLOBAL,GLOBAL,PLATFORM,0,0,0,0,0,0,0
ukraine,therealdeal.com,com,GLOBAL,GLOBAL,GLOBAL,PLATFORM,0,0,0,0,0,0,0
ukraine,thestreet.com,com,GLOBAL,GLOBAL,GLOBAL,PLATFORM,0,0,0,0,0,0,0
ukraine,thetandd.com,com,GLOBAL,GLOBAL,GLOBAL,PLATFORM,0,0,0,0,0,0,0
ukraine,thinkadvisor.com,com,GLOBAL,GLOBAL,GLOBAL,PLATFORM,0,0,0,0,0,0,0
ukraine,townhall.com,com,GLOBAL,GLOBAL,GLOBAL,PLATFORM,0,0,0,0,0,0,0
ukraine,travelawaits.com,com,GLOBAL,GLOBAL,GLOBAL,PLATFORM,0,0,0,0,0,0,0
ukraine,trib.com,com,GLOBAL,GLOBAL,GLOBAL,PLATFORM,0,0,0,0,0,0,0
ukraine,tribune242.com,com,GLOBAL,GLOBAL,GLOBAL,PLATFORM,0,0,0,0,0,0,0
ukraine,truenorthreports.com,com,GLOBAL,GLOBAL,GLOBAL,PLATFORM,0,0,0,0,0,0,0
ukraine,tvtechnology.com,com,GLOBAL,GLOBAL,GLOBAL,PLATFORM,0,0,0,0,0,0,0
ukraine,twitchy.com,com,GLOBAL,GLOBAL,GLOBAL,PLATFORM,0,0,0,0,0,0,0
ukraine,ubergizmo.com,com,GLOBAL,GLOBAL,GLOBAL,PLATFORM,0,0,0,0,0,0,0
ukraine,unionrecorder.com,com,GLOBAL,GLOBAL,GLOBAL,PLATFORM,0,0,0,0,0,0,0
ukraine,unpo.org,org,GLOBAL,GLOBAL,GLOBAL,PLATFORM,0,0,0,0,0,0,0
ukraine,us105fm.com,com,GLOBAL,GLOBAL,GLOBAL,PLATFORM,0,0,0,0,0,0,0
ukraine,usracing.com,com,GLOBAL,GLOBAL,GLOBAL,PLATFORM,0,0,0,0,0,0,0
ukraine,vulture.com,com,GLOBAL,GLOBAL,GLOBAL,PLATFORM,0,0,0,0,0,0,0
ukraine,wareable.com,com,GLOBAL,GLOBAL,GLOBAL,PLATFORM,0,0,0,0,0,0,0
ukraine,wbbjtv.com,com,GLOBAL,GLOBAL,GLOBAL,PLATFORM,0,0,0,0,0,0,0
ukraine,wbfo.org,org,GLOBAL,GLOBAL,GLOBAL,PLATFORM,0,0,0,0,0,0,0
ukraine,wclk.com,com,GLOBAL,GLOBAL,GLOBAL,PLATFORM,0,0,0,0,0,0,0
ukraine,wdef.com,com,GLOBAL,GLOBAL,GLOBAL,PLATFORM,0,0,0,0,0,0,0
ukraine,westmichiganstar.iheart.com,com,GLOBAL,GLOBAL,GLOBAL,PLATFORM,0,0,0,0,0,0,0
ukraine,wfdd.org,org,GLOBAL,GLOBAL,GLOBAL,PLATFORM,0,0,0,0,0,0,0
ukraine,wfre.com,com,GLOBAL,GLOBAL,GLOBAL,PLATFORM,0,0,0,0,0,0,0
ukraine,whatsnew2day.com,com,GLOBAL,GLOBAL,GLOBAL,PLATFORM,0,0,0,0,0,0,0
ukraine,whec.com,com,GLOBAL,GLOBAL,GLOBAL,PLATFORM,0,0,0,0,0,0,0
ukraine,whky.com,com,GLOBAL,GLOBAL,GLOBAL,PLATFORM,0,0,0,0,0,0,0
ukraine,whus.org,org,GLOBAL,GLOBAL,GLOBAL,PLATFORM,0,0,0,0,0,0,0
ukraine,wishtv.com,com,GLOBAL,GLOBAL,GLOBAL,PLATFORM,0,0,0,0,0,0,0
ukraine,wjfw.com,com,GLOBAL,GLOBAL,GLOBAL,PLATFORM,0,0,0,0,0,0,0
ukraine,wlky.com,com,GLOBAL,GLOBAL,GLOBAL,PLATFORM,0,0,0,0,0,0,0
ukraine,wrtv.com,com,GLOBAL,GLOBAL,GLOBAL,PLATFORM,0,0,0,0,0,0,0
ukraine,wsus1023.iheart.com,com,GLOBAL,GLOBAL,GLOBAL,PLATFORM,0,0,0,0,0,0,0
ukraine,wthr.com,com,GLOBAL,GLOBAL,GLOBAL,PLATFORM,0,0,0,0,0,0,0
ukraine,wtug.com,com,GLOBAL,GLOBAL,GLOBAL,PLATFORM,0,0,0,0,0,0,0
ukraine,wvrecord.com,com,GLOBAL,GLOBAL,GLOBAL,PLATFORM,0,0,0,0,0,0,0
ukraine,wwnc.iheart.com,com,GLOBAL,GLOBAL,GLOBAL,PLATFORM,0,0,0,0,0,0,0
ukraine,www1.cbn.com,com,GLOBAL,GLOBAL,GLOBAL,PLATFORM,0,0,0,0,0,0,0
ukraine,wxerfm.com,com,GLOBAL,GLOBAL,GLOBAL,PLATFORM,0,0,0,0,0,0,0
ukraine,xinhuanet.com,com,GLOBAL,GLOBAL,GLOBAL,PLATFORM,0,0,1,0,0,0,1
ukraine,ypradio.org,org,GLOBAL,GLOBAL,GLOBAL,PLATFORM,0,0,0,0,0,0,0
ukraine,102ktra.iheart.com,com,GLOBAL,GLOBAL,GLOBAL,PLATFORM,0,0,0,0,0,0,0
ukraine,1035kissfm.iheart.com,com,GLOBAL,GLOBAL,GLOBAL,PLATFORM,0,0,0,0,0,0,0
ukraine,1065thebuzz.com,com,GLOBAL,GLOBAL,GLOBAL,PLATFORM,0,0,0,0,0,0,0
ukraine,1067theeagle.iheart.com,com,GLOBAL,GLOBAL,GLOBAL,PLATFORM,0,0,0,0,0,0,0
ukraine,1075zoofm.com,com,GLOBAL,GLOBAL,GLOBAL,PLATFORM,0,0,0,0,0,0,0
ukraine,11alive.com,com,GLOBAL,GLOBAL,GLOBAL,PLATFORM,0,0,0,0,0,0,0
ukraine,937thebeathouston.iheart.com,com,GLOBAL,GLOBAL,GLOBAL,PLATFORM,0,0,0,0,0,0,0
ukraine,951zzo.iheart.com,com,GLOBAL,GLOBAL,GLOBAL,PLATFORM,0,0,0,0,0,0,0
ukraine,963kklz.com,com,GLOBAL,GLOBAL,GLOBAL,PLATFORM,0,0,0,0,0,0,0
ukraine,969thekat.iheart.com,com,GLOBAL,GLOBAL,GLOBAL,PLATFORM,0,0,0,0,0,0,0
ukraine,99kisscountry.iheart.com,com,GLOBAL,GLOBAL,GLOBAL,PLATFORM,0,0,0,0,0,0,0
ukraine,abqjournal.com,com,GLOBAL,GLOBAL,GLOBAL,PLATFORM,0,0,0,0,0,0,0
ukraine,advisor.ca,ca,CA,North America,OTHER,PLATFORM,0,0,0,0,0,0,0
ukraine,alumni.berkeley.edu,edu,NA,NA,OTHER,PLATFORM,0,0,0,0,0,0,0
ukraine,am1100theflag.com,com,GLOBAL,GLOBAL,GLOBAL,PLATFORM,0,0,0,0,0,0,0
ukraine,amazinavenue.com,com,GLOBAL,GLOBAL,GLOBAL,PLATFORM,0,0,0,0,0,0,0
ukraine,americanbar.org,org,GLOBAL,GLOBAL,GLOBAL,PLATFORM,0,0,0,0,0,0,0
ukraine,androidheadlines.com,com,GLOBAL,GLOBAL,GLOBAL,PLATFORM,0,0,0,0,0,0,0
ukraine,apartmenttherapy.com,com,GLOBAL,GLOBAL,GLOBAL,PLATFORM,0,0,0,0,0,0,0
ukraine,arlnow.com,com,GLOBAL,GLOBAL,GLOBAL,PLATFORM,0,0,0,0,0,0,0
ukraine,auto.hindustantimes.com,com,GLOBAL,GLOBAL,GLOBAL,PLATFORM,0,0,0,0,0,0,0
ukraine,azcapitoltimes.com,com,GLOBAL,GLOBAL,GLOBAL,PLATFORM,0,0,0,0,0,0,0
ukraine,b101.iheart.com,com,GLOBAL,GLOBAL,GLOBAL,PLATFORM,0,0,0,0,0,0,0
ukraine,bajanreporter.com,com,GLOBAL,GLOBAL,GLOBAL,PLATFORM,0,0,0,0,0,0,0
ukraine,basinsradio.com,com,GLOBAL,GLOBAL,GLOBAL,PLATFORM,0,0,0,0,0,0,0
ukraine,bayjournal.com,com,GLOBAL,GLOBAL,GLOBAL,PLATFORM,0,0,0,0,0,0,0
ukraine,bearingarms.com,com,GLOBAL,GLOBAL,GLOBAL,PLATFORM,0,0,0,0,0,0,0
ukraine,bfmtv.com,com,GLOBAL,GLOBAL,GLOBAL,PLATFORM,0,0,0,0,0,0,0
ukraine,big1059.iheart.com,com,GLOBAL,GLOBAL,GLOBAL,PLATFORM,0,0,0,0,0,0,0
ukraine,boston.com,com,GLOBAL,GLOBAL,GLOBAL,PLATFORM,0,0,0,0,0,0,0
ukraine,breitbart.com,com,GLOBAL,GLOBAL,GLOBAL,PLATFORM,0,0,0,0,0,0,0
ukraine,bronx.news12.com,com,GLOBAL,GLOBAL,GLOBAL,PLATFORM,0,0,0,0,0,0,0
ukraine,cacm.acm.org,org,GLOBAL,GLOBAL,GLOBAL,PLATFORM,0,0,0,0,0,0,0
ukraine,carrollspaper.com,com,GLOBAL,GLOBAL,GLOBAL,PLATFORM,0,0,0,0,0,0,0
ukraine,ccboe.com,com,GLOBAL,GLOBAL,GLOBAL,PLATFORM,0,0,0,0,0,0,0
ukraine,ccenterdispatch.com,com,GLOBAL,GLOBAL,GLOBAL,PLATFORM,0,0,0,0,0,0,0
ukraine,cecildaily.com,com,GLOBAL,GLOBAL,GLOBAL,PLATFORM,0,0,0,0,0,0,0
ukraine,chattanoogan.com,com,GLOBAL,GLOBAL,GLOBAL,PLATFORM,0,0,0,0,0,0,0
ukraine,chromjuwelen.com,com,GLOBAL,GLOBAL,GLOBAL,PLATFORM,0,0,0,0,0,0,0
ukraine,coastalradio.ca,ca,CA,North America,OTHER,PLATFORM,0,0,0,0,0,0,0
ukraine,coe.gatech.edu,edu,NA,NA,OTHER,PLATFORM,0,0,0,0,0,0,0
ukraine,cointelegraph.com,com,GLOBAL,GLOBAL,GLOBAL,PLATFORM,0,0,0,0,0,0,0
ukraine,collive.com,com,GLOBAL,GLOBAL,GLOBAL,PLATFORM,0,0,0,0,0,0,0
ukraine,corrections1.com,com,GLOBAL,GLOBAL,GLOBAL,PLATFORM,0,0,0,0,0,0,0
ukraine,country1053.ca,ca,CA,North America,OTHER,PLATFORM,0,0,0,0,0,0,0
ukraine,coventrytelegraph.net,net,GLOBAL,GLOBAL,GLOBAL,PLATFORM,0,0,0,0,0,0,0
ukraine,craigdailypress.com,com,GLOBAL,GLOBAL,GLOBAL,PLATFORM,0,0,0,0,0,0,0
ukraine,cuinsight.com,com,GLOBAL,GLOBAL,GLOBAL,PLATFORM,0,0,0,0,0,0,0
ukraine,current.org,org,GLOBAL,GLOBAL,GLOBAL,PLATFORM,0,0,0,0,0,0,0
ukraine,dandenong.starcommunity.com.au,au,AU,East Asia & Pacific,OTHER,PLATFORM,0,0,0,0,0,0,0
ukraine,de.nachrichten.yahoo.com,com,GLOBAL,GLOBAL,GLOBAL,PLATFORM,0,0,0,0,0,0,0
ukraine,dealstreetasia.com,com,GLOBAL,GLOBAL,GLOBAL,PLATFORM,0,0,0,0,0,0,0
ukraine,derbyshiretimes.co.uk,uk,GB,Europe & Central Asia,OTHER,PLATFORM,0,0,0,0,0,0,0
ukraine,doe.nv.gov,gov,NA,NA,OTHER,PLATFORM,0,0,0,1,0,0,1
ukraine,edgelittlerock.iheart.com,com,GLOBAL,GLOBAL,GLOBAL,PLATFORM,0,0,0,0,0,0,0
ukraine,elliotlakestandard.ca,ca,CA,North America,OTHER,PLATFORM,0,0,0,0,0,0,0
ukraine,elystandard.co.uk,uk,GB,Europe & Central Asia,OTHER,PLATFORM,0,0,0,0,0,0,0
ukraine,en.interfax.com.ua,ua,UA,Europe & Central Asia,OTHER,PLATFORM,0,0,0,0,0,0,0
ukraine,energycentral.com,com,GLOBAL,GLOBAL,GLOBAL,PLATFORM,0,0,0,0,0,0,0
ukraine,enstarz.com,com,GLOBAL,GLOBAL,GLOBAL,PLATFORM,0,0,0,0,0,0,0
ukraine,entrepreneur.com,com,GLOBAL,GLOBAL,GLOBAL,PLATFORM,0,0,0,0,0,0,0
ukraine,entsoc.org,org,GLOBAL,GLOBAL,GLOBAL,PLATFORM,0,0,0,0,0,0,0
ukraine,fairviewpost.com,com,GLOBAL,GLOBAL,GLOBAL,PLATFORM,0,0,0,0,0,0,0
ukraine,fatherly.com,com,GLOBAL,GLOBAL,GLOBAL,PLATFORM,0,0,0,0,0,0,0
ukraine,finchannel.com,com,GLOBAL,GLOBAL,GLOBAL,PLATFORM,0,0,0,0,0,0,0
ukraine,firstcoastnews.com,com,GLOBAL,GLOBAL,GLOBAL,PLATFORM,0,0,0,0,0,0,0
ukraine,fm106.iheart.com,com,GLOBAL,GLOBAL,GLOBAL,PLATFORM,0,0,0,0,0,0,0
ukraine,fox13now.com,com,GLOBAL,GLOBAL,GLOBAL,PLATFORM,0,0,0,0,0,0,0
ukraine,fox43.com,com,GLOBAL,GLOBAL,GLOBAL,PLATFORM,0,0,0,0,0,0,0
ukraine,freshplaza.com,com,GLOBAL,GLOBAL,GLOBAL,PLATFORM,0,0,0,0,0,0,0
ukraine,fxempire.com,com,GLOBAL,GLOBAL,GLOBAL,PLATFORM,0,0,0,0,0,0,0
ukraine,gananoquereporter.com,com,GLOBAL,GLOBAL,GLOBAL,PLATFORM,0,0,0,0,0,0,0
ukraine,gmanetwork.com,com,GLOBAL,GLOBAL,GLOBAL,PLATFORM,0,0,0,0,0,0,0
ukraine,gobankingrates.com,com,GLOBAL,GLOBAL,GLOBAL,PLATFORM,0,0,0,0,0,0,0
ukraine,governor.maryland.gov,gov,NA,NA,OTHER,PLATFORM,0,0,0,1,0,0,1
ukraine,healthleadersmedia.com,com,GLOBAL,GLOBAL,GLOBAL,PLATFORM,0,0,0,0,0,0,0
ukraine,heraldtribune.com,com,GLOBAL,GLOBAL,GLOBAL,PLATFORM,0,0,0,0,0,0,0
ukraine,hitconsultant.net,net,GLOBAL,GLOBAL,GLOBAL,PLATFORM,0,0,0,0,0,0,0
ukraine,hits1061seattle.iheart.com,com,GLOBAL,GLOBAL,GLOBAL,PLATFORM,0,0,0,0,0,0,0
ukraine,hollandsentinel.com,com,GLOBAL,GLOBAL,GLOBAL,PLATFORM,0,0,0,0,0,0,0
ukraine,hot1047.com,com,GLOBAL,GLOBAL,GLOBAL,PLATFORM,0,0,0,0,0,0,0
ukraine,hrexchangenetwork.com,com,GLOBAL,GLOBAL,GLOBAL,PLATFORM,0,0,0,0,0,0,0
ukraine,hudsonriverblue.com,com,GLOBAL,GLOBAL,GLOBAL,PLATFORM,0,0,0,0,0,0,0
ukraine,hudsonstarobserver.com,com,GLOBAL,GLOBAL,GLOBAL,PLATFORM,0,0,0,0,0,0,0
ukraine,hudsonvalley360.com,com,GLOBAL,GLOBAL,GLOBAL,PLATFORM,0,0,0,0,0,0,0
ukraine,i95rock.com,com,GLOBAL,GLOBAL,GLOBAL,PLATFORM,0,0,0,0,0,0,0
ukraine,ifiberone.com,com,GLOBAL,GLOBAL,GLOBAL,PLATFORM,0,0,0,0,0,0,0
ukraine,iheartradio.ca,ca,CA,North America,OTHER,PLATFORM,0,0,0,0,0,0,0
ukraine,inklingsnews.com,com,GLOBAL,GLOBAL,GLOBAL,PLATFORM,0,0,0,0,0,0,0
ukraine,intelligencer.ca,ca,CA,North America,OTHER,PLATFORM,0,0,0,0,0,0,0
ukraine,interfax.com,com,GLOBAL,GLOBAL,GLOBAL,PLATFORM,0,0,0,0,0,0,0
ukraine,investingnews.com,com,GLOBAL,GLOBAL,GLOBAL,PLATFORM,0,0,0,0,0,0,0
ukraine,investorschronicle.co.uk,uk,GB,Europe & Central Asia,OTHER,PLATFORM,0,0,0,0,0,0,0
ukraine,island.lk,lk,NA,NA,OTHER,PLATFORM,0,0,0,0,0,0,0
ukraine,itemonline.com,com,GLOBAL,GLOBAL,GLOBAL,PLATFORM,0,0,0,0,0,0,0
ukraine,jaxdailyrecord.com,com,GLOBAL,GLOBAL,GLOBAL,PLATFORM,0,0,0,0,0,0,0
ukraine,kase101.iheart.com,com,GLOBAL,GLOBAL,GLOBAL,PLATFORM,0,0,0,0,0,0,0
ukraine,kbrx.com,com,GLOBAL,GLOBAL,GLOBAL,PLATFORM,0,0,0,0,0,0,0
ukraine,kelownadailycourier.ca,ca,CA,North America,OTHER,PLATFORM,0,0,0,0,0,0,0
ukraine,kenyastar.com,com,GLOBAL,GLOBAL,GLOBAL,PLATFORM,0,0,0,0,0,0,0
ukraine,kfin.com,com,GLOBAL,GLOBAL,GLOBAL,PLATFORM,0,0,0,0,0,0,0
ukraine,kiss1067.iheart.com,com,GLOBAL,GLOBAL,GLOBAL,PLATFORM,0,0,0,0,0,0,0
ukraine,kissalbany.iheart.com,com,GLOBAL,GLOBAL,GLOBAL,PLATFORM,0,0,0,0,0,0,0
ukraine,kissfm1031.iheart.com,com,GLOBAL,GLOBAL,GLOBAL,PLATFORM,0,0,0,0,0,0,0
ukraine,koat.com,com,GLOBAL,GLOBAL,GLOBAL,PLATFORM,0,0,0,0,0,0,0
ukraine,koolam.com,com,GLOBAL,GLOBAL,GLOBAL,PLATFORM,0,0,0,0,0,0,0
ukraine,kpbs.org,org,GLOBAL,GLOBAL,GLOBAL,PLATFORM,0,0,0,0,0,0,0
ukraine,ksby.com,com,GLOBAL,GLOBAL,GLOBAL,PLATFORM,0,0,0,0,0,0,0
ukraine,kshb.com,com,GLOBAL,GLOBAL,GLOBAL,PLATFORM,0,0,0,0,0,0,0
ukraine,ktvz.com,com,GLOBAL,GLOBAL,GLOBAL,PLATFORM,0,0,0,0,0,0,0
ukraine,kvrr.com,com,GLOBAL,GLOBAL,GLOBAL,PLATFORM,0,0,0,0,0,0,0
ukraine,leaderpost.com,com,GLOBAL,GLOBAL,GLOBAL,PLATFORM,0,0,0,0,0,0,0
ukraine,lite987.com,com,GLOBAL,GLOBAL,GLOBAL,PLATFORM,0,0,0,0,0,0,0
ukraine,ludlowadvertiser.co.uk,uk,GB,Europe & Central Asia,OTHER,PLATFORM,0,0,0,0,0,0,0
ukraine,magicvalley.com,com,GLOBAL,GLOBAL,GLOBAL,PLATFORM,0,0,0,0,0,0,0
ukraine,markets.financialcontent.com,com,GLOBAL,GLOBAL,GLOBAL,PLATFORM,0,0,0,0,0,0,0
ukraine,mcdonoughvoice.com,com,GLOBAL,GLOBAL,GLOBAL,PLATFORM,0,0,0,0,0,0,0
ukraine,middleeasteye.net,net,GLOBAL,GLOBAL,GLOBAL,PLATFORM,0,0,0,0,0,0,0
ukraine,mix1033.iheart.com,com,GLOBAL,GLOBAL,GLOBAL,PLATFORM,0,0,0,0,0,0,0
ukraine,mix97.com,com,GLOBAL,GLOBAL,GLOBAL,PLATFORM,0,0,0,0,0,0,0
ukraine,mixmaine.com,com,GLOBAL,GLOBAL,GLOBAL,PLATFORM,0,0,0,0,0,0,0
ukraine,money.yahoo.com,com,GLOBAL,GLOBAL,GLOBAL,PLATFORM,0,0,0,0,0,0,0
ukraine,monstersandcritics.com,com,GLOBAL,GLOBAL,GLOBAL,PLATFORM,0,0,0,0,0,0,0
ukraine,montreal.ctvnews.ca,ca,CA,North America,OTHER,PLATFORM,0,0,0,0,0,0,0
ukraine,moose106.iheart.com,com,GLOBAL,GLOBAL,GLOBAL,PLATFORM,0,0,0,0,0,0,0
ukraine,mortgagestrategy.co.uk,uk,GB,Europe & Central Asia,OTHER,PLATFORM,0,0,0,0,0,0,0
ukraine,mountainhomenews.com,com,GLOBAL,GLOBAL,GLOBAL,PLATFORM,0,0,0,0,0,0,0
ukraine,mtpr.org,org,GLOBAL,GLOBAL,GLOBAL,PLATFORM,0,0,0,0,0,0,0
ukraine,my103q.iheart.com,com,GLOBAL,GLOBAL,GLOBAL,PLATFORM,0,0,0,0,0,0,0
ukraine,mycentraloregon.com,com,GLOBAL,GLOBAL,GLOBAL,PLATFORM,0,0,0,0,0,0,0
ukraine,mydailytribune.com,com,GLOBAL,GLOBAL,GLOBAL,PLATFORM,0,0,0,0,0,0,0
ukraine,myjournalcourier.com,com,GLOBAL,GLOBAL,GLOBAL,PLATFORM,0,0,0,0,0,0,0
ukraine,mymix945.iheart.com,com,GLOBAL,GLOBAL,GLOBAL,PLATFORM,0,0,0,0,0,0,0
ukraine,mymodernmet.com,com,GLOBAL,GLOBAL,GLOBAL,PLATFORM,0,0,0,0,0,0,0
ukraine,nbcwashington.com,com,GLOBAL,GLOBAL,GLOBAL,PLATFORM,0,0,0,0,0,0,0
ukraine,ncpa.org,org,GLOBAL,GLOBAL,GLOBAL,PLATFORM,0,0,0,0,0,0,0
ukraine,news.cornell.edu,edu,NA,NA,OTHER,PLATFORM,0,0,0,0,0,0,0
ukraine,news.maryland.gov,gov,NA,NA,OTHER,PLATFORM,0,0,0,1,0,0,1
ukraine,news.softpedia.com,com,GLOBAL,GLOBAL,GLOBAL,PLATFORM,0,0,0,0,0,0,0
ukraine,news.stlpublicradio.org,org,GLOBAL,GLOBAL,GLOBAL,PLATFORM,0,0,0,0,0,0,0
ukraine,newsshooter.com,com,GLOBAL,GLOBAL,GLOBAL,PLATFORM,0,0,0,0,0,0,0
ukraine,newswire.lk,lk,NA,NA,OTHER,PLATFORM,0,0,0,0,0,0,0
ukraine,njherald.com,com,GLOBAL,GLOBAL,GLOBAL,PLATFORM,0,0,0,0,0,0,0
ukraine,northkoreatimes.com,com,GLOBAL,GLOBAL,GLOBAL,PLATFORM,0,0,0,0,0,0,0
ukraine,nydailynews.com,com,GLOBAL,GLOBAL,GLOBAL,PLATFORM,0,0,0,0,0,0,0
ukraine,obituaries.somerset-kentucky.com,com,GLOBAL,GLOBAL,GLOBAL,PLATFORM,0,0,0,0,0,0,0
ukraine,oecd.org,org,GLOBAL,GLOBAL,GLOBAL,PLATFORM,0,0,0,0,0,0,0
ukraine,ohio.edu,edu,NA,NA,OTHER,PLATFORM,0,0,0,0,0,0,0
ukraine,ohiostatebuckeyes.com,com,GLOBAL,GLOBAL,GLOBAL,PLATFORM,0,0,0,0,0,0,0
ukraine,okotoksonline.com,com,GLOBAL,GLOBAL,GLOBAL,PLATFORM,0,0,0,0,0,0,0
ukraine,outbreaknewstoday.com,com,GLOBAL,GLOBAL,GLOBAL,PLATFORM,0,0,0,0,0,0,0
ukraine,ovationtv.com,com,GLOBAL,GLOBAL,GLOBAL,PLATFORM,0,0,0,0,0,0,0
ukraine,pbsfm.org.au,au,AU,East Asia & Pacific,OTHER,PLATFORM,0,0,0,0,0,0,0
ukraine,pdx.eater.com,com,GLOBAL,GLOBAL,GLOBAL,PLATFORM,0,0,0,0,0,0,0
ukraine,pewtrusts.org,org,GLOBAL,GLOBAL,GLOBAL,PLATFORM,0,0,0,0,0,0,0
ukraine,phillytrib.com,com,GLOBAL,GLOBAL,GLOBAL,PLATFORM,0,0,0,0,0,0,0
ukraine,phys.org,org,GLOBAL,GLOBAL,GLOBAL,PLATFORM,0,0,0,0,0,0,0
ukraine,pineandlakes.com,com,GLOBAL,GLOBAL,GLOBAL,PLATFORM,0,0,0,0,0,0,0
ukraine,pinstripealley.com,com,GLOBAL,GLOBAL,GLOBAL,PLATFORM,0,0,0,0,0,0,0
ukraine,pl.usembassy.gov,gov,NA,NA,OTHER,PLATFORM,0,0,0,1,0,0,1
ukraine,plenglish.com,com,GLOBAL,GLOBAL,GLOBAL,PLATFORM,0,0,0,0,0,0,0
ukraine,presspubs.com,com,GLOBAL,GLOBAL,GLOBAL,PLATFORM,0,0,0,0,0,0,0
ukraine,q1043.iheart.com,com,GLOBAL,GLOBAL,GLOBAL,PLATFORM,0,0,0,0,0,0,0
ukraine,radioiowa.com,com,GLOBAL,GLOBAL,GLOBAL,PLATFORM,0,0,0,0,0,0,0
ukraine,railpage.com.au,au,AU,East Asia & Pacific,OTHER,PLATFORM,0,0,0,0,0,0,0
ukraine,ramblinwreck.com,com,GLOBAL,GLOBAL,GLOBAL,PLATFORM,0,0,0,0,0,0,0
ukraine,recordnet.com,com,GLOBAL,GLOBAL,GLOBAL,PLATFORM,0,0,0,0,0,0,0
ukraine,registerguard.com,com,GLOBAL,GLOBAL,GLOBAL,PLATFORM,0,0,0,0,0,0,0
ukraine,rep-am.com,com,GLOBAL,GLOBAL,GLOBAL,PLATFORM,0,0,0,0,0,0,0
ukraine,rexmd.com,com,GLOBAL,GLOBAL,GLOBAL,PLATFORM,0,0,0,0,0,0,0
ukraine,rfdtv.com,com,GLOBAL,GLOBAL,GLOBAL,PLATFORM,0,0,0,0,0,0,0
ukraine,rockdalenewtoncitizen.com,com,GLOBAL,GLOBAL,GLOBAL,PLATFORM,0,0,0,0,0,0,0
ukraine,rollingstone.com,com,GLOBAL,GLOBAL,GLOBAL,PLATFORM,0,0,0,0,0,0,0
ukraine,saltlakecitysun.com,com,GLOBAL,GLOBAL,GLOBAL,PLATFORM,0,0,0,0,0,0,0
ukraine,satellitetoday.com,com,GLOBAL,GLOBAL,GLOBAL,PLATFORM,0,0,0,0,0,0,0
ukraine,saultthisweek.com,com,GLOBAL,GLOBAL,GLOBAL,PLATFORM,0,0,0,0,0,0,0
ukraine,seacoastonline.com,com,GLOBAL,GLOBAL,GLOBAL,PLATFORM,0,0,0,0,0,0,0
ukraine,sherbrookerecord.com,com,GLOBAL,GLOBAL,GLOBAL,PLATFORM,0,0,0,0,0,0,0
ukraine,smartcompany.com.au,au,AU,East Asia & Pacific,OTHER,PLATFORM,0,0,0,0,0,0,0
ukraine,southcoasttoday.com,com,GLOBAL,GLOBAL,GLOBAL,PLATFORM,0,0,0,0,0,0,0
ukraine,sputniknews.com,com,GLOBAL,GLOBAL,GLOBAL,PLATFORM,0,0,0,0,0,0,0
ukraine,standard-freeholder.com,com,GLOBAL,GLOBAL,GLOBAL,PLATFORM,0,0,0,0,0,0,0
ukraine,standardnewswire.com,com,GLOBAL,GLOBAL,GLOBAL,PLATFORM,0,0,0,0,0,0,0
ukraine,swimswam.com,com,GLOBAL,GLOBAL,GLOBAL,PLATFORM,0,0,0,0,0,0,0
ukraine,swnewsmedia.com,com,GLOBAL,GLOBAL,GLOBAL,PLATFORM,0,0,0,0,0,0,0
ukraine,talkingpointsmemo.com,com,GLOBAL,GLOBAL,GLOBAL,PLATFORM,0,0,0,0,0,0,0
ukraine,teamspeedkills.com,com,GLOBAL,GLOBAL,GLOBAL,PLATFORM,0,0,0,0,0,0,0
ukraine,the-messenger.com,com,GLOBAL,GLOBAL,GLOBAL,PLATFORM,0,0,0,0,0,0,0
ukraine,thebostonpilot.com,com,GLOBAL,GLOBAL,GLOBAL,PLATFORM,0,0,0,0,0,0,0
ukraine,thehorse.com,com,GLOBAL,GLOBAL,GLOBAL,PLATFORM,0,0,0,0,0,0,0
ukraine,theintelligencer.com,com,GLOBAL,GLOBAL,GLOBAL,PLATFORM,0,0,0,0,0,0,0
ukraine,thepeninsulaqatar.com,com,GLOBAL,GLOBAL,GLOBAL,PLATFORM,0,0,0,0,0,0,0
ukraine,thepitchkc.com,com,GLOBAL,GLOBAL,GLOBAL,PLATFORM,0,0,0,0,0,0,0
ukraine,thetwister.iheart.com,com,GLOBAL,GLOBAL,GLOBAL,PLATFORM,0,0,0,0,0,0,0
ukraine,theunion.com,com,GLOBAL,GLOBAL,GLOBAL,PLATFORM,0,0,0,0,0,0,0
ukraine,thewall.fyi,fyi,NA,NA,OTHER,PLATFORM,0,0,0,0,0,0,0
ukraine,thewalrus.ca,ca,CA,North America,OTHER,PLATFORM,0,0,0,0,0,0,0
ukraine,thewrap.com,com,GLOBAL,GLOBAL,GLOBAL,PLATFORM,0,0,0,0,0,0,0
ukraine,tomsguide.com,com,GLOBAL,GLOBAL,GLOBAL,PLATFORM,0,0,0,0,0,0,0
ukraine,top5-datingsites.com,com,GLOBAL,GLOBAL,GLOBAL,PLATFORM,0,0,0,0,0,0,0
ukraine,tribuneonlineng.com,com,GLOBAL,GLOBAL,GLOBAL,PLATFORM,0,0,0,0,0,0,0
ukraine,uefa.com,com,GLOBAL,GLOBAL,GLOBAL,PLATFORM,0,0,0,0,0,0,0
ukraine,us.acrofan.com,com,GLOBAL,GLOBAL,GLOBAL,PLATFORM,0,0,0,0,0,0,0
ukraine,v100.iheart.com,com,GLOBAL,GLOBAL,GLOBAL,PLATFORM,0,0,0,0,0,0,0
ukraine,valleybreeze.com,com,GLOBAL,GLOBAL,GLOBAL,PLATFORM,0,0,0,0,0,0,0
ukraine,virginislandsdailynews.com,com,GLOBAL,GLOBAL,GLOBAL,PLATFORM,0,0,0,0,0,0,0
ukraine,wadenapj.com,com,GLOBAL,GLOBAL,GLOBAL,PLATFORM,0,0,0,0,0,0,0
ukraine,watfordobserver.co.uk,uk,GB,Europe & Central Asia,OTHER,PLATFORM,0,0,0,0,0,0,0
ukraine,watoday.com.au,au,AU,East Asia & Pacific,OTHER,PLATFORM,0,0,0,0,0,0,0
ukraine,wau.org,org,GLOBAL,GLOBAL,GLOBAL,PLATFORM,0,0,0,0,0,0,0
ukraine,wbal.com,com,GLOBAL,GLOBAL,GLOBAL,PLATFORM,0,0,0,0,0,0,0
ukraine,wbgo.org,org,GLOBAL,GLOBAL,GLOBAL,PLATFORM,0,0,0,0,0,0,0
ukraine,wcsx.com,com,GLOBAL,GLOBAL,GLOBAL,PLATFORM,0,0,0,0,0,0,0
ukraine,weaintgotnohistory.sbnation.com,com,GLOBAL,GLOBAL,GLOBAL,PLATFORM,0,0,0,0,0,0,0
ukraine,wfyi.org,org,GLOBAL,GLOBAL,GLOBAL,PLATFORM,0,0,0,0,0,0,0
ukraine,whiznews.com,com,GLOBAL,GLOBAL,GLOBAL,PLATFORM,0,0,0,0,0,0,0
ukraine,whqr.org,org,GLOBAL,GLOBAL,GLOBAL,PLATFORM,0,0,0,0,0,0,0
ukraine,whyn.iheart.com,com,GLOBAL,GLOBAL,GLOBAL,PLATFORM,0,0,0,0,0,0,0
ukraine,wibx950.com,com,GLOBAL,GLOBAL,GLOBAL,PLATFORM,0,0,0,0,0,0,0
ukraine,wirx.com,com,GLOBAL,GLOBAL,GLOBAL,PLATFORM,0,0,0,0,0,0,0
ukraine,wiscnews.com,com,GLOBAL,GLOBAL,GLOBAL,PLATFORM,0,0,0,0,0,0,0
ukraine,wjon.com,com,GLOBAL,GLOBAL,GLOBAL,PLATFORM,0,0,0,0,0,0,0
ukraine,wkar.org,org,GLOBAL,GLOBAL,GLOBAL,PLATFORM,0,0,0,0,0,0,0
ukraine,wlrn.org,org,GLOBAL,GLOBAL,GLOBAL,PLATFORM,0,0,0,0,0,0,0
ukraine,wmra.org,org,GLOBAL,GLOBAL,GLOBAL,PLATFORM,0,0,0,0,0,0,0
ukraine,wnci.iheart.com,com,GLOBAL,GLOBAL,GLOBAL,PLATFORM,0,0,0,0,0,0,0
ukraine,woodworkingnetwork.com:443,NA,NA,NA,OTHER,PLATFORM,0,0,0,0,0,0,0
ukraine,wptv.com,com,GLOBAL,GLOBAL,GLOBAL,PLATFORM,0,0,0,0,0,0,0
ukraine,wqad.com,com,GLOBAL,GLOBAL,GLOBAL,PLATFORM,0,0,0,0,0,0,0
ukraine,wruf.com,com,GLOBAL,GLOBAL,GLOBAL,PLATFORM,0,0,0,0,0,0,0
ukraine,wtam.iheart.com,com,GLOBAL,GLOBAL,GLOBAL,PLATFORM,0,0,0,0,0,0,0
ukraine,wtop.com,com,GLOBAL,GLOBAL,GLOBAL,PLATFORM,0,0,0,0,0,0,0
ukraine,wtue.iheart.com,com,GLOBAL,GLOBAL,GLOBAL,PLATFORM,0,0,0,0,0,0,0
ukraine,wupe.com,com,GLOBAL,GLOBAL,GLOBAL,PLATFORM,0,0,0,0,0,0,0
ukraine,wxii12.com,com,GLOBAL,GLOBAL,GLOBAL,PLATFORM,0,0,0,0,0,0,0
ukraine,wxxinews.org,org,GLOBAL,GLOBAL,GLOBAL,PLATFORM,0,0,0,0,0,0,0
ukraine,z1075.com,com,GLOBAL,GLOBAL,GLOBAL,PLATFORM,0,0,0,0,0,0,0
ukraine,z94.com,com,GLOBAL,GLOBAL,GLOBAL,PLATFORM,0,0,0,0,0,0,0
ukraine,1025thebull.iheart.com,com,GLOBAL,GLOBAL,GLOBAL,PLATFORM,0,0,0,0,0,0,0
ukraine,106khq.com,com,GLOBAL,GLOBAL,GLOBAL,PLATFORM,0,0,0,0,0,0,0
ukraine,106wcod.iheart.com,com,GLOBAL,GLOBAL,GLOBAL,PLATFORM,0,0,0,0,0,0,0
ukraine,1380kcim.com,com,GLOBAL,GLOBAL,GLOBAL,PLATFORM,0,0,0,0,0,0,0
ukraine,225batonrouge.com,com,GLOBAL,GLOBAL,GLOBAL,PLATFORM,0,0,0,0,0,0,0
ukraine,933odc.iheart.com,com,GLOBAL,GLOBAL,GLOBAL,PLATFORM,0,0,0,0,0,0,0
ukraine,937theriver.iheart.com,com,GLOBAL,GLOBAL,GLOBAL,PLATFORM,0,0,0,0,0,0,0
ukraine,945wpti.iheart.com,com,GLOBAL,GLOBAL,GLOBAL,PLATFORM,0,0,0,0,0,0,0
ukraine,963kissfm.iheart.com,com,GLOBAL,GLOBAL,GLOBAL,PLATFORM,0,0,0,0,0,0,0
ukraine,995theriver.iheart.com,com,GLOBAL,GLOBAL,GLOBAL,PLATFORM,0,0,0,0,0,0,0
ukraine,acainternational.org,org,GLOBAL,GLOBAL,GLOBAL,PLATFORM,0,0,0,0,0,0,0
ukraine,agupdate.com,com,GLOBAL,GLOBAL,GLOBAL,PLATFORM,0,0,0,0,0,0,0
ukraine,aircargoworld.com,com,GLOBAL,GLOBAL,GLOBAL,PLATFORM,0,0,0,0,0,0,0
ukraine,alt987fm.iheart.com,com,GLOBAL,GLOBAL,GLOBAL,PLATFORM,0,0,0,0,0,0,0
ukraine,archinect.com,com,GLOBAL,GLOBAL,GLOBAL,PLATFORM,0,0,0,0,0,0,0
ukraine,arkansasonline.com,com,GLOBAL,GLOBAL,GLOBAL,PLATFORM,0,0,0,0,0,0,0
ukraine,armenianweekly.com,com,GLOBAL,GLOBAL,GLOBAL,PLATFORM,0,0,0,0,0,0,0
ukraine,asbarez.com,com,GLOBAL,GLOBAL,GLOBAL,PLATFORM,0,0,0,0,0,0,0
ukraine,b95radio.iheart.com,com,GLOBAL,GLOBAL,GLOBAL,PLATFORM,0,0,0,0,0,0,0
ukraine,baigenews.kz,kz,NA,NA,OTHER,PLATFORM,0,0,0,0,0,0,0
ukraine,baltimoreravens.com,com,GLOBAL,GLOBAL,GLOBAL,PLATFORM,0,0,0,0,0,0,0
ukraine,beat1053.iheart.com,com,GLOBAL,GLOBAL,GLOBAL,PLATFORM,0,0,0,0,0,0,0
ukraine,berkshireeagle.com,com,GLOBAL,GLOBAL,GLOBAL,PLATFORM,0,0,0,0,0,0,0
ukraine,big1047.iheart.com,com,GLOBAL,GLOBAL,GLOBAL,PLATFORM,0,0,0,0,0,0,0
ukraine,bleacherreport.com,com,GLOBAL,GLOBAL,GLOBAL,PLATFORM,0,0,0,0,0,0,0
ukraine,bleedcubbieblue.com,com,GLOBAL,GLOBAL,GLOBAL,PLATFORM,0,0,0,0,0,0,0
ukraine,blockworks.co,co,NA,NA,OTHER,PLATFORM,0,0,0,0,0,0,0
ukraine,boxinginsider.com,com,GLOBAL,GLOBAL,GLOBAL,PLATFORM,0,0,0,0,0,0,0
ukraine,bridgemi.com,com,GLOBAL,GLOBAL,GLOBAL,PLATFORM,0,0,0,0,0,0,0
ukraine,brownwoodnews.com,com,GLOBAL,GLOBAL,GLOBAL,PLATFORM,0,0,0,0,0,0,0
ukraine,buffalobulletin.com,com,GLOBAL,GLOBAL,GLOBAL,PLATFORM,0,0,0,0,0,0,0
ukraine,burytimes.co.uk,uk,GB,Europe & Central Asia,OTHER,PLATFORM,0,0,0,0,0,0,0
ukraine,ca.news.yahoo.com,com,GLOBAL,GLOBAL,GLOBAL,PLATFORM,0,0,0,0,0,0,0
ukraine,calaverasenterprise.com,com,GLOBAL,GLOBAL,GLOBAL,PLATFORM,0,0,0,0,0,0,0
ukraine,capeandislands.org,org,GLOBAL,GLOBAL,GLOBAL,PLATFORM,0,0,0,0,0,0,0
ukraine,capitalgazette.com,com,GLOBAL,GLOBAL,GLOBAL,PLATFORM,0,0,0,0,0,0,0
ukraine,caribjournal.com,com,GLOBAL,GLOBAL,GLOBAL,PLATFORM,0,0,0,0,0,0,0
ukraine,cavalierdaily.com,com,GLOBAL,GLOBAL,GLOBAL,PLATFORM,0,0,0,0,0,0,0
ukraine,celebritynetworth.com,com,GLOBAL,GLOBAL,GLOBAL,PLATFORM,0,0,0,0,0,0,0
ukraine,centralmaine.com,com,GLOBAL,GLOBAL,GLOBAL,PLATFORM,0,0,0,0,0,0,0
ukraine,china.org.cn,cn,CN,East Asia & Pacific,OTHER,PLATFORM,0,0,0,0,0,0,0
ukraine,city-sentinel.com,com,GLOBAL,GLOBAL,GLOBAL,PLATFORM,0,0,0,0,0,0,0
ukraine,coastalnewstoday.com,com,GLOBAL,GLOBAL,GLOBAL,PLATFORM,0,0,0,0,0,0,0
ukraine,codepink.org,org,GLOBAL,GLOBAL,GLOBAL,PLATFORM,0,0,0,0,0,0,0
ukraine,comicbook.com,com,GLOBAL,GLOBAL,GLOBAL,PLATFORM,0,0,0,0,0,0,0
ukraine,con-telegraph.ie,ie,NA,NA,OTHER,PLATFORM,0,0,0,0,0,0,0
ukraine,dailypress.com,com,GLOBAL,GLOBAL,GLOBAL,PLATFORM,0,0,0,0,0,0,0
ukraine,darkreading.com,com,GLOBAL,GLOBAL,GLOBAL,PLATFORM,0,0,0,0,0,0,0
ukraine,derbytelegraph.co.uk,uk,GB,Europe & Central Asia,OTHER,PLATFORM,0,0,0,0,0,0,0
ukraine,dnews.com,com,GLOBAL,GLOBAL,GLOBAL,PLATFORM,0,0,0,0,0,0,0
ukraine,eenews.net,net,GLOBAL,GLOBAL,GLOBAL,PLATFORM,0,0,0,0,0,0,0
ukraine,effinghamradio.com,com,GLOBAL,GLOBAL,GLOBAL,PLATFORM,0,0,0,0,0,0,0
ukraine,elledecor.com,com,GLOBAL,GLOBAL,GLOBAL,PLATFORM,0,0,0,0,0,0,0
ukraine,en.as.com,com,GLOBAL,GLOBAL,GLOBAL,PLATFORM,0,0,0,0,0,0,0
ukraine,eturbonews.com,com,GLOBAL,GLOBAL,GLOBAL,PLATFORM,0,0,0,0,0,0,0
ukraine,eurweb.com,com,GLOBAL,GLOBAL,GLOBAL,PLATFORM,0,0,0,0,0,0,0
ukraine,extralunchmoney.com,com,GLOBAL,GLOBAL,GLOBAL,PLATFORM,0,0,0,0,0,0,0
ukraine,fau.edu,edu,NA,NA,OTHER,PLATFORM,0,0,0,0,0,0,0
ukraine,fee.org,org,GLOBAL,GLOBAL,GLOBAL,PLATFORM,0,0,0,0,0,0,0
ukraine,financial-news.co.uk,uk,GB,Europe & Central Asia,OTHER,PLATFORM,0,0,0,0,0,0,0
ukraine,fox2detroit.com,com,GLOBAL,GLOBAL,GLOBAL,PLATFORM,0,0,0,0,0,0,0
ukraine,fox35orlando.com,com,GLOBAL,GLOBAL,GLOBAL,PLATFORM,0,0,0,0,0,0,0
ukraine,fox5atlanta.com,com,GLOBAL,GLOBAL,GLOBAL,PLATFORM,0,0,0,0,0,0,0
ukraine,freightwaves.com,com,GLOBAL,GLOBAL,GLOBAL,PLATFORM,0,0,0,0,0,0,0
ukraine,froggy999.iheart.com,com,GLOBAL,GLOBAL,GLOBAL,PLATFORM,0,0,0,0,0,0,0
ukraine,froggyweb.com,com,GLOBAL,GLOBAL,GLOBAL,PLATFORM,0,0,0,0,0,0,0
ukraine,galvnews.com,com,GLOBAL,GLOBAL,GLOBAL,PLATFORM,0,0,0,0,0,0,0
ukraine,gazette-news.co.uk,uk,GB,Europe & Central Asia,OTHER,PLATFORM,0,0,0,0,0,0,0
ukraine,geekwire.com,com,GLOBAL,GLOBAL,GLOBAL,PLATFORM,0,0,0,0,0,0,0
ukraine,georgiarecorder.com,com,GLOBAL,GLOBAL,GLOBAL,PLATFORM,0,0,0,0,0,0,0
ukraine,glamour.com,com,GLOBAL,GLOBAL,GLOBAL,PLATFORM,0,0,0,0,0,0,0
ukraine,globalgenes.org,org,GLOBAL,GLOBAL,GLOBAL,PLATFORM,0,0,0,0,0,0,0
ukraine,globenewswire.com,com,GLOBAL,GLOBAL,GLOBAL,PLATFORM,0,0,0,0,0,0,0
ukraine,godanriver.com,com,GLOBAL,GLOBAL,GLOBAL,PLATFORM,0,0,0,0,0,0,0
ukraine,goldrushcam.com,com,GLOBAL,GLOBAL,GLOBAL,PLATFORM,0,0,0,0,0,0,0
ukraine,halesowennews.co.uk,uk,GB,Europe & Central Asia,OTHER,PLATFORM,0,0,0,0,0,0,0
ukraine,hanfordsentinel.com,com,GLOBAL,GLOBAL,GLOBAL,PLATFORM,0,0,0,0,0,0,0
ukraine,harrogate-news.co.uk,uk,GB,Europe & Central Asia,OTHER,PLATFORM,0,0,0,0,0,0,0
ukraine,hawaii.edu,edu,NA,NA,OTHER,PLATFORM,0,0,0,0,0,0,0
ukraine,healthitanalytics.com,com,GLOBAL,GLOBAL,GLOBAL,PLATFORM,0,0,0,0,0,0,0
ukraine,i.stuff.co.nz,nz,NZ,East Asia & Pacific,OTHER,PLATFORM,0,0,0,0,0,0,0
ukraine,indianewengland.com,com,GLOBAL,GLOBAL,GLOBAL,PLATFORM,0,0,0,0,0,0,0
ukraine,indianweekender.co.nz,nz,NZ,East Asia & Pacific,OTHER,PLATFORM,0,0,0,0,0,0,0
ukraine,insidernj.com,com,GLOBAL,GLOBAL,GLOBAL,PLATFORM,0,0,0,0,0,0,0
ukraine,ipsnews.net,net,GLOBAL,GLOBAL,GLOBAL,PLATFORM,0,0,0,0,0,0,0
ukraine,it-online.co.za,za,ZA,Sub-Saharan Africa,AFRICA,PLATFORM,0,0,0,0,0,0,0
ukraine,itwire.com,com,GLOBAL,GLOBAL,GLOBAL,PLATFORM,0,0,0,0,0,0,0
ukraine,itwire.com:443,NA,NA,NA,OTHER,PLATFORM,0,0,0,0,0,0,0
ukraine,jamaica.loopnews.com,com,GLOBAL,GLOBAL,GLOBAL,PLATFORM,0,0,0,0,0,0,0
ukraine,janes.com,com,GLOBAL,GLOBAL,GLOBAL,PLATFORM,0,0,0,0,0,0,0
ukraine,jetradio1400.iheart.com,com,GLOBAL,GLOBAL,GLOBAL,PLATFORM,0,0,0,0,0,0,0
ukraine,kasu.org,org,GLOBAL,GLOBAL,GLOBAL,PLATFORM,0,0,0,0,0,0,0
ukraine,kc101.iheart.com,com,GLOBAL,GLOBAL,GLOBAL,PLATFORM,0,0,0,0,0,0,0
ukraine,keithandthegirl.com,com,GLOBAL,GLOBAL,GLOBAL,PLATFORM,0,0,0,0,0,0,0
ukraine,kenw.org,org,GLOBAL,GLOBAL,GLOBAL,PLATFORM,0,0,0,0,0,0,0
ukraine,ketv.com,com,GLOBAL,GLOBAL,GLOBAL,PLATFORM,0,0,0,0,0,0,0
ukraine,kezj.com,com,GLOBAL,GLOBAL,GLOBAL,PLATFORM,0,0,0,0,0,0,0
ukraine,kfan.iheart.com,com,GLOBAL,GLOBAL,GLOBAL,PLATFORM,0,0,0,0,0,0,0
ukraine,kfanplus.iheart.com,com,GLOBAL,GLOBAL,GLOBAL,PLATFORM,0,0,0,0,0,0,0
ukraine,kjrh.com,com,GLOBAL,GLOBAL,GLOBAL,PLATFORM,0,0,0,0,0,0,0
ukraine,kmjnow.com,com,GLOBAL,GLOBAL,GLOBAL,PLATFORM,0,0,0,0,0,0,0
ukraine,knco.com,com,GLOBAL,GLOBAL,GLOBAL,PLATFORM,0,0,0,0,0,0,0
ukraine,krdo.com,com,GLOBAL,GLOBAL,GLOBAL,PLATFORM,0,0,0,0,0,0,0
ukraine,kstp.com,com,GLOBAL,GLOBAL,GLOBAL,PLATFORM,0,0,0,0,0,0,0
ukraine,ksut.org,org,GLOBAL,GLOBAL,GLOBAL,PLATFORM,0,0,0,0,0,0,0
ukraine,ktok.iheart.com,com,GLOBAL,GLOBAL,GLOBAL,PLATFORM,0,0,0,0,0,0,0
ukraine,kupbilecik.pl,pl,PL,Europe & Central Asia,OTHER,PLATFORM,0,0,0,0,0,0,0
ukraine,kxy.iheart.com,com,GLOBAL,GLOBAL,GLOBAL,PLATFORM,0,0,0,0,0,0,0
ukraine,labelsandlabeling.com:443,NA,NA,NA,OTHER,PLATFORM,0,0,0,0,0,0,0
ukraine,law360.com,com,GLOBAL,GLOBAL,GLOBAL,PLATFORM,0,0,0,0,0,0,0
ukraine,lcsun-news.com,com,GLOBAL,GLOBAL,GLOBAL,PLATFORM,0,0,0,0,0,0,0
ukraine,libyaherald.com,com,GLOBAL,GLOBAL,GLOBAL,PLATFORM,0,0,0,0,0,0,0
ukraine,lmtonline.com,com,GLOBAL,GLOBAL,GLOBAL,PLATFORM,0,0,0,0,0,0,0
ukraine,madinamerica.com,com,GLOBAL,GLOBAL,GLOBAL,PLATFORM,0,0,0,0,0,0,0
ukraine,magic96.iheart.com,com,GLOBAL,GLOBAL,GLOBAL,PLATFORM,0,0,0,0,0,0,0
ukraine,magic983.com,com,GLOBAL,GLOBAL,GLOBAL,PLATFORM,0,0,0,0,0,0,0
ukraine,mauimagazine.net,net,GLOBAL,GLOBAL,GLOBAL,PLATFORM,0,0,0,0,0,0,0
ukraine,mei.edu,edu,NA,NA,OTHER,PLATFORM,0,0,0,0,0,0,0
ukraine,mercatornet.com,com,GLOBAL,GLOBAL,GLOBAL,PLATFORM,0,0,0,0,0,0,0
ukraine,miamioh.edu,edu,NA,NA,OTHER,PLATFORM,0,0,0,0,0,0,0
ukraine,mississippivalleypublishing.com,com,GLOBAL,GLOBAL,GLOBAL,PLATFORM,0,0,0,0,0,0,0
ukraine,mix929.com,com,GLOBAL,GLOBAL,GLOBAL,PLATFORM,0,0,0,0,0,0,0
ukraine,muskogeephoenix.com,com,GLOBAL,GLOBAL,GLOBAL,PLATFORM,0,0,0,0,0,0,0
ukraine,nashvillescene.com,com,GLOBAL,GLOBAL,GLOBAL,PLATFORM,0,0,0,0,0,0,0
ukraine,naturalgasintel.com,com,GLOBAL,GLOBAL,GLOBAL,PLATFORM,0,0,0,0,0,0,0
ukraine,nbcsandiego.com,com,GLOBAL,GLOBAL,GLOBAL,PLATFORM,0,0,0,0,0,0,0
ukraine,neowin.net,net,GLOBAL,GLOBAL,GLOBAL,PLATFORM,0,0,0,0,0,0,0
ukraine,newcountry1039fm.iheart.com,com,GLOBAL,GLOBAL,GLOBAL,PLATFORM,0,0,0,0,0,0,0
ukraine,news.antiwar.com,com,GLOBAL,GLOBAL,GLOBAL,PLATFORM,0,0,0,0,0,0,0
ukraine,news.prairiepublic.org,org,GLOBAL,GLOBAL,GLOBAL,PLATFORM,0,0,0,0,0,0,0
ukraine,newsargus.com,com,GLOBAL,GLOBAL,GLOBAL,PLATFORM,0,0,0,0,0,0,0
ukraine,newsdakota.com,com,GLOBAL,GLOBAL,GLOBAL,PLATFORM,0,0,0,0,0,0,0
ukraine,newsdzezimbabwe.co.uk,uk,GB,Europe & Central Asia,OTHER,PLATFORM,0,0,0,0,0,0,0
ukraine,newsitem.com,com,GLOBAL,GLOBAL,GLOBAL,PLATFORM,0,0,0,0,0,0,0
ukraine,newstatesman.com,com,GLOBAL,GLOBAL,GLOBAL,PLATFORM,0,0,0,0,0,0,0
ukraine,njbiz.com,com,GLOBAL,GLOBAL,GLOBAL,PLATFORM,0,0,0,0,0,0,0
ukraine,northcountrynow.com,com,GLOBAL,GLOBAL,GLOBAL,PLATFORM,0,0,0,0,0,0,0
ukraine,nottinghampost.com,com,GLOBAL,GLOBAL,GLOBAL,PLATFORM,0,0,0,0,0,0,0
ukraine,oanow.com,com,GLOBAL,GLOBAL,GLOBAL,PLATFORM,0,0,0,0,0,0,0
ukraine,oklahomastar.com,com,GLOBAL,GLOBAL,GLOBAL,PLATFORM,0,0,0,0,0,0,0
ukraine,parade.com,com,GLOBAL,GLOBAL,GLOBAL,PLATFORM,0,0,0,0,0,0,0
ukraine,paralympic.org,org,GLOBAL,GLOBAL,GLOBAL,PLATFORM,0,0,0,0,0,0,0
ukraine,parisguardian.com,com,GLOBAL,GLOBAL,GLOBAL,PLATFORM,0,0,0,0,0,0,0
ukraine,parkrapidsenterprise.com,com,GLOBAL,GLOBAL,GLOBAL,PLATFORM,0,0,0,0,0,0,0
ukraine,pbn.com,com,GLOBAL,GLOBAL,GLOBAL,PLATFORM,0,0,0,0,0,0,0
ukraine,photonicsonline.com,com,GLOBAL,GLOBAL,GLOBAL,PLATFORM,0,0,0,0,0,0,0
ukraine,pikecountycourier.com,com,GLOBAL,GLOBAL,GLOBAL,PLATFORM,0,0,0,0,0,0,0
ukraine,plasticsnews.com,com,GLOBAL,GLOBAL,GLOBAL,PLATFORM,0,0,0,0,0,0,0
ukraine,pnj.com,com,GLOBAL,GLOBAL,GLOBAL,PLATFORM,0,0,0,0,0,0,0
ukraine,police1.com,com,GLOBAL,GLOBAL,GLOBAL,PLATFORM,0,0,0,0,0,0,0
ukraine,popcrush.com,com,GLOBAL,GLOBAL,GLOBAL,PLATFORM,0,0,0,0,0,0,0
ukraine,power96radio.com,com,GLOBAL,GLOBAL,GLOBAL,PLATFORM,0,0,0,0,0,0,0
ukraine,press-citizen.com,com,GLOBAL,GLOBAL,GLOBAL,PLATFORM,0,0,0,0,0,0,0
ukraine,publicradioeast.org,org,GLOBAL,GLOBAL,GLOBAL,PLATFORM,0,0,0,0,0,0,0
ukraine,radiojamaicanewsonline.com,com,GLOBAL,GLOBAL,GLOBAL,PLATFORM,0,0,0,0,0,0,0
ukraine,rejournals.com,com,GLOBAL,GLOBAL,GLOBAL,PLATFORM,0,0,0,0,0,0,0
ukraine,reporter-times.com,com,GLOBAL,GLOBAL,GLOBAL,PLATFORM,0,0,0,0,0,0,0
ukraine,richmondandtwickenhamtimes.co.uk,uk,GB,Europe & Central Asia,OTHER,PLATFORM,0,0,0,0,0,0,0
ukraine,rigzone.com,com,GLOBAL,GLOBAL,GLOBAL,PLATFORM,0,0,0,0,0,0,0
ukraine,rubbernews.com,com,GLOBAL,GLOBAL,GLOBAL,PLATFORM,0,0,0,0,0,0,0
ukraine,saps.gov.za,za,ZA,Sub-Saharan Africa,AFRICA,PLATFORM,0,0,0,0,0,0,0
ukraine,seattlemet.com,com,GLOBAL,GLOBAL,GLOBAL,PLATFORM,0,0,0,0,0,0,0
ukraine,shanghaisun.com,com,GLOBAL,GLOBAL,GLOBAL,PLATFORM,0,0,0,0,0,0,0
ukraine,signalscv.com,com,GLOBAL,GLOBAL,GLOBAL,PLATFORM,0,0,0,0,0,0,0
ukraine,smallcaps.com.au,au,AU,East Asia & Pacific,OTHER,PLATFORM,0,0,0,0,0,0,0
ukraine,smnewsnet.com,com,GLOBAL,GLOBAL,GLOBAL,PLATFORM,0,0,0,0,0,0,0
ukraine,snntv.com,com,GLOBAL,GLOBAL,GLOBAL,PLATFORM,0,0,0,0,0,0,0
ukraine,southernminn.com,com,GLOBAL,GLOBAL,GLOBAL,PLATFORM,0,0,0,0,0,0,0
ukraine,statecollege.com,com,GLOBAL,GLOBAL,GLOBAL,PLATFORM,0,0,0,0,0,0,0
ukraine,swtimes.com,com,GLOBAL,GLOBAL,GLOBAL,PLATFORM,0,0,0,0,0,0,0
ukraine,taiwansun.com,com,GLOBAL,GLOBAL,GLOBAL,PLATFORM,0,0,0,0,0,0,0
ukraine,texasmonthly.com,com,GLOBAL,GLOBAL,GLOBAL,PLATFORM,0,0,0,0,0,0,0
ukraine,thehindu.com,com,GLOBAL,GLOBAL,GLOBAL,PLATFORM,0,0,0,0,0,0,0
ukraine,theindependent.com,com,GLOBAL,GLOBAL,GLOBAL,PLATFORM,0,0,0,0,0,0,0
ukraine,thekat.iheart.com,com,GLOBAL,GLOBAL,GLOBAL,PLATFORM,0,0,0,0,0,0,0
ukraine,thenation.com,com,GLOBAL,GLOBAL,GLOBAL,PLATFORM,0,0,0,0,0,0,0
ukraine,theparisnews.com,com,GLOBAL,GLOBAL,GLOBAL,PLATFORM,0,0,0,0,0,0,0
ukraine,thereminder.com,com,GLOBAL,GLOBAL,GLOBAL,PLATFORM,0,0,0,0,0,0,0
ukraine,thesalemnewsonline.com,com,GLOBAL,GLOBAL,GLOBAL,PLATFORM,0,0,0,0,0,0,0
ukraine,thewesterlysun.com,com,GLOBAL,GLOBAL,GLOBAL,PLATFORM,0,0,0,0,0,0,0
ukraine,tigerrag.com,com,GLOBAL,GLOBAL,GLOBAL,PLATFORM,0,0,0,0,0,0,0
ukraine,timesgazette.com,com,GLOBAL,GLOBAL,GLOBAL,PLATFORM,0,0,0,0,0,0,0
ukraine,timesreporter.com,com,GLOBAL,GLOBAL,GLOBAL,PLATFORM,0,0,0,0,0,0,0
ukraine,torontosun.com,com,GLOBAL,GLOBAL,GLOBAL,PLATFORM,0,0,0,0,0,0,0
ukraine,toucharcade.com,com,GLOBAL,GLOBAL,GLOBAL,PLATFORM,0,0,0,0,0,0,0
ukraine,towsonhs.bcps.org,org,GLOBAL,GLOBAL,GLOBAL,PLATFORM,0,0,0,0,0,0,0
ukraine,trentonian.ca,ca,CA,North America,OTHER,PLATFORM,0,0,0,0,0,0,0
ukraine,tribstar.com,com,GLOBAL,GLOBAL,GLOBAL,PLATFORM,0,0,0,0,0,0,0
ukraine,truebluela.com,com,GLOBAL,GLOBAL,GLOBAL,PLATFORM,0,0,0,0,0,0,0
ukraine,ukrinform.net,net,GLOBAL,GLOBAL,GLOBAL,PLATFORM,0,0,0,0,0,0,0
ukraine,und.com,com,GLOBAL,GLOBAL,GLOBAL,PLATFORM,0,0,0,0,0,0,0
ukraine,understandingwar.org,org,GLOBAL,GLOBAL,GLOBAL,PLATFORM,0,0,0,0,0,0,0
ukraine,unmultimedia.org,org,GLOBAL,GLOBAL,GLOBAL,PLATFORM,0,0,0,0,0,0,0
ukraine,v97fm.iheart.com,com,GLOBAL,GLOBAL,GLOBAL,PLATFORM,0,0,0,0,0,0,0
ukraine,voiceofalexandria.com,com,GLOBAL,GLOBAL,GLOBAL,PLATFORM,0,0,0,0,0,0,0
ukraine,vpr.org,org,GLOBAL,GLOBAL,GLOBAL,PLATFORM,0,0,0,0,0,0,0
ukraine,wakg.com,com,GLOBAL,GLOBAL,GLOBAL,PLATFORM,0,0,0,0,0,0,0
ukraine,wandtv.com,com,GLOBAL,GLOBAL,GLOBAL,PLATFORM,0,0,0,0,0,0,0
ukraine,wbiw.com,com,GLOBAL,GLOBAL,GLOBAL,PLATFORM,0,0,0,0,0,0,0
ukraine,wbsm.com,com,GLOBAL,GLOBAL,GLOBAL,PLATFORM,0,0,0,0,0,0,0
ukraine,wbwn.com,com,GLOBAL,GLOBAL,GLOBAL,PLATFORM,0,0,0,0,0,0,0
ukraine,wdrb.com,com,GLOBAL,GLOBAL,GLOBAL,PLATFORM,0,0,0,0,0,0,0
ukraine,wiltonbulletin.com,com,GLOBAL,GLOBAL,GLOBAL,PLATFORM,0,0,0,0,0,0,0
ukraine,wjimam.com,com,GLOBAL,GLOBAL,GLOBAL,PLATFORM,0,0,0,0,0,0,0
ukraine,wkkj.iheart.com,com,GLOBAL,GLOBAL,GLOBAL,PLATFORM,0,0,0,0,0,0,0
ukraine,wmal.com,com,GLOBAL,GLOBAL,GLOBAL,PLATFORM,0,0,0,0,0,0,0
ukraine,wtkr.com,com,GLOBAL,GLOBAL,GLOBAL,PLATFORM,0,0,0,0,0,0,0
ukraine,www2.staffingindustry.com,com,GLOBAL,GLOBAL,GLOBAL,PLATFORM,0,0,0,0,0,0,0
ukraine,wydaily.com,com,GLOBAL,GLOBAL,GLOBAL,PLATFORM,0,0,0,0,0,0,0
ukraine,wynkcountry.iheart.com,com,GLOBAL,GLOBAL,GLOBAL,PLATFORM,0,0,0,0,0,0,0
ukraine,z103.fm,fm,NA,NA,OTHER,PLATFORM,0,0,0,0,0,0,0
ukraine,1045theteam.com,com,GLOBAL,GLOBAL,GLOBAL,PLATFORM,0,0,0,0,0,0,0
ukraine,1059therock.iheart.com,com,GLOBAL,GLOBAL,GLOBAL,PLATFORM,0,0,0,0,0,0,0
ukraine,1077thefox.iheart.com,com,GLOBAL,GLOBAL,GLOBAL,PLATFORM,0,0,0,0,0,0,0
ukraine,10news.com,com,GLOBAL,GLOBAL,GLOBAL,PLATFORM,0,0,0,0,0,0,0
ukraine,943jackfm.com,com,GLOBAL,GLOBAL,GLOBAL,PLATFORM,0,0,0,0,0,0,0
ukraine,965bobfm.com,com,GLOBAL,GLOBAL,GLOBAL,PLATFORM,0,0,0,0,0,0,0
ukraine,967theeagle.net,net,GLOBAL,GLOBAL,GLOBAL,PLATFORM,0,0,0,0,0,0,0
ukraine,969thelegend.com,com,GLOBAL,GLOBAL,GLOBAL,PLATFORM,0,0,0,0,0,0,0
ukraine,975wcos.iheart.com,com,GLOBAL,GLOBAL,GLOBAL,PLATFORM,0,0,0,0,0,0,0
ukraine,991wqik.iheart.com,com,GLOBAL,GLOBAL,GLOBAL,PLATFORM,0,0,0,0,0,0,0
ukraine,accountingtoday.com,com,GLOBAL,GLOBAL,GLOBAL,PLATFORM,0,0,0,0,0,0,0
ukraine,addictedtoquack.com,com,GLOBAL,GLOBAL,GLOBAL,PLATFORM,0,0,0,0,0,0,0
ukraine,advocate.com,com,GLOBAL,GLOBAL,GLOBAL,PLATFORM,0,0,0,0,0,0,0
ukraine,aei.org,org,GLOBAL,GLOBAL,GLOBAL,PLATFORM,0,0,0,0,0,0,0
ukraine,alabamanewscenter.com,com,GLOBAL,GLOBAL,GLOBAL,PLATFORM,0,0,0,0,0,0,0
ukraine,arrl.org,org,GLOBAL,GLOBAL,GLOBAL,PLATFORM,0,0,0,0,0,0,0
ukraine,attheu.utah.edu,edu,NA,NA,OTHER,PLATFORM,0,0,0,0,0,0,0
ukraine,atvtoday.co.uk,uk,GB,Europe & Central Asia,OTHER,PLATFORM,0,0,0,0,0,0,0
ukraine,austinchronicle.com,com,GLOBAL,GLOBAL,GLOBAL,PLATFORM,0,0,0,0,0,0,0
ukraine,autosphere.ca,ca,CA,North America,OTHER,PLATFORM,0,0,0,0,0,0,0
ukraine,avn.com,com,GLOBAL,GLOBAL,GLOBAL,PLATFORM,0,0,0,0,0,0,0
ukraine,axios.com,com,GLOBAL,GLOBAL,GLOBAL,PLATFORM,0,0,0,0,0,0,0
ukraine,barrie.ctvnews.ca,ca,CA,North America,OTHER,PLATFORM,0,0,0,0,0,0,0
ukraine,bates.edu,edu,NA,NA,OTHER,PLATFORM,0,0,0,0,0,0,0
ukraine,bgdailynews.com,com,GLOBAL,GLOBAL,GLOBAL,PLATFORM,0,0,0,0,0,0,0
ukraine,bicesteradvertiser.net,net,GLOBAL,GLOBAL,GLOBAL,PLATFORM,0,0,0,0,0,0,0
ukraine,bismarcksmix.iheart.com,com,GLOBAL,GLOBAL,GLOBAL,PLATFORM,0,0,0,0,0,0,0
ukraine,blogtalkradio.com,com,GLOBAL,GLOBAL,GLOBAL,PLATFORM,0,0,0,0,0,0,0
ukraine,blufftontoday.com,com,GLOBAL,GLOBAL,GLOBAL,PLATFORM,0,0,0,0,0,0,0
ukraine,boingboing.net,net,GLOBAL,GLOBAL,GLOBAL,PLATFORM,0,0,0,0,0,0,0
ukraine,brainerddispatch.com,com,GLOBAL,GLOBAL,GLOBAL,PLATFORM,0,0,0,0,0,0,0
ukraine,bridgwatermercury.co.uk,uk,GB,Europe & Central Asia,OTHER,PLATFORM,0,0,0,0,0,0,0
ukraine,buckscountycouriertimes.com,com,GLOBAL,GLOBAL,GLOBAL,PLATFORM,0,0,0,0,0,0,0
ukraine,bucyrustelegraphforum.com,com,GLOBAL,GLOBAL,GLOBAL,PLATFORM,0,0,0,0,0,0,0
ukraine,campaignbrief.com,com,GLOBAL,GLOBAL,GLOBAL,PLATFORM,0,0,0,0,0,0,0
ukraine,cannabisculture.com,com,GLOBAL,GLOBAL,GLOBAL,PLATFORM,0,0,0,0,0,0,0
ukraine,catholicsentinel.org,org,GLOBAL,GLOBAL,GLOBAL,PLATFORM,0,0,0,0,0,0,0
ukraine,cato.org,org,GLOBAL,GLOBAL,GLOBAL,PLATFORM,0,0,0,0,0,0,0
ukraine,cebudailynews.inquirer.net,net,GLOBAL,GLOBAL,GLOBAL,PLATFORM,0,0,0,0,0,0,0
ukraine,channel4.com,com,GLOBAL,GLOBAL,GLOBAL,PLATFORM,0,0,0,0,0,0,0
ukraine,chicagonow.com,com,GLOBAL,GLOBAL,GLOBAL,PLATFORM,0,0,0,0,0,0,0
ukraine,chronicle-tribune.com,com,GLOBAL,GLOBAL,GLOBAL,PLATFORM,0,0,0,0,0,0,0
ukraine,chroniclejournal.com,com,GLOBAL,GLOBAL,GLOBAL,PLATFORM,0,0,0,0,0,0,0
ukraine,clintonnewsrecord.com,com,GLOBAL,GLOBAL,GLOBAL,PLATFORM,0,0,0,0,0,0,0
ukraine,cme.healio.com,com,GLOBAL,GLOBAL,GLOBAL,PLATFORM,0,0,0,0,0,0,0
ukraine,courthousenews.com,com,GLOBAL,GLOBAL,GLOBAL,PLATFORM,0,0,0,0,0,0,0
ukraine,crn.com.au,au,AU,East Asia & Pacific,OTHER,PLATFORM,0,0,0,0,0,0,0
ukraine,daily-journal.com,com,GLOBAL,GLOBAL,GLOBAL,PLATFORM,0,0,0,0,0,0,0
ukraine,dailyadvance.com,com,GLOBAL,GLOBAL,GLOBAL,PLATFORM,0,0,0,0,0,0,0
ukraine,dailycommercial.com,com,GLOBAL,GLOBAL,GLOBAL,PLATFORM,0,0,0,0,0,0,0
ukraine,dailysentinel.com,com,GLOBAL,GLOBAL,GLOBAL,PLATFORM,0,0,0,0,0,0,0
ukraine,dailytarheel.com,com,GLOBAL,GLOBAL,GLOBAL,PLATFORM,0,0,0,0,0,0,0
ukraine,decaturish.com,com,GLOBAL,GLOBAL,GLOBAL,PLATFORM,0,0,0,0,0,0,0
ukraine,delawarepublic.org,org,GLOBAL,GLOBAL,GLOBAL,PLATFORM,0,0,0,0,0,0,0
ukraine,devdiscourse.com,com,GLOBAL,GLOBAL,GLOBAL,PLATFORM,0,0,0,0,0,0,0
ukraine,dmagazine.com,com,GLOBAL,GLOBAL,GLOBAL,PLATFORM,0,0,0,0,0,0,0
ukraine,elonnewsnetwork.com,com,GLOBAL,GLOBAL,GLOBAL,PLATFORM,0,0,0,0,0,0,0
ukraine,en.vestikavkaza.ru,ru,RU,Europe & Central Asia,OTHER,PLATFORM,0,0,0,0,0,0,0
ukraine,erienewsnow.com,com,GLOBAL,GLOBAL,GLOBAL,PLATFORM,0,0,0,0,0,0,0
ukraine,europesun.com,com,GLOBAL,GLOBAL,GLOBAL,PLATFORM,0,0,0,0,0,0,0
ukraine,fidayi1948.skyrock.com,com,GLOBAL,GLOBAL,GLOBAL,PLATFORM,0,0,0,0,0,0,0
ukraine,floridastatesman.com,com,GLOBAL,GLOBAL,GLOBAL,PLATFORM,0,0,0,0,0,0,0
ukraine,focusdailynews.com,com,GLOBAL,GLOBAL,GLOBAL,PLATFORM,0,0,0,0,0,0,0
ukraine,fool.com.au,au,AU,East Asia & Pacific,OTHER,PLATFORM,0,0,0,0,0,0,0
ukraine,foreverblueshirts.com,com,GLOBAL,GLOBAL,GLOBAL,PLATFORM,0,0,0,0,0,0,0
ukraine,foundry-planet.com,com,GLOBAL,GLOBAL,GLOBAL,PLATFORM,0,0,0,0,0,0,0
ukraine,fourfourtwo.com,com,GLOBAL,GLOBAL,GLOBAL,PLATFORM,0,0,0,0,0,0,0
ukraine,gardenandgun.com,com,GLOBAL,GLOBAL,GLOBAL,PLATFORM,0,0,0,0,0,0,0
ukraine,gobison.com,com,GLOBAL,GLOBAL,GLOBAL,PLATFORM,0,0,0,0,0,0,0
ukraine,goskagit.com,com,GLOBAL,GLOBAL,GLOBAL,PLATFORM,0,0,0,0,0,0,0
ukraine,gov.ie,ie,NA,NA,OTHER,PLATFORM,0,0,0,0,0,0,0
ukraine,gp.gov.ua,ua,UA,Europe & Central Asia,OTHER,PLATFORM,0,0,0,0,0,0,0
ukraine,gp.org,org,GLOBAL,GLOBAL,GLOBAL,PLATFORM,0,0,0,0,0,0,0
ukraine,gx94radio.com,com,GLOBAL,GLOBAL,GLOBAL,PLATFORM,0,0,0,0,0,0,0
ukraine,hertsad.co.uk,uk,GB,Europe & Central Asia,OTHER,PLATFORM,0,0,0,0,0,0,0
ukraine,hits961.iheart.com,com,GLOBAL,GLOBAL,GLOBAL,PLATFORM,0,0,0,0,0,0,0
ukraine,hongkongherald.com,com,GLOBAL,GLOBAL,GLOBAL,PLATFORM,0,0,0,0,0,0,0
ukraine,horseandhound.co.uk,uk,GB,Europe & Central Asia,OTHER,PLATFORM,0,0,0,0,0,0,0
ukraine,horsetalk.co.nz,nz,NZ,East Asia & Pacific,OTHER,PLATFORM,0,0,0,0,0,0,0
ukraine,iamexpat.de,de,DE,Europe & Central Asia,OTHER,PLATFORM,0,0,0,0,0,0,0
ukraine,idahopress.com,com,GLOBAL,GLOBAL,GLOBAL,PLATFORM,0,0,0,0,0,0,0
ukraine,insideedition.com,com,GLOBAL,GLOBAL,GLOBAL,PLATFORM,0,0,0,0,0,0,0
ukraine,institutionalinvestor.com,com,GLOBAL,GLOBAL,GLOBAL,PLATFORM,0,0,0,0,0,0,0
ukraine,investordaily.com.au,au,AU,East Asia & Pacific,OTHER,PLATFORM,0,0,0,0,0,0,0
ukraine,iol.co.za,za,ZA,Sub-Saharan Africa,AFRICA,PLATFORM,0,0,0,0,0,0,0
ukraine,islingtongazette.co.uk,uk,GB,Europe & Central Asia,OTHER,PLATFORM,0,0,0,0,0,0,0
ukraine,israelherald.com,com,GLOBAL,GLOBAL,GLOBAL,PLATFORM,0,0,0,0,0,0,0
ukraine,ivpressonline.com,com,GLOBAL,GLOBAL,GLOBAL,PLATFORM,0,0,0,0,0,0,0
ukraine,jamn957.iheart.com,com,GLOBAL,GLOBAL,GLOBAL,PLATFORM,0,0,0,0,0,0,0
ukraine,johnvanderuit.bookslive.co.za,za,ZA,Sub-Saharan Africa,AFRICA,PLATFORM,0,0,0,0,0,0,0
ukraine,journalgazette.net,net,GLOBAL,GLOBAL,GLOBAL,PLATFORM,0,0,0,0,0,0,0
ukraine,journalnow.com,com,GLOBAL,GLOBAL,GLOBAL,PLATFORM,0,0,0,0,0,0,0
ukraine,k923.fm,fm,NA,NA,OTHER,PLATFORM,0,0,0,0,0,0,0
ukraine,kaaltv.com,com,GLOBAL,GLOBAL,GLOBAL,PLATFORM,0,0,0,0,0,0,0
ukraine,kansasreflector.com,com,GLOBAL,GLOBAL,GLOBAL,PLATFORM,0,0,0,0,0,0,0
ukraine,kcalfm.com,com,GLOBAL,GLOBAL,GLOBAL,PLATFORM,0,0,0,0,0,0,0
ukraine,kfdi.com,com,GLOBAL,GLOBAL,GLOBAL,PLATFORM,0,0,0,0,0,0,0
ukraine,kiss108.iheart.com,com,GLOBAL,GLOBAL,GLOBAL,PLATFORM,0,0,0,0,0,0,0
ukraine,krwg.org,org,GLOBAL,GLOBAL,GLOBAL,PLATFORM,0,0,0,0,0,0,0
ukraine,ktvu.com,com,GLOBAL,GLOBAL,GLOBAL,PLATFORM,0,0,0,0,0,0,0
ukraine,kwbu.org,org,GLOBAL,GLOBAL,GLOBAL,PLATFORM,0,0,0,0,0,0,0
ukraine,kwsn.com,com,GLOBAL,GLOBAL,GLOBAL,PLATFORM,0,0,0,0,0,0,0
ukraine,laist.com,com,GLOBAL,GLOBAL,GLOBAL,PLATFORM,0,0,0,0,0,0,0
ukraine,laprensalatina.com,com,GLOBAL,GLOBAL,GLOBAL,PLATFORM,0,0,0,0,0,0,0
ukraine,libertyballers.com,com,GLOBAL,GLOBAL,GLOBAL,PLATFORM,0,0,0,0,0,0,0
ukraine,live959.com,com,GLOBAL,GLOBAL,GLOBAL,PLATFORM,0,0,0,0,0,0,0
ukraine,lompocrecord.com,com,GLOBAL,GLOBAL,GLOBAL,PLATFORM,0,0,0,0,0,0,0
ukraine,mailtribune.com,com,GLOBAL,GLOBAL,GLOBAL,PLATFORM,0,0,0,0,0,0,0
ukraine,mansfieldnewsjournal.com,com,GLOBAL,GLOBAL,GLOBAL,PLATFORM,0,0,0,0,0,0,0
ukraine,marieclaire.it,it,IT,Europe & Central Asia,OTHER,PLATFORM,0,0,0,0,0,0,0
ukraine,marinelink.com,com,GLOBAL,GLOBAL,GLOBAL,PLATFORM,0,0,0,0,0,0,0
ukraine,melfortjournal.com,com,GLOBAL,GLOBAL,GLOBAL,PLATFORM,0,0,0,0,0,0,0
ukraine,merrittherald.com,com,GLOBAL,GLOBAL,GLOBAL,PLATFORM,0,0,0,0,0,0,0
ukraine,michigansthumb.com,com,GLOBAL,GLOBAL,GLOBAL,PLATFORM,0,0,0,0,0,0,0
ukraine,miningweekly.com,com,GLOBAL,GLOBAL,GLOBAL,PLATFORM,0,0,0,0,0,0,0
ukraine,myeaglecountry.com,com,GLOBAL,GLOBAL,GLOBAL,PLATFORM,0,0,0,0,0,0,0
ukraine,mykisscountry937.com,com,GLOBAL,GLOBAL,GLOBAL,PLATFORM,0,0,0,0,0,0,0
ukraine,mykix1009.iheart.com,com,GLOBAL,GLOBAL,GLOBAL,PLATFORM,0,0,0,0,0,0,0
ukraine,myspiritfm.com,com,GLOBAL,GLOBAL,GLOBAL,PLATFORM,0,0,0,0,0,0,0
ukraine,neweurope.eu,eu,NA,NA,OTHER,PLATFORM,0,0,0,0,0,0,0
ukraine,news.artnet.com,com,GLOBAL,GLOBAL,GLOBAL,PLATFORM,0,0,0,0,0,0,0
ukraine,news.cgtn.com,com,GLOBAL,GLOBAL,GLOBAL,PLATFORM,0,0,0,0,0,0,0
ukraine,news.punchjump.com,com,GLOBAL,GLOBAL,GLOBAL,PLATFORM,0,0,0,0,0,0,0
ukraine,newsletters.theatlantic.com,com,GLOBAL,GLOBAL,GLOBAL,PLATFORM,0,0,0,0,0,0,0
ukraine,newslj.com,com,GLOBAL,GLOBAL,GLOBAL,PLATFORM,0,0,0,0,0,0,0
ukraine,newsminer.com,com,GLOBAL,GLOBAL,GLOBAL,PLATFORM,0,0,0,0,0,0,0
ukraine,newswire.ca,ca,CA,North America,OTHER,PLATFORM,0,0,0,0,0,0,0
ukraine,nymetroparents.com,com,GLOBAL,GLOBAL,GLOBAL,PLATFORM,0,0,0,0,0,0,0
ukraine,ohchr.org,org,GLOBAL,GLOBAL,GLOBAL,PLATFORM,0,0,0,0,0,0,0
ukraine,ohiostandard.com,com,GLOBAL,GLOBAL,GLOBAL,PLATFORM,0,0,0,0,0,0,0
ukraine,oilandgas360.com,com,GLOBAL,GLOBAL,GLOBAL,PLATFORM,0,0,0,0,0,0,0
ukraine,pacific.scoop.co.nz,nz,NZ,East Asia & Pacific,OTHER,PLATFORM,0,0,0,0,0,0,0
ukraine,packworld.com:443,NA,NA,NA,OTHER,PLATFORM,0,0,0,0,0,0,0
ukraine,paloaltoonline.com,com,GLOBAL,GLOBAL,GLOBAL,PLATFORM,0,0,0,0,0,0,0
ukraine,panow.com,com,GLOBAL,GLOBAL,GLOBAL,PLATFORM,0,0,0,0,0,0,0
ukraine,paulickreport.com,com,GLOBAL,GLOBAL,GLOBAL,PLATFORM,0,0,0,0,0,0,0
ukraine,petapixel.com,com,GLOBAL,GLOBAL,GLOBAL,PLATFORM,0,0,0,0,0,0,0
ukraine,pfonline.com:443,NA,NA,NA,OTHER,PLATFORM,0,0,0,0,0,0,0
ukraine,pharostribune.com,com,GLOBAL,GLOBAL,GLOBAL,PLATFORM,0,0,0,0,0,0,0
ukraine,portsmouth-dailytimes.com,com,GLOBAL,GLOBAL,GLOBAL,PLATFORM,0,0,0,0,0,0,0
ukraine,portsmouth.co.uk,uk,GB,Europe & Central Asia,OTHER,PLATFORM,0,0,0,0,0,0,0
ukraine,powerlineblog.com,com,GLOBAL,GLOBAL,GLOBAL,PLATFORM,0,0,0,0,0,0,0
ukraine,prismmagazine.ca,ca,CA,North America,OTHER,PLATFORM,0,0,0,0,0,0,0
ukraine,pulse.com.gh,gh,NA,NA,OTHER,PLATFORM,0,0,0,0,0,0,0
ukraine,radio.wpsu.org,org,GLOBAL,GLOBAL,GLOBAL,PLATFORM,0,0,0,0,0,0,0
ukraine,rock107mb.iheart.com,com,GLOBAL,GLOBAL,GLOBAL,PLATFORM,0,0,0,0,0,0,0
ukraine,rosslandtelegraph.com,com,GLOBAL,GLOBAL,GLOBAL,PLATFORM,0,0,0,0,0,0,0
ukraine,rrdailyherald.com,com,GLOBAL,GLOBAL,GLOBAL,PLATFORM,0,0,0,0,0,0,0
ukraine,sfist.com,com,GLOBAL,GLOBAL,GLOBAL,PLATFORM,0,0,0,0,0,0,0
ukraine,shannonside.ie,ie,NA,NA,OTHER,PLATFORM,0,0,0,0,0,0,0
ukraine,slamonline.com,com,GLOBAL,GLOBAL,GLOBAL,PLATFORM,0,0,0,0,0,0,0
ukraine,southtahoenow.com,com,GLOBAL,GLOBAL,GLOBAL,PLATFORM,0,0,0,0,0,0,0
ukraine,standardbredcanada.ca,ca,CA,North America,OTHER,PLATFORM,0,0,0,0,0,0,0
ukraine,swvatoday.com,com,GLOBAL,GLOBAL,GLOBAL,PLATFORM,0,0,0,0,0,0,0
ukraine,talkradio1059.iheart.com,com,GLOBAL,GLOBAL,GLOBAL,PLATFORM,0,0,0,0,0,0,0
ukraine,talkradio1080.iheart.com,com,GLOBAL,GLOBAL,GLOBAL,PLATFORM,0,0,0,0,0,0,0
ukraine,texastribune.org,org,GLOBAL,GLOBAL,GLOBAL,PLATFORM,0,0,0,0,0,0,0
ukraine,thearabdailynews.com,com,GLOBAL,GLOBAL,GLOBAL,PLATFORM,0,0,0,0,0,0,0
ukraine,thebig920.iheart.com,com,GLOBAL,GLOBAL,GLOBAL,PLATFORM,0,0,0,0,0,0,0
ukraine,thecounty.me,me,NA,NA,OTHER,PLATFORM,0,0,0,0,0,0,0
ukraine,thegamenashville.com,com,GLOBAL,GLOBAL,GLOBAL,PLATFORM,0,0,0,0,0,0,0
ukraine,thequietus.com,com,GLOBAL,GLOBAL,GLOBAL,PLATFORM,0,0,0,0,0,0,0
ukraine,theriver973.iheart.com,com,GLOBAL,GLOBAL,GLOBAL,PLATFORM,0,0,0,0,0,0,0
ukraine,thetablet.org,org,GLOBAL,GLOBAL,GLOBAL,PLATFORM,0,0,0,0,0,0,0
ukraine,thetimes-tribune.com,com,GLOBAL,GLOBAL,GLOBAL,PLATFORM,0,0,0,0,0,0,0
ukraine,theworldlink.com,com,GLOBAL,GLOBAL,GLOBAL,PLATFORM,0,0,0,0,0,0,0
ukraine,timeout.com,com,GLOBAL,GLOBAL,GLOBAL,PLATFORM,0,0,0,0,0,0,0
ukraine,tolerance.ca,ca,CA,North America,OTHER,PLATFORM,0,0,0,0,0,0,0
ukraine,tv6tnt.com,com,GLOBAL,GLOBAL,GLOBAL,PLATFORM,0,0,0,0,0,0,0
ukraine,undercurrentnews.com,com,GLOBAL,GLOBAL,GLOBAL,PLATFORM,0,0,0,0,0,0,0
ukraine,unep.org,org,GLOBAL,GLOBAL,GLOBAL,PLATFORM,0,0,0,0,0,0,0
ukraine,utahindependent.com,com,GLOBAL,GLOBAL,GLOBAL,PLATFORM,0,0,0,0,0,0,0
ukraine,vcyamerica.org,org,GLOBAL,GLOBAL,GLOBAL,PLATFORM,0,0,0,0,0,0,0
ukraine,washtimesherald.com,com,GLOBAL,GLOBAL,GLOBAL,PLATFORM,0,0,0,0,0,0,0
ukraine,wbry.com,com,GLOBAL,GLOBAL,GLOBAL,PLATFORM,0,0,0,0,0,0,0
ukraine,wbrz.com,com,GLOBAL,GLOBAL,GLOBAL,PLATFORM,0,0,0,0,0,0,0
ukraine,wcol.iheart.com,com,GLOBAL,GLOBAL,GLOBAL,PLATFORM,0,0,0,0,0,0,0
ukraine,wflapanamacity.iheart.com,com,GLOBAL,GLOBAL,GLOBAL,PLATFORM,0,0,0,0,0,0,0
ukraine,wfsu.org,org,GLOBAL,GLOBAL,GLOBAL,PLATFORM,0,0,0,0,0,0,0
ukraine,wgil.com,com,GLOBAL,GLOBAL,GLOBAL,PLATFORM,0,0,0,0,0,0,0
ukraine,wheb.iheart.com,com,GLOBAL,GLOBAL,GLOBAL,PLATFORM,0,0,0,0,0,0,0
ukraine,wiartonecho.com,com,GLOBAL,GLOBAL,GLOBAL,PLATFORM,0,0,0,0,0,0,0
ukraine,wild1063.iheart.com,com,GLOBAL,GLOBAL,GLOBAL,PLATFORM,0,0,0,0,0,0,0
ukraine,willmarradio.com,com,GLOBAL,GLOBAL,GLOBAL,PLATFORM,0,0,0,0,0,0,0
ukraine,wispolitics.com,com,GLOBAL,GLOBAL,GLOBAL,PLATFORM,0,0,0,0,0,0,0
ukraine,wjbo.iheart.com,com,GLOBAL,GLOBAL,GLOBAL,PLATFORM,0,0,0,0,0,0,0
ukraine,wlfi.com,com,GLOBAL,GLOBAL,GLOBAL,PLATFORM,0,0,0,0,0,0,0
ukraine,wnoe.iheart.com,com,GLOBAL,GLOBAL,GLOBAL,PLATFORM,0,0,0,0,0,0,0
ukraine,workboat.com,com,GLOBAL,GLOBAL,GLOBAL,PLATFORM,0,0,0,0,0,0,0
ukraine,wtmj.com,com,GLOBAL,GLOBAL,GLOBAL,PLATFORM,0,0,0,0,0,0,0
ukraine,wunc.org,org,GLOBAL,GLOBAL,GLOBAL,PLATFORM,0,0,0,0,0,0,0
ukraine,wvtf.org,org,GLOBAL,GLOBAL,GLOBAL,PLATFORM,0,0,0,0,0,0,0
ukraine,wwe.com,com,GLOBAL,GLOBAL,GLOBAL,PLATFORM,0,0,0,0,0,0,0
ukraine,y105fm.com,com,GLOBAL,GLOBAL,GLOBAL,PLATFORM,0,0,0,0,0,0,0
ukraine,z107fm.iheart.com,com,GLOBAL,GLOBAL,GLOBAL,PLATFORM,0,0,0,0,0,0,0
ukraine,1013wnco.iheart.com,com,GLOBAL,GLOBAL,GLOBAL,PLATFORM,0,0,0,0,0,0,0
ukraine,1019online.com,com,GLOBAL,GLOBAL,GLOBAL,PLATFORM,0,0,0,0,0,0,0
ukraine,1023thebullfm.com,com,GLOBAL,GLOBAL,GLOBAL,PLATFORM,0,0,0,0,0,0,0
ukraine,1025thefox.iheart.com,com,GLOBAL,GLOBAL,GLOBAL,PLATFORM,0,0,0,0,0,0,0
ukraine,1027kord.com,com,GLOBAL,GLOBAL,GLOBAL,PLATFORM,0,0,0,0,0,0,0
ukraine,1029now.iheart.com,com,GLOBAL,GLOBAL,GLOBAL,PLATFORM,0,0,0,0,0,0,0
ukraine,1035kissfmboise.com,com,GLOBAL,GLOBAL,GLOBAL,PLATFORM,0,0,0,0,0,0,0
ukraine,1049bobfm.iheart.com,com,GLOBAL,GLOBAL,GLOBAL,PLATFORM,0,0,0,0,0,0,0
ukraine,1049theedge.com,com,GLOBAL,GLOBAL,GLOBAL,PLATFORM,0,0,0,0,0,0,0
ukraine,1053thefox.iheart.com,com,GLOBAL,GLOBAL,GLOBAL,PLATFORM,0,0,0,0,0,0,0
ukraine,1470wmbd.com,com,GLOBAL,GLOBAL,GLOBAL,PLATFORM,0,0,0,0,0,0,0
ukraine,620kmns.iheart.com,com,GLOBAL,GLOBAL,GLOBAL,PLATFORM,0,0,0,0,0,0,0
ukraine,955thebull.iheart.com,com,GLOBAL,GLOBAL,GLOBAL,PLATFORM,0,0,0,0,0,0,0
ukraine,959kissfm.com,com,GLOBAL,GLOBAL,GLOBAL,PLATFORM,0,0,0,0,0,0,0
ukraine,961kissonline.iheart.com,com,GLOBAL,GLOBAL,GLOBAL,PLATFORM,0,0,0,0,0,0,0
ukraine,adsoftheworld.com,com,GLOBAL,GLOBAL,GLOBAL,PLATFORM,0,0,0,0,0,0,0
ukraine,airport-technology.com,com,GLOBAL,GLOBAL,GLOBAL,PLATFORM,0,0,0,0,0,0,0
ukraine,almanacnews.com,com,GLOBAL,GLOBAL,GLOBAL,PLATFORM,0,0,0,0,0,0,0
ukraine,apr.org,org,GLOBAL,GLOBAL,GLOBAL,PLATFORM,0,0,0,0,0,0,0
ukraine,argusleader.com,com,GLOBAL,GLOBAL,GLOBAL,PLATFORM,0,0,0,0,0,0,0
ukraine,arizonadailyindependent.com,com,GLOBAL,GLOBAL,GLOBAL,PLATFORM,0,0,0,0,0,0,0
ukraine,athletics.bellarmine.edu,edu,NA,NA,OTHER,PLATFORM,0,0,0,0,0,0,0
ukraine,atlantablackstar.com,com,GLOBAL,GLOBAL,GLOBAL,PLATFORM,0,0,0,0,0,0,0
ukraine,autofinancenews.net,net,GLOBAL,GLOBAL,GLOBAL,PLATFORM,0,0,0,0,0,0,0
ukraine,b97fm.iheart.com,com,GLOBAL,GLOBAL,GLOBAL,PLATFORM,0,0,0,0,0,0,0
ukraine,ballstatedaily.com,com,GLOBAL,GLOBAL,GLOBAL,PLATFORM,0,0,0,0,0,0,0
ukraine,barcablaugranes.com,com,GLOBAL,GLOBAL,GLOBAL,PLATFORM,0,0,0,0,0,0,0
ukraine,bartlesvilleradio.com,com,GLOBAL,GLOBAL,GLOBAL,PLATFORM,0,0,0,0,0,0,0
ukraine,bassfan.com,com,GLOBAL,GLOBAL,GLOBAL,PLATFORM,0,0,0,0,0,0,0
ukraine,big955chicago.iheart.com,com,GLOBAL,GLOBAL,GLOBAL,PLATFORM,0,0,0,0,0,0,0
ukraine,biomassmagazine.com,com,GLOBAL,GLOBAL,GLOBAL,PLATFORM,0,0,0,0,0,0,0
ukraine,brimbanknorthwest.starweekly.com.au,au,AU,East Asia & Pacific,OTHER,PLATFORM,0,0,0,0,0,0,0
ukraine,broadwayworld.com,com,GLOBAL,GLOBAL,GLOBAL,PLATFORM,0,0,0,0,0,0,0
ukraine,burgundywave.com,com,GLOBAL,GLOBAL,GLOBAL,PLATFORM,0,0,0,0,0,0,0
ukraine,carguide.ph,ph,NA,NA,OTHER,PLATFORM,0,0,0,0,0,0,0
ukraine,catholicculture.org,org,GLOBAL,GLOBAL,GLOBAL,PLATFORM,0,0,0,0,0,0,0
ukraine,cheknews.ca,ca,CA,North America,OTHER,PLATFORM,0,0,0,0,0,0,0
ukraine,christianpost.com,com,GLOBAL,GLOBAL,GLOBAL,PLATFORM,0,0,0,0,0,0,0
ukraine,christianpost.com:443,NA,NA,NA,OTHER,PLATFORM,0,0,0,0,0,0,0
ukraine,citybeat.com,com,GLOBAL,GLOBAL,GLOBAL,PLATFORM,0,0,0,0,0,0,0
ukraine,cochranetimespost.ca,ca,CA,North America,OTHER,PLATFORM,0,0,0,0,0,0,0
ukraine,couriernews.com,com,GLOBAL,GLOBAL,GLOBAL,PLATFORM,0,0,0,0,0,0,0
ukraine,ctinsider.com,com,GLOBAL,GLOBAL,GLOBAL,PLATFORM,0,0,0,0,0,0,0
ukraine,dailyindependent.com,com,GLOBAL,GLOBAL,GLOBAL,PLATFORM,0,0,0,0,0,0,0
ukraine,dailyunion.com,com,GLOBAL,GLOBAL,GLOBAL,PLATFORM,0,0,0,0,0,0,0
ukraine,danburycountry.com,com,GLOBAL,GLOBAL,GLOBAL,PLATFORM,0,0,0,0,0,0,0
ukraine,darlingtonandstocktontimes.co.uk,uk,GB,Europe & Central Asia,OTHER,PLATFORM,0,0,0,0,0,0,0
ukraine,defenseone.com,com,GLOBAL,GLOBAL,GLOBAL,PLATFORM,0,0,0,0,0,0,0
ukraine,desmoinesregister.com,com,GLOBAL,GLOBAL,GLOBAL,PLATFORM,0,0,0,0,0,0,0
ukraine,dovepress.com,com,GLOBAL,GLOBAL,GLOBAL,PLATFORM,0,0,0,0,0,0,0
ukraine,drbicuspid.com,com,GLOBAL,GLOBAL,GLOBAL,PLATFORM,0,0,0,0,0,0,0
ukraine,easternherald.com,com,GLOBAL,GLOBAL,GLOBAL,PLATFORM,0,0,0,0,0,0,0
ukraine,el-observador.com,com,GLOBAL,GLOBAL,GLOBAL,PLATFORM,0,0,0,0,0,0,0
ukraine,ellsworthamerican.com,com,GLOBAL,GLOBAL,GLOBAL,PLATFORM,0,0,0,0,0,0,0
ukraine,energyintel.com,com,GLOBAL,GLOBAL,GLOBAL,PLATFORM,0,0,0,0,0,0,0
ukraine,ephotozine.com,com,GLOBAL,GLOBAL,GLOBAL,PLATFORM,0,0,0,0,0,0,0
ukraine,eureporter.co,co,NA,NA,OTHER,PLATFORM,0,0,0,0,0,0,0
ukraine,expertclick.com,com,GLOBAL,GLOBAL,GLOBAL,PLATFORM,0,0,0,0,0,0,0
ukraine,fbcnews.com.fj,fj,NA,NA,OTHER,PLATFORM,0,0,0,0,0,0,0
ukraine,fijivillage.com,com,GLOBAL,GLOBAL,GLOBAL,PLATFORM,0,0,0,0,0,0,0
ukraine,floridagators.com,com,GLOBAL,GLOBAL,GLOBAL,PLATFORM,0,0,0,0,0,0,0
ukraine,football.london,london,NA,NA,OTHER,PLATFORM,0,0,0,0,0,0,0
ukraine,fox9.com,com,GLOBAL,GLOBAL,GLOBAL,PLATFORM,0,0,0,0,0,0,0
ukraine,froggy1003.com,com,GLOBAL,GLOBAL,GLOBAL,PLATFORM,0,0,0,0,0,0,0
ukraine,gazetteandherald.co.uk,uk,GB,Europe & Central Asia,OTHER,PLATFORM,0,0,0,0,0,0,0
ukraine,gloucestertimes.com,com,GLOBAL,GLOBAL,GLOBAL,PLATFORM,0,0,0,0,0,0,0
ukraine,goducks.com,com,GLOBAL,GLOBAL,GLOBAL,PLATFORM,0,0,0,0,0,0,0
ukraine,grmdaily.com,com,GLOBAL,GLOBAL,GLOBAL,PLATFORM,0,0,0,0,0,0,0
ukraine,hendersondispatch.com,com,GLOBAL,GLOBAL,GLOBAL,PLATFORM,0,0,0,0,0,0,0
ukraine,highlandradio.com,com,GLOBAL,GLOBAL,GLOBAL,PLATFORM,0,0,0,0,0,0,0
ukraine,hits96.com,com,GLOBAL,GLOBAL,GLOBAL,PLATFORM,0,0,0,0,0,0,0
ukraine,hombre1.com,com,GLOBAL,GLOBAL,GLOBAL,PLATFORM,0,0,0,0,0,0,0
ukraine,housingwire.com,com,GLOBAL,GLOBAL,GLOBAL,PLATFORM,0,0,0,0,0,0,0
ukraine,howtogeek.com,com,GLOBAL,GLOBAL,GLOBAL,PLATFORM,0,0,0,0,0,0,0
ukraine,hulldailymail.co.uk,uk,GB,Europe & Central Asia,OTHER,PLATFORM,0,0,0,0,0,0,0
ukraine,hydrocarbonprocessing.com,com,GLOBAL,GLOBAL,GLOBAL,PLATFORM,0,0,0,0,0,0,0
ukraine,irishamerica.com,com,GLOBAL,GLOBAL,GLOBAL,PLATFORM,0,0,0,0,0,0,0
ukraine,jamn1075.iheart.com,com,GLOBAL,GLOBAL,GLOBAL,PLATFORM,0,0,0,0,0,0,0
ukraine,journal-spectator.com,com,GLOBAL,GLOBAL,GLOBAL,PLATFORM,0,0,0,0,0,0,0
ukraine,juxtapoz.com,com,GLOBAL,GLOBAL,GLOBAL,PLATFORM,0,0,0,0,0,0,0
ukraine,karennews.org,org,GLOBAL,GLOBAL,GLOBAL,PLATFORM,0,0,0,0,0,0,0
ukraine,kbat.com,com,GLOBAL,GLOBAL,GLOBAL,PLATFORM,0,0,0,0,0,0,0
ukraine,kcbx.org,org,GLOBAL,GLOBAL,GLOBAL,PLATFORM,0,0,0,0,0,0,0
ukraine,kixcountry929.iheart.com,com,GLOBAL,GLOBAL,GLOBAL,PLATFORM,0,0,0,0,0,0,0
ukraine,knrs.iheart.com,com,GLOBAL,GLOBAL,GLOBAL,PLATFORM,0,0,0,0,0,0,0
ukraine,kobi5.com,com,GLOBAL,GLOBAL,GLOBAL,PLATFORM,0,0,0,0,0,0,0
ukraine,kosu.org,org,GLOBAL,GLOBAL,GLOBAL,PLATFORM,0,0,0,0,0,0,0
ukraine,kowb1290.com,com,GLOBAL,GLOBAL,GLOBAL,PLATFORM,0,0,0,0,0,0,0
ukraine,kprr.iheart.com,com,GLOBAL,GLOBAL,GLOBAL,PLATFORM,0,0,0,0,0,0,0
ukraine,ksl.com,com,GLOBAL,GLOBAL,GLOBAL,PLATFORM,0,0,0,0,0,0,0
ukraine,kten.com,com,GLOBAL,GLOBAL,GLOBAL,PLATFORM,0,0,0,0,0,0,0
ukraine,ktvb.com,com,GLOBAL,GLOBAL,GLOBAL,PLATFORM,0,0,0,0,0,0,0
ukraine,kvoa.com,com,GLOBAL,GLOBAL,GLOBAL,PLATFORM,0,0,0,0,0,0,0
ukraine,kxt.org,org,GLOBAL,GLOBAL,GLOBAL,PLATFORM,0,0,0,0,0,0,0
ukraine,kzyx.org,org,GLOBAL,GLOBAL,GLOBAL,PLATFORM,0,0,0,0,0,0,0
ukraine,lakeexpo.com,com,GLOBAL,GLOBAL,GLOBAL,PLATFORM,0,0,0,0,0,0,0
ukraine,lakeshoreadvance.com,com,GLOBAL,GLOBAL,GLOBAL,PLATFORM,0,0,0,0,0,0,0
ukraine,leoweekly.com,com,GLOBAL,GLOBAL,GLOBAL,PLATFORM,0,0,0,0,0,0,0
ukraine,littleleague.org,org,GLOBAL,GLOBAL,GLOBAL,PLATFORM,0,0,0,0,0,0,0
ukraine,lvb.com,com,GLOBAL,GLOBAL,GLOBAL,PLATFORM,0,0,0,0,0,0,0
ukraine,maravipost.com,com,GLOBAL,GLOBAL,GLOBAL,PLATFORM,0,0,0,0,0,0,0
ukraine,maribyrnonghobsonsbay.starweekly.com.au,au,AU,East Asia & Pacific,OTHER,PLATFORM,0,0,0,0,0,0,0
ukraine,massdevice.com,com,GLOBAL,GLOBAL,GLOBAL,PLATFORM,0,0,0,0,0,0,0
ukraine,meadvilletribune.com,com,GLOBAL,GLOBAL,GLOBAL,PLATFORM,0,0,0,0,0,0,0
ukraine,medicalxpress.com,com,GLOBAL,GLOBAL,GLOBAL,PLATFORM,0,0,0,0,0,0,0
ukraine,meltonmoorabool.starweekly.com.au,au,AU,East Asia & Pacific,OTHER,PLATFORM,0,0,0,0,0,0,0
ukraine,michigan.gov,gov,NA,NA,OTHER,PLATFORM,0,0,0,1,0,0,1
ukraine,misericordia.edu,edu,NA,NA,OTHER,PLATFORM,0,0,0,0,0,0,0
ukraine,mix923fm.iheart.com,com,GLOBAL,GLOBAL,GLOBAL,PLATFORM,0,0,0,0,0,0,0
ukraine,mix931.iheart.com,com,GLOBAL,GLOBAL,GLOBAL,PLATFORM,0,0,0,0,0,0,0
ukraine,mix977.iheart.com,com,GLOBAL,GLOBAL,GLOBAL,PLATFORM,0,0,0,0,0,0,0
ukraine,modernghana.com,com,GLOBAL,GLOBAL,GLOBAL,PLATFORM,0,0,0,0,0,0,0
ukraine,modernhealthcare.com,com,GLOBAL,GLOBAL,GLOBAL,PLATFORM,0,0,0,0,0,0,0
ukraine,mondotimes.com,com,GLOBAL,GLOBAL,GLOBAL,PLATFORM,0,0,0,0,0,0,0
ukraine,mydailysentinel.com,com,GLOBAL,GLOBAL,GLOBAL,PLATFORM,0,0,0,0,0,0,0
ukraine,mykiss1031.com,com,GLOBAL,GLOBAL,GLOBAL,PLATFORM,0,0,0,0,0,0,0
ukraine,mymajic933.com,com,GLOBAL,GLOBAL,GLOBAL,PLATFORM,0,0,0,0,0,0,0
ukraine,mymixfm.com,com,GLOBAL,GLOBAL,GLOBAL,PLATFORM,0,0,0,0,0,0,0
ukraine,myradiolink.com,com,GLOBAL,GLOBAL,GLOBAL,PLATFORM,0,0,0,0,0,0,0
ukraine,nbcchicago.com,com,GLOBAL,GLOBAL,GLOBAL,PLATFORM,0,0,0,0,0,0,0
ukraine,newnigerianpolitics.com,com,GLOBAL,GLOBAL,GLOBAL,PLATFORM,0,0,0,0,0,0,0
ukraine,news.ohsu.edu,edu,NA,NA,OTHER,PLATFORM,0,0,0,0,0,0,0
ukraine,newsradio710.iheart.com,com,GLOBAL,GLOBAL,GLOBAL,PLATFORM,0,0,0,0,0,0,0
ukraine,newsregister.com,com,GLOBAL,GLOBAL,GLOBAL,PLATFORM,0,0,0,0,0,0,0
ukraine,newswatchman.com,com,GLOBAL,GLOBAL,GLOBAL,PLATFORM,0,0,0,0,0,0,0
ukraine,northern-times.co.uk,uk,GB,Europe & Central Asia,OTHER,PLATFORM,0,0,0,0,0,0,0
ukraine,northern.starweekly.com.au,au,AU,East Asia & Pacific,OTHER,PLATFORM,0,0,0,0,0,0,0
ukraine,oaoa.com,com,GLOBAL,GLOBAL,GLOBAL,PLATFORM,0,0,0,0,0,0,0
ukraine,obituaries.tribstar.com,com,GLOBAL,GLOBAL,GLOBAL,PLATFORM,0,0,0,0,0,0,0
ukraine,oldies935.iheart.com,com,GLOBAL,GLOBAL,GLOBAL,PLATFORM,0,0,0,0,0,0,0
ukraine,osubeavers.com,com,GLOBAL,GLOBAL,GLOBAL,PLATFORM,0,0,0,0,0,0,0
ukraine,ottawasun.com,com,GLOBAL,GLOBAL,GLOBAL,PLATFORM,0,0,0,0,0,0,0
ukraine,powderbulksolids.com,com,GLOBAL,GLOBAL,GLOBAL,PLATFORM,0,0,0,0,0,0,0
ukraine,poweronline.com,com,GLOBAL,GLOBAL,GLOBAL,PLATFORM,0,0,0,0,0,0,0
ukraine,railwayage.com,com,GLOBAL,GLOBAL,GLOBAL,PLATFORM,0,0,0,0,0,0,0
ukraine,rgj.com,com,GLOBAL,GLOBAL,GLOBAL,PLATFORM,0,0,0,0,0,0,0
ukraine,richlandsource.com,com,GLOBAL,GLOBAL,GLOBAL,PLATFORM,0,0,0,0,0,0,0
ukraine,riverfronttimes.com,com,GLOBAL,GLOBAL,GLOBAL,PLATFORM,0,0,0,0,0,0,0
ukraine,science.org,org,GLOBAL,GLOBAL,GLOBAL,PLATFORM,0,0,0,0,0,0,0
ukraine,singaporestar.com,com,GLOBAL,GLOBAL,GLOBAL,PLATFORM,0,0,0,0,0,0,0
ukraine,slate.com,com,GLOBAL,GLOBAL,GLOBAL,PLATFORM,0,0,0,0,0,0,0
ukraine,soapoperadigest.com,com,GLOBAL,GLOBAL,GLOBAL,PLATFORM,0,0,0,0,0,0,0
ukraine,sootoday.com,com,GLOBAL,GLOBAL,GLOBAL,PLATFORM,0,0,0,0,0,0,0
ukraine,sunburymacedonranges.starweekly.com.au,au,AU,East Asia & Pacific,OTHER,PLATFORM,0,0,0,0,0,0,0
ukraine,sunny999fm.iheart.com,com,GLOBAL,GLOBAL,GLOBAL,PLATFORM,0,0,0,0,0,0,0
ukraine,sunriseseniorliving.com,com,GLOBAL,GLOBAL,GLOBAL,PLATFORM,0,0,0,0,0,0,0
ukraine,techwire.net,net,GLOBAL,GLOBAL,GLOBAL,PLATFORM,0,0,0,0,0,0,0
ukraine,techxplore.com,com,GLOBAL,GLOBAL,GLOBAL,PLATFORM,0,0,0,0,0,0,0
ukraine,thebeatofthecapital.com,com,GLOBAL,GLOBAL,GLOBAL,PLATFORM,0,0,0,0,0,0,0
ukraine,thedailynewsonline.com,com,GLOBAL,GLOBAL,GLOBAL,PLATFORM,0,0,0,0,0,0,0
ukraine,thefederalist.com,com,GLOBAL,GLOBAL,GLOBAL,PLATFORM,0,0,0,0,0,0,0
ukraine,thepulse.org.au,au,AU,East Asia & Pacific,OTHER,PLATFORM,0,0,0,0,0,0,0
ukraine,theridgefieldpress.com,com,GLOBAL,GLOBAL,GLOBAL,PLATFORM,0,0,0,0,0,0,0
ukraine,therightscoop.com,com,GLOBAL,GLOBAL,GLOBAL,PLATFORM,0,0,0,0,0,0,0
ukraine,thescottishsun.co.uk,uk,GB,Europe & Central Asia,OTHER,PLATFORM,0,0,0,0,0,0,0
ukraine,theusnews.com,com,GLOBAL,GLOBAL,GLOBAL,PLATFORM,0,0,0,0,0,0,0
ukraine,thevillagereporter.com,com,GLOBAL,GLOBAL,GLOBAL,PLATFORM,0,0,0,0,0,0,0
ukraine,thewestmorlandgazette.co.uk,uk,GB,Europe & Central Asia,OTHER,PLATFORM,0,0,0,0,0,0,0
ukraine,thisisanfield.com,com,GLOBAL,GLOBAL,GLOBAL,PLATFORM,0,0,0,0,0,0,0
ukraine,thv11.com,com,GLOBAL,GLOBAL,GLOBAL,PLATFORM,0,0,0,0,0,0,0
ukraine,timeoutdoha.com,com,GLOBAL,GLOBAL,GLOBAL,PLATFORM,0,0,0,0,0,0,0
ukraine,tribtown.com,com,GLOBAL,GLOBAL,GLOBAL,PLATFORM,0,0,0,0,0,0,0
ukraine,trtworld.com,com,GLOBAL,GLOBAL,GLOBAL,PLATFORM,0,0,1,0,0,0,1
ukraine,ucnj.org,org,GLOBAL,GLOBAL,GLOBAL,PLATFORM,0,0,0,0,0,0,0
ukraine,ukaviation.news,news,NA,NA,OTHER,PLATFORM,0,0,0,0,0,0,0
ukraine,venturesafrica.com,com,GLOBAL,GLOBAL,GLOBAL,PLATFORM,0,0,0,0,0,0,0
ukraine,waaytv.com,com,GLOBAL,GLOBAL,GLOBAL,PLATFORM,0,0,0,0,0,0,0
ukraine,wahpetondailynews.com,com,GLOBAL,GLOBAL,GLOBAL,PLATFORM,0,0,0,0,0,0,0
ukraine,wcnc.com,com,GLOBAL,GLOBAL,GLOBAL,PLATFORM,0,0,0,0,0,0,0
ukraine,wcvu.iheart.com,com,GLOBAL,GLOBAL,GLOBAL,PLATFORM,0,0,0,0,0,0,0
ukraine,wgbh.org,org,GLOBAL,GLOBAL,GLOBAL,PLATFORM,0,0,0,0,0,0,0
ukraine,wgci.iheart.com,com,GLOBAL,GLOBAL,GLOBAL,PLATFORM,0,0,0,0,0,0,0
ukraine,wgna.com,com,GLOBAL,GLOBAL,GLOBAL,PLATFORM,0,0,0,0,0,0,0
ukraine,wgnsradio.com,com,GLOBAL,GLOBAL,GLOBAL,PLATFORM,0,0,0,0,0,0,0
ukraine,wgrz.com,com,GLOBAL,GLOBAL,GLOBAL,PLATFORM,0,0,0,0,0,0,0
ukraine,whitehousedossier.com,com,GLOBAL,GLOBAL,GLOBAL,PLATFORM,0,0,0,0,0,0,0
ukraine,whyy.org,org,GLOBAL,GLOBAL,GLOBAL,PLATFORM,0,0,0,0,0,0,0
ukraine,wiba.iheart.com,com,GLOBAL,GLOBAL,GLOBAL,PLATFORM,0,0,0,0,0,0,0
ukraine,wild949.iheart.com,com,GLOBAL,GLOBAL,GLOBAL,PLATFORM,0,0,0,0,0,0,0
ukraine,wimz.com,com,GLOBAL,GLOBAL,GLOBAL,PLATFORM,0,0,0,0,0,0,0
ukraine,winknews.com,com,GLOBAL,GLOBAL,GLOBAL,PLATFORM,0,0,0,0,0,0,0
ukraine,winonapost.com,com,GLOBAL,GLOBAL,GLOBAL,PLATFORM,0,0,0,0,0,0,0
ukraine,wisbusiness.com,com,GLOBAL,GLOBAL,GLOBAL,PLATFORM,0,0,0,0,0,0,0
ukraine,wjrz.com,com,GLOBAL,GLOBAL,GLOBAL,PLATFORM,0,0,0,0,0,0,0
ukraine,wkdzradio.com,com,GLOBAL,GLOBAL,GLOBAL,PLATFORM,0,0,0,0,0,0,0
ukraine,wkyufm.org,org,GLOBAL,GLOBAL,GLOBAL,PLATFORM,0,0,0,0,0,0,0
ukraine,wmmq.com,com,GLOBAL,GLOBAL,GLOBAL,PLATFORM,0,0,0,0,0,0,0
ukraine,wncw.org,org,GLOBAL,GLOBAL,GLOBAL,PLATFORM,0,0,0,0,0,0,0
ukraine,wtbx.com,com,GLOBAL,GLOBAL,GLOBAL,PLATFORM,0,0,0,0,0,0,0
ukraine,wtsp.com,com,GLOBAL,GLOBAL,GLOBAL,PLATFORM,0,0,0,0,0,0,0
ukraine,wyndham.starweekly.com.au,au,AU,East Asia & Pacific,OTHER,PLATFORM,0,0,0,0,0,0,0
ukraine,z943radio.com,com,GLOBAL,GLOBAL,GLOBAL,PLATFORM,0,0,0,0,0,0,0
gaza,1005thewolf.iheart.com,com,GLOBAL,GLOBAL,GLOBAL,PLATFORM,0,0,0,0,0,0,0
gaza,1011now.com,com,GLOBAL,GLOBAL,GLOBAL,PLATFORM,0,0,0,0,0,0,0
gaza,1013kissfm.iheart.com,com,GLOBAL,GLOBAL,GLOBAL,PLATFORM,0,0,0,0,0,0,0
gaza,1057thebull.iheart.com,com,GLOBAL,GLOBAL,GLOBAL,PLATFORM,0,0,0,0,0,0,0
gaza,1071kissfm.iheart.com,com,GLOBAL,GLOBAL,GLOBAL,PLATFORM,0,0,0,0,0,0,0
gaza,38north.org,org,GLOBAL,GLOBAL,GLOBAL,PLATFORM,0,0,0,0,0,0,0
gaza,49ers.com,com,GLOBAL,GLOBAL,GLOBAL,PLATFORM,0,0,0,0,0,0,0
gaza,919thebend.ca,ca,CA,North America,OTHER,PLATFORM,0,0,0,0,0,0,0
gaza,931kmkt.com,com,GLOBAL,GLOBAL,GLOBAL,PLATFORM,0,0,0,0,0,0,0
gaza,939litefm.iheart.com,com,GLOBAL,GLOBAL,GLOBAL,PLATFORM,0,0,0,0,0,0,0
gaza,945thehawkradio.com,com,GLOBAL,GLOBAL,GLOBAL,PLATFORM,0,0,0,0,0,0,0
gaza,957thebeat.iheart.com,com,GLOBAL,GLOBAL,GLOBAL,PLATFORM,0,0,0,0,0,0,0
gaza,969therock.com,com,GLOBAL,GLOBAL,GLOBAL,PLATFORM,0,0,0,0,0,0,0
gaza,975thevibe.com,com,GLOBAL,GLOBAL,GLOBAL,PLATFORM,0,0,0,0,0,0,0
gaza,979kissfm.iheart.com,com,GLOBAL,GLOBAL,GLOBAL,PLATFORM,0,0,0,0,0,0,0
gaza,981thebreeze.iheart.com,com,GLOBAL,GLOBAL,GLOBAL,PLATFORM,0,0,0,0,0,0,0
gaza,983try.iheart.com,com,GLOBAL,GLOBAL,GLOBAL,PLATFORM,0,0,0,0,0,0,0
gaza,98kupd.com,com,GLOBAL,GLOBAL,GLOBAL,PLATFORM,0,0,0,0,0,0,0
gaza,abc.net.au,au,AU,East Asia & Pacific,OTHER,PLATFORM,0,0,0,0,0,0,0
gaza,abc10.com,com,GLOBAL,GLOBAL,GLOBAL,PLATFORM,0,0,0,0,0,0,0
gaza,abc30.com,com,GLOBAL,GLOBAL,GLOBAL,PLATFORM,0,0,0,0,0,0,0
gaza,abc7chicago.com,com,GLOBAL,GLOBAL,GLOBAL,PLATFORM,0,0,0,0,0,0,0
gaza,abcnews.go.com,com,GLOBAL,GLOBAL,GLOBAL,PLATFORM,0,0,0,0,0,0,0
gaza,advocate-news.com,com,GLOBAL,GLOBAL,GLOBAL,PLATFORM,0,0,0,0,0,0,0
gaza,aei.org,org,GLOBAL,GLOBAL,GLOBAL,PLATFORM,0,0,0,0,0,0,0
gaza,agassizharrisonobserver.com,com,GLOBAL,GLOBAL,GLOBAL,PLATFORM,0,0,0,0,0,0,0
gaza,alaskasnewssource.com,com,GLOBAL,GLOBAL,GLOBAL,PLATFORM,0,0,0,0,0,0,0
gaza,allclassical.org,org,GLOBAL,GLOBAL,GLOBAL,PLATFORM,0,0,0,0,0,0,0
gaza,allgov.com,com,GLOBAL,GLOBAL,GLOBAL,PLATFORM,0,0,0,0,0,0,0
gaza,amny.com,com,GLOBAL,GLOBAL,GLOBAL,PLATFORM,0,0,0,0,0,0,0
gaza,amren.com,com,GLOBAL,GLOBAL,GLOBAL,PLATFORM,0,0,0,0,0,0,0
gaza,androidheadlines.com,com,GLOBAL,GLOBAL,GLOBAL,PLATFORM,0,0,0,0,0,0,0
gaza,apnews.com,com,GLOBAL,GLOBAL,GLOBAL,PLATFORM,0,0,0,0,0,0,0
gaza,asia.nikkei.com,com,GLOBAL,GLOBAL,GLOBAL,PLATFORM,0,0,0,0,0,0,0
gaza,avclub.com,com,GLOBAL,GLOBAL,GLOBAL,PLATFORM,0,0,0,0,0,0,0
gaza,barrons.com,com,GLOBAL,GLOBAL,GLOBAL,PLATFORM,0,0,0,0,0,0,0
gaza,beaufortcountynow.com,com,GLOBAL,GLOBAL,GLOBAL,PLATFORM,0,0,0,0,0,0,0
gaza,belfastlive.co.uk,uk,GB,Europe & Central Asia,OTHER,PLATFORM,0,0,0,0,0,0,0
gaza,benzinga.com,com,GLOBAL,GLOBAL,GLOBAL,PLATFORM,0,0,0,0,0,0,0
gaza,bigfrog104.com,com,GLOBAL,GLOBAL,GLOBAL,PLATFORM,0,0,0,0,0,0,0
gaza,bignewsnetwork.com,com,GLOBAL,GLOBAL,GLOBAL,PLATFORM,0,0,0,0,0,0,0
gaza,birminghammail.co.uk,uk,GB,Europe & Central Asia,OTHER,PLATFORM,0,0,0,0,0,0,0
gaza,biztoc.com,com,GLOBAL,GLOBAL,GLOBAL,PLATFORM,0,0,0,0,0,0,0
gaza,blazersedge.com,com,GLOBAL,GLOBAL,GLOBAL,PLATFORM,0,0,0,0,0,0,0
gaza,bloomberg.com,com,GLOBAL,GLOBAL,GLOBAL,PLATFORM,1,0,0,0,0,0,1
gaza,bobfm.co.uk,uk,GB,Europe & Central Asia,OTHER,PLATFORM,0,0,0,0,0,0,0
gaza,bondbuyer.com,com,GLOBAL,GLOBAL,GLOBAL,PLATFORM,0,0,0,0,0,0,0
gaza,bordertelegraph.com,com,GLOBAL,GLOBAL,GLOBAL,PLATFORM,0,0,0,0,0,0,0
gaza,boston.com,com,GLOBAL,GLOBAL,GLOBAL,PLATFORM,0,0,0,0,0,0,0
gaza,bostonglobe.com,com,GLOBAL,GLOBAL,GLOBAL,PLATFORM,0,0,0,0,0,0,0
gaza,bovada.lv,lv,NA,NA,OTHER,PLATFORM,0,0,0,0,0,0,0
gaza,boxden.com,com,GLOBAL,GLOBAL,GLOBAL,PLATFORM,0,0,0,0,0,0,0
gaza,bozemanskissfm.com,com,GLOBAL,GLOBAL,GLOBAL,PLATFORM,0,0,0,0,0,0,0
gaza,brantfordexpositor.ca:443,NA,NA,NA,OTHER,PLATFORM,0,0,0,0,0,0,0
gaza,brazilsun.com,com,GLOBAL,GLOBAL,GLOBAL,PLATFORM,0,0,0,0,0,0,0
gaza,breitbart.com:443,NA,NA,NA,OTHER,PLATFORM,0,0,0,0,0,0,0
gaza,bridgwatermercury.co.uk,uk,GB,Europe & Central Asia,OTHER,PLATFORM,0,0,0,0,0,0,0
gaza,brooklynvegan.com,com,GLOBAL,GLOBAL,GLOBAL,PLATFORM,0,0,0,0,0,0,0
gaza,burytimes.co.uk,uk,GB,Europe & Central Asia,OTHER,PLATFORM,0,0,0,0,0,0,0
gaza,businessworld.in,in,IN,South Asia,OTHER,PLATFORM,0,0,0,0,0,0,0
gaza,cairnspost.com.au,au,AU,East Asia & Pacific,OTHER,PLATFORM,0,0,0,0,0,0,0
gaza,carolinacoastonline.com,com,GLOBAL,GLOBAL,GLOBAL,PLATFORM,0,0,0,0,0,0,0
gaza,carsonnow.org,org,GLOBAL,GLOBAL,GLOBAL,PLATFORM,0,0,0,0,0,0,0
gaza,cbc.bb,bb,NA,NA,OTHER,PLATFORM,0,0,0,0,0,0,0
gaza,cbs19.tv,tv,NA,NA,OTHER,PLATFORM,0,0,0,0,0,0,0
gaza,cbs4indy.com,com,GLOBAL,GLOBAL,GLOBAL,PLATFORM,0,0,0,0,0,0,0
gaza,cbsnews.com,com,GLOBAL,GLOBAL,GLOBAL,PLATFORM,0,0,0,0,0,0,0
gaza,cfox.com,com,GLOBAL,GLOBAL,GLOBAL,PLATFORM,0,0,0,0,0,0,0
gaza,cfweradio.ca,ca,CA,North America,OTHER,PLATFORM,0,0,0,0,0,0,0
gaza,cgdev.org,org,GLOBAL,GLOBAL,GLOBAL,PLATFORM,0,0,0,0,0,0,0
gaza,charlotteobserver.com,com,GLOBAL,GLOBAL,GLOBAL,PLATFORM,0,0,0,0,0,0,0
gaza,chicago.suntimes.com,com,GLOBAL,GLOBAL,GLOBAL,PLATFORM,0,0,0,0,0,0,0
gaza,christianpost.com,com,GLOBAL,GLOBAL,GLOBAL,PLATFORM,0,0,0,0,0,0,0
gaza,christianpost.com:443,NA,NA,NA,OTHER,PLATFORM,0,0,0,0,0,0,0
gaza,chronicleonline.com,com,GLOBAL,GLOBAL,GLOBAL,PLATFORM,0,0,0,0,0,0,0
gaza,chronogram.com,com,GLOBAL,GLOBAL,GLOBAL,PLATFORM,0,0,0,0,0,0,0
gaza,cincinnatisun.com,com,GLOBAL,GLOBAL,GLOBAL,PLATFORM,0,0,0,0,0,0,0
gaza,citynews.com.au,au,AU,East Asia & Pacific,OTHER,PLATFORM,0,0,0,0,0,0,0
gaza,cleveland19.com,com,GLOBAL,GLOBAL,GLOBAL,PLATFORM,0,0,0,0,0,0,0
gaza,clevescene.com,com,GLOBAL,GLOBAL,GLOBAL,PLATFORM,0,0,0,0,0,0,0
gaza,cnn.com,com,GLOBAL,GLOBAL,GLOBAL,PLATFORM,0,0,0,0,0,0,0
gaza,cnynews.com,com,GLOBAL,GLOBAL,GLOBAL,PLATFORM,0,0,0,0,0,0,0
gaza,coast1009.com,com,GLOBAL,GLOBAL,GLOBAL,PLATFORM,0,0,0,0,0,0,0
gaza,columbustelegram.com,com,GLOBAL,GLOBAL,GLOBAL,PLATFORM,0,0,0,0,0,0,0
gaza,county10.com,com,GLOBAL,GLOBAL,GLOBAL,PLATFORM,0,0,0,0,0,0,0
gaza,cp24.com,com,GLOBAL,GLOBAL,GLOBAL,PLATFORM,0,0,0,0,0,0,0
gaza,cravenherald.co.uk,uk,GB,Europe & Central Asia,OTHER,PLATFORM,0,0,0,0,0,0,0
gaza,crossrhythms.co.uk,uk,GB,Europe & Central Asia,OTHER,PLATFORM,0,0,0,0,0,0,0
gaza,dailycaller.com,com,GLOBAL,GLOBAL,GLOBAL,PLATFORM,0,0,0,0,0,0,0
gaza,dailycamera.com,com,GLOBAL,GLOBAL,GLOBAL,PLATFORM,0,0,0,0,0,0,0
gaza,dailyherald.com,com,GLOBAL,GLOBAL,GLOBAL,PLATFORM,0,0,0,0,0,0,0
gaza,dailyitem.com,com,GLOBAL,GLOBAL,GLOBAL,PLATFORM,0,0,0,0,0,0,0
gaza,dailymail.co.uk,uk,GB,Europe & Central Asia,OTHER,PLATFORM,0,0,0,0,0,0,0
gaza,dailytimes.com,com,GLOBAL,GLOBAL,GLOBAL,PLATFORM,0,0,0,0,0,0,0
gaza,dallasinnovates.com,com,GLOBAL,GLOBAL,GLOBAL,PLATFORM,0,0,0,0,0,0,0
gaza,dallasnews.com,com,GLOBAL,GLOBAL,GLOBAL,PLATFORM,0,0,0,0,0,0,0
gaza,dealgenius.com,com,GLOBAL,GLOBAL,GLOBAL,PLATFORM,0,0,0,0,0,0,0
gaza,democratherald.com,com,GLOBAL,GLOBAL,GLOBAL,PLATFORM,0,0,0,0,0,0,0
gaza,devdiscourse.com,com,GLOBAL,GLOBAL,GLOBAL,PLATFORM,0,0,0,0,0,0,0
gaza,donegalnews.com,com,GLOBAL,GLOBAL,GLOBAL,PLATFORM,0,0,0,0,0,0,0
gaza,eastidahonews.com,com,GLOBAL,GLOBAL,GLOBAL,PLATFORM,0,0,0,0,0,0,0
gaza,editorial.rottentomatoes.com,com,GLOBAL,GLOBAL,GLOBAL,PLATFORM,0,0,0,0,0,0,0
gaza,elwakt.com,com,GLOBAL,GLOBAL,GLOBAL,PLATFORM,0,0,0,0,0,0,0
gaza,energyintel.com,com,GLOBAL,GLOBAL,GLOBAL,PLATFORM,0,0,0,0,0,0,0
gaza,enidnews.com,com,GLOBAL,GLOBAL,GLOBAL,PLATFORM,0,0,0,0,0,0,0
gaza,etonline.com,com,GLOBAL,GLOBAL,GLOBAL,PLATFORM,0,0,0,0,0,0,0
gaza,eurasiareview.com,com,GLOBAL,GLOBAL,GLOBAL,PLATFORM,0,0,0,0,0,0,0
gaza,euromaidanpress.com,com,GLOBAL,GLOBAL,GLOBAL,PLATFORM,0,0,0,0,0,0,0
gaza,exploreseiowa.com,com,GLOBAL,GLOBAL,GLOBAL,PLATFORM,0,0,0,0,0,0,0
gaza,fairviewpost.com:443,NA,NA,NA,OTHER,PLATFORM,0,0,0,0,0,0,0
gaza,farmweekly.com.au,au,AU,East Asia & Pacific,OTHER,PLATFORM,0,0,0,0,0,0,0
gaza,fhtimes.com,com,GLOBAL,GLOBAL,GLOBAL,PLATFORM,0,0,0,0,0,0,0
gaza,fijitimes.com,com,GLOBAL,GLOBAL,GLOBAL,PLATFORM,0,0,0,0,0,0,0
gaza,finance.yahoo.com,com,GLOBAL,GLOBAL,GLOBAL,PLATFORM,0,0,0,0,0,0,0
gaza,fm96.com,com,GLOBAL,GLOBAL,GLOBAL,PLATFORM,0,0,0,0,0,0,0
gaza,fox13now.com,com,GLOBAL,GLOBAL,GLOBAL,PLATFORM,0,0,0,0,0,0,0
gaza,fox23.com,com,GLOBAL,GLOBAL,GLOBAL,PLATFORM,0,0,0,0,0,0,0
gaza,fox7austin.com,com,GLOBAL,GLOBAL,GLOBAL,PLATFORM,0,0,0,0,0,0,0
gaza,ftw.usatoday.com,com,GLOBAL,GLOBAL,GLOBAL,PLATFORM,0,0,0,0,0,0,0
gaza,fun107.com,com,GLOBAL,GLOBAL,GLOBAL,PLATFORM,0,0,0,0,0,0,0
gaza,fxstreet.com,com,GLOBAL,GLOBAL,GLOBAL,PLATFORM,0,0,0,0,0,0,0
gaza,gambling.com,com,GLOBAL,GLOBAL,GLOBAL,PLATFORM,0,0,0,0,0,0,0
gaza,gamerevolution.com,com,GLOBAL,GLOBAL,GLOBAL,PLATFORM,0,0,0,0,0,0,0
gaza,geographicus.com,com,GLOBAL,GLOBAL,GLOBAL,PLATFORM,0,0,0,0,0,0,0
gaza,gigulate.com,com,GLOBAL,GLOBAL,GLOBAL,PLATFORM,0,0,0,0,0,0,0
gaza,glamour.com,com,GLOBAL,GLOBAL,GLOBAL,PLATFORM,0,0,0,0,0,0,0
gaza,global.chinadaily.com.cn,cn,CN,East Asia & Pacific,OTHER,PLATFORM,0,0,0,0,0,0,0
gaza,globalnews.ca,ca,CA,North America,OTHER,PLATFORM,0,0,0,0,0,0,0
gaza,goldcoastbulletin.com.au,au,AU,East Asia & Pacific,OTHER,PLATFORM,0,0,0,0,0,0,0
gaza,goskagit.com,com,GLOBAL,GLOBAL,GLOBAL,PLATFORM,0,0,0,0,0,0,0
gaza,gothamist.com,com,GLOBAL,GLOBAL,GLOBAL,PLATFORM,0,0,0,0,0,0,0
gaza,hancinema.net,net,GLOBAL,GLOBAL,GLOBAL,PLATFORM,0,0,0,0,0,0,0
gaza,hapblog.com,com,GLOBAL,GLOBAL,GLOBAL,PLATFORM,0,0,0,0,0,0,0
gaza,hastingstribune.com,com,GLOBAL,GLOBAL,GLOBAL,PLATFORM,0,0,0,0,0,0,0
gaza,health.usnews.com,com,GLOBAL,GLOBAL,GLOBAL,PLATFORM,0,0,0,0,0,0,0
gaza,hellomagazine.com,com,GLOBAL,GLOBAL,GLOBAL,PLATFORM,0,0,0,0,0,0,0
gaza,henleystandard.co.uk,uk,GB,Europe & Central Asia,OTHER,PLATFORM,0,0,0,0,0,0,0
gaza,henricocitizen.com,com,GLOBAL,GLOBAL,GLOBAL,PLATFORM,0,0,0,0,0,0,0
gaza,her.ie,ie,NA,NA,OTHER,PLATFORM,0,0,0,0,0,0,0
gaza,heraldsun.com.au,au,AU,East Asia & Pacific,OTHER,PLATFORM,0,0,0,0,0,0,0
gaza,hindustantimes.com,com,GLOBAL,GLOBAL,GLOBAL,PLATFORM,0,0,0,0,0,0,0
gaza,hits1061seattle.iheart.com,com,GLOBAL,GLOBAL,GLOBAL,PLATFORM,0,0,0,0,0,0,0
gaza,hudsoncountyview.com,com,GLOBAL,GLOBAL,GLOBAL,PLATFORM,0,0,0,0,0,0,0
gaza,huffpost.com,com,GLOBAL,GLOBAL,GLOBAL,PLATFORM,0,0,0,0,0,0,0
gaza,idahocapitalsun.com,com,GLOBAL,GLOBAL,GLOBAL,PLATFORM,0,0,0,0,0,0,0
gaza,independenttribune.com,com,GLOBAL,GLOBAL,GLOBAL,PLATFORM,0,0,0,0,0,0,0
gaza,infowars.com,com,GLOBAL,GLOBAL,GLOBAL,PLATFORM,0,0,0,0,0,0,0
gaza,insideselfstorage.com,com,GLOBAL,GLOBAL,GLOBAL,PLATFORM,0,0,0,0,0,0,0
gaza,instyle.com,com,GLOBAL,GLOBAL,GLOBAL,PLATFORM,0,0,0,0,0,0,0
gaza,investopedia.com,com,GLOBAL,GLOBAL,GLOBAL,PLATFORM,0,0,0,0,0,0,0
gaza,iranherald.com,com,GLOBAL,GLOBAL,GLOBAL,PLATFORM,0,0,0,0,0,0,0
gaza,iraqsun.com,com,GLOBAL,GLOBAL,GLOBAL,PLATFORM,0,0,0,0,0,0,0
gaza,journalnow.com,com,GLOBAL,GLOBAL,GLOBAL,PLATFORM,0,0,0,0,0,0,0
gaza,jox2fm.com,com,GLOBAL,GLOBAL,GLOBAL,PLATFORM,0,0,0,0,0,0,0
gaza,juneauempire.com,com,GLOBAL,GLOBAL,GLOBAL,PLATFORM,0,0,0,0,0,0,0
gaza,kalb.com,com,GLOBAL,GLOBAL,GLOBAL,PLATFORM,0,0,0,0,0,0,0
gaza,kcra.com,com,GLOBAL,GLOBAL,GLOBAL,PLATFORM,0,0,0,0,0,0,0
gaza,kdal610.com,com,GLOBAL,GLOBAL,GLOBAL,PLATFORM,0,0,0,0,0,0,0
gaza,kelo.com,com,GLOBAL,GLOBAL,GLOBAL,PLATFORM,0,0,0,0,0,0,0
gaza,ketv.com,com,GLOBAL,GLOBAL,GLOBAL,PLATFORM,0,0,0,0,0,0,0
gaza,kfdm.com,com,GLOBAL,GLOBAL,GLOBAL,PLATFORM,0,0,0,0,0,0,0
gaza,kgw.com,com,GLOBAL,GLOBAL,GLOBAL,PLATFORM,0,0,0,0,0,0,0
gaza,kicks99.com,com,GLOBAL,GLOBAL,GLOBAL,PLATFORM,0,0,0,0,0,0,0
gaza,kingstonthisweek.com:443,NA,NA,NA,OTHER,PLATFORM,0,0,0,0,0,0,0
gaza,kiss1027fm.iheart.com,com,GLOBAL,GLOBAL,GLOBAL,PLATFORM,0,0,0,0,0,0,0
gaza,kiss1067.iheart.com,com,GLOBAL,GLOBAL,GLOBAL,PLATFORM,0,0,0,0,0,0,0
gaza,kisswtlz.com,com,GLOBAL,GLOBAL,GLOBAL,PLATFORM,0,0,0,0,0,0,0
gaza,kizzmyanthia.com,com,GLOBAL,GLOBAL,GLOBAL,PLATFORM,0,0,0,0,0,0,0
gaza,kjas.com,com,GLOBAL,GLOBAL,GLOBAL,PLATFORM,0,0,0,0,0,0,0
gaza,klaq.com,com,GLOBAL,GLOBAL,GLOBAL,PLATFORM,0,0,0,0,0,0,0
gaza,kmaj1440.com,com,GLOBAL,GLOBAL,GLOBAL,PLATFORM,0,0,0,0,0,0,0
gaza,knbr.com,com,GLOBAL,GLOBAL,GLOBAL,PLATFORM,0,0,0,0,0,0,0
gaza,knopnews2.com,com,GLOBAL,GLOBAL,GLOBAL,PLATFORM,0,0,0,0,0,0,0
gaza,koco.com,com,GLOBAL,GLOBAL,GLOBAL,PLATFORM,0,0,0,0,0,0,0
gaza,kpcw.org,org,GLOBAL,GLOBAL,GLOBAL,PLATFORM,0,0,0,0,0,0,0
gaza,kplctv.com,com,GLOBAL,GLOBAL,GLOBAL,PLATFORM,0,0,0,0,0,0,0
gaza,krcrtv.com,com,GLOBAL,GLOBAL,GLOBAL,PLATFORM,0,0,0,0,0,0,0
gaza,krqe.com,com,GLOBAL,GLOBAL,GLOBAL,PLATFORM,0,0,0,0,0,0,0
gaza,ksenam.com,com,GLOBAL,GLOBAL,GLOBAL,PLATFORM,0,0,0,0,0,0,0
gaza,ksfa860.com,com,GLOBAL,GLOBAL,GLOBAL,PLATFORM,0,0,0,0,0,0,0
gaza,ksjbam.com,com,GLOBAL,GLOBAL,GLOBAL,PLATFORM,0,0,0,0,0,0,0
gaza,ksnt.com,com,GLOBAL,GLOBAL,GLOBAL,PLATFORM,0,0,0,0,0,0,0
gaza,ktiv.com,com,GLOBAL,GLOBAL,GLOBAL,PLATFORM,0,0,0,0,0,0,0
gaza,ktom.iheart.com,com,GLOBAL,GLOBAL,GLOBAL,PLATFORM,0,0,0,0,0,0,0
gaza,ktvb.com,com,GLOBAL,GLOBAL,GLOBAL,PLATFORM,0,0,0,0,0,0,0
gaza,kxlf.com,com,GLOBAL,GLOBAL,GLOBAL,PLATFORM,0,0,0,0,0,0,0
gaza,kxly.com,com,GLOBAL,GLOBAL,GLOBAL,PLATFORM,0,0,0,0,0,0,0
gaza,kyma.com,com,GLOBAL,GLOBAL,GLOBAL,PLATFORM,0,0,0,0,0,0,0
gaza,ladysmithchronicle.com,com,GLOBAL,GLOBAL,GLOBAL,PLATFORM,0,0,0,0,0,0,0
gaza,lagrandeobserver.com,com,GLOBAL,GLOBAL,GLOBAL,PLATFORM,0,0,0,0,0,0,0
gaza,lankaweb.com,com,GLOBAL,GLOBAL,GLOBAL,PLATFORM,0,0,0,0,0,0,0
gaza,latimes.com,com,GLOBAL,GLOBAL,GLOBAL,PLATFORM,0,0,0,0,0,0,0
gaza,laurinburgexchange.com,com,GLOBAL,GLOBAL,GLOBAL,PLATFORM,0,0,0,0,0,0,0
gaza,ledburyreporter.co.uk,uk,GB,Europe & Central Asia,OTHER,PLATFORM,0,0,0,0,0,0,0
gaza,lexology.com,com,GLOBAL,GLOBAL,GLOBAL,PLATFORM,0,0,0,0,0,0,0
gaza,lexpansion.lexpress.fr,fr,FR,Europe & Central Asia,OTHER,PLATFORM,0,0,0,0,0,0,0
gaza,lgbtqnation.com,com,GLOBAL,GLOBAL,GLOBAL,PLATFORM,0,0,0,0,0,0,0
gaza,lifenews.com,com,GLOBAL,GLOBAL,GLOBAL,PLATFORM,0,0,0,0,0,0,0
gaza,litefm.iheart.com,com,GLOBAL,GLOBAL,GLOBAL,PLATFORM,0,0,0,0,0,0,0
gaza,liteonline.com,com,GLOBAL,GLOBAL,GLOBAL,PLATFORM,0,0,0,0,0,0,0
gaza,london.ctvnews.ca,ca,CA,North America,OTHER,PLATFORM,0,0,0,0,0,0,0
gaza,lportepilot.ca,ca,CA,North America,OTHER,PLATFORM,0,0,0,0,0,0,0
gaza,macaubusiness.com,com,GLOBAL,GLOBAL,GLOBAL,PLATFORM,0,0,0,0,0,0,0
gaza,mainichi.jp,jp,JP,East Asia & Pacific,OTHER,PLATFORM,0,0,0,0,0,0,0
gaza,majic959.iheart.com,com,GLOBAL,GLOBAL,GLOBAL,PLATFORM,0,0,0,0,0,0,0
gaza,markets.businessinsider.com,com,GLOBAL,GLOBAL,GLOBAL,PLATFORM,0,0,0,0,0,0,0
gaza,marketwatch.com,com,GLOBAL,GLOBAL,GLOBAL,PLATFORM,1,0,0,0,0,0,1
gaza,matadornetwork.com,com,GLOBAL,GLOBAL,GLOBAL,PLATFORM,0,0,0,0,0,0,0
gaza,menafn.com,com,GLOBAL,GLOBAL,GLOBAL,PLATFORM,0,0,0,0,0,0,0
gaza,metro.us,us,US,North America,OTHER,PLATFORM,0,0,0,0,0,0,0
gaza,mgoblog.com,com,GLOBAL,GLOBAL,GLOBAL,PLATFORM,0,0,0,0,0,0,0
gaza,miamistudent.net,net,GLOBAL,GLOBAL,GLOBAL,PLATFORM,0,0,0,0,0,0,0
gaza,mindat.org,org,GLOBAL,GLOBAL,GLOBAL,PLATFORM,0,0,0,0,0,0,0
gaza,mirror.co.uk,uk,GB,Europe & Central Asia,OTHER,PLATFORM,0,0,0,0,0,0,0
gaza,modernreaders.com,com,GLOBAL,GLOBAL,GLOBAL,PLATFORM,0,0,0,0,0,0,0
gaza,morningstar.com,com,GLOBAL,GLOBAL,GLOBAL,PLATFORM,0,0,0,0,0,0,0
gaza,msnbc.com,com,GLOBAL,GLOBAL,GLOBAL,PLATFORM,0,0,0,0,0,0,0
gaza,my1035.com,com,GLOBAL,GLOBAL,GLOBAL,PLATFORM,0,0,0,0,0,0,0
gaza,mykfan.iheart.com,com,GLOBAL,GLOBAL,GLOBAL,PLATFORM,0,0,0,0,0,0,0
gaza,mymmanews.com,com,GLOBAL,GLOBAL,GLOBAL,PLATFORM,0,0,0,0,0,0,0
gaza,mynorthwest.com,com,GLOBAL,GLOBAL,GLOBAL,PLATFORM,0,0,0,0,0,0,0
gaza,mysouth1061.iheart.com,com,GLOBAL,GLOBAL,GLOBAL,PLATFORM,0,0,0,0,0,0,0
gaza,n4g.com,com,GLOBAL,GLOBAL,GLOBAL,PLATFORM,0,0,0,0,0,0,0
gaza,nashfm1065.com,com,GLOBAL,GLOBAL,GLOBAL,PLATFORM,0,0,0,0,0,0,0
gaza,natlawreview.com,com,GLOBAL,GLOBAL,GLOBAL,PLATFORM,0,0,0,0,0,0,0
gaza,nbcnews.com,com,GLOBAL,GLOBAL,GLOBAL,PLATFORM,0,0,0,0,0,0,0
gaza,new.irasciblemusings.com,com,GLOBAL,GLOBAL,GLOBAL,PLATFORM,0,0,0,0,0,0,0
gaza,newcastleherald.com.au,au,AU,East Asia & Pacific,OTHER,PLATFORM,0,0,0,0,0,0,0
gaza,newjerseyglobe.com,com,GLOBAL,GLOBAL,GLOBAL,PLATFORM,0,0,0,0,0,0,0
gaza,news.coinupdate.com,com,GLOBAL,GLOBAL,GLOBAL,PLATFORM,0,0,0,0,0,0,0
gaza,news.wgcu.org,org,GLOBAL,GLOBAL,GLOBAL,PLATFORM,0,0,0,0,0,0,0
gaza,news.yahoo.com,com,GLOBAL,GLOBAL,GLOBAL,PLATFORM,0,0,0,0,0,0,0
gaza,news18.com,com,GLOBAL,GLOBAL,GLOBAL,PLATFORM,0,0,0,0,0,0,0
gaza,news9.com,com,GLOBAL,GLOBAL,GLOBAL,PLATFORM,0,0,0,0,0,0,0
gaza,newsandtribune.com,com,GLOBAL,GLOBAL,GLOBAL,PLATFORM,0,0,0,0,0,0,0
gaza,newsdzezimbabwe.co.uk,uk,GB,Europe & Central Asia,OTHER,PLATFORM,0,0,0,0,0,0,0
gaza,newson6.com,com,GLOBAL,GLOBAL,GLOBAL,PLATFORM,0,0,0,0,0,0,0
gaza,newsone.com,com,GLOBAL,GLOBAL,GLOBAL,PLATFORM,0,0,0,0,0,0,0
gaza,newsregister.com,com,GLOBAL,GLOBAL,GLOBAL,PLATFORM,0,0,0,0,0,0,0
gaza,newsshopper.co.uk,uk,GB,Europe & Central Asia,OTHER,PLATFORM,0,0,0,0,0,0,0
gaza,newstalk1130.iheart.com,com,GLOBAL,GLOBAL,GLOBAL,PLATFORM,0,0,0,0,0,0,0
gaza,newstalk1230.iheart.com,com,GLOBAL,GLOBAL,GLOBAL,PLATFORM,0,0,0,0,0,0,0
gaza,newtelegraphng.com,com,GLOBAL,GLOBAL,GLOBAL,PLATFORM,0,0,0,0,0,0,0
gaza,nhpr.org,org,GLOBAL,GLOBAL,GLOBAL,PLATFORM,0,0,0,0,0,0,0
gaza,northerndailyleader.com.au,au,AU,East Asia & Pacific,OTHER,PLATFORM,0,0,0,0,0,0,0
gaza,northwestgeorgianews.com,com,GLOBAL,GLOBAL,GLOBAL,PLATFORM,0,0,0,0,0,0,0
gaza,nowgrenada.com,com,GLOBAL,GLOBAL,GLOBAL,PLATFORM,0,0,0,0,0,0,0
gaza,nowtoronto.com,com,GLOBAL,GLOBAL,GLOBAL,PLATFORM,0,0,0,0,0,0,0
gaza,nydailynews.com,com,GLOBAL,GLOBAL,GLOBAL,PLATFORM,0,0,0,0,0,0,0
gaza,nymag.com,com,GLOBAL,GLOBAL,GLOBAL,PLATFORM,0,0,0,0,0,0,0
gaza,nypost.com,com,GLOBAL,GLOBAL,GLOBAL,PLATFORM,0,0,0,0,0,0,0
gaza,nystateofpolitics.com,com,GLOBAL,GLOBAL,GLOBAL,PLATFORM,0,0,0,0,0,0,0
gaza,obituaries.dailyitem.com,com,GLOBAL,GLOBAL,GLOBAL,PLATFORM,0,0,0,0,0,0,0
gaza,obituaries.enidnews.com,com,GLOBAL,GLOBAL,GLOBAL,PLATFORM,0,0,0,0,0,0,0
gaza,obituaries.starbeacon.com,com,GLOBAL,GLOBAL,GLOBAL,PLATFORM,0,0,0,0,0,0,0
gaza,ocregister.com,com,GLOBAL,GLOBAL,GLOBAL,PLATFORM,0,0,0,0,0,0,0
gaza,ojaivalleynews.com,com,GLOBAL,GLOBAL,GLOBAL,PLATFORM,0,0,0,0,0,0,0
gaza,omaha.com,com,GLOBAL,GLOBAL,GLOBAL,PLATFORM,0,0,0,0,0,0,0
gaza,onmilwaukee.com,com,GLOBAL,GLOBAL,GLOBAL,PLATFORM,0,0,0,0,0,0,0
gaza,ourquadcities.com,com,GLOBAL,GLOBAL,GLOBAL,PLATFORM,0,0,0,0,0,0,0
gaza,parkeschampionpost.com.au,au,AU,East Asia & Pacific,OTHER,PLATFORM,0,0,0,0,0,0,0
gaza,pembrokeobserver.com,com,GLOBAL,GLOBAL,GLOBAL,PLATFORM,0,0,0,0,0,0,0
gaza,phonearena.com,com,GLOBAL,GLOBAL,GLOBAL,PLATFORM,0,0,0,0,0,0,0
gaza,pocket-lint.com,com,GLOBAL,GLOBAL,GLOBAL,PLATFORM,0,0,0,0,0,0,0
gaza,politico.com,com,GLOBAL,GLOBAL,GLOBAL,PLATFORM,0,0,0,0,0,0,0
gaza,pqbnews.com,com,GLOBAL,GLOBAL,GLOBAL,PLATFORM,0,0,0,0,0,0,0
gaza,premiumtimesng.com,com,GLOBAL,GLOBAL,GLOBAL,PLATFORM,0,0,0,0,0,0,0
gaza,pressandguide.com,com,GLOBAL,GLOBAL,GLOBAL,PLATFORM,0,0,0,0,0,0,0
gaza,promptnewsonline.com,com,GLOBAL,GLOBAL,GLOBAL,PLATFORM,0,0,0,0,0,0,0
gaza,q957.com,com,GLOBAL,GLOBAL,GLOBAL,PLATFORM,0,0,0,0,0,0,0
gaza,queenslandcountrylife.com.au,au,AU,East Asia & Pacific,OTHER,PLATFORM,0,0,0,0,0,0,0
gaza,radiotoday.ie,ie,NA,NA,OTHER,PLATFORM,0,0,0,0,0,0,0
gaza,real1039fm.iheart.com,com,GLOBAL,GLOBAL,GLOBAL,PLATFORM,0,0,0,0,0,0,0
gaza,redditchadvertiser.co.uk,uk,GB,Europe & Central Asia,OTHER,PLATFORM,0,0,0,0,0,0,0
gaza,rejournals.com,com,GLOBAL,GLOBAL,GLOBAL,PLATFORM,0,0,0,0,0,0,0
gaza,reporterherald.com,com,GLOBAL,GLOBAL,GLOBAL,PLATFORM,0,0,0,0,0,0,0
gaza,reuters.com,com,GLOBAL,GLOBAL,GLOBAL,PLATFORM,1,0,0,0,0,0,1
gaza,reviewjournal.com,com,GLOBAL,GLOBAL,GLOBAL,PLATFORM,0,0,0,0,0,0,0
gaza,richmond-news.com,com,GLOBAL,GLOBAL,GLOBAL,PLATFORM,0,0,0,0,0,0,0
gaza,richmondregister.com,com,GLOBAL,GLOBAL,GLOBAL,PLATFORM,0,0,0,0,0,0,0
gaza,rivercountry.newschannelnebraska.com,com,GLOBAL,GLOBAL,GLOBAL,PLATFORM,0,0,0,0,0,0,0
gaza,robesonian.com,com,GLOBAL,GLOBAL,GLOBAL,PLATFORM,0,0,0,0,0,0,0
gaza,rollingstone.com,com,GLOBAL,GLOBAL,GLOBAL,PLATFORM,0,0,0,0,0,0,0
gaza,rottentomatoes.com,com,GLOBAL,GLOBAL,GLOBAL,PLATFORM,0,0,0,0,0,0,0
gaza,sacbee.com,com,GLOBAL,GLOBAL,GLOBAL,PLATFORM,0,0,0,0,0,0,0
gaza,santacruzsentinel.com,com,GLOBAL,GLOBAL,GLOBAL,PLATFORM,0,0,0,0,0,0,0
gaza,santafenewmexican.com,com,GLOBAL,GLOBAL,GLOBAL,PLATFORM,0,0,0,0,0,0,0
gaza,sawatdeenetwork.com,com,GLOBAL,GLOBAL,GLOBAL,PLATFORM,0,0,0,0,0,0,0
gaza,scmp.com,com,GLOBAL,GLOBAL,GLOBAL,PLATFORM,0,0,0,0,0,0,0
gaza,screenrant.com,com,GLOBAL,GLOBAL,GLOBAL,PLATFORM,0,0,0,0,0,0,0
gaza,sentinelandenterprise.com,com,GLOBAL,GLOBAL,GLOBAL,PLATFORM,0,0,0,0,0,0,0
gaza,shop-eat-surf.com,com,GLOBAL,GLOBAL,GLOBAL,PLATFORM,0,0,0,0,0,0,0
gaza,socialmediatoday.com,com,GLOBAL,GLOBAL,GLOBAL,PLATFORM,0,0,0,0,0,0,0
gaza,southtahoenow.com,com,GLOBAL,GLOBAL,GLOBAL,PLATFORM,0,0,0,0,0,0,0
gaza,speedway.tucson.com,com,GLOBAL,GLOBAL,GLOBAL,PLATFORM,0,0,0,0,0,0,0
gaza,standard-freeholder.com:443,NA,NA,NA,OTHER,PLATFORM,0,0,0,0,0,0,0
gaza,standardspeaker.com,com,GLOBAL,GLOBAL,GLOBAL,PLATFORM,0,0,0,0,0,0,0
gaza,star941fm.iheart.com,com,GLOBAL,GLOBAL,GLOBAL,PLATFORM,0,0,0,0,0,0,0
gaza,staradvertiser.com,com,GLOBAL,GLOBAL,GLOBAL,PLATFORM,0,0,0,0,0,0,0
gaza,starbeacon.com,com,GLOBAL,GLOBAL,GLOBAL,PLATFORM,0,0,0,0,0,0,0
gaza,startribune.com,com,GLOBAL,GLOBAL,GLOBAL,PLATFORM,0,0,0,0,0,0,0
gaza,stltoday.com,com,GLOBAL,GLOBAL,GLOBAL,PLATFORM,0,0,0,0,0,0,0
gaza,stockjournal.com.au,au,AU,East Asia & Pacific,OTHER,PLATFORM,0,0,0,0,0,0,0
gaza,straitstimes.com,com,GLOBAL,GLOBAL,GLOBAL,PLATFORM,0,0,0,0,0,0,0
gaza,sun-sentinel.com,com,GLOBAL,GLOBAL,GLOBAL,PLATFORM,0,0,0,0,0,0,0
gaza,sunnewsonline.com,com,GLOBAL,GLOBAL,GLOBAL,PLATFORM,0,0,0,0,0,0,0
gaza,sunny1053.iheart.com,com,GLOBAL,GLOBAL,GLOBAL,PLATFORM,0,0,0,0,0,0,0
gaza,sunny99.iheart.com,com,GLOBAL,GLOBAL,GLOBAL,PLATFORM,0,0,0,0,0,0,0
gaza,tahlequahdailypress.com,com,GLOBAL,GLOBAL,GLOBAL,PLATFORM,0,0,0,0,0,0,0
gaza,taiwansun.com,com,GLOBAL,GLOBAL,GLOBAL,PLATFORM,0,0,0,0,0,0,0
gaza,talkingpointsmemo.com,com,GLOBAL,GLOBAL,GLOBAL,PLATFORM,0,0,0,0,0,0,0
gaza,tech.co,co,NA,NA,OTHER,PLATFORM,0,0,0,0,0,0,0
gaza,techdirt.com,com,GLOBAL,GLOBAL,GLOBAL,PLATFORM,0,0,0,0,0,0,0
gaza,tenterfieldstar.com.au,au,AU,East Asia & Pacific,OTHER,PLATFORM,0,0,0,0,0,0,0
gaza,theargus.co.uk,uk,GB,Europe & Central Asia,OTHER,PLATFORM,0,0,0,0,0,0,0
gaza,theathletic.com,com,GLOBAL,GLOBAL,GLOBAL,PLATFORM,0,0,0,0,0,0,0
gaza,theboxhouston.com,com,GLOBAL,GLOBAL,GLOBAL,PLATFORM,0,0,0,0,0,0,0
gaza,thecostaricanews.com,com,GLOBAL,GLOBAL,GLOBAL,PLATFORM,0,0,0,0,0,0,0
gaza,thecounty.me,me,NA,NA,OTHER,PLATFORM,0,0,0,0,0,0,0
gaza,thedailybeast.com,com,GLOBAL,GLOBAL,GLOBAL,PLATFORM,0,0,0,0,0,0,0
gaza,thedailyiberian.com,com,GLOBAL,GLOBAL,GLOBAL,PLATFORM,0,0,0,0,0,0,0
gaza,theglobeandmail.com,com,GLOBAL,GLOBAL,GLOBAL,PLATFORM,0,0,0,0,0,0,0
gaza,theguardian.com,com,GLOBAL,GLOBAL,GLOBAL,PLATFORM,0,0,0,0,0,0,0
gaza,thejournal.ie,ie,NA,NA,OTHER,PLATFORM,0,0,0,0,0,0,0
gaza,themovechannel.com,com,GLOBAL,GLOBAL,GLOBAL,PLATFORM,0,0,0,0,0,0,0
gaza,thenationonlineng.net,net,GLOBAL,GLOBAL,GLOBAL,PLATFORM,0,0,0,0,0,0,0
gaza,thenorthernecho.co.uk,uk,GB,Europe & Central Asia,OTHER,PLATFORM,0,0,0,0,0,0,0
gaza,theobserver.ca:443,NA,NA,NA,OTHER,PLATFORM,0,0,0,0,0,0,0
gaza,theorion.com,com,GLOBAL,GLOBAL,GLOBAL,PLATFORM,0,0,0,0,0,0,0
gaza,thepeterboroughexaminer.com,com,GLOBAL,GLOBAL,GLOBAL,PLATFORM,0,0,0,0,0,0,0
gaza,thepinetree.net,net,GLOBAL,GLOBAL,GLOBAL,PLATFORM,0,0,0,0,0,0,0
gaza,theprogress.com,com,GLOBAL,GLOBAL,GLOBAL,PLATFORM,0,0,0,0,0,0,0
gaza,therocket951.com,com,GLOBAL,GLOBAL,GLOBAL,PLATFORM,0,0,0,0,0,0,0
gaza,therockofrochester.com,com,GLOBAL,GLOBAL,GLOBAL,PLATFORM,0,0,0,0,0,0,0
gaza,thestar.com,com,GLOBAL,GLOBAL,GLOBAL,PLATFORM,0,0,0,0,0,0,0
gaza,thestar.com.my,my,NA,NA,OTHER,PLATFORM,0,0,0,0,0,0,0
gaza,thesunchronicle.com,com,GLOBAL,GLOBAL,GLOBAL,PLATFORM,0,0,0,0,0,0,0
gaza,thetimes.co.uk,uk,GB,Europe & Central Asia,OTHER,PLATFORM,0,0,0,0,0,0,0
gaza,tickerreport.com,com,GLOBAL,GLOBAL,GLOBAL,PLATFORM,0,0,0,0,0,0,0
gaza,tireball.com,com,GLOBAL,GLOBAL,GLOBAL,PLATFORM,0,0,0,0,0,0,0
gaza,tmz.com,com,GLOBAL,GLOBAL,GLOBAL,PLATFORM,0,0,0,0,0,0,0
gaza,tnonline.com,com,GLOBAL,GLOBAL,GLOBAL,PLATFORM,0,0,0,0,0,0,0
gaza,topspeed.com,com,GLOBAL,GLOBAL,GLOBAL,PLATFORM,0,0,0,0,0,0,0
gaza,trib.com,com,GLOBAL,GLOBAL,GLOBAL,PLATFORM,0,0,0,0,0,0,0
gaza,tribune242.com,com,GLOBAL,GLOBAL,GLOBAL,PLATFORM,0,0,0,0,0,0,0
gaza,tristatehomepage.com,com,GLOBAL,GLOBAL,GLOBAL,PLATFORM,0,0,0,0,0,0,0
gaza,turnto10.com,com,GLOBAL,GLOBAL,GLOBAL,PLATFORM,0,0,0,0,0,0,0
gaza,tvguide.co.uk,uk,GB,Europe & Central Asia,OTHER,PLATFORM,0,0,0,0,0,0,0
gaza,ukrainianjournal.com,com,GLOBAL,GLOBAL,GLOBAL,PLATFORM,0,0,0,0,0,0,0
gaza,urbanmilwaukee.com,com,GLOBAL,GLOBAL,GLOBAL,PLATFORM,0,0,0,0,0,0,0
gaza,us105fm.com,com,GLOBAL,GLOBAL,GLOBAL,PLATFORM,0,0,0,0,0,0,0
gaza,usnews.com,com,GLOBAL,GLOBAL,GLOBAL,PLATFORM,0,0,0,0,0,0,0
gaza,variety.com,com,GLOBAL,GLOBAL,GLOBAL,PLATFORM,0,0,0,0,0,0,0
gaza,vox.com,com,GLOBAL,GLOBAL,GLOBAL,PLATFORM,0,0,0,0,0,0,0
gaza,wach.com,com,GLOBAL,GLOBAL,GLOBAL,PLATFORM,0,0,0,0,0,0,0
gaza,washingtonpost.com,com,GLOBAL,GLOBAL,GLOBAL,PLATFORM,0,0,0,0,0,0,0
gaza,wbhm.org,org,GLOBAL,GLOBAL,GLOBAL,PLATFORM,0,0,0,0,0,0,0
gaza,wbkr.com,com,GLOBAL,GLOBAL,GLOBAL,PLATFORM,0,0,0,0,0,0,0
gaza,wblm.com,com,GLOBAL,GLOBAL,GLOBAL,PLATFORM,0,0,0,0,0,0,0
gaza,wcyb.com,com,GLOBAL,GLOBAL,GLOBAL,PLATFORM,0,0,0,0,0,0,0
gaza,wden.com,com,GLOBAL,GLOBAL,GLOBAL,PLATFORM,0,0,0,0,0,0,0
gaza,wdzz.com,com,GLOBAL,GLOBAL,GLOBAL,PLATFORM,0,0,0,0,0,0,0
gaza,wegotthiscovered.com,com,GLOBAL,GLOBAL,GLOBAL,PLATFORM,0,0,0,0,0,0,0
gaza,wellandgood.com,com,GLOBAL,GLOBAL,GLOBAL,PLATFORM,0,0,0,0,0,0,0
gaza,westerlynews.ca,ca,CA,North America,OTHER,PLATFORM,0,0,0,0,0,0,0
gaza,westernpeople.ie,ie,NA,NA,OTHER,PLATFORM,0,0,0,0,0,0,0
gaza,westkentuckystar.com,com,GLOBAL,GLOBAL,GLOBAL,PLATFORM,0,0,0,0,0,0,0
gaza,wfft.com,com,GLOBAL,GLOBAL,GLOBAL,PLATFORM,0,0,0,0,0,0,0
gaza,wfsb.com,com,GLOBAL,GLOBAL,GLOBAL,PLATFORM,0,0,0,0,0,0,0
gaza,wgna.com,com,GLOBAL,GLOBAL,GLOBAL,PLATFORM,0,0,0,0,0,0,0
gaza,wgni.com,com,GLOBAL,GLOBAL,GLOBAL,PLATFORM,0,0,0,0,0,0,0
gaza,wharfedaleobserver.co.uk,uk,GB,Europe & Central Asia,OTHER,PLATFORM,0,0,0,0,0,0,0
gaza,whitecourtstar.com:443,NA,NA,NA,OTHER,PLATFORM,0,0,0,0,0,0,0
gaza,whky.com,com,GLOBAL,GLOBAL,GLOBAL,PLATFORM,0,0,0,0,0,0,0
gaza,whp580.iheart.com,com,GLOBAL,GLOBAL,GLOBAL,PLATFORM,0,0,0,0,0,0,0
gaza,wibqam.com,com,GLOBAL,GLOBAL,GLOBAL,PLATFORM,0,0,0,0,0,0,0
gaza,wild1029.com,com,GLOBAL,GLOBAL,GLOBAL,PLATFORM,0,0,0,0,0,0,0
gaza,wild104.iheart.com,com,GLOBAL,GLOBAL,GLOBAL,PLATFORM,0,0,0,0,0,0,0
gaza,wilx.com,com,GLOBAL,GLOBAL,GLOBAL,PLATFORM,0,0,0,0,0,0,0
gaza,winnipegfreepress.com,com,GLOBAL,GLOBAL,GLOBAL,PLATFORM,0,0,0,0,0,0,0
gaza,wirx.com,com,GLOBAL,GLOBAL,GLOBAL,PLATFORM,0,0,0,0,0,0,0
gaza,wjfw.com,com,GLOBAL,GLOBAL,GLOBAL,PLATFORM,0,0,0,0,0,0,0
gaza,wkjc.com,com,GLOBAL,GLOBAL,GLOBAL,PLATFORM,0,0,0,0,0,0,0
gaza,wkrn.com,com,GLOBAL,GLOBAL,GLOBAL,PLATFORM,0,0,0,0,0,0,0
gaza,wktn.com,com,GLOBAL,GLOBAL,GLOBAL,PLATFORM,0,0,0,0,0,0,0
gaza,wlox.com,com,GLOBAL,GLOBAL,GLOBAL,PLATFORM,0,0,0,0,0,0,0
gaza,wlwi.com,com,GLOBAL,GLOBAL,GLOBAL,PLATFORM,0,0,0,0,0,0,0
gaza,wmeq.iheart.com,com,GLOBAL,GLOBAL,GLOBAL,PLATFORM,0,0,0,0,0,0,0
gaza,wnaw.com,com,GLOBAL,GLOBAL,GLOBAL,PLATFORM,0,0,0,0,0,0,0
gaza,wokv.com,com,GLOBAL,GLOBAL,GLOBAL,PLATFORM,0,0,0,0,0,0,0
gaza,worldboxingnews.net,net,GLOBAL,GLOBAL,GLOBAL,PLATFORM,0,0,0,0,0,0,0
gaza,wpbf.com,com,GLOBAL,GLOBAL,GLOBAL,PLATFORM,0,0,0,0,0,0,0
gaza,wpst.com,com,GLOBAL,GLOBAL,GLOBAL,PLATFORM,0,0,0,0,0,0,0
gaza,wqut.com,com,GLOBAL,GLOBAL,GLOBAL,PLATFORM,0,0,0,0,0,0,0
gaza,wsbt.com,com,GLOBAL,GLOBAL,GLOBAL,PLATFORM,0,0,0,0,0,0,0
gaza,wtol.com,com,GLOBAL,GLOBAL,GLOBAL,PLATFORM,0,0,0,0,0,0,0
gaza,wttf.com,com,GLOBAL,GLOBAL,GLOBAL,PLATFORM,0,0,0,0,0,0,0
gaza,wvgazettemail.com,com,GLOBAL,GLOBAL,GLOBAL,PLATFORM,0,0,0,0,0,0,0
gaza,wvik.org,org,GLOBAL,GLOBAL,GLOBAL,PLATFORM,0,0,0,0,0,0,0
gaza,wvua23.com,com,GLOBAL,GLOBAL,GLOBAL,PLATFORM,0,0,0,0,0,0,0
gaza,wwaytv3.com,com,GLOBAL,GLOBAL,GLOBAL,PLATFORM,0,0,0,0,0,0,0
gaza,wxii12.com,com,GLOBAL,GLOBAL,GLOBAL,PLATFORM,0,0,0,0,0,0,0
gaza,wxxv25.com,com,GLOBAL,GLOBAL,GLOBAL,PLATFORM,0,0,0,0,0,0,0
gaza,wyff4.com,com,GLOBAL,GLOBAL,GLOBAL,PLATFORM,0,0,0,0,0,0,0
gaza,yahoo.com,com,GLOBAL,GLOBAL,GLOBAL,PLATFORM,0,0,0,0,0,0,0
gaza,yen.com.gh,gh,NA,NA,OTHER,PLATFORM,0,0,0,0,0,0,0
gaza,yogajournal.com,com,GLOBAL,GLOBAL,GLOBAL,PLATFORM,0,0,0,0,0,0,0
gaza,zrock103.com,com,GLOBAL,GLOBAL,GLOBAL,PLATFORM,0,0,0,0,0,0,0
gaza,1025thefox.iheart.com,com,GLOBAL,GLOBAL,GLOBAL,PLATFORM,0,0,0,0,0,0,0
gaza,103jamz.iheart.com,com,GLOBAL,GLOBAL,GLOBAL,PLATFORM,0,0,0,0,0,0,0
gaza,1041thebeat.iheart.com,com,GLOBAL,GLOBAL,GLOBAL,PLATFORM,0,0,0,0,0,0,0
gaza,1061fmtalk.iheart.com,com,GLOBAL,GLOBAL,GLOBAL,PLATFORM,0,0,0,0,0,0,0
gaza,1061thebullyoungstown.iheart.com,com,GLOBAL,GLOBAL,GLOBAL,PLATFORM,0,0,0,0,0,0,0
gaza,107jamz.com,com,GLOBAL,GLOBAL,GLOBAL,PLATFORM,0,0,0,0,0,0,0
gaza,710wor.iheart.com,com,GLOBAL,GLOBAL,GLOBAL,PLATFORM,0,0,0,0,0,0,0
gaza,925rocks.iheart.com,com,GLOBAL,GLOBAL,GLOBAL,PLATFORM,0,0,0,0,0,0,0
gaza,929thebigdog.iheart.com,com,GLOBAL,GLOBAL,GLOBAL,PLATFORM,0,0,0,0,0,0,0
gaza,963bigfm.com,com,GLOBAL,GLOBAL,GLOBAL,PLATFORM,0,0,0,0,0,0,0
gaza,971zht.iheart.com,com,GLOBAL,GLOBAL,GLOBAL,PLATFORM,0,0,0,0,0,0,0
gaza,97kicksfm.iheart.com,com,GLOBAL,GLOBAL,GLOBAL,PLATFORM,0,0,0,0,0,0,0
gaza,abc57.com,com,GLOBAL,GLOBAL,GLOBAL,PLATFORM,0,0,0,0,0,0,0
gaza,adn.com,com,GLOBAL,GLOBAL,GLOBAL,PLATFORM,0,0,0,0,0,0,0
gaza,alleghenymountainradio.org,org,GLOBAL,GLOBAL,GLOBAL,PLATFORM,0,0,0,0,0,0,0
gaza,ambrosiaforheads.com,com,GLOBAL,GLOBAL,GLOBAL,PLATFORM,0,0,0,0,0,0,0
gaza,andoveradvertiser.co.uk,uk,GB,Europe & Central Asia,OTHER,PLATFORM,0,0,0,0,0,0,0
gaza,aol.com,com,GLOBAL,GLOBAL,GLOBAL,PLATFORM,0,0,0,0,0,0,0
gaza,asahi.com,com,GLOBAL,GLOBAL,GLOBAL,PLATFORM,0,0,0,0,0,0,0
gaza,asianaviation.com,com,GLOBAL,GLOBAL,GLOBAL,PLATFORM,0,0,0,0,0,0,0
gaza,azsnakepit.com,com,GLOBAL,GLOBAL,GLOBAL,PLATFORM,0,0,0,0,0,0,0
gaza,b93.iheart.com,com,GLOBAL,GLOBAL,GLOBAL,PLATFORM,0,0,0,0,0,0,0
gaza,bangkokpost.com,com,GLOBAL,GLOBAL,GLOBAL,PLATFORM,0,0,0,0,0,0,0
gaza,barryanddistrictnews.co.uk,uk,GB,Europe & Central Asia,OTHER,PLATFORM,0,0,0,0,0,0,0
gaza,bbc.co.uk,uk,GB,Europe & Central Asia,OTHER,PLATFORM,0,0,0,0,0,0,0
gaza,berkeleydailyplanet.com,com,GLOBAL,GLOBAL,GLOBAL,PLATFORM,0,0,0,0,0,0,0
gaza,berkshireeagle.com,com,GLOBAL,GLOBAL,GLOBAL,PLATFORM,0,0,0,0,0,0,0
gaza,big1073.iheart.com,com,GLOBAL,GLOBAL,GLOBAL,PLATFORM,0,0,0,0,0,0,0
gaza,bigislandnow.com,com,GLOBAL,GLOBAL,GLOBAL,PLATFORM,0,0,0,0,0,0,0
gaza,blogcritics.org,org,GLOBAL,GLOBAL,GLOBAL,PLATFORM,0,0,0,0,0,0,0
gaza,bluemountainsgazette.com.au,au,AU,East Asia & Pacific,OTHER,PLATFORM,0,0,0,0,0,0,0
gaza,blueprint.ng,ng,NG,Sub-Saharan Africa,AFRICA,PLATFORM,0,0,0,0,0,0,0
gaza,bnnbloomberg.ca,ca,CA,North America,OTHER,PLATFORM,0,0,0,0,0,0,0
gaza,braidwoodtimes.com.au,au,AU,East Asia & Pacific,OTHER,PLATFORM,0,0,0,0,0,0,0
gaza,burntorangenation.com,com,GLOBAL,GLOBAL,GLOBAL,PLATFORM,0,0,0,0,0,0,0
gaza,cambridge-news.co.uk,uk,GB,Europe & Central Asia,OTHER,PLATFORM,0,0,0,0,0,0,0
gaza,catholicworldreport.com,com,GLOBAL,GLOBAL,GLOBAL,PLATFORM,0,0,0,0,0,0,0
gaza,cbs8.com,com,GLOBAL,GLOBAL,GLOBAL,PLATFORM,0,0,0,0,0,0,0
gaza,clevelandjewishnews.com,com,GLOBAL,GLOBAL,GLOBAL,PLATFORM,0,0,0,0,0,0,0
gaza,clutchpoints.com,com,GLOBAL,GLOBAL,GLOBAL,PLATFORM,0,0,0,0,0,0,0
gaza,cool102.iheart.com,com,GLOBAL,GLOBAL,GLOBAL,PLATFORM,0,0,0,0,0,0,0
gaza,cool925.iheart.com,com,GLOBAL,GLOBAL,GLOBAL,PLATFORM,0,0,0,0,0,0,0
gaza,dailyexcelsior.com,com,GLOBAL,GLOBAL,GLOBAL,PLATFORM,0,0,0,0,0,0,0
gaza,dailymaverick.co.za,za,ZA,Sub-Saharan Africa,AFRICA,PLATFORM,0,0,0,0,0,0,0
gaza,dandenong.starcommunity.com.au,au,AU,East Asia & Pacific,OTHER,PLATFORM,0,0,0,0,0,0,0
gaza,defence.pk,pk,NA,NA,OTHER,PLATFORM,0,0,0,0,0,0,0
gaza,delcotimes.com,com,GLOBAL,GLOBAL,GLOBAL,PLATFORM,0,0,0,0,0,0,0
gaza,easternriverinachronicle.com.au,au,AU,East Asia & Pacific,OTHER,PLATFORM,0,0,0,0,0,0,0
gaza,echo.net.au,au,AU,East Asia & Pacific,OTHER,PLATFORM,0,0,0,0,0,0,0
gaza,effinghamradio.com,com,GLOBAL,GLOBAL,GLOBAL,PLATFORM,0,0,0,0,0,0,0
gaza,en.as.com,com,GLOBAL,GLOBAL,GLOBAL,PLATFORM,0,0,0,0,0,0,0
gaza,english.news.cn,cn,CN,East Asia & Pacific,OTHER,PLATFORM,0,0,0,0,0,0,0
gaza,famoushookups.com,com,GLOBAL,GLOBAL,GLOBAL,PLATFORM,0,0,0,0,0,0,0
gaza,fcbarcelona.com,com,GLOBAL,GLOBAL,GLOBAL,PLATFORM,0,0,0,0,0,0,0
gaza,fltimes.com,com,GLOBAL,GLOBAL,GLOBAL,PLATFORM,0,0,0,0,0,0,0
gaza,fm106.iheart.com,com,GLOBAL,GLOBAL,GLOBAL,PLATFORM,0,0,0,0,0,0,0
gaza,forbes.com,com,GLOBAL,GLOBAL,GLOBAL,PLATFORM,1,0,0,0,0,0,1
gaza,formula1.com,com,GLOBAL,GLOBAL,GLOBAL,PLATFORM,0,0,0,0,0,0,0
gaza,foxnews.com,com,GLOBAL,GLOBAL,GLOBAL,PLATFORM,0,0,0,0,0,0,0
gaza,gaytimes.co.uk,uk,GB,Europe & Central Asia,OTHER,PLATFORM,0,0,0,0,0,0,0
gaza,gazette.com,com,GLOBAL,GLOBAL,GLOBAL,PLATFORM,0,0,0,0,0,0,0
gaza,golocalprov.com,com,GLOBAL,GLOBAL,GLOBAL,PLATFORM,0,0,0,0,0,0,0
gaza,greekreporter.com,com,GLOBAL,GLOBAL,GLOBAL,PLATFORM,0,0,0,0,0,0,0
gaza,guardian-series.co.uk,uk,GB,Europe & Central Asia,OTHER,PLATFORM,0,0,0,0,0,0,0
gaza,home.nzcity.co.nz,nz,NZ,East Asia & Pacific,OTHER,PLATFORM,0,0,0,0,0,0,0
gaza,hot933hits.com,com,GLOBAL,GLOBAL,GLOBAL,PLATFORM,0,0,0,0,0,0,0
gaza,hotair.com,com,GLOBAL,GLOBAL,GLOBAL,PLATFORM,0,0,0,0,0,0,0
gaza,i24news.tv,tv,NA,NA,OTHER,PLATFORM,0,0,0,0,0,0,0
gaza,iberkshires.com,com,GLOBAL,GLOBAL,GLOBAL,PLATFORM,0,0,0,0,0,0,0
gaza,indiagazette.com,com,GLOBAL,GLOBAL,GLOBAL,PLATFORM,0,0,0,0,0,0,0
gaza,infotel.ca,ca,CA,North America,OTHER,PLATFORM,0,0,0,0,0,0,0
gaza,inmaricopa.com,com,GLOBAL,GLOBAL,GLOBAL,PLATFORM,0,0,0,0,0,0,0
gaza,irvinetimes.com,com,GLOBAL,GLOBAL,GLOBAL,PLATFORM,0,0,0,0,0,0,0
gaza,kait8.com,com,GLOBAL,GLOBAL,GLOBAL,PLATFORM,0,0,0,0,0,0,0
gaza,kelownadailycourier.ca,ca,CA,North America,OTHER,PLATFORM,0,0,0,0,0,0,0
gaza,kfbk.iheart.com,com,GLOBAL,GLOBAL,GLOBAL,PLATFORM,0,0,0,0,0,0,0
gaza,kiimfm.com,com,GLOBAL,GLOBAL,GLOBAL,PLATFORM,0,0,0,0,0,0,0
gaza,kissalbany.iheart.com,com,GLOBAL,GLOBAL,GLOBAL,PLATFORM,0,0,0,0,0,0,0
gaza,kivitv.com,com,GLOBAL,GLOBAL,GLOBAL,PLATFORM,0,0,0,0,0,0,0
gaza,kiwiblog.co.nz,nz,NZ,East Asia & Pacific,OTHER,PLATFORM,0,0,0,0,0,0,0
gaza,kix993.iheart.com,com,GLOBAL,GLOBAL,GLOBAL,PLATFORM,0,0,0,0,0,0,0
gaza,kksa-am.com,com,GLOBAL,GLOBAL,GLOBAL,PLATFORM,0,0,0,0,0,0,0
gaza,klkl.fm,fm,NA,NA,OTHER,PLATFORM,0,0,0,0,0,0,0
gaza,kpq.com,com,GLOBAL,GLOBAL,GLOBAL,PLATFORM,0,0,0,0,0,0,0
gaza,kqdy.iheart.com,com,GLOBAL,GLOBAL,GLOBAL,PLATFORM,0,0,0,0,0,0,0
gaza,krq.iheart.com,com,GLOBAL,GLOBAL,GLOBAL,PLATFORM,0,0,0,0,0,0,0
gaza,ksje.com,com,GLOBAL,GLOBAL,GLOBAL,PLATFORM,0,0,0,0,0,0,0
gaza,ktvq.com,com,GLOBAL,GLOBAL,GLOBAL,PLATFORM,0,0,0,0,0,0,0
gaza,kuathletics.com,com,GLOBAL,GLOBAL,GLOBAL,PLATFORM,0,0,0,0,0,0,0
gaza,kwbu.org,org,GLOBAL,GLOBAL,GLOBAL,PLATFORM,0,0,0,0,0,0,0
gaza,kz103.iheart.com,com,GLOBAL,GLOBAL,GLOBAL,PLATFORM,0,0,0,0,0,0,0
gaza,lex18.com,com,GLOBAL,GLOBAL,GLOBAL,PLATFORM,0,0,0,0,0,0,0
gaza,manchesterinklink.com,com,GLOBAL,GLOBAL,GLOBAL,PLATFORM,0,0,0,0,0,0,0
gaza,mankatofreepress.com,com,GLOBAL,GLOBAL,GLOBAL,PLATFORM,0,0,0,0,0,0,0
gaza,marinij.com,com,GLOBAL,GLOBAL,GLOBAL,PLATFORM,0,0,0,0,0,0,0
gaza,mashable.com,com,GLOBAL,GLOBAL,GLOBAL,PLATFORM,0,0,0,0,0,0,0
gaza,medpagetoday.com,com,GLOBAL,GLOBAL,GLOBAL,PLATFORM,0,0,0,0,0,0,0
gaza,mix923fm.iheart.com,com,GLOBAL,GLOBAL,GLOBAL,PLATFORM,0,0,0,0,0,0,0
gaza,moose106.iheart.com,com,GLOBAL,GLOBAL,GLOBAL,PLATFORM,0,0,0,0,0,0,0
gaza,mta.maryland.gov,gov,NA,NA,OTHER,PLATFORM,0,0,0,1,0,0,1
gaza,mynbc5.com,com,GLOBAL,GLOBAL,GLOBAL,PLATFORM,0,0,0,0,0,0,0
gaza,nba.com,com,GLOBAL,GLOBAL,GLOBAL,PLATFORM,0,0,0,0,0,0,0
gaza,nbcnewyork.com,com,GLOBAL,GLOBAL,GLOBAL,PLATFORM,0,0,0,0,0,0,0
gaza,nbcrightnow.com,com,GLOBAL,GLOBAL,GLOBAL,PLATFORM,0,0,0,0,0,0,0
gaza,necn.com,com,GLOBAL,GLOBAL,GLOBAL,PLATFORM,0,0,0,0,0,0,0
gaza,netsdaily.com,com,GLOBAL,GLOBAL,GLOBAL,PLATFORM,0,0,0,0,0,0,0
gaza,newbusinessethiopia.com,com,GLOBAL,GLOBAL,GLOBAL,PLATFORM,0,0,0,0,0,0,0
gaza,news.com.au,au,AU,East Asia & Pacific,OTHER,PLATFORM,0,0,0,0,0,0,0
gaza,news3lv.com,com,GLOBAL,GLOBAL,GLOBAL,PLATFORM,0,0,0,0,0,0,0
gaza,newschannel9.com,com,GLOBAL,GLOBAL,GLOBAL,PLATFORM,0,0,0,0,0,0,0
gaza,newsweek.com,com,GLOBAL,GLOBAL,GLOBAL,PLATFORM,0,0,0,0,0,0,0
gaza,nigerianbulletin.com,com,GLOBAL,GLOBAL,GLOBAL,PLATFORM,0,0,0,0,0,0,0
gaza,nj.com,com,GLOBAL,GLOBAL,GLOBAL,PLATFORM,0,0,0,0,0,0,0
gaza,nola.com,com,GLOBAL,GLOBAL,GLOBAL,PLATFORM,0,0,0,0,0,0,0
gaza,northcountrynow.com,com,GLOBAL,GLOBAL,GLOBAL,PLATFORM,0,0,0,0,0,0,0
gaza,northern-times.co.uk,uk,GB,Europe & Central Asia,OTHER,PLATFORM,0,0,0,0,0,0,0
gaza,oakdaleleader.com,com,GLOBAL,GLOBAL,GLOBAL,PLATFORM,0,0,0,0,0,0,0
gaza,oanow.com,com,GLOBAL,GLOBAL,GLOBAL,PLATFORM,0,0,0,0,0,0,0
gaza,obituaries.mankatofreepress.com,com,GLOBAL,GLOBAL,GLOBAL,PLATFORM,0,0,0,0,0,0,0
gaza,omanobserver.om,om,NA,NA,OTHER,PLATFORM,0,0,0,0,0,0,0
gaza,oneindia.com,com,GLOBAL,GLOBAL,GLOBAL,PLATFORM,0,0,0,0,0,0,0
gaza,parisstaronline.com:443,NA,NA,NA,OTHER,PLATFORM,0,0,0,0,0,0,0
gaza,patheos.com,com,GLOBAL,GLOBAL,GLOBAL,PLATFORM,0,0,0,0,0,0,0
gaza,paysonroundup.com,com,GLOBAL,GLOBAL,GLOBAL,PLATFORM,0,0,0,0,0,0,0
gaza,people.com,com,GLOBAL,GLOBAL,GLOBAL,PLATFORM,0,0,0,0,0,0,0
gaza,perthnow.com.au,au,AU,East Asia & Pacific,OTHER,PLATFORM,0,0,0,0,0,0,0
gaza,pittnews.com,com,GLOBAL,GLOBAL,GLOBAL,PLATFORM,0,0,0,0,0,0,0
gaza,polkio.com,com,GLOBAL,GLOBAL,GLOBAL,PLATFORM,0,0,0,0,0,0,0
gaza,portpirierecorder.com.au,au,AU,East Asia & Pacific,OTHER,PLATFORM,0,0,0,0,0,0,0
gaza,postandcourier.com,com,GLOBAL,GLOBAL,GLOBAL,PLATFORM,0,0,0,0,0,0,0
gaza,poundingtherock.com,com,GLOBAL,GLOBAL,GLOBAL,PLATFORM,0,0,0,0,0,0,0
gaza,power1009.iheart.com,com,GLOBAL,GLOBAL,GLOBAL,PLATFORM,0,0,0,0,0,0,0
gaza,power1051.iheart.com,com,GLOBAL,GLOBAL,GLOBAL,PLATFORM,0,0,0,0,0,0,0
gaza,ptinews.com,com,GLOBAL,GLOBAL,GLOBAL,PLATFORM,0,0,0,0,0,0,0
gaza,publicradiotulsa.org,org,GLOBAL,GLOBAL,GLOBAL,PLATFORM,0,0,0,0,0,0,0
gaza,q1033.iheart.com,com,GLOBAL,GLOBAL,GLOBAL,PLATFORM,0,0,0,0,0,0,0
gaza,q985online.com,com,GLOBAL,GLOBAL,GLOBAL,PLATFORM,0,0,0,0,0,0,0
gaza,quadrant.org.au,au,AU,East Asia & Pacific,OTHER,PLATFORM,0,0,0,0,0,0,0
gaza,realtybiznews.com,com,GLOBAL,GLOBAL,GLOBAL,PLATFORM,0,0,0,0,0,0,0
gaza,reliefweb.int,int,NA,NA,OTHER,PLATFORM,0,0,0,0,0,0,0
gaza,reviewingthebrew.com,com,GLOBAL,GLOBAL,GLOBAL,PLATFORM,0,0,0,0,0,0,0
gaza,richmond.com,com,GLOBAL,GLOBAL,GLOBAL,PLATFORM,0,0,0,0,0,0,0
gaza,rock967.iheart.com,com,GLOBAL,GLOBAL,GLOBAL,PLATFORM,0,0,0,0,0,0,0
gaza,rockymounttelegram.com,com,GLOBAL,GLOBAL,GLOBAL,PLATFORM,0,0,0,0,0,0,0
gaza,roscommonherald.ie,ie,NA,NA,OTHER,PLATFORM,0,0,0,0,0,0,0
gaza,routesonline.com,com,GLOBAL,GLOBAL,GLOBAL,PLATFORM,0,0,0,0,0,0,0
gaza,rte.ie,ie,NA,NA,OTHER,PLATFORM,0,0,0,0,0,0,0
gaza,rutlandherald.com,com,GLOBAL,GLOBAL,GLOBAL,PLATFORM,0,0,0,0,0,0,0
gaza,sarniathisweek.com:443,NA,NA,NA,OTHER,PLATFORM,0,0,0,0,0,0,0
gaza,sheknows.com,com,GLOBAL,GLOBAL,GLOBAL,PLATFORM,0,0,0,0,0,0,0
gaza,signalscv.com,com,GLOBAL,GLOBAL,GLOBAL,PLATFORM,0,0,0,0,0,0,0
gaza,singletonargus.com.au,au,AU,East Asia & Pacific,OTHER,PLATFORM,0,0,0,0,0,0,0
gaza,sltrib.com,com,GLOBAL,GLOBAL,GLOBAL,PLATFORM,0,0,0,0,0,0,0
gaza,snl24.com,com,GLOBAL,GLOBAL,GLOBAL,PLATFORM,0,0,0,0,0,0,0
gaza,stgeorgeutah.com,com,GLOBAL,GLOBAL,GLOBAL,PLATFORM,0,0,0,0,0,0,0
gaza,strathroyagedispatch.com:443,NA,NA,NA,OTHER,PLATFORM,0,0,0,0,0,0,0
gaza,stthomastimesjournal.com:443,NA,NA,NA,OTHER,PLATFORM,0,0,0,0,0,0,0
gaza,sundaymail.co.zw,zw,NA,NA,OTHER,PLATFORM,0,0,0,0,0,0,0
gaza,sunny102fm.iheart.com,com,GLOBAL,GLOBAL,GLOBAL,PLATFORM,0,0,0,0,0,0,0
gaza,support.whyy.org,org,GLOBAL,GLOBAL,GLOBAL,PLATFORM,0,0,0,0,0,0,0
gaza,sydneysun.com,com,GLOBAL,GLOBAL,GLOBAL,PLATFORM,0,0,0,0,0,0,0
gaza,tearaway.co.nz,nz,NZ,East Asia & Pacific,OTHER,PLATFORM,0,0,0,0,0,0,0
gaza,the42.ie,ie,NA,NA,OTHER,PLATFORM,0,0,0,0,0,0,0
gaza,theadvocate.com,com,GLOBAL,GLOBAL,GLOBAL,PLATFORM,0,0,0,0,0,0,0
gaza,theatlantic.com,com,GLOBAL,GLOBAL,GLOBAL,PLATFORM,0,0,0,0,0,0,0
gaza,thebostonpilot.com,com,GLOBAL,GLOBAL,GLOBAL,PLATFORM,0,0,0,0,0,0,0
gaza,thedailynewsonline.com,com,GLOBAL,GLOBAL,GLOBAL,PLATFORM,0,0,0,0,0,0,0
gaza,theday.com,com,GLOBAL,GLOBAL,GLOBAL,PLATFORM,0,0,0,0,0,0,0
gaza,thelabradorian.ca,ca,CA,North America,OTHER,PLATFORM,0,0,0,0,0,0,0
gaza,themercury.com.au,au,AU,East Asia & Pacific,OTHER,PLATFORM,0,0,0,0,0,0,0
gaza,thepeoplesperson.com,com,GLOBAL,GLOBAL,GLOBAL,PLATFORM,0,0,0,0,0,0,0
gaza,thepiratescove.us,us,US,North America,OTHER,PLATFORM,0,0,0,0,0,0,0
gaza,theriver1059.iheart.com,com,GLOBAL,GLOBAL,GLOBAL,PLATFORM,0,0,0,0,0,0,0
gaza,theverge.com,com,GLOBAL,GLOBAL,GLOBAL,PLATFORM,0,0,0,0,0,0,0
gaza,thewrap.com,com,GLOBAL,GLOBAL,GLOBAL,PLATFORM,0,0,0,0,0,0,0
gaza,thirdsector.co.uk,uk,GB,Europe & Central Asia,OTHER,PLATFORM,0,0,0,0,0,0,0
gaza,timminspress.com:443,NA,NA,NA,OTHER,PLATFORM,0,0,0,0,0,0,0
gaza,tradearabia.com,com,GLOBAL,GLOBAL,GLOBAL,PLATFORM,0,0,0,0,0,0,0
gaza,tsn.ca,ca,CA,North America,OTHER,PLATFORM,0,0,0,0,0,0,0
gaza,us97.iheart.com,com,GLOBAL,GLOBAL,GLOBAL,PLATFORM,0,0,0,0,0,0,0
gaza,vaildaily.com,com,GLOBAL,GLOBAL,GLOBAL,PLATFORM,0,0,0,0,0,0,0
gaza,watchingamerica.com,com,GLOBAL,GLOBAL,GLOBAL,PLATFORM,0,0,0,0,0,0,0
gaza,watoday.com.au,au,AU,East Asia & Pacific,OTHER,PLATFORM,0,0,0,0,0,0,0
gaza,wdsu.com,com,GLOBAL,GLOBAL,GLOBAL,PLATFORM,0,0,0,0,0,0,0
gaza,wescfm.iheart.com,com,GLOBAL,GLOBAL,GLOBAL,PLATFORM,0,0,0,0,0,0,0
gaza,whoradio.iheart.com,com,GLOBAL,GLOBAL,GLOBAL,PLATFORM,0,0,0,0,0,0,0
gaza,whvoradio.com,com,GLOBAL,GLOBAL,GLOBAL,PLATFORM,0,0,0,0,0,0,0
gaza,whyy.org,org,GLOBAL,GLOBAL,GLOBAL,PLATFORM,0,0,0,0,0,0,0
gaza,wibw.com,com,GLOBAL,GLOBAL,GLOBAL,PLATFORM,0,0,0,0,0,0,0
gaza,winnipeg.ctvnews.ca,ca,CA,North America,OTHER,PLATFORM,0,0,0,0,0,0,0
gaza,wirralglobe.co.uk,uk,GB,Europe & Central Asia,OTHER,PLATFORM,0,0,0,0,0,0,0
gaza,witneygazette.co.uk,uk,GB,Europe & Central Asia,OTHER,PLATFORM,0,0,0,0,0,0,0
gaza,wkrg.com,com,GLOBAL,GLOBAL,GLOBAL,PLATFORM,0,0,0,0,0,0,0
gaza,wkuherald.com,com,GLOBAL,GLOBAL,GLOBAL,PLATFORM,0,0,0,0,0,0,0
gaza,wlap.iheart.com,com,GLOBAL,GLOBAL,GLOBAL,PLATFORM,0,0,0,0,0,0,0
gaza,wlip.com,com,GLOBAL,GLOBAL,GLOBAL,PLATFORM,0,0,0,0,0,0,0
gaza,wmse.org,org,GLOBAL,GLOBAL,GLOBAL,PLATFORM,0,0,0,0,0,0,0
gaza,wnic.iheart.com,com,GLOBAL,GLOBAL,GLOBAL,PLATFORM,0,0,0,0,0,0,0
gaza,wsvn.com,com,GLOBAL,GLOBAL,GLOBAL,PLATFORM,0,0,0,0,0,0,0
gaza,wtag.iheart.com,com,GLOBAL,GLOBAL,GLOBAL,PLATFORM,0,0,0,0,0,0,0
gaza,wtma.com,com,GLOBAL,GLOBAL,GLOBAL,PLATFORM,0,0,0,0,0,0,0
gaza,yasstribune.com.au,au,AU,East Asia & Pacific,OTHER,PLATFORM,0,0,0,0,0,0,0
gaza,yourlocalguardian.co.uk,uk,GB,Europe & Central Asia,OTHER,PLATFORM,0,0,0,0,0,0,0
gaza,ypradio.org,org,GLOBAL,GLOBAL,GLOBAL,PLATFORM,0,0,0,0,0,0,0
gaza,790waeb.iheart.com,com,GLOBAL,GLOBAL,GLOBAL,PLATFORM,0,0,0,0,0,0,0
gaza,953thebear.com,com,GLOBAL,GLOBAL,GLOBAL,PLATFORM,0,0,0,0,0,0,0
gaza,985kissfm.net,net,GLOBAL,GLOBAL,GLOBAL,PLATFORM,0,0,0,0,0,0,0
gaza,993thebeat.iheart.com,com,GLOBAL,GLOBAL,GLOBAL,PLATFORM,0,0,0,0,0,0,0
gaza,9news.com,com,GLOBAL,GLOBAL,GLOBAL,PLATFORM,0,0,0,0,0,0,0
gaza,accessatlanta.com,com,GLOBAL,GLOBAL,GLOBAL,PLATFORM,0,0,0,0,0,0,0
gaza,al-awassef.com,com,GLOBAL,GLOBAL,GLOBAL,PLATFORM,0,0,0,0,0,0,0
gaza,al-monitor.com,com,GLOBAL,GLOBAL,GLOBAL,PLATFORM,0,0,0,0,0,0,0
gaza,al.com,com,GLOBAL,GLOBAL,GLOBAL,PLATFORM,0,0,0,0,0,0,0
gaza,arabnews.com,com,GLOBAL,GLOBAL,GLOBAL,PLATFORM,0,0,1,0,0,0,1
gaza,arizonadailyindependent.com,com,GLOBAL,GLOBAL,GLOBAL,PLATFORM,0,0,0,0,0,0,0
gaza,atholdailynews.com,com,GLOBAL,GLOBAL,GLOBAL,PLATFORM,0,0,0,0,0,0,0
gaza,avweb.com,com,GLOBAL,GLOBAL,GLOBAL,PLATFORM,0,0,0,0,0,0,0
gaza,azfamily.com,com,GLOBAL,GLOBAL,GLOBAL,PLATFORM,0,0,0,0,0,0,0
gaza,b98.com,com,GLOBAL,GLOBAL,GLOBAL,PLATFORM,0,0,0,0,0,0,0
gaza,bakersfield.com,com,GLOBAL,GLOBAL,GLOBAL,PLATFORM,0,0,0,0,0,0,0
gaza,behindthesteelcurtain.com,com,GLOBAL,GLOBAL,GLOBAL,PLATFORM,0,0,0,0,0,0,0
gaza,bellanaija.com,com,GLOBAL,GLOBAL,GLOBAL,PLATFORM,0,0,0,0,0,0,0
gaza,bigoven.com,com,GLOBAL,GLOBAL,GLOBAL,PLATFORM,0,0,0,0,0,0,0
gaza,bleacherreport.com,com,GLOBAL,GLOBAL,GLOBAL,PLATFORM,0,0,0,0,0,0,0
gaza,bostonherald.com,com,GLOBAL,GLOBAL,GLOBAL,PLATFORM,0,0,0,0,0,0,0
gaza,bozemandailychronicle.com,com,GLOBAL,GLOBAL,GLOBAL,PLATFORM,0,0,0,0,0,0,0
gaza,business.inquirer.net,net,GLOBAL,GLOBAL,GLOBAL,PLATFORM,0,0,0,0,0,0,0
gaza,cagle.com,com,GLOBAL,GLOBAL,GLOBAL,PLATFORM,0,0,0,0,0,0,0
gaza,cbs58.com,com,GLOBAL,GLOBAL,GLOBAL,PLATFORM,0,0,0,0,0,0,0
gaza,channelstv.com,com,GLOBAL,GLOBAL,GLOBAL,PLATFORM,0,0,0,0,0,0,0
gaza,chicagotribune.com,com,GLOBAL,GLOBAL,GLOBAL,PLATFORM,0,0,0,0,0,0,0
gaza,chimpreports.com,com,GLOBAL,GLOBAL,GLOBAL,PLATFORM,0,0,0,0,0,0,0
gaza,chinaview.cn,cn,CN,East Asia & Pacific,OTHER,PLATFORM,0,0,0,0,0,0,0
gaza,chipchick.com,com,GLOBAL,GLOBAL,GLOBAL,PLATFORM,0,0,0,0,0,0,0
gaza,cincyjungle.com,com,GLOBAL,GLOBAL,GLOBAL,PLATFORM,0,0,0,0,0,0,0
gaza,citybeat.com,com,GLOBAL,GLOBAL,GLOBAL,PLATFORM,0,0,0,0,0,0,0
gaza,community.scoop.co.nz,nz,NZ,East Asia & Pacific,OTHER,PLATFORM,0,0,0,0,0,0,0
gaza,courant.com,com,GLOBAL,GLOBAL,GLOBAL,PLATFORM,0,0,0,0,0,0,0
gaza,dailycollegian.com,com,GLOBAL,GLOBAL,GLOBAL,PLATFORM,0,0,0,0,0,0,0
gaza,dailyillini.com,com,GLOBAL,GLOBAL,GLOBAL,PLATFORM,0,0,0,0,0,0,0
gaza,dailykos.com,com,GLOBAL,GLOBAL,GLOBAL,PLATFORM,0,0,0,0,0,0,0
gaza,dailymirror.lk,lk,NA,NA,OTHER,PLATFORM,0,0,0,0,0,0,0
gaza,dailyorange.com,com,GLOBAL,GLOBAL,GLOBAL,PLATFORM,0,0,0,0,0,0,0
gaza,dailypress.com,com,GLOBAL,GLOBAL,GLOBAL,PLATFORM,0,0,0,0,0,0,0
gaza,denverpost.com,com,GLOBAL,GLOBAL,GLOBAL,PLATFORM,0,0,0,0,0,0,0
gaza,dhakatribune.com,com,GLOBAL,GLOBAL,GLOBAL,PLATFORM,0,0,0,0,0,0,0
gaza,dublincity.ie,ie,NA,NA,OTHER,PLATFORM,0,0,0,0,0,0,0
gaza,eastbaytimes.com,com,GLOBAL,GLOBAL,GLOBAL,PLATFORM,0,0,0,0,0,0,0
gaza,elystandard.co.uk,uk,GB,Europe & Central Asia,OTHER,PLATFORM,0,0,0,0,0,0,0
gaza,empireofthekop.com,com,GLOBAL,GLOBAL,GLOBAL,PLATFORM,0,0,0,0,0,0,0
gaza,enviweb.cz,cz,NA,NA,OTHER,PLATFORM,0,0,0,0,0,0,0
gaza,ephotozine.com,com,GLOBAL,GLOBAL,GLOBAL,PLATFORM,0,0,0,0,0,0,0
gaza,eurogamer.net,net,GLOBAL,GLOBAL,GLOBAL,PLATFORM,0,0,0,0,0,0,0
gaza,expressandstar.com,com,GLOBAL,GLOBAL,GLOBAL,PLATFORM,0,0,0,0,0,0,0
gaza,fark.com,com,GLOBAL,GLOBAL,GLOBAL,PLATFORM,0,0,0,0,0,0,0
gaza,flickeringmyth.com,com,GLOBAL,GLOBAL,GLOBAL,PLATFORM,0,0,0,0,0,0,0
gaza,fox13news.com,com,GLOBAL,GLOBAL,GLOBAL,PLATFORM,0,0,0,0,0,0,0
gaza,fox43.com,com,GLOBAL,GLOBAL,GLOBAL,PLATFORM,0,0,0,0,0,0,0
gaza,fox59.com,com,GLOBAL,GLOBAL,GLOBAL,PLATFORM,0,0,0,0,0,0,0
gaza,fox5ny.com,com,GLOBAL,GLOBAL,GLOBAL,PLATFORM,0,0,0,0,0,0,0
gaza,foxcarolina.com,com,GLOBAL,GLOBAL,GLOBAL,PLATFORM,0,0,0,0,0,0,0
gaza,foxsportsam1280.iheart.com,com,GLOBAL,GLOBAL,GLOBAL,PLATFORM,0,0,0,0,0,0,0
gaza,funkytaurusmedia.com,com,GLOBAL,GLOBAL,GLOBAL,PLATFORM,0,0,0,0,0,0,0
gaza,gamerant.com,com,GLOBAL,GLOBAL,GLOBAL,PLATFORM,0,0,0,0,0,0,0
gaza,gdnonline.com,com,GLOBAL,GLOBAL,GLOBAL,PLATFORM,0,0,0,0,0,0,0
gaza,georgetownvoice.com,com,GLOBAL,GLOBAL,GLOBAL,PLATFORM,0,0,0,0,0,0,0
gaza,gringogazette.com,com,GLOBAL,GLOBAL,GLOBAL,PLATFORM,0,0,0,0,0,0,0
gaza,gulf-times.com,com,GLOBAL,GLOBAL,GLOBAL,PLATFORM,0,0,0,0,0,0,0
gaza,halfwheel.com,com,GLOBAL,GLOBAL,GLOBAL,PLATFORM,0,0,0,0,0,0,0
gaza,hawkesburygazette.com.au,au,AU,East Asia & Pacific,OTHER,PLATFORM,0,0,0,0,0,0,0
gaza,heavy.com,com,GLOBAL,GLOBAL,GLOBAL,PLATFORM,0,0,0,0,0,0,0
gaza,hiawathaworldonline.com,com,GLOBAL,GLOBAL,GLOBAL,PLATFORM,0,0,0,0,0,0,0
gaza,homenewshere.com,com,GLOBAL,GLOBAL,GLOBAL,PLATFORM,0,0,0,0,0,0,0
gaza,hot101.com,com,GLOBAL,GLOBAL,GLOBAL,PLATFORM,0,0,0,0,0,0,0
gaza,humanevents.com:443,NA,NA,NA,OTHER,PLATFORM,0,0,0,0,0,0,0
gaza,iclarified.com,com,GLOBAL,GLOBAL,GLOBAL,PLATFORM,0,0,0,0,0,0,0
gaza,idahostatejournal.com,com,GLOBAL,GLOBAL,GLOBAL,PLATFORM,0,0,0,0,0,0,0
gaza,idahostatesman.com,com,GLOBAL,GLOBAL,GLOBAL,PLATFORM,0,0,0,0,0,0,0
gaza,imore.com,com,GLOBAL,GLOBAL,GLOBAL,PLATFORM,0,0,0,0,0,0,0
gaza,indaily.com.au,au,AU,East Asia & Pacific,OTHER,PLATFORM,0,0,0,0,0,0,0
gaza,independentaustralia.net,net,GLOBAL,GLOBAL,GLOBAL,PLATFORM,0,0,0,0,0,0,0
gaza,insidermonkey.com,com,GLOBAL,GLOBAL,GLOBAL,PLATFORM,0,0,0,0,0,0,0
gaza,ipwatchdog.com,com,GLOBAL,GLOBAL,GLOBAL,PLATFORM,0,0,0,0,0,0,0
gaza,jaysjournal.com,com,GLOBAL,GLOBAL,GLOBAL,PLATFORM,0,0,0,0,0,0,0
gaza,jewishchronicle.org,org,GLOBAL,GLOBAL,GLOBAL,PLATFORM,0,0,0,0,0,0,0
gaza,jhnewsandguide.com,com,GLOBAL,GLOBAL,GLOBAL,PLATFORM,0,0,0,0,0,0,0
gaza,justjared.com,com,GLOBAL,GLOBAL,GLOBAL,PLATFORM,0,0,0,0,0,0,0
gaza,k96fm.com,com,GLOBAL,GLOBAL,GLOBAL,PLATFORM,0,0,0,0,0,0,0
gaza,kafe.com,com,GLOBAL,GLOBAL,GLOBAL,PLATFORM,0,0,0,0,0,0,0
gaza,kcrg.com,com,GLOBAL,GLOBAL,GLOBAL,PLATFORM,0,0,0,0,0,0,0
gaza,keighleynews.co.uk,uk,GB,Europe & Central Asia,OTHER,PLATFORM,0,0,0,0,0,0,0
gaza,kens5.com,com,GLOBAL,GLOBAL,GLOBAL,PLATFORM,0,0,0,0,0,0,0
gaza,ketr.org,org,GLOBAL,GLOBAL,GLOBAL,PLATFORM,0,0,0,0,0,0,0
gaza,khou.com,com,GLOBAL,GLOBAL,GLOBAL,PLATFORM,0,0,0,0,0,0,0
gaza,khq.com,com,GLOBAL,GLOBAL,GLOBAL,PLATFORM,0,0,0,0,0,0,0
gaza,kisscasper.com,com,GLOBAL,GLOBAL,GLOBAL,PLATFORM,0,0,0,0,0,0,0
gaza,klur.com,com,GLOBAL,GLOBAL,GLOBAL,PLATFORM,0,0,0,0,0,0,0
gaza,kmov.com,com,GLOBAL,GLOBAL,GLOBAL,PLATFORM,0,0,0,0,0,0,0
gaza,krmsradio.com,com,GLOBAL,GLOBAL,GLOBAL,PLATFORM,0,0,0,0,0,0,0
gaza,ktep.org,org,GLOBAL,GLOBAL,GLOBAL,PLATFORM,0,0,0,0,0,0,0
gaza,kxic.iheart.com,com,GLOBAL,GLOBAL,GLOBAL,PLATFORM,0,0,0,0,0,0,0
gaza,kxl.com,com,GLOBAL,GLOBAL,GLOBAL,PLATFORM,0,0,0,0,0,0,0
gaza,kxnet.com,com,GLOBAL,GLOBAL,GLOBAL,PLATFORM,0,0,0,0,0,0,0
gaza,lbc.co.uk,uk,GB,Europe & Central Asia,OTHER,PLATFORM,0,0,0,0,0,0,0
gaza,limelightmagazine.com.au,au,AU,East Asia & Pacific,OTHER,PLATFORM,0,0,0,0,0,0,0
gaza,lite987.com,com,GLOBAL,GLOBAL,GLOBAL,PLATFORM,0,0,0,0,0,0,0
gaza,livescience.com,com,GLOBAL,GLOBAL,GLOBAL,PLATFORM,0,0,0,0,0,0,0
gaza,marketscreener.com,com,GLOBAL,GLOBAL,GLOBAL,PLATFORM,0,0,0,0,0,0,0
gaza,mediaite.com,com,GLOBAL,GLOBAL,GLOBAL,PLATFORM,0,0,0,0,0,0,0
gaza,miningnews.net,net,GLOBAL,GLOBAL,GLOBAL,PLATFORM,0,0,0,0,0,0,0
gaza,mix941kmxj.com,com,GLOBAL,GLOBAL,GLOBAL,PLATFORM,0,0,0,0,0,0,0
gaza,moddb.com,com,GLOBAL,GLOBAL,GLOBAL,PLATFORM,0,0,0,0,0,0,0
gaza,montreal.ctvnews.ca,ca,CA,North America,OTHER,PLATFORM,0,0,0,0,0,0,0
gaza,mybuckhannon.com,com,GLOBAL,GLOBAL,GLOBAL,PLATFORM,0,0,0,0,0,0,0
gaza,myjoyonline.com,com,GLOBAL,GLOBAL,GLOBAL,PLATFORM,0,0,0,0,0,0,0
gaza,mynewsla.com,com,GLOBAL,GLOBAL,GLOBAL,PLATFORM,0,0,0,0,0,0,0
gaza,namibiansun.com,com,GLOBAL,GLOBAL,GLOBAL,PLATFORM,0,0,0,0,0,0,0
gaza,napavalleyregister.com,com,GLOBAL,GLOBAL,GLOBAL,PLATFORM,0,0,0,0,0,0,0
gaza,nasaspaceflight.com,com,GLOBAL,GLOBAL,GLOBAL,PLATFORM,0,0,0,0,0,0,0
gaza,nbr.co.nz,nz,NZ,East Asia & Pacific,OTHER,PLATFORM,0,0,0,0,0,0,0
gaza,nevadaappeal.com,com,GLOBAL,GLOBAL,GLOBAL,PLATFORM,0,0,0,0,0,0,0
gaza,newburyportnews.com,com,GLOBAL,GLOBAL,GLOBAL,PLATFORM,0,0,0,0,0,0,0
gaza,news.antiwar.com,com,GLOBAL,GLOBAL,GLOBAL,PLATFORM,0,0,0,0,0,0,0
gaza,news.webindia123.com,com,GLOBAL,GLOBAL,GLOBAL,PLATFORM,0,0,0,0,0,0,0
gaza,newsday.com,com,GLOBAL,GLOBAL,GLOBAL,PLATFORM,0,0,0,0,0,0,0
gaza,newsdigest.ng,ng,NG,Sub-Saharan Africa,AFRICA,PLATFORM,0,0,0,0,0,0,0
gaza,newspressnow.com,com,GLOBAL,GLOBAL,GLOBAL,PLATFORM,0,0,0,0,0,0,0
gaza,newyorker.com,com,GLOBAL,GLOBAL,GLOBAL,PLATFORM,0,0,0,0,0,0,0
gaza,nhl.com,com,GLOBAL,GLOBAL,GLOBAL,PLATFORM,0,0,0,0,0,0,0
gaza,nigerianeye.com,com,GLOBAL,GLOBAL,GLOBAL,PLATFORM,0,0,0,0,0,0,0
gaza,noozhawk.com,com,GLOBAL,GLOBAL,GLOBAL,PLATFORM,0,0,0,0,0,0,0
gaza,nova.ie,ie,NA,NA,OTHER,PLATFORM,0,0,0,0,0,0,0
gaza,nzherald.co.nz,nz,NZ,East Asia & Pacific,OTHER,PLATFORM,0,0,0,0,0,0,0
gaza,oilprice.com,com,GLOBAL,GLOBAL,GLOBAL,PLATFORM,0,0,0,0,0,0,0
gaza,oklahomastar.com,com,GLOBAL,GLOBAL,GLOBAL,PLATFORM,0,0,0,0,0,0,0
gaza,orlandosentinel.com,com,GLOBAL,GLOBAL,GLOBAL,PLATFORM,0,0,0,0,0,0,0
gaza,patriotla.iheart.com,com,GLOBAL,GLOBAL,GLOBAL,PLATFORM,0,0,0,0,0,0,0
gaza,peninsuladailynews.com,com,GLOBAL,GLOBAL,GLOBAL,PLATFORM,0,0,0,0,0,0,0
gaza,pennlive.com,com,GLOBAL,GLOBAL,GLOBAL,PLATFORM,0,0,0,0,0,0,0
gaza,phoronix.com,com,GLOBAL,GLOBAL,GLOBAL,PLATFORM,0,0,0,0,0,0,0
gaza,pinkvilla.com,com,GLOBAL,GLOBAL,GLOBAL,PLATFORM,0,0,0,0,0,0,0
gaza,postbulletin.com,com,GLOBAL,GLOBAL,GLOBAL,PLATFORM,0,0,0,0,0,0,0
gaza,punchng.com,com,GLOBAL,GLOBAL,GLOBAL,PLATFORM,0,0,0,0,0,0,0
gaza,readingeagle.com,com,GLOBAL,GLOBAL,GLOBAL,PLATFORM,0,0,0,0,0,0,0
gaza,realitytvworld.com,com,GLOBAL,GLOBAL,GLOBAL,PLATFORM,0,0,0,0,0,0,0
gaza,recorder.com,com,GLOBAL,GLOBAL,GLOBAL,PLATFORM,0,0,0,0,0,0,0
gaza,regina.ctvnews.ca,ca,CA,North America,OTHER,PLATFORM,0,0,0,0,0,0,0
gaza,rewind943.com,com,GLOBAL,GLOBAL,GLOBAL,PLATFORM,0,0,0,0,0,0,0
gaza,romesentinel.com,com,GLOBAL,GLOBAL,GLOBAL,PLATFORM,0,0,0,0,0,0,0
gaza,sandiegouniontribune.com,com,GLOBAL,GLOBAL,GLOBAL,PLATFORM,0,0,0,0,0,0,0
gaza,saratogian.com,com,GLOBAL,GLOBAL,GLOBAL,PLATFORM,0,0,0,0,0,0,0
gaza,saultthisweek.com:443,NA,NA,NA,OTHER,PLATFORM,0,0,0,0,0,0,0
gaza,sosradio.net,net,GLOBAL,GLOBAL,GLOBAL,PLATFORM,0,0,0,0,0,0,0
gaza,speedwaymedia.com,com,GLOBAL,GLOBAL,GLOBAL,PLATFORM,0,0,0,0,0,0,0
gaza,springfieldnewssun.com,com,GLOBAL,GLOBAL,GLOBAL,PLATFORM,0,0,0,0,0,0,0
gaza,standard.net.au,au,AU,East Asia & Pacific,OTHER,PLATFORM,0,0,0,0,0,0,0
gaza,standardmedia.co.ke,ke,NA,NA,OTHER,PLATFORM,0,0,0,0,0,0,0
gaza,starobserver.com.au,au,AU,East Asia & Pacific,OTHER,PLATFORM,0,0,0,0,0,0,0
gaza,stereoboard.com,com,GLOBAL,GLOBAL,GLOBAL,PLATFORM,0,0,0,0,0,0,0
gaza,stourbridgenews.co.uk,uk,GB,Europe & Central Asia,OTHER,PLATFORM,0,0,0,0,0,0,0
gaza,strategy-business.com,com,GLOBAL,GLOBAL,GLOBAL,PLATFORM,0,0,0,0,0,0,0
gaza,stuff.co.nz,nz,NZ,East Asia & Pacific,OTHER,PLATFORM,0,0,0,0,0,0,0
gaza,swoknews.com,com,GLOBAL,GLOBAL,GLOBAL,PLATFORM,0,0,0,0,0,0,0
gaza,tampabay.com,com,GLOBAL,GLOBAL,GLOBAL,PLATFORM,0,0,0,0,0,0,0
gaza,techradar.com,com,GLOBAL,GLOBAL,GLOBAL,PLATFORM,0,0,0,0,0,0,0
gaza,telegraphherald.com,com,GLOBAL,GLOBAL,GLOBAL,PLATFORM,0,0,0,0,0,0,0
gaza,tesfanews.net,net,GLOBAL,GLOBAL,GLOBAL,PLATFORM,0,0,0,0,0,0,0
gaza,thailand-business-news.com,com,GLOBAL,GLOBAL,GLOBAL,PLATFORM,0,0,0,0,0,0,0
gaza,theconversation.com,com,GLOBAL,GLOBAL,GLOBAL,PLATFORM,0,0,0,0,0,0,0
gaza,thecourier.com.au,au,AU,East Asia & Pacific,OTHER,PLATFORM,0,0,0,0,0,0,0
gaza,theepochtimes.com,com,GLOBAL,GLOBAL,GLOBAL,PLATFORM,0,0,0,0,0,0,0
gaza,thehindu.com,com,GLOBAL,GLOBAL,GLOBAL,PLATFORM,0,0,0,0,0,0,0
gaza,theitem.com,com,GLOBAL,GLOBAL,GLOBAL,PLATFORM,0,0,0,0,0,0,0
gaza,thenational.scot,scot,NA,NA,OTHER,PLATFORM,0,0,0,0,0,0,0
gaza,thenews-chronicle.com,com,GLOBAL,GLOBAL,GLOBAL,PLATFORM,0,0,0,0,0,0,0
gaza,thenews.com.pk,pk,NA,NA,OTHER,PLATFORM,0,0,0,0,0,0,0
gaza,thenewsnigeria.com.ng,ng,NG,Sub-Saharan Africa,AFRICA,PLATFORM,0,0,0,0,0,0,0
gaza,theprint.in,in,IN,South Asia,OTHER,PLATFORM,0,0,0,0,0,0,0
gaza,therightscoop.com,com,GLOBAL,GLOBAL,GLOBAL,PLATFORM,0,0,0,0,0,0,0
gaza,theshovel.com.au,au,AU,East Asia & Pacific,OTHER,PLATFORM,0,0,0,0,0,0,0
gaza,thewest.com.au,au,AU,East Asia & Pacific,OTHER,PLATFORM,0,0,0,0,0,0,0
gaza,thisismoney.co.uk,uk,GB,Europe & Central Asia,OTHER,PLATFORM,0,0,0,0,0,0,0
gaza,times-advocate.com,com,GLOBAL,GLOBAL,GLOBAL,PLATFORM,0,0,0,0,0,0,0
gaza,timesofsandiego.com,com,GLOBAL,GLOBAL,GLOBAL,PLATFORM,0,0,0,0,0,0,0
gaza,toronto.ctvnews.ca,ca,CA,North America,OTHER,PLATFORM,0,0,0,0,0,0,0
gaza,tradewindsnews.com,com,GLOBAL,GLOBAL,GLOBAL,PLATFORM,0,0,0,0,0,0,0
gaza,tulsaworld.com,com,GLOBAL,GLOBAL,GLOBAL,PLATFORM,0,0,0,0,0,0,0
gaza,up.edu.ph,ph,NA,NA,OTHER,PLATFORM,0,0,0,0,0,0,0
gaza,usanetwork.com,com,GLOBAL,GLOBAL,GLOBAL,PLATFORM,0,0,0,0,0,0,0
gaza,valawyersweekly.com,com,GLOBAL,GLOBAL,GLOBAL,PLATFORM,0,0,0,0,0,0,0
gaza,valleynewslive.com,com,GLOBAL,GLOBAL,GLOBAL,PLATFORM,0,0,0,0,0,0,0
gaza,vancouversun.com:443,NA,NA,NA,OTHER,PLATFORM,0,0,0,0,0,0,0
gaza,voanews.com,com,GLOBAL,GLOBAL,GLOBAL,PLATFORM,0,0,0,0,0,0,0
gaza,wa1a.com,com,GLOBAL,GLOBAL,GLOBAL,PLATFORM,0,0,0,0,0,0,0
gaza,warm1033.com,com,GLOBAL,GLOBAL,GLOBAL,PLATFORM,0,0,0,0,0,0,0
gaza,washingtontimes.com,com,GLOBAL,GLOBAL,GLOBAL,PLATFORM,0,0,0,0,0,0,0
gaza,wbal.com,com,GLOBAL,GLOBAL,GLOBAL,PLATFORM,0,0,0,0,0,0,0
gaza,wfmz.com,com,GLOBAL,GLOBAL,GLOBAL,PLATFORM,0,0,0,0,0,0,0
gaza,wftv.com,com,GLOBAL,GLOBAL,GLOBAL,PLATFORM,0,0,0,0,0,0,0
gaza,wfxl.com,com,GLOBAL,GLOBAL,GLOBAL,PLATFORM,0,0,0,0,0,0,0
gaza,whbl.com,com,GLOBAL,GLOBAL,GLOBAL,PLATFORM,0,0,0,0,0,0,0
gaza,whmi.com,com,GLOBAL,GLOBAL,GLOBAL,PLATFORM,0,0,0,0,0,0,0
gaza,whqr.org,org,GLOBAL,GLOBAL,GLOBAL,PLATFORM,0,0,0,0,0,0,0
gaza,windowscentral.com,com,GLOBAL,GLOBAL,GLOBAL,PLATFORM,0,0,0,0,0,0,0
gaza,wine-searcher.com,com,GLOBAL,GLOBAL,GLOBAL,PLATFORM,0,0,0,0,0,0,0
gaza,wkbw.com,com,GLOBAL,GLOBAL,GLOBAL,PLATFORM,0,0,0,0,0,0,0
gaza,wlwt.com,com,GLOBAL,GLOBAL,GLOBAL,PLATFORM,0,0,0,0,0,0,0
gaza,woodradio.iheart.com,com,GLOBAL,GLOBAL,GLOBAL,PLATFORM,0,0,0,0,0,0,0
gaza,workplaceinsight.net,net,GLOBAL,GLOBAL,GLOBAL,PLATFORM,0,0,0,0,0,0,0
gaza,wowktv.com,com,GLOBAL,GLOBAL,GLOBAL,PLATFORM,0,0,0,0,0,0,0
gaza,wprl.org,org,GLOBAL,GLOBAL,GLOBAL,PLATFORM,0,0,0,0,0,0,0
gaza,wpxi.com,com,GLOBAL,GLOBAL,GLOBAL,PLATFORM,0,0,0,0,0,0,0
gaza,wtov9.com,com,GLOBAL,GLOBAL,GLOBAL,PLATFORM,0,0,0,0,0,0,0
gaza,wtvr.com,com,GLOBAL,GLOBAL,GLOBAL,PLATFORM,0,0,0,0,0,0,0
gaza,wutc.org,org,GLOBAL,GLOBAL,GLOBAL,PLATFORM,0,0,0,0,0,0,0
gaza,wwno.org,org,GLOBAL,GLOBAL,GLOBAL,PLATFORM,0,0,0,0,0,0,0
gaza,wxfx.com,com,GLOBAL,GLOBAL,GLOBAL,PLATFORM,0,0,0,0,0,0,0
gaza,wyomingnews.com,com,GLOBAL,GLOBAL,GLOBAL,PLATFORM,0,0,0,0,0,0,0
gaza,xxlmag.com,com,GLOBAL,GLOBAL,GLOBAL,PLATFORM,0,0,0,0,0,0,0
gaza,yankton.net,net,GLOBAL,GLOBAL,GLOBAL,PLATFORM,0,0,0,0,0,0,0
gaza,z93jamz.com,com,GLOBAL,GLOBAL,GLOBAL,PLATFORM,0,0,0,0,0,0,0
gaza,102thebear.com,com,GLOBAL,GLOBAL,GLOBAL,PLATFORM,0,0,0,0,0,0,0
gaza,1035kissfm.iheart.com,com,GLOBAL,GLOBAL,GLOBAL,PLATFORM,0,0,0,0,0,0,0
gaza,103weup.com,com,GLOBAL,GLOBAL,GLOBAL,PLATFORM,0,0,0,0,0,0,0
gaza,1049thebeat.com,com,GLOBAL,GLOBAL,GLOBAL,PLATFORM,0,0,0,0,0,0,0
gaza,1057thex.com,com,GLOBAL,GLOBAL,GLOBAL,PLATFORM,0,0,0,0,0,0,0
gaza,1190kex.iheart.com,com,GLOBAL,GLOBAL,GLOBAL,PLATFORM,0,0,0,0,0,0,0
gaza,1190talkradio.iheart.com,com,GLOBAL,GLOBAL,GLOBAL,PLATFORM,0,0,0,0,0,0,0
gaza,11alive.com,com,GLOBAL,GLOBAL,GLOBAL,PLATFORM,0,0,0,0,0,0,0
gaza,3aw.com.au,au,AU,East Asia & Pacific,OTHER,PLATFORM,0,0,0,0,0,0,0
gaza,8newsnow.com,com,GLOBAL,GLOBAL,GLOBAL,PLATFORM,0,0,0,0,0,0,0
gaza,92qnashville.com,com,GLOBAL,GLOBAL,GLOBAL,PLATFORM,0,0,0,0,0,0,0
gaza,947-star.com,com,GLOBAL,GLOBAL,GLOBAL,PLATFORM,0,0,0,0,0,0,0
gaza,961jamz.com,com,GLOBAL,GLOBAL,GLOBAL,PLATFORM,0,0,0,0,0,0,0
gaza,972mag.com,com,GLOBAL,GLOBAL,GLOBAL,PLATFORM,0,0,0,0,0,0,0
gaza,980waav.com,com,GLOBAL,GLOBAL,GLOBAL,PLATFORM,0,0,0,0,0,0,0
gaza,98rockme.iheart.com,com,GLOBAL,GLOBAL,GLOBAL,PLATFORM,0,0,0,0,0,0,0
gaza,999ktdy.com,com,GLOBAL,GLOBAL,GLOBAL,PLATFORM,0,0,0,0,0,0,0
gaza,999thepoint.com,com,GLOBAL,GLOBAL,GLOBAL,PLATFORM,0,0,0,0,0,0,0
gaza,9news.com.au,au,AU,East Asia & Pacific,OTHER,PLATFORM,0,0,0,0,0,0,0
gaza,abajournal.com,com,GLOBAL,GLOBAL,GLOBAL,PLATFORM,0,0,0,0,0,0,0
gaza,abc3340.com,com,GLOBAL,GLOBAL,GLOBAL,PLATFORM,0,0,0,0,0,0,0
gaza,abc6onyourside.com,com,GLOBAL,GLOBAL,GLOBAL,PLATFORM,0,0,0,0,0,0,0
gaza,abc7.com,com,GLOBAL,GLOBAL,GLOBAL,PLATFORM,0,0,0,0,0,0,0
gaza,abc7ny.com,com,GLOBAL,GLOBAL,GLOBAL,PLATFORM,0,0,0,0,0,0,0
gaza,abovethelaw.com,com,GLOBAL,GLOBAL,GLOBAL,PLATFORM,0,0,0,0,0,0,0
gaza,acainternational.org,org,GLOBAL,GLOBAL,GLOBAL,PLATFORM,0,0,0,0,0,0,0
gaza,accountantsdaily.com.au,au,AU,East Asia & Pacific,OTHER,PLATFORM,0,0,0,0,0,0,0
gaza,agcnews.eu,eu,NA,NA,OTHER,PLATFORM,0,0,0,0,0,0,0
gaza,agweb.com,com,GLOBAL,GLOBAL,GLOBAL,PLATFORM,0,0,0,0,0,0,0
gaza,annistonstar.com,com,GLOBAL,GLOBAL,GLOBAL,PLATFORM,0,0,0,0,0,0,0
gaza,archaeology.org,org,GLOBAL,GLOBAL,GLOBAL,PLATFORM,0,0,0,0,0,0,0
gaza,arrowheadpride.com,com,GLOBAL,GLOBAL,GLOBAL,PLATFORM,0,0,0,0,0,0,0
gaza,auckland.scoop.co.nz,nz,NZ,East Asia & Pacific,OTHER,PLATFORM,0,0,0,0,0,0,0
gaza,austin.culturemap.com,com,GLOBAL,GLOBAL,GLOBAL,PLATFORM,0,0,0,0,0,0,0
gaza,awdf.org,org,GLOBAL,GLOBAL,GLOBAL,PLATFORM,0,0,0,0,0,0,0
gaza,baltimoresun.com,com,GLOBAL,GLOBAL,GLOBAL,PLATFORM,0,0,0,0,0,0,0
gaza,bankingday.com,com,GLOBAL,GLOBAL,GLOBAL,PLATFORM,0,0,0,0,0,0,0
gaza,bdcnetwork.com,com,GLOBAL,GLOBAL,GLOBAL,PLATFORM,0,0,0,0,0,0,0
gaza,big1047.iheart.com,com,GLOBAL,GLOBAL,GLOBAL,PLATFORM,0,0,0,0,0,0,0
gaza,blackhillsfox.com,com,GLOBAL,GLOBAL,GLOBAL,PLATFORM,0,0,0,0,0,0,0
gaza,bocanewsnow.com,com,GLOBAL,GLOBAL,GLOBAL,PLATFORM,0,0,0,0,0,0,0
gaza,boisestatepublicradio.org,org,GLOBAL,GLOBAL,GLOBAL,PLATFORM,0,0,0,0,0,0,0
gaza,borneobulletin.com.bn,bn,NA,NA,OTHER,PLATFORM,0,0,0,0,0,0,0
gaza,breakingdefense.com,com,GLOBAL,GLOBAL,GLOBAL,PLATFORM,0,0,0,0,0,0,0
gaza,brisbanetimes.com.au,au,AU,East Asia & Pacific,OTHER,PLATFORM,0,0,0,0,0,0,0
gaza,carmagazine.co.uk:443,NA,NA,NA,OTHER,PLATFORM,0,0,0,0,0,0,0
gaza,cbc.ca,ca,CA,North America,OTHER,PLATFORM,0,0,0,0,0,0,0
gaza,cbr.com,com,GLOBAL,GLOBAL,GLOBAL,PLATFORM,0,0,0,0,0,0,0
gaza,cbs2iowa.com,com,GLOBAL,GLOBAL,GLOBAL,PLATFORM,0,0,0,0,0,0,0
gaza,chilecomparte.cl,cl,CL,Latin America & Caribbean,OTHER,PLATFORM,0,0,0,0,0,0,0
gaza,chroniclelive.co.uk,uk,GB,Europe & Central Asia,OTHER,PLATFORM,0,0,0,0,0,0,0
gaza,citymag.indaily.com.au,au,AU,East Asia & Pacific,OTHER,PLATFORM,0,0,0,0,0,0,0
gaza,cjlo.com,com,GLOBAL,GLOBAL,GLOBAL,PLATFORM,0,0,0,0,0,0,0
gaza,clclt.com,com,GLOBAL,GLOBAL,GLOBAL,PLATFORM,0,0,0,0,0,0,0
gaza,cleantechnica.com,com,GLOBAL,GLOBAL,GLOBAL,PLATFORM,0,0,0,0,0,0,0
gaza,couriermail.com.au,au,AU,East Asia & Pacific,OTHER,PLATFORM,0,0,0,0,0,0,0
gaza,dailydot.com,com,GLOBAL,GLOBAL,GLOBAL,PLATFORM,0,0,0,0,0,0,0
gaza,dailykos.com:443,NA,NA,NA,OTHER,PLATFORM,0,0,0,0,0,0,0
gaza,dailyliberal.com.au,au,AU,East Asia & Pacific,OTHER,PLATFORM,0,0,0,0,0,0,0
gaza,dailylocal.com,com,GLOBAL,GLOBAL,GLOBAL,PLATFORM,0,0,0,0,0,0,0
gaza,dailyvoice.com,com,GLOBAL,GLOBAL,GLOBAL,PLATFORM,0,0,0,0,0,0,0
gaza,dairyherd.com,com,GLOBAL,GLOBAL,GLOBAL,PLATFORM,0,0,0,0,0,0,0
gaza,dakotawarcollege.com,com,GLOBAL,GLOBAL,GLOBAL,PLATFORM,0,0,0,0,0,0,0
gaza,dayton.binnews.com,com,GLOBAL,GLOBAL,GLOBAL,PLATFORM,0,0,0,0,0,0,0
gaza,delawarepublic.org,org,GLOBAL,GLOBAL,GLOBAL,PLATFORM,0,0,0,0,0,0,0
gaza,delta-optimist.com,com,GLOBAL,GLOBAL,GLOBAL,PLATFORM,0,0,0,0,0,0,0
gaza,detroitlions.com,com,GLOBAL,GLOBAL,GLOBAL,PLATFORM,0,0,0,0,0,0,0
gaza,developingtelecoms.com,com,GLOBAL,GLOBAL,GLOBAL,PLATFORM,0,0,0,0,0,0,0
gaza,dominicantoday.com,com,GLOBAL,GLOBAL,GLOBAL,PLATFORM,0,0,0,0,0,0,0
gaza,dorksideoftheforce.com,com,GLOBAL,GLOBAL,GLOBAL,PLATFORM,0,0,0,0,0,0,0
gaza,duke.fm,fm,NA,NA,OTHER,PLATFORM,0,0,0,0,0,0,0
gaza,elkodaily.com,com,GLOBAL,GLOBAL,GLOBAL,PLATFORM,0,0,0,0,0,0,0
gaza,english.elpais.com,com,GLOBAL,GLOBAL,GLOBAL,PLATFORM,0,0,0,0,0,0,0
gaza,eou.edu,edu,NA,NA,OTHER,PLATFORM,0,0,0,0,0,0,0
gaza,eveshamjournal.co.uk,uk,GB,Europe & Central Asia,OTHER,PLATFORM,0,0,0,0,0,0,0
gaza,extratime.com,com,GLOBAL,GLOBAL,GLOBAL,PLATFORM,0,0,0,0,0,0,0
gaza,fauquiernow.com,com,GLOBAL,GLOBAL,GLOBAL,PLATFORM,0,0,0,0,0,0,0
gaza,fbherald.com,com,GLOBAL,GLOBAL,GLOBAL,PLATFORM,0,0,0,0,0,0,0
gaza,financecolombia.com,com,GLOBAL,GLOBAL,GLOBAL,PLATFORM,0,0,0,0,0,0,0
gaza,finanznachrichten.de,de,DE,Europe & Central Asia,OTHER,PLATFORM,0,0,0,0,0,0,0
gaza,ford-trucks.com,com,GLOBAL,GLOBAL,GLOBAL,PLATFORM,0,0,0,0,0,0,0
gaza,fortbendstar.com,com,GLOBAL,GLOBAL,GLOBAL,PLATFORM,0,0,0,0,0,0,0
gaza,fox26houston.com,com,GLOBAL,GLOBAL,GLOBAL,PLATFORM,0,0,0,0,0,0,0
gaza,fox2detroit.com,com,GLOBAL,GLOBAL,GLOBAL,PLATFORM,0,0,0,0,0,0,0
gaza,fox8.com,com,GLOBAL,GLOBAL,GLOBAL,PLATFORM,0,0,0,0,0,0,0
gaza,foxbaltimore.com,com,GLOBAL,GLOBAL,GLOBAL,PLATFORM,0,0,0,0,0,0,0
gaza,foxsports1450.iheart.com,com,GLOBAL,GLOBAL,GLOBAL,PLATFORM,0,0,0,0,0,0,0
gaza,foxwilmington.com,com,GLOBAL,GLOBAL,GLOBAL,PLATFORM,0,0,0,0,0,0,0
gaza,fxempire.com,com,GLOBAL,GLOBAL,GLOBAL,PLATFORM,0,0,0,0,0,0,0
gaza,gaming.net,net,GLOBAL,GLOBAL,GLOBAL,PLATFORM,0,0,0,0,0,0,0
gaza,gcrmag.com,com,GLOBAL,GLOBAL,GLOBAL,PLATFORM,0,0,0,0,0,0,0
gaza,globenewswire.com,com,GLOBAL,GLOBAL,GLOBAL,PLATFORM,0,0,0,0,0,0,0
gaza,gloucesteradvocate.com.au,au,AU,East Asia & Pacific,OTHER,PLATFORM,0,0,0,0,0,0,0
gaza,govtech.com,com,GLOBAL,GLOBAL,GLOBAL,PLATFORM,0,0,0,0,0,0,0
gaza,hackneygazette.co.uk,uk,GB,Europe & Central Asia,OTHER,PLATFORM,0,0,0,0,0,0,0
gaza,hauraki.co.nz,nz,NZ,East Asia & Pacific,OTHER,PLATFORM,0,0,0,0,0,0,0
gaza,hcplive.com,com,GLOBAL,GLOBAL,GLOBAL,PLATFORM,0,0,0,0,0,0,0
gaza,herald-zeitung.com,com,GLOBAL,GLOBAL,GLOBAL,PLATFORM,0,0,0,0,0,0,0
gaza,heraldgoa.in,in,IN,South Asia,OTHER,PLATFORM,0,0,0,0,0,0,0
gaza,heraldstaronline.com,com,GLOBAL,GLOBAL,GLOBAL,PLATFORM,0,0,0,0,0,0,0
gaza,highlandstoday.com,com,GLOBAL,GLOBAL,GLOBAL,PLATFORM,0,0,0,0,0,0,0
gaza,hits973.com,com,GLOBAL,GLOBAL,GLOBAL,PLATFORM,0,0,0,0,0,0,0
gaza,hot105fm.com,com,GLOBAL,GLOBAL,GLOBAL,PLATFORM,0,0,0,0,0,0,0
gaza,hot967fm.com,com,GLOBAL,GLOBAL,GLOBAL,PLATFORM,0,0,0,0,0,0,0
gaza,hothardware.com,com,GLOBAL,GLOBAL,GLOBAL,PLATFORM,0,0,0,0,0,0,0
gaza,hudsonstarobserver.com,com,GLOBAL,GLOBAL,GLOBAL,PLATFORM,0,0,0,0,0,0,0
gaza,hulldailymail.co.uk,uk,GB,Europe & Central Asia,OTHER,PLATFORM,0,0,0,0,0,0,0
gaza,i95rocks.com,com,GLOBAL,GLOBAL,GLOBAL,PLATFORM,0,0,0,0,0,0,0
gaza,interest.co.nz,nz,NZ,East Asia & Pacific,OTHER,PLATFORM,0,0,0,0,0,0,0
gaza,interior-news.com,com,GLOBAL,GLOBAL,GLOBAL,PLATFORM,0,0,0,0,0,0,0
gaza,irishamerica.com,com,GLOBAL,GLOBAL,GLOBAL,PLATFORM,0,0,0,0,0,0,0
gaza,jamaica-gleaner.com,com,GLOBAL,GLOBAL,GLOBAL,PLATFORM,0,0,0,0,0,0,0
gaza,jamaicantimes.com,com,GLOBAL,GLOBAL,GLOBAL,PLATFORM,0,0,0,0,0,0,0
gaza,jamaicaobserver.com,com,GLOBAL,GLOBAL,GLOBAL,PLATFORM,0,0,0,0,0,0,0
gaza,jdsupra.com,com,GLOBAL,GLOBAL,GLOBAL,PLATFORM,0,0,0,0,0,0,0
gaza,johnsoncitypress.com,com,GLOBAL,GLOBAL,GLOBAL,PLATFORM,0,0,0,0,0,0,0
gaza,jubileeusa.org,org,GLOBAL,GLOBAL,GLOBAL,PLATFORM,0,0,0,0,0,0,0
gaza,juneesoutherncross.com.au,au,AU,East Asia & Pacific,OTHER,PLATFORM,0,0,0,0,0,0,0
gaza,kalx.berkeley.edu,edu,NA,NA,OTHER,PLATFORM,0,0,0,0,0,0,0
gaza,kaok.com,com,GLOBAL,GLOBAL,GLOBAL,PLATFORM,0,0,0,0,0,0,0
gaza,kclr96fm.com,com,GLOBAL,GLOBAL,GLOBAL,PLATFORM,0,0,0,0,0,0,0
gaza,kcur.org,org,GLOBAL,GLOBAL,GLOBAL,PLATFORM,0,0,0,0,0,0,0
gaza,kdux.com,com,GLOBAL,GLOBAL,GLOBAL,PLATFORM,0,0,0,0,0,0,0
gaza,kduz.com,com,GLOBAL,GLOBAL,GLOBAL,PLATFORM,0,0,0,0,0,0,0
gaza,keprtv.com,com,GLOBAL,GLOBAL,GLOBAL,PLATFORM,0,0,0,0,0,0,0
gaza,keyw.com,com,GLOBAL,GLOBAL,GLOBAL,PLATFORM,0,0,0,0,0,0,0
gaza,kfor.com,com,GLOBAL,GLOBAL,GLOBAL,PLATFORM,0,0,0,0,0,0,0
gaza,kfvs12.com,com,GLOBAL,GLOBAL,GLOBAL,PLATFORM,0,0,0,0,0,0,0
gaza,kiss-1031.com,com,GLOBAL,GLOBAL,GLOBAL,PLATFORM,0,0,0,0,0,0,0
gaza,kissfm969.com,com,GLOBAL,GLOBAL,GLOBAL,PLATFORM,0,0,0,0,0,0,0
gaza,kitv.com,com,GLOBAL,GLOBAL,GLOBAL,PLATFORM,0,0,0,0,0,0,0
gaza,klbjfm.com,com,GLOBAL,GLOBAL,GLOBAL,PLATFORM,0,0,0,0,0,0,0
gaza,koamnewsnow.com,com,GLOBAL,GLOBAL,GLOBAL,PLATFORM,0,0,0,0,0,0,0
gaza,kost1035.iheart.com,com,GLOBAL,GLOBAL,GLOBAL,PLATFORM,0,0,0,0,0,0,0
gaza,kpel965.com,com,GLOBAL,GLOBAL,GLOBAL,PLATFORM,0,0,0,0,0,0,0
gaza,ksdk.com,com,GLOBAL,GLOBAL,GLOBAL,PLATFORM,0,0,0,0,0,0,0
gaza,ktvu.com,com,GLOBAL,GLOBAL,GLOBAL,PLATFORM,0,0,0,0,0,0,0
gaza,kube933.iheart.com,com,GLOBAL,GLOBAL,GLOBAL,PLATFORM,0,0,0,0,0,0,0
gaza,kvrr.com,com,GLOBAL,GLOBAL,GLOBAL,PLATFORM,0,0,0,0,0,0,0
gaza,kzrx921.iheart.com,com,GLOBAL,GLOBAL,GLOBAL,PLATFORM,0,0,0,0,0,0,0
gaza,lakeexpo.com,com,GLOBAL,GLOBAL,GLOBAL,PLATFORM,0,0,0,0,0,0,0
gaza,lite96.com,com,GLOBAL,GLOBAL,GLOBAL,PLATFORM,0,0,0,0,0,0,0
gaza,magic989fm.iheart.com,com,GLOBAL,GLOBAL,GLOBAL,PLATFORM,0,0,0,0,0,0,0
gaza,malaymail.com,com,GLOBAL,GLOBAL,GLOBAL,PLATFORM,0,0,0,0,0,0,0
gaza,marinelink.com,com,GLOBAL,GLOBAL,GLOBAL,PLATFORM,0,0,0,0,0,0,0
gaza,masslive.com,com,GLOBAL,GLOBAL,GLOBAL,PLATFORM,0,0,0,0,0,0,0
gaza,mercurynews.com,com,GLOBAL,GLOBAL,GLOBAL,PLATFORM,0,0,0,0,0,0,0
gaza,midmichigannow.com,com,GLOBAL,GLOBAL,GLOBAL,PLATFORM,0,0,0,0,0,0,0
gaza,midnorthmonitor.com:443,NA,NA,NA,OTHER,PLATFORM,0,0,0,0,0,0,0
gaza,mininggazette.com,com,GLOBAL,GLOBAL,GLOBAL,PLATFORM,0,0,0,0,0,0,0
gaza,missoulian.com,com,GLOBAL,GLOBAL,GLOBAL,PLATFORM,0,0,0,0,0,0,0
gaza,mixx993.com,com,GLOBAL,GLOBAL,GLOBAL,PLATFORM,0,0,0,0,0,0,0
gaza,mlb.com,com,GLOBAL,GLOBAL,GLOBAL,PLATFORM,0,0,0,0,0,0,0
gaza,montanarightnow.com,com,GLOBAL,GLOBAL,GLOBAL,PLATFORM,0,0,0,0,0,0,0
gaza,msf.org.au,au,AU,East Asia & Pacific,OTHER,PLATFORM,0,0,0,0,0,0,0
gaza,mudgeeguardian.com.au,au,AU,East Asia & Pacific,OTHER,PLATFORM,0,0,0,0,0,0,0
gaza,myb106.com,com,GLOBAL,GLOBAL,GLOBAL,PLATFORM,0,0,0,0,0,0,0
gaza,mypanhandle.com,com,GLOBAL,GLOBAL,GLOBAL,PLATFORM,0,0,0,0,0,0,0
gaza,myspiritfm.com,com,GLOBAL,GLOBAL,GLOBAL,PLATFORM,0,0,0,0,0,0,0
gaza,mysuncoast.com,com,GLOBAL,GLOBAL,GLOBAL,PLATFORM,0,0,0,0,0,0,0
gaza,news.sky.com,com,GLOBAL,GLOBAL,GLOBAL,PLATFORM,0,0,0,0,0,0,0
gaza,news.wfsu.org,org,GLOBAL,GLOBAL,GLOBAL,PLATFORM,0,0,0,0,0,0,0
gaza,news.wosu.org,org,GLOBAL,GLOBAL,GLOBAL,PLATFORM,0,0,0,0,0,0,0
gaza,newsantaana.com,com,GLOBAL,GLOBAL,GLOBAL,PLATFORM,0,0,0,0,0,0,0
gaza,newsnationnow.com,com,GLOBAL,GLOBAL,GLOBAL,PLATFORM,0,0,0,0,0,0,0
gaza,newsobserver.com,com,GLOBAL,GLOBAL,GLOBAL,PLATFORM,0,0,0,0,0,0,0
gaza,northamptonchron.co.uk,uk,GB,Europe & Central Asia,OTHER,PLATFORM,0,0,0,0,0,0,0
gaza,northqueenslandregister.com.au,au,AU,East Asia & Pacific,OTHER,PLATFORM,0,0,0,0,0,0,0
gaza,nwadventists.com,com,GLOBAL,GLOBAL,GLOBAL,PLATFORM,0,0,0,0,0,0,0
gaza,nwemail.co.uk,uk,GB,Europe & Central Asia,OTHER,PLATFORM,0,0,0,0,0,0,0
gaza,nyasatimes.com,com,GLOBAL,GLOBAL,GLOBAL,PLATFORM,0,0,0,0,0,0,0
gaza,nytimes.com,com,GLOBAL,GLOBAL,GLOBAL,PLATFORM,0,0,0,0,0,0,0
gaza,obituaries.richmondregister.com,com,GLOBAL,GLOBAL,GLOBAL,PLATFORM,0,0,0,0,0,0,0
gaza,offalyexpress.ie,ie,NA,NA,OTHER,PLATFORM,0,0,0,0,0,0,0
gaza,pakistantelegraph.com,com,GLOBAL,GLOBAL,GLOBAL,PLATFORM,0,0,0,0,0,0,0
gaza,pbs.org,org,GLOBAL,GLOBAL,GLOBAL,PLATFORM,0,0,0,0,0,0,0
gaza,politicsweb.co.za,za,ZA,Sub-Saharan Africa,AFRICA,PLATFORM,0,0,0,0,0,0,0
gaza,prnewswire.com,com,GLOBAL,GLOBAL,GLOBAL,PLATFORM,0,0,0,0,0,0,0
gaza,proactiveinvestors.com.au,au,AU,East Asia & Pacific,OTHER,PLATFORM,0,0,0,0,0,0,0
gaza,pulitzercenter.org,org,GLOBAL,GLOBAL,GLOBAL,PLATFORM,0,0,0,0,0,0,0
gaza,qctimes.com,com,GLOBAL,GLOBAL,GLOBAL,PLATFORM,0,0,0,0,0,0,0
gaza,rfi.fr,fr,FR,Europe & Central Asia,OTHER,PLATFORM,0,0,0,0,0,0,0
gaza,river105.com,com,GLOBAL,GLOBAL,GLOBAL,PLATFORM,0,0,0,0,0,0,0
gaza,rnz.co.nz,nz,NZ,East Asia & Pacific,OTHER,PLATFORM,0,0,0,0,0,0,0
gaza,roadandtrack.com,com,GLOBAL,GLOBAL,GLOBAL,PLATFORM,0,0,0,0,0,0,0
gaza,royalcentral.co.uk,uk,GB,Europe & Central Asia,OTHER,PLATFORM,0,0,0,0,0,0,0
gaza,rttnews.com,com,GLOBAL,GLOBAL,GLOBAL,PLATFORM,0,0,0,0,0,0,0
gaza,scotsman.com,com,GLOBAL,GLOBAL,GLOBAL,PLATFORM,0,0,0,0,0,0,0
gaza,scrippsnews.com,com,GLOBAL,GLOBAL,GLOBAL,PLATFORM,0,0,0,0,0,0,0
gaza,seattletimes.com,com,GLOBAL,GLOBAL,GLOBAL,PLATFORM,0,0,0,0,0,0,0
gaza,sippican.theweektoday.com,com,GLOBAL,GLOBAL,GLOBAL,PLATFORM,0,0,0,0,0,0,0
gaza,slate.com,com,GLOBAL,GLOBAL,GLOBAL,PLATFORM,0,0,0,0,0,0,0
gaza,southpeacenews.com,com,GLOBAL,GLOBAL,GLOBAL,PLATFORM,0,0,0,0,0,0,0
gaza,stalbansreview.co.uk,uk,GB,Europe & Central Asia,OTHER,PLATFORM,0,0,0,0,0,0,0
gaza,starcasm.net,net,GLOBAL,GLOBAL,GLOBAL,PLATFORM,0,0,0,0,0,0,0
gaza,stawelltimes.com.au,au,AU,East Asia & Pacific,OTHER,PLATFORM,0,0,0,0,0,0,0
gaza,stevivor.com,com,GLOBAL,GLOBAL,GLOBAL,PLATFORM,0,0,0,0,0,0,0
gaza,sunny95.com,com,GLOBAL,GLOBAL,GLOBAL,PLATFORM,0,0,0,0,0,0,0
gaza,t102.iheart.com,com,GLOBAL,GLOBAL,GLOBAL,PLATFORM,0,0,0,0,0,0,0
gaza,tech.slashdot.org,org,GLOBAL,GLOBAL,GLOBAL,PLATFORM,0,0,0,0,0,0,0
gaza,theaustralian.com.au,au,AU,East Asia & Pacific,OTHER,PLATFORM,0,0,0,0,0,0,0
gaza,thecatholicspirit.com,com,GLOBAL,GLOBAL,GLOBAL,PLATFORM,0,0,0,0,0,0,0
gaza,thedailycitizen.com,com,GLOBAL,GLOBAL,GLOBAL,PLATFORM,0,0,0,0,0,0,0
gaza,thefranchiseok.com,com,GLOBAL,GLOBAL,GLOBAL,PLATFORM,0,0,0,0,0,0,0
gaza,thefranklinnewspost.com,com,GLOBAL,GLOBAL,GLOBAL,PLATFORM,0,0,0,0,0,0,0
gaza,thegame730am.com,com,GLOBAL,GLOBAL,GLOBAL,PLATFORM,0,0,0,0,0,0,0
gaza,thehardtackle.com,com,GLOBAL,GLOBAL,GLOBAL,PLATFORM,0,0,0,0,0,0,0
gaza,theintercept.com,com,GLOBAL,GLOBAL,GLOBAL,PLATFORM,0,0,0,0,0,0,0
gaza,thejakartapost.com,com,GLOBAL,GLOBAL,GLOBAL,PLATFORM,0,0,0,0,0,0,0
gaza,thekansan.com,com,GLOBAL,GLOBAL,GLOBAL,PLATFORM,0,0,0,0,0,0,0
gaza,thelincolnite.co.uk,uk,GB,Europe & Central Asia,OTHER,PLATFORM,0,0,0,0,0,0,0
gaza,themalaysianinsight.com,com,GLOBAL,GLOBAL,GLOBAL,PLATFORM,0,0,0,0,0,0,0
gaza,themarketsdaily.com,com,GLOBAL,GLOBAL,GLOBAL,PLATFORM,0,0,0,0,0,0,0
gaza,themoscowtimes.com,com,GLOBAL,GLOBAL,GLOBAL,PLATFORM,0,0,0,0,0,0,0
gaza,thenewsleaders.com,com,GLOBAL,GLOBAL,GLOBAL,PLATFORM,0,0,0,0,0,0,0
gaza,thepacket.ca,ca,CA,North America,OTHER,PLATFORM,0,0,0,0,0,0,0
gaza,thesangaiexpress.com,com,GLOBAL,GLOBAL,GLOBAL,PLATFORM,0,0,0,0,0,0,0
gaza,thesierraleonetelegraph.com,com,GLOBAL,GLOBAL,GLOBAL,PLATFORM,0,0,0,0,0,0,0
gaza,thesource.com,com,GLOBAL,GLOBAL,GLOBAL,PLATFORM,0,0,0,0,0,0,0
gaza,thesouthafrican.com,com,GLOBAL,GLOBAL,GLOBAL,PLATFORM,0,0,0,0,0,0,0
gaza,thestranger.com,com,GLOBAL,GLOBAL,GLOBAL,PLATFORM,0,0,0,0,0,0,0
gaza,thesuntimes.com,com,GLOBAL,GLOBAL,GLOBAL,PLATFORM,0,0,0,0,0,0,0
gaza,timescall.com,com,GLOBAL,GLOBAL,GLOBAL,PLATFORM,0,0,0,0,0,0,0
gaza,timesherald.com,com,GLOBAL,GLOBAL,GLOBAL,PLATFORM,0,0,0,0,0,0,0
gaza,tmcnet.com,com,GLOBAL,GLOBAL,GLOBAL,PLATFORM,0,0,0,0,0,0,0
gaza,townandcountrymag.com,com,GLOBAL,GLOBAL,GLOBAL,PLATFORM,0,0,0,0,0,0,0
gaza,townhall.com,com,GLOBAL,GLOBAL,GLOBAL,PLATFORM,0,0,0,0,0,0,0
gaza,trinidadtimes.com,com,GLOBAL,GLOBAL,GLOBAL,PLATFORM,0,0,0,0,0,0,0
gaza,universe.byu.edu,edu,NA,NA,OTHER,PLATFORM,0,0,0,0,0,0,0
gaza,upi.com,com,GLOBAL,GLOBAL,GLOBAL,PLATFORM,0,0,0,0,0,0,0
gaza,upstreamonline.com,com,GLOBAL,GLOBAL,GLOBAL,PLATFORM,0,0,0,0,0,0,0
gaza,voazimbabwe.com,com,GLOBAL,GLOBAL,GLOBAL,PLATFORM,0,0,0,0,0,0,0
gaza,vogue.com,com,GLOBAL,GLOBAL,GLOBAL,PLATFORM,0,0,0,0,0,0,0
gaza,voicenews.com,com,GLOBAL,GLOBAL,GLOBAL,PLATFORM,0,0,0,0,0,0,0
gaza,vtdigger.org,org,GLOBAL,GLOBAL,GLOBAL,PLATFORM,0,0,0,0,0,0,0
gaza,wabx.net,net,GLOBAL,GLOBAL,GLOBAL,PLATFORM,0,0,0,0,0,0,0
gaza,wahpetondailynews.com,com,GLOBAL,GLOBAL,GLOBAL,PLATFORM,0,0,0,0,0,0,0
gaza,warsawvoice.pl,pl,PL,Europe & Central Asia,OTHER,PLATFORM,0,0,0,0,0,0,0
gaza,washtimesherald.com,com,GLOBAL,GLOBAL,GLOBAL,PLATFORM,0,0,0,0,0,0,0
gaza,wbiw.com,com,GLOBAL,GLOBAL,GLOBAL,PLATFORM,0,0,0,0,0,0,0
gaza,wchstv.com,com,GLOBAL,GLOBAL,GLOBAL,PLATFORM,0,0,0,0,0,0,0
gaza,wcjb.com,com,GLOBAL,GLOBAL,GLOBAL,PLATFORM,0,0,0,0,0,0,0
gaza,wearegreenbay.com,com,GLOBAL,GLOBAL,GLOBAL,PLATFORM,0,0,0,0,0,0,0
gaza,westernslopenow.com,com,GLOBAL,GLOBAL,GLOBAL,PLATFORM,0,0,0,0,0,0,0
gaza,wfhb.org,org,GLOBAL,GLOBAL,GLOBAL,PLATFORM,0,0,0,0,0,0,0
gaza,wgme.com,com,GLOBAL,GLOBAL,GLOBAL,PLATFORM,0,0,0,0,0,0,0
gaza,wgno.com,com,GLOBAL,GLOBAL,GLOBAL,PLATFORM,0,0,0,0,0,0,0
gaza,whas11.com,com,GLOBAL,GLOBAL,GLOBAL,PLATFORM,0,0,0,0,0,0,0
gaza,whatsupnewp.com,com,GLOBAL,GLOBAL,GLOBAL,PLATFORM,0,0,0,0,0,0,0
gaza,wiba.iheart.com,com,GLOBAL,GLOBAL,GLOBAL,PLATFORM,0,0,0,0,0,0,0
gaza,wild953.com,com,GLOBAL,GLOBAL,GLOBAL,PLATFORM,0,0,0,0,0,0,0
gaza,wild955.iheart.com,com,GLOBAL,GLOBAL,GLOBAL,PLATFORM,0,0,0,0,0,0,0
gaza,wistv.com,com,GLOBAL,GLOBAL,GLOBAL,PLATFORM,0,0,0,0,0,0,0
gaza,wjbc.com,com,GLOBAL,GLOBAL,GLOBAL,PLATFORM,0,0,0,0,0,0,0
gaza,wjiz.iheart.com,com,GLOBAL,GLOBAL,GLOBAL,PLATFORM,0,0,0,0,0,0,0
gaza,wkzo.com,com,GLOBAL,GLOBAL,GLOBAL,PLATFORM,0,0,0,0,0,0,0
gaza,wnewsj.com,com,GLOBAL,GLOBAL,GLOBAL,PLATFORM,0,0,0,0,0,0,0
gaza,workers.org,org,GLOBAL,GLOBAL,GLOBAL,PLATFORM,0,0,0,0,0,0,0
gaza,wowt.com,com,GLOBAL,GLOBAL,GLOBAL,PLATFORM,0,0,0,0,0,0,0
gaza,wpri.com,com,GLOBAL,GLOBAL,GLOBAL,PLATFORM,0,0,0,0,0,0,0
gaza,wrif.com,com,GLOBAL,GLOBAL,GLOBAL,PLATFORM,0,0,0,0,0,0,0
gaza,wunc.org,org,GLOBAL,GLOBAL,GLOBAL,PLATFORM,0,0,0,0,0,0,0
gaza,wvnstv.com,com,GLOBAL,GLOBAL,GLOBAL,PLATFORM,0,0,0,0,0,0,0
gaza,wwltv.com,com,GLOBAL,GLOBAL,GLOBAL,PLATFORM,0,0,0,0,0,0,0
gaza,wyomingnewsnow.tv,tv,NA,NA,OTHER,PLATFORM,0,0,0,0,0,0,0
gaza,y100florida.iheart.com,com,GLOBAL,GLOBAL,GLOBAL,PLATFORM,0,0,0,0,0,0,0
gaza,y1025.iheart.com,com,GLOBAL,GLOBAL,GLOBAL,PLATFORM,0,0,0,0,0,0,0
gaza,yachtingmagazine.com,com,GLOBAL,GLOBAL,GLOBAL,PLATFORM,0,0,0,0,0,0,0
gaza,yourerie.com,com,GLOBAL,GLOBAL,GLOBAL,PLATFORM,0,0,0,0,0,0,0
gaza,z100portland.iheart.com,com,GLOBAL,GLOBAL,GLOBAL,PLATFORM,0,0,0,0,0,0,0
gaza,z106.iheart.com,com,GLOBAL,GLOBAL,GLOBAL,PLATFORM,0,0,0,0,0,0,0
gaza,z94.com,com,GLOBAL,GLOBAL,GLOBAL,PLATFORM,0,0,0,0,0,0,0
gaza,1059thebrew.iheart.com,com,GLOBAL,GLOBAL,GLOBAL,PLATFORM,0,0,0,0,0,0,0
gaza,14news.com,com,GLOBAL,GLOBAL,GLOBAL,PLATFORM,0,0,0,0,0,0,0
gaza,21stcenturywire.com,com,GLOBAL,GLOBAL,GLOBAL,PLATFORM,0,0,0,0,0,0,0
gaza,941thebeat.iheart.com,com,GLOBAL,GLOBAL,GLOBAL,PLATFORM,0,0,0,0,0,0,0
gaza,953thescore.com,com,GLOBAL,GLOBAL,GLOBAL,PLATFORM,0,0,0,0,0,0,0
gaza,960weli.iheart.com,com,GLOBAL,GLOBAL,GLOBAL,PLATFORM,0,0,0,0,0,0,0
gaza,961kiss.iheart.com,com,GLOBAL,GLOBAL,GLOBAL,PLATFORM,0,0,0,0,0,0,0
gaza,963kissfm.iheart.com,com,GLOBAL,GLOBAL,GLOBAL,PLATFORM,0,0,0,0,0,0,0
gaza,971doubleq.iheart.com,com,GLOBAL,GLOBAL,GLOBAL,PLATFORM,0,0,0,0,0,0,0
gaza,995qyk.com,com,GLOBAL,GLOBAL,GLOBAL,PLATFORM,0,0,0,0,0,0,0
gaza,995thefox.iheart.com,com,GLOBAL,GLOBAL,GLOBAL,PLATFORM,0,0,0,0,0,0,0
gaza,aardvark.co.nz,nz,NZ,East Asia & Pacific,OTHER,PLATFORM,0,0,0,0,0,0,0
gaza,abc17news.com,com,GLOBAL,GLOBAL,GLOBAL,PLATFORM,0,0,0,0,0,0,0
gaza,abcnews4.com,com,GLOBAL,GLOBAL,GLOBAL,PLATFORM,0,0,0,0,0,0,0
gaza,agri-pulse.com,com,GLOBAL,GLOBAL,GLOBAL,PLATFORM,0,0,0,0,0,0,0
gaza,airdriecityview.com,com,GLOBAL,GLOBAL,GLOBAL,PLATFORM,0,0,0,0,0,0,0
gaza,androidpolice.com,com,GLOBAL,GLOBAL,GLOBAL,PLATFORM,0,0,0,0,0,0,0
gaza,appenmedia.com,com,GLOBAL,GLOBAL,GLOBAL,PLATFORM,0,0,0,0,0,0,0
gaza,arkansasonline.com,com,GLOBAL,GLOBAL,GLOBAL,PLATFORM,0,0,0,0,0,0,0
gaza,arkansasrazorbacks.com,com,GLOBAL,GLOBAL,GLOBAL,PLATFORM,0,0,0,0,0,0,0
gaza,as-coa.org,org,GLOBAL,GLOBAL,GLOBAL,PLATFORM,0,0,0,0,0,0,0
gaza,athensnews.com,com,GLOBAL,GLOBAL,GLOBAL,PLATFORM,0,0,0,0,0,0,0
gaza,azdailysun.com,com,GLOBAL,GLOBAL,GLOBAL,PLATFORM,0,0,0,0,0,0,0
gaza,babalublog.com,com,GLOBAL,GLOBAL,GLOBAL,PLATFORM,0,0,0,0,0,0,0
gaza,bandt.com.au,au,AU,East Asia & Pacific,OTHER,PLATFORM,0,0,0,0,0,0,0
gaza,baystatebanner.com,com,GLOBAL,GLOBAL,GLOBAL,PLATFORM,0,0,0,0,0,0,0
gaza,beckersasc.com,com,GLOBAL,GLOBAL,GLOBAL,PLATFORM,0,0,0,0,0,0,0
gaza,bgdailynews.com,com,GLOBAL,GLOBAL,GLOBAL,PLATFORM,0,0,0,0,0,0,0
gaza,bhpioneer.com,com,GLOBAL,GLOBAL,GLOBAL,PLATFORM,0,0,0,0,0,0,0
gaza,biodieselmagazine.com,com,GLOBAL,GLOBAL,GLOBAL,PLATFORM,0,0,0,0,0,0,0
gaza,bismarcktribune.com,com,GLOBAL,GLOBAL,GLOBAL,PLATFORM,0,0,0,0,0,0,0
gaza,bob949.iheart.com,com,GLOBAL,GLOBAL,GLOBAL,PLATFORM,0,0,0,0,0,0,0
gaza,boston25news.com,com,GLOBAL,GLOBAL,GLOBAL,PLATFORM,0,0,0,0,0,0,0
gaza,boxingnews24.com,com,GLOBAL,GLOBAL,GLOBAL,PLATFORM,0,0,0,0,0,0,0
gaza,bracknellnews.co.uk,uk,GB,Europe & Central Asia,OTHER,PLATFORM,0,0,0,0,0,0,0
gaza,bravotv.com,com,GLOBAL,GLOBAL,GLOBAL,PLATFORM,0,0,0,0,0,0,0
gaza,broadwayworld.com,com,GLOBAL,GLOBAL,GLOBAL,PLATFORM,0,0,0,0,0,0,0
gaza,browardpalmbeach.com,com,GLOBAL,GLOBAL,GLOBAL,PLATFORM,0,0,0,0,0,0,0
gaza,buffalobills.com,com,GLOBAL,GLOBAL,GLOBAL,PLATFORM,0,0,0,0,0,0,0
gaza,burnabynow.com,com,GLOBAL,GLOBAL,GLOBAL,PLATFORM,0,0,0,0,0,0,0
gaza,businessden.com,com,GLOBAL,GLOBAL,GLOBAL,PLATFORM,0,0,0,0,0,0,0
gaza,campaignbrief.com,com,GLOBAL,GLOBAL,GLOBAL,PLATFORM,0,0,0,0,0,0,0
gaza,cantechletter.com,com,GLOBAL,GLOBAL,GLOBAL,PLATFORM,0,0,0,0,0,0,0
gaza,cbs6albany.com,com,GLOBAL,GLOBAL,GLOBAL,PLATFORM,0,0,0,0,0,0,0
gaza,centralmoinfo.com,com,GLOBAL,GLOBAL,GLOBAL,PLATFORM,0,0,0,0,0,0,0
gaza,cfnrfm.ca,ca,CA,North America,OTHER,PLATFORM,0,0,0,0,0,0,0
gaza,cfru.ca,ca,CA,North America,OTHER,PLATFORM,0,0,0,0,0,0,0
gaza,channelnewsasia.com,com,GLOBAL,GLOBAL,GLOBAL,PLATFORM,0,0,0,0,0,0,0
gaza,charlottejewishnews.org,org,GLOBAL,GLOBAL,GLOBAL,PLATFORM,0,0,0,0,0,0,0
gaza,chinadaily.com.cn,cn,CN,East Asia & Pacific,OTHER,PLATFORM,0,0,1,0,0,0,1
gaza,chipleybugle.com,com,GLOBAL,GLOBAL,GLOBAL,PLATFORM,0,0,0,0,0,0,0
gaza,click2houston.com,com,GLOBAL,GLOBAL,GLOBAL,PLATFORM,0,0,0,0,0,0,0
gaza,cn2.com,com,GLOBAL,GLOBAL,GLOBAL,PLATFORM,0,0,0,0,0,0,0
gaza,cnalifestyle.channelnewsasia.com,com,GLOBAL,GLOBAL,GLOBAL,PLATFORM,0,0,0,0,0,0,0
gaza,coldlakesun.com:443,NA,NA,NA,OTHER,PLATFORM,0,0,0,0,0,0,0
gaza,consumerelectronicsnet.com,com,GLOBAL,GLOBAL,GLOBAL,PLATFORM,0,0,0,0,0,0,0
gaza,country105.com,com,GLOBAL,GLOBAL,GLOBAL,PLATFORM,0,0,0,0,0,0,0
gaza,country959.com,com,GLOBAL,GLOBAL,GLOBAL,PLATFORM,0,0,0,0,0,0,0
gaza,countyweeklynews.ca:443,NA,NA,NA,OTHER,PLATFORM,0,0,0,0,0,0,0
gaza,crimeonline.com,com,GLOBAL,GLOBAL,GLOBAL,PLATFORM,0,0,0,0,0,0,0
gaza,crisisgroup.org,org,GLOBAL,GLOBAL,GLOBAL,PLATFORM,0,0,0,0,0,0,0
gaza,ctpublic.org,org,GLOBAL,GLOBAL,GLOBAL,PLATFORM,0,0,0,0,0,0,0
gaza,current.org,org,GLOBAL,GLOBAL,GLOBAL,PLATFORM,0,0,0,0,0,0,0
gaza,dailygazette.com,com,GLOBAL,GLOBAL,GLOBAL,PLATFORM,0,0,0,0,0,0,0
gaza,dailynews.com,com,GLOBAL,GLOBAL,GLOBAL,PLATFORM,0,0,0,0,0,0,0
gaza,dailythepatriot.com,com,GLOBAL,GLOBAL,GLOBAL,PLATFORM,0,0,0,0,0,0,0
gaza,dailywire.com,com,GLOBAL,GLOBAL,GLOBAL,PLATFORM,0,0,0,0,0,0,0
gaza,dallas.culturemap.com,com,GLOBAL,GLOBAL,GLOBAL,PLATFORM,0,0,0,0,0,0,0
gaza,dealstreetasia.com,com,GLOBAL,GLOBAL,GLOBAL,PLATFORM,0,0,0,0,0,0,0
gaza,discoverestevan.com,com,GLOBAL,GLOBAL,GLOBAL,PLATFORM,0,0,0,0,0,0,0
gaza,dw.com,com,GLOBAL,GLOBAL,GLOBAL,PLATFORM,0,0,0,0,0,0,0
gaza,dynamicbusiness.com,com,GLOBAL,GLOBAL,GLOBAL,PLATFORM,0,0,0,0,0,0,0
gaza,easy93.com,com,GLOBAL,GLOBAL,GLOBAL,PLATFORM,0,0,0,0,0,0,0
gaza,economiccollapsenews.com,com,GLOBAL,GLOBAL,GLOBAL,PLATFORM,0,0,0,0,0,0,0
gaza,efe.com,com,GLOBAL,GLOBAL,GLOBAL,PLATFORM,0,0,0,0,0,0,0
gaza,eff.org,org,GLOBAL,GLOBAL,GLOBAL,PLATFORM,0,0,0,0,0,0,0
gaza,emmetsburgnews.com,com,GLOBAL,GLOBAL,GLOBAL,PLATFORM,0,0,0,0,0,0,0
gaza,eturbonews.com,com,GLOBAL,GLOBAL,GLOBAL,PLATFORM,0,0,0,0,0,0,0
gaza,eurekalert.org,org,GLOBAL,GLOBAL,GLOBAL,PLATFORM,0,0,0,0,0,0,0
gaza,evanstonnow.com,com,GLOBAL,GLOBAL,GLOBAL,PLATFORM,0,0,0,0,0,0,0
gaza,ew.com,com,GLOBAL,GLOBAL,GLOBAL,PLATFORM,0,0,0,0,0,0,0
gaza,expressng.com,com,GLOBAL,GLOBAL,GLOBAL,PLATFORM,0,0,0,0,0,0,0
gaza,falkirkherald.co.uk,uk,GB,Europe & Central Asia,OTHER,PLATFORM,0,0,0,0,0,0,0
gaza,falmouthpacket.co.uk,uk,GB,Europe & Central Asia,OTHER,PLATFORM,0,0,0,0,0,0,0
gaza,filmibeat.com,com,GLOBAL,GLOBAL,GLOBAL,PLATFORM,0,0,0,0,0,0,0
gaza,financialexpress.com,com,GLOBAL,GLOBAL,GLOBAL,PLATFORM,0,0,0,0,0,0,0
gaza,finextra.com,com,GLOBAL,GLOBAL,GLOBAL,PLATFORM,0,0,0,0,0,0,0
gaza,fingerlakes1.com,com,GLOBAL,GLOBAL,GLOBAL,PLATFORM,0,0,0,0,0,0,0
gaza,floridanewswire.com,com,GLOBAL,GLOBAL,GLOBAL,PLATFORM,0,0,0,0,0,0,0
gaza,forextv.com,com,GLOBAL,GLOBAL,GLOBAL,PLATFORM,0,0,0,0,0,0,0
gaza,fox13memphis.com,com,GLOBAL,GLOBAL,GLOBAL,PLATFORM,0,0,0,0,0,0,0
gaza,fox21news.com,com,GLOBAL,GLOBAL,GLOBAL,PLATFORM,0,0,0,0,0,0,0
gaza,fox56.com,com,GLOBAL,GLOBAL,GLOBAL,PLATFORM,0,0,0,0,0,0,0
gaza,fox6now.com,com,GLOBAL,GLOBAL,GLOBAL,PLATFORM,0,0,0,0,0,0,0
gaza,foxbusiness.com,com,GLOBAL,GLOBAL,GLOBAL,PLATFORM,0,0,0,0,0,0,0
gaza,franklinfavorite.com,com,GLOBAL,GLOBAL,GLOBAL,PLATFORM,0,0,0,0,0,0,0
gaza,fromtherumbleseat.com,com,GLOBAL,GLOBAL,GLOBAL,PLATFORM,0,0,0,0,0,0,0
gaza,gbtribune.com,com,GLOBAL,GLOBAL,GLOBAL,PLATFORM,0,0,0,0,0,0,0
gaza,gizchina.com,com,GLOBAL,GLOBAL,GLOBAL,PLATFORM,0,0,0,0,0,0,0
gaza,globalcapital.com,com,GLOBAL,GLOBAL,GLOBAL,PLATFORM,0,0,0,0,0,0,0
gaza,greatbendpost.com,com,GLOBAL,GLOBAL,GLOBAL,PLATFORM,0,0,0,0,0,0,0
gaza,greekcitytimes.com,com,GLOBAL,GLOBAL,GLOBAL,PLATFORM,0,0,0,0,0,0,0
gaza,groove993.com,com,GLOBAL,GLOBAL,GLOBAL,PLATFORM,0,0,0,0,0,0,0
gaza,hackaday.com,com,GLOBAL,GLOBAL,GLOBAL,PLATFORM,0,0,0,0,0,0,0
gaza,hayspost.com,com,GLOBAL,GLOBAL,GLOBAL,PLATFORM,0,0,0,0,0,0,0
gaza,hillsborofreepress.com,com,GLOBAL,GLOBAL,GLOBAL,PLATFORM,0,0,0,0,0,0,0
gaza,hiphopwired.com,com,GLOBAL,GLOBAL,GLOBAL,PLATFORM,0,0,0,0,0,0,0
gaza,hmbreview.com,com,GLOBAL,GLOBAL,GLOBAL,PLATFORM,0,0,0,0,0,0,0
gaza,hngnews.com,com,GLOBAL,GLOBAL,GLOBAL,PLATFORM,0,0,0,0,0,0,0
gaza,homeaccentstoday.com,com,GLOBAL,GLOBAL,GLOBAL,PLATFORM,0,0,0,0,0,0,0
gaza,hometownregister.com,com,GLOBAL,GLOBAL,GLOBAL,PLATFORM,0,0,0,0,0,0,0
gaza,hometownsource.com,com,GLOBAL,GLOBAL,GLOBAL,PLATFORM,0,0,0,0,0,0,0
gaza,hot969boston.com,com,GLOBAL,GLOBAL,GLOBAL,PLATFORM,0,0,0,0,0,0,0
gaza,idahoednews.org,org,GLOBAL,GLOBAL,GLOBAL,PLATFORM,0,0,0,0,0,0,0
gaza,illawarramercury.com.au,au,AU,East Asia & Pacific,OTHER,PLATFORM,0,0,0,0,0,0,0
gaza,independent.ie,ie,NA,NA,OTHER,PLATFORM,0,0,0,0,0,0,0
gaza,indianexpress.com,com,GLOBAL,GLOBAL,GLOBAL,PLATFORM,0,0,0,0,0,0,0
gaza,indianweekender.co.nz,nz,NZ,East Asia & Pacific,OTHER,PLATFORM,0,0,0,0,0,0,0
gaza,institutionalinvestor.com,com,GLOBAL,GLOBAL,GLOBAL,PLATFORM,0,0,0,0,0,0,0
gaza,isthmus.com,com,GLOBAL,GLOBAL,GLOBAL,PLATFORM,0,0,0,0,0,0,0
gaza,itwire.com,com,GLOBAL,GLOBAL,GLOBAL,PLATFORM,0,0,0,0,0,0,0
gaza,jacksonprogress-argus.com,com,GLOBAL,GLOBAL,GLOBAL,PLATFORM,0,0,0,0,0,0,0
gaza,japantoday.com,com,GLOBAL,GLOBAL,GLOBAL,PLATFORM,0,0,0,0,0,0,0
gaza,jaxdailyrecord.com,com,GLOBAL,GLOBAL,GLOBAL,PLATFORM,0,0,0,0,0,0,0
gaza,jewishinsider.com,com,GLOBAL,GLOBAL,GLOBAL,PLATFORM,0,0,0,0,0,0,0
gaza,jowhar.com,com,GLOBAL,GLOBAL,GLOBAL,PLATFORM,0,0,0,0,0,0,0
gaza,jpost.com,com,GLOBAL,GLOBAL,GLOBAL,PLATFORM,0,0,0,0,0,0,0
gaza,k99country.iheart.com,com,GLOBAL,GLOBAL,GLOBAL,PLATFORM,0,0,0,0,0,0,0
gaza,kanw.com,com,GLOBAL,GLOBAL,GLOBAL,PLATFORM,0,0,0,0,0,0,0
gaza,kashmirreader.com,com,GLOBAL,GLOBAL,GLOBAL,PLATFORM,0,0,0,0,0,0,0
gaza,kiiitv.com,com,GLOBAL,GLOBAL,GLOBAL,PLATFORM,0,0,0,0,0,0,0
gaza,kiisfm.iheart.com,com,GLOBAL,GLOBAL,GLOBAL,PLATFORM,0,0,0,0,0,0,0
gaza,kion546.com,com,GLOBAL,GLOBAL,GLOBAL,PLATFORM,0,0,0,0,0,0,0
gaza,kiplinger.com,com,GLOBAL,GLOBAL,GLOBAL,PLATFORM,0,0,0,0,0,0,0
gaza,kiss983.iheart.com,com,GLOBAL,GLOBAL,GLOBAL,PLATFORM,0,0,0,0,0,0,0
gaza,kkrq.iheart.com,com,GLOBAL,GLOBAL,GLOBAL,PLATFORM,0,0,0,0,0,0,0
gaza,klfy.com,com,GLOBAL,GLOBAL,GLOBAL,PLATFORM,0,0,0,0,0,0,0
gaza,kmvt.com,com,GLOBAL,GLOBAL,GLOBAL,PLATFORM,0,0,0,0,0,0,0
gaza,kniakrls.com,com,GLOBAL,GLOBAL,GLOBAL,PLATFORM,0,0,0,0,0,0,0
gaza,knoe.com,com,GLOBAL,GLOBAL,GLOBAL,PLATFORM,0,0,0,0,0,0,0
gaza,koacolorado.iheart.com,com,GLOBAL,GLOBAL,GLOBAL,PLATFORM,0,0,0,0,0,0,0
gaza,komando.com,com,GLOBAL,GLOBAL,GLOBAL,PLATFORM,0,0,0,0,0,0,0
gaza,kpax.com,com,GLOBAL,GLOBAL,GLOBAL,PLATFORM,0,0,0,0,0,0,0
gaza,kpcnews.com,com,GLOBAL,GLOBAL,GLOBAL,PLATFORM,0,0,0,0,0,0,0
gaza,kpig.com,com,GLOBAL,GLOBAL,GLOBAL,PLATFORM,0,0,0,0,0,0,0
gaza,kpla.com,com,GLOBAL,GLOBAL,GLOBAL,PLATFORM,0,0,0,0,0,0,0
gaza,krem.com,com,GLOBAL,GLOBAL,GLOBAL,PLATFORM,0,0,0,0,0,0,0
gaza,krny.com,com,GLOBAL,GLOBAL,GLOBAL,PLATFORM,0,0,0,0,0,0,0
gaza,kscj.com,com,GLOBAL,GLOBAL,GLOBAL,PLATFORM,0,0,0,0,0,0,0
gaza,ksl.com,com,GLOBAL,GLOBAL,GLOBAL,PLATFORM,0,0,0,0,0,0,0
gaza,ksmu.org,org,GLOBAL,GLOBAL,GLOBAL,PLATFORM,0,0,0,0,0,0,0
gaza,kssn.iheart.com,com,GLOBAL,GLOBAL,GLOBAL,PLATFORM,0,0,0,0,0,0,0
gaza,ktar.com,com,GLOBAL,GLOBAL,GLOBAL,PLATFORM,0,0,0,0,0,0,0
gaza,ktop1490.com,com,GLOBAL,GLOBAL,GLOBAL,PLATFORM,0,0,0,0,0,0,0
gaza,ktul.com,com,GLOBAL,GLOBAL,GLOBAL,PLATFORM,0,0,0,0,0,0,0
gaza,kulr8.com,com,GLOBAL,GLOBAL,GLOBAL,PLATFORM,0,0,0,0,0,0,0
gaza,kuvo.org,org,GLOBAL,GLOBAL,GLOBAL,PLATFORM,0,0,0,0,0,0,0
gaza,laosnews.net,net,GLOBAL,GLOBAL,GLOBAL,PLATFORM,0,0,0,0,0,0,0
gaza,lasvegassun.com,com,GLOBAL,GLOBAL,GLOBAL,PLATFORM,0,0,0,0,0,0,0
gaza,lelezard.com,com,GLOBAL,GLOBAL,GLOBAL,PLATFORM,0,0,0,0,0,0,0
gaza,longisland.com,com,GLOBAL,GLOBAL,GLOBAL,PLATFORM,0,0,0,0,0,0,0
gaza,loscerritosnews.net,net,GLOBAL,GLOBAL,GLOBAL,PLATFORM,0,0,0,0,0,0,0
gaza,lvb.com,com,GLOBAL,GLOBAL,GLOBAL,PLATFORM,0,0,0,0,0,0,0
gaza,m.baidu.com,com,GLOBAL,GLOBAL,GLOBAL,PLATFORM,0,0,0,0,0,0,0
gaza,malibutimes.com,com,GLOBAL,GLOBAL,GLOBAL,PLATFORM,0,0,0,0,0,0,0
gaza,manchesterjournal.com,com,GLOBAL,GLOBAL,GLOBAL,PLATFORM,0,0,0,0,0,0,0
gaza,mauinews.com,com,GLOBAL,GLOBAL,GLOBAL,PLATFORM,0,0,0,0,0,0,0
gaza,mcall.com,com,GLOBAL,GLOBAL,GLOBAL,PLATFORM,0,0,0,0,0,0,0
gaza,mckinsey.com,com,GLOBAL,GLOBAL,GLOBAL,PLATFORM,0,0,0,0,0,0,0
gaza,medindia.net,net,GLOBAL,GLOBAL,GLOBAL,PLATFORM,0,0,0,0,0,0,0
gaza,meridian.mi.us,us,US,North America,OTHER,PLATFORM,0,0,0,0,0,0,0
gaza,metroweekly.com,com,GLOBAL,GLOBAL,GLOBAL,PLATFORM,0,0,0,0,0,0,0
gaza,miragenews.com,com,GLOBAL,GLOBAL,GLOBAL,PLATFORM,0,0,0,0,0,0,0
gaza,mitchelladvocate.com:443,NA,NA,NA,OTHER,PLATFORM,0,0,0,0,0,0,0
gaza,mix929.com,com,GLOBAL,GLOBAL,GLOBAL,PLATFORM,0,0,0,0,0,0,0
gaza,mix931fm.com,com,GLOBAL,GLOBAL,GLOBAL,PLATFORM,0,0,0,0,0,0,0
gaza,mixmaine.com,com,GLOBAL,GLOBAL,GLOBAL,PLATFORM,0,0,0,0,0,0,0
gaza,montereycountyweekly.com,com,GLOBAL,GLOBAL,GLOBAL,PLATFORM,0,0,0,0,0,0,0
gaza,mooseradio.com,com,GLOBAL,GLOBAL,GLOBAL,PLATFORM,0,0,0,0,0,0,0
gaza,muslimnews.co.uk,uk,GB,Europe & Central Asia,OTHER,PLATFORM,0,0,0,0,0,0,0
gaza,myparrysoundnow.com,com,GLOBAL,GLOBAL,GLOBAL,PLATFORM,0,0,0,0,0,0,0
gaza,namibian.com.na,na,NA,NA,OTHER,PLATFORM,0,0,0,0,0,0,0
gaza,nationalinterest.org,org,GLOBAL,GLOBAL,GLOBAL,PLATFORM,0,0,0,0,0,0,0
gaza,nbc12.com,com,GLOBAL,GLOBAL,GLOBAL,PLATFORM,0,0,0,0,0,0,0
gaza,nbcconnecticut.com,com,GLOBAL,GLOBAL,GLOBAL,PLATFORM,0,0,0,0,0,0,0
gaza,neowin.net,net,GLOBAL,GLOBAL,GLOBAL,PLATFORM,0,0,0,0,0,0,0
gaza,newcountry1039fm.iheart.com,com,GLOBAL,GLOBAL,GLOBAL,PLATFORM,0,0,0,0,0,0,0
gaza,newjerseytelegraph.com,com,GLOBAL,GLOBAL,GLOBAL,PLATFORM,0,0,0,0,0,0,0
gaza,news-medical.net,net,GLOBAL,GLOBAL,GLOBAL,PLATFORM,0,0,0,0,0,0,0
gaza,news-star.com,com,GLOBAL,GLOBAL,GLOBAL,PLATFORM,0,0,0,0,0,0,0
gaza,news.mit.edu,edu,NA,NA,OTHER,PLATFORM,0,0,0,0,0,0,0
gaza,news.rediff.com,com,GLOBAL,GLOBAL,GLOBAL,PLATFORM,0,0,0,0,0,0,0
gaza,news.ucsc.edu,edu,NA,NA,OTHER,PLATFORM,0,0,0,0,0,0,0
gaza,news4jax.com,com,GLOBAL,GLOBAL,GLOBAL,PLATFORM,0,0,0,0,0,0,0
gaza,newsinfo.inquirer.net,net,GLOBAL,GLOBAL,GLOBAL,PLATFORM,0,0,0,0,0,0,0
gaza,newstalkkit.com,com,GLOBAL,GLOBAL,GLOBAL,PLATFORM,0,0,0,0,0,0,0
gaza,newworldwriting.net,net,GLOBAL,GLOBAL,GLOBAL,PLATFORM,0,0,0,0,0,0,0
gaza,niagarafallsreview.ca,ca,CA,North America,OTHER,PLATFORM,0,0,0,0,0,0,0
gaza,northernminer.com,com,GLOBAL,GLOBAL,GLOBAL,PLATFORM,0,0,0,0,0,0,0
gaza,northplattebulletin.com,com,GLOBAL,GLOBAL,GLOBAL,PLATFORM,0,0,0,0,0,0,0
gaza,nysun.com,com,GLOBAL,GLOBAL,GLOBAL,PLATFORM,0,0,0,0,0,0,0
gaza,nzcatholic.org.nz,nz,NZ,East Asia & Pacific,OTHER,PLATFORM,0,0,0,0,0,0,0
gaza,oaklandside.org,org,GLOBAL,GLOBAL,GLOBAL,PLATFORM,0,0,0,0,0,0,0
gaza,opb.org,org,GLOBAL,GLOBAL,GLOBAL,PLATFORM,0,0,0,0,0,0,0
gaza,oregonlive.com,com,GLOBAL,GLOBAL,GLOBAL,PLATFORM,0,0,0,0,0,0,0
gaza,oxygen.com,com,GLOBAL,GLOBAL,GLOBAL,PLATFORM,0,0,0,0,0,0,0
gaza,pagesix.com,com,GLOBAL,GLOBAL,GLOBAL,PLATFORM,0,0,0,0,0,0,0
gaza,panow.com,com,GLOBAL,GLOBAL,GLOBAL,PLATFORM,0,0,0,0,0,0,0
gaza,pembinavalleyonline.com,com,GLOBAL,GLOBAL,GLOBAL,PLATFORM,0,0,0,0,0,0,0
gaza,perezhilton.com,com,GLOBAL,GLOBAL,GLOBAL,PLATFORM,0,0,0,0,0,0,0
gaza,pharmacytimes.com,com,GLOBAL,GLOBAL,GLOBAL,PLATFORM,0,0,0,0,0,0,0
gaza,philstar.com,com,GLOBAL,GLOBAL,GLOBAL,PLATFORM,0,0,0,0,0,0,0
gaza,phys.org,org,GLOBAL,GLOBAL,GLOBAL,PLATFORM,0,0,0,0,0,0,0
gaza,pineandlakes.com,com,GLOBAL,GLOBAL,GLOBAL,PLATFORM,0,0,0,0,0,0,0
gaza,poetryfoundation.org,org,GLOBAL,GLOBAL,GLOBAL,PLATFORM,0,0,0,0,0,0,0
gaza,popularmechanics.com,com,GLOBAL,GLOBAL,GLOBAL,PLATFORM,0,0,0,0,0,0,0
gaza,portageonline.com,com,GLOBAL,GLOBAL,GLOBAL,PLATFORM,0,0,0,0,0,0,0
gaza,portnews.com.au,au,AU,East Asia & Pacific,OTHER,PLATFORM,0,0,0,0,0,0,0
gaza,portsmouth.co.uk,uk,GB,Europe & Central Asia,OTHER,PLATFORM,0,0,0,0,0,0,0
gaza,pressherald.com,com,GLOBAL,GLOBAL,GLOBAL,PLATFORM,0,0,0,0,0,0,0
gaza,punknews.org,org,GLOBAL,GLOBAL,GLOBAL,PLATFORM,0,0,0,0,0,0,0
gaza,questmag.com,com,GLOBAL,GLOBAL,GLOBAL,PLATFORM,0,0,0,0,0,0,0
gaza,radiosunny.iheart.com,com,GLOBAL,GLOBAL,GLOBAL,PLATFORM,0,0,0,0,0,0,0
gaza,rbth.com,com,GLOBAL,GLOBAL,GLOBAL,PLATFORM,0,0,0,0,0,0,0
gaza,realestate.com.au,au,AU,East Asia & Pacific,OTHER,PLATFORM,0,0,0,0,0,0,0
gaza,rentonreporter.com,com,GLOBAL,GLOBAL,GLOBAL,PLATFORM,0,0,0,0,0,0,0
gaza,road.cc,cc,NA,NA,OTHER,PLATFORM,0,0,0,0,0,0,0
gaza,sanpedrosun.com,com,GLOBAL,GLOBAL,GLOBAL,PLATFORM,0,0,0,0,0,0,0
gaza,sciencedaily.com,com,GLOBAL,GLOBAL,GLOBAL,PLATFORM,0,0,0,0,0,0,0
gaza,seapowermagazine.org,org,GLOBAL,GLOBAL,GLOBAL,PLATFORM,0,0,0,0,0,0,0
gaza,serbiananimalsvoice.com,com,GLOBAL,GLOBAL,GLOBAL,PLATFORM,0,0,0,0,0,0,0
gaza,sidneyherald.com,com,GLOBAL,GLOBAL,GLOBAL,PLATFORM,0,0,0,0,0,0,0
gaza,siliconangle.com,com,GLOBAL,GLOBAL,GLOBAL,PLATFORM,0,0,0,0,0,0,0
gaza,siouxcityjournal.com,com,GLOBAL,GLOBAL,GLOBAL,PLATFORM,0,0,0,0,0,0,0
gaza,smn-news.com,com,GLOBAL,GLOBAL,GLOBAL,PLATFORM,0,0,0,0,0,0,0
gaza,squamishchief.com,com,GLOBAL,GLOBAL,GLOBAL,PLATFORM,0,0,0,0,0,0,0
gaza,starlocalmedia.com,com,GLOBAL,GLOBAL,GLOBAL,PLATFORM,0,0,0,0,0,0,0
gaza,storystudio.wlwt.com,com,GLOBAL,GLOBAL,GLOBAL,PLATFORM,0,0,0,0,0,0,0
gaza,surreycomet.co.uk,uk,GB,Europe & Central Asia,OTHER,PLATFORM,0,0,0,0,0,0,0
gaza,taosnews.com,com,GLOBAL,GLOBAL,GLOBAL,PLATFORM,0,0,0,0,0,0,0
gaza,tcbmag.com,com,GLOBAL,GLOBAL,GLOBAL,PLATFORM,0,0,0,0,0,0,0
gaza,temple-news.com,com,GLOBAL,GLOBAL,GLOBAL,PLATFORM,0,0,0,0,0,0,0
gaza,texomashomepage.com,com,GLOBAL,GLOBAL,GLOBAL,PLATFORM,0,0,0,0,0,0,0
gaza,theath.ca,ca,CA,North America,OTHER,PLATFORM,0,0,0,0,0,0,0
gaza,thecatfm.iheart.com,com,GLOBAL,GLOBAL,GLOBAL,PLATFORM,0,0,0,0,0,0,0
gaza,theleader.com.au,au,AU,East Asia & Pacific,OTHER,PLATFORM,0,0,0,0,0,0,0
gaza,themorningsun.com,com,GLOBAL,GLOBAL,GLOBAL,PLATFORM,0,0,0,0,0,0,0
gaza,thenewsherald.com,com,GLOBAL,GLOBAL,GLOBAL,PLATFORM,0,0,0,0,0,0,0
gaza,theonion.com,com,GLOBAL,GLOBAL,GLOBAL,PLATFORM,0,0,0,0,0,0,0
gaza,thesouthernreporter.co.uk,uk,GB,Europe & Central Asia,OTHER,PLATFORM,0,0,0,0,0,0,0
gaza,thestandard.org.nz,nz,NZ,East Asia & Pacific,OTHER,PLATFORM,0,0,0,0,0,0,0
gaza,un.org,org,GLOBAL,GLOBAL,GLOBAL,PLATFORM,0,0,0,0,0,0,0
gaza,us1035.iheart.com,com,GLOBAL,GLOBAL,GLOBAL,PLATFORM,0,0,0,0,0,0,0
gaza,v100.iheart.com,com,GLOBAL,GLOBAL,GLOBAL,PLATFORM,0,0,0,0,0,0,0
gaza,venturebeat.com,com,GLOBAL,GLOBAL,GLOBAL,PLATFORM,0,0,0,0,0,0,0
gaza,vision.org.au,au,AU,East Asia & Pacific,OTHER,PLATFORM,0,0,0,0,0,0,0
gaza,volanteonline.com,com,GLOBAL,GLOBAL,GLOBAL,PLATFORM,0,0,0,0,0,0,0
gaza,voxy.co.nz,nz,NZ,East Asia & Pacific,OTHER,PLATFORM,0,0,0,0,0,0,0
gaza,warm98.com,com,GLOBAL,GLOBAL,GLOBAL,PLATFORM,0,0,0,0,0,0,0
gaza,washingtonblade.com,com,GLOBAL,GLOBAL,GLOBAL,PLATFORM,0,0,0,0,0,0,0
gaza,wbap.com,com,GLOBAL,GLOBAL,GLOBAL,PLATFORM,0,0,0,0,0,0,0
gaza,wcsy.com,com,GLOBAL,GLOBAL,GLOBAL,PLATFORM,0,0,0,0,0,0,0
gaza,wctv.tv,tv,NA,NA,OTHER,PLATFORM,0,0,0,0,0,0,0
gaza,wdvx.com,com,GLOBAL,GLOBAL,GLOBAL,PLATFORM,0,0,0,0,0,0,0
gaza,weaintgotnohistory.sbnation.com,com,GLOBAL,GLOBAL,GLOBAL,PLATFORM,0,0,0,0,0,0,0
gaza,westernweekender.com.au,au,AU,East Asia & Pacific,OTHER,PLATFORM,0,0,0,0,0,0,0
gaza,wflafm.iheart.com,com,GLOBAL,GLOBAL,GLOBAL,PLATFORM,0,0,0,0,0,0,0
gaza,whsv.com,com,GLOBAL,GLOBAL,GLOBAL,PLATFORM,0,0,0,0,0,0,0
gaza,wiscassetnewspaper.com,com,GLOBAL,GLOBAL,GLOBAL,PLATFORM,0,0,0,0,0,0,0
gaza,wjjz.iheart.com,com,GLOBAL,GLOBAL,GLOBAL,PLATFORM,0,0,0,0,0,0,0
gaza,wkkj.iheart.com,com,GLOBAL,GLOBAL,GLOBAL,PLATFORM,0,0,0,0,0,0,0
gaza,wltx.com,com,GLOBAL,GLOBAL,GLOBAL,PLATFORM,0,0,0,0,0,0,0
gaza,wmra.org,org,GLOBAL,GLOBAL,GLOBAL,PLATFORM,0,0,0,0,0,0,0
gaza,wordpress.com,com,GLOBAL,GLOBAL,GLOBAL,PLATFORM,0,0,0,0,0,0,0
gaza,world.kbs.co.kr,kr,KR,East Asia & Pacific,OTHER,PLATFORM,0,0,0,0,0,0,0
gaza,wrfi.org,org,GLOBAL,GLOBAL,GLOBAL,PLATFORM,0,0,0,0,0,0,0
gaza,wsj.com,com,GLOBAL,GLOBAL,GLOBAL,PLATFORM,1,0,0,0,0,0,1
gaza,wsvaonline.com,com,GLOBAL,GLOBAL,GLOBAL,PLATFORM,0,0,0,0,0,0,0
gaza,wthr.com,com,GLOBAL,GLOBAL,GLOBAL,PLATFORM,0,0,0,0,0,0,0
gaza,wuwm.com,com,GLOBAL,GLOBAL,GLOBAL,PLATFORM,0,0,0,0,0,0,0
gaza,wzpl.com,com,GLOBAL,GLOBAL,GLOBAL,PLATFORM,0,0,0,0,0,0,0
gaza,y969.iheart.com,com,GLOBAL,GLOBAL,GLOBAL,PLATFORM,0,0,0,0,0,0,0
gaza,yorkpress.co.uk,uk,GB,Europe & Central Asia,OTHER,PLATFORM,0,0,0,0,0,0,0
gaza,z103.fm,fm,NA,NA,OTHER,PLATFORM,0,0,0,0,0,0,0
gaza,zerohedge.com,com,GLOBAL,GLOBAL,GLOBAL,PLATFORM,0,0,0,0,0,0,0
gaza,znsbahamas.com,com,GLOBAL,GLOBAL,GLOBAL,PLATFORM,0,0,0,0,0,0,0
gaza,1045theteam.com,com,GLOBAL,GLOBAL,GLOBAL,PLATFORM,0,0,0,0,0,0,0
gaza,1049foxsports.iheart.com,com,GLOBAL,GLOBAL,GLOBAL,PLATFORM,0,0,0,0,0,0,0
gaza,1057thehawk.com,com,GLOBAL,GLOBAL,GLOBAL,PLATFORM,0,0,0,0,0,0,0
gaza,1075thebigbuck.iheart.com,com,GLOBAL,GLOBAL,GLOBAL,PLATFORM,0,0,0,0,0,0,0
gaza,1360kktx.iheart.com,com,GLOBAL,GLOBAL,GLOBAL,PLATFORM,0,0,0,0,0,0,0
gaza,13abc.com,com,GLOBAL,GLOBAL,GLOBAL,PLATFORM,0,0,0,0,0,0,0
gaza,6abc.com,com,GLOBAL,GLOBAL,GLOBAL,PLATFORM,0,0,0,0,0,0,0
gaza,710keel.com,com,GLOBAL,GLOBAL,GLOBAL,PLATFORM,0,0,0,0,0,0,0
gaza,90min.com,com,GLOBAL,GLOBAL,GLOBAL,PLATFORM,0,0,0,0,0,0,0
gaza,915thebeat.com,com,GLOBAL,GLOBAL,GLOBAL,PLATFORM,0,0,0,0,0,0,0
gaza,997wtn.com,com,GLOBAL,GLOBAL,GLOBAL,PLATFORM,0,0,0,0,0,0,0
gaza,actionnewsjax.com,com,GLOBAL,GLOBAL,GLOBAL,PLATFORM,0,0,0,0,0,0,0
gaza,airlinegeeks.com,com,GLOBAL,GLOBAL,GLOBAL,PLATFORM,0,0,0,0,0,0,0
gaza,allblacks.com,com,GLOBAL,GLOBAL,GLOBAL,PLATFORM,0,0,0,0,0,0,0
gaza,article.wn.com,com,GLOBAL,GLOBAL,GLOBAL,PLATFORM,0,0,0,0,0,0,0
gaza,austinchronicle.com,com,GLOBAL,GLOBAL,GLOBAL,PLATFORM,0,0,0,0,0,0,0
gaza,autobodynews.com,com,GLOBAL,GLOBAL,GLOBAL,PLATFORM,0,0,0,0,0,0,0
gaza,avenuemail.in,in,IN,South Asia,OTHER,PLATFORM,0,0,0,0,0,0,0
gaza,azcapitoltimes.com,com,GLOBAL,GLOBAL,GLOBAL,PLATFORM,0,0,0,0,0,0,0
gaza,b1027.com,com,GLOBAL,GLOBAL,GLOBAL,PLATFORM,0,0,0,0,0,0,0
gaza,b1075country.iheart.com,com,GLOBAL,GLOBAL,GLOBAL,PLATFORM,0,0,0,0,0,0,0
gaza,ballstatedaily.com,com,GLOBAL,GLOBAL,GLOBAL,PLATFORM,0,0,0,0,0,0,0
gaza,bangordailynews.com,com,GLOBAL,GLOBAL,GLOBAL,PLATFORM,0,0,0,0,0,0,0
gaza,beach951.com,com,GLOBAL,GLOBAL,GLOBAL,PLATFORM,0,0,0,0,0,0,0
gaza,biometricupdate.com,com,GLOBAL,GLOBAL,GLOBAL,PLATFORM,0,0,0,0,0,0,0
gaza,blayneychronicle.com.au,au,AU,East Asia & Pacific,OTHER,PLATFORM,0,0,0,0,0,0,0
gaza,bnd.com,com,GLOBAL,GLOBAL,GLOBAL,PLATFORM,0,0,0,0,0,0,0
gaza,bobbybones.iheart.com,com,GLOBAL,GLOBAL,GLOBAL,PLATFORM,0,0,0,0,0,0,0
gaza,brazilbusiness.einnews.com,com,GLOBAL,GLOBAL,GLOBAL,PLATFORM,0,0,0,0,0,0,0
gaza,broomfieldenterprise.com,com,GLOBAL,GLOBAL,GLOBAL,PLATFORM,0,0,0,0,0,0,0
gaza,campusreform.org,org,GLOBAL,GLOBAL,GLOBAL,PLATFORM,0,0,0,0,0,0,0
gaza,canadiancattlemen.ca,ca,CA,North America,OTHER,PLATFORM,0,0,0,0,0,0,0
gaza,canberratimes.com.au,au,AU,East Asia & Pacific,OTHER,PLATFORM,0,0,0,0,0,0,0
gaza,capitalpress.com,com,GLOBAL,GLOBAL,GLOBAL,PLATFORM,0,0,0,0,0,0,0
gaza,carloarg02.medium.com,com,GLOBAL,GLOBAL,GLOBAL,PLATFORM,0,0,0,0,0,0,0
gaza,castanet.net,net,GLOBAL,GLOBAL,GLOBAL,PLATFORM,0,0,0,0,0,0,0
gaza,cebudailynews.inquirer.net,net,GLOBAL,GLOBAL,GLOBAL,PLATFORM,0,0,0,0,0,0,0
gaza,cfrc.ca,ca,CA,North America,OTHER,PLATFORM,0,0,0,0,0,0,0
gaza,cheatsheet.com,com,GLOBAL,GLOBAL,GLOBAL,PLATFORM,0,0,0,0,0,0,0
gaza,china.org.cn,cn,CN,East Asia & Pacific,OTHER,PLATFORM,0,0,0,0,0,0,0
gaza,chroniclejournal.com,com,GLOBAL,GLOBAL,GLOBAL,PLATFORM,0,0,0,0,0,0,0
gaza,cineuropa.org,org,GLOBAL,GLOBAL,GLOBAL,PLATFORM,0,0,0,0,0,0,0
gaza,cio.com,com,GLOBAL,GLOBAL,GLOBAL,PLATFORM,0,0,0,0,0,0,0
gaza,ckuw.ca,ca,CA,North America,OTHER,PLATFORM,0,0,0,0,0,0,0
gaza,classichits1390.iheart.com,com,GLOBAL,GLOBAL,GLOBAL,PLATFORM,0,0,0,0,0,0,0
gaza,cnaluxury.channelnewsasia.com,com,GLOBAL,GLOBAL,GLOBAL,PLATFORM,0,0,0,0,0,0,0
gaza,cnnphilippines.com,com,GLOBAL,GLOBAL,GLOBAL,PLATFORM,0,0,0,0,0,0,0
gaza,coindesk.com,com,GLOBAL,GLOBAL,GLOBAL,PLATFORM,0,0,0,0,0,0,0
gaza,columbian.com,com,GLOBAL,GLOBAL,GLOBAL,PLATFORM,0,0,0,0,0,0,0
gaza,connecticut.news12.com,com,GLOBAL,GLOBAL,GLOBAL,PLATFORM,0,0,0,0,0,0,0
gaza,courthousenews.com,com,GLOBAL,GLOBAL,GLOBAL,PLATFORM,0,0,0,0,0,0,0
gaza,cranbrooktownsman.com,com,GLOBAL,GLOBAL,GLOBAL,PLATFORM,0,0,0,0,0,0,0
gaza,cumnockchronicle.com,com,GLOBAL,GLOBAL,GLOBAL,PLATFORM,0,0,0,0,0,0,0
gaza,dailybreeze.com,com,GLOBAL,GLOBAL,GLOBAL,PLATFORM,0,0,0,0,0,0,0
gaza,dailycardinal.com,com,GLOBAL,GLOBAL,GLOBAL,PLATFORM,0,0,0,0,0,0,0
gaza,dailyfinland.fi,fi,NA,NA,OTHER,PLATFORM,0,0,0,0,0,0,0
gaza,dailyrecord.co.uk,uk,GB,Europe & Central Asia,OTHER,PLATFORM,0,0,0,0,0,0,0
gaza,darlingtonandstocktontimes.co.uk,uk,GB,Europe & Central Asia,OTHER,PLATFORM,0,0,0,0,0,0,0
gaza,davidpakman.com,com,GLOBAL,GLOBAL,GLOBAL,PLATFORM,0,0,0,0,0,0,0
gaza,deadline.com,com,GLOBAL,GLOBAL,GLOBAL,PLATFORM,0,0,0,0,0,0,0
gaza,decider.com,com,GLOBAL,GLOBAL,GLOBAL,PLATFORM,0,0,0,0,0,0,0
gaza,derrynow.com,com,GLOBAL,GLOBAL,GLOBAL,PLATFORM,0,0,0,0,0,0,0
gaza,digbycourier.ca,ca,CA,North America,OTHER,PLATFORM,0,0,0,0,0,0,0
gaza,drumhellermail.com,com,GLOBAL,GLOBAL,GLOBAL,PLATFORM,0,0,0,0,0,0,0
gaza,duvarenglish.com,com,GLOBAL,GLOBAL,GLOBAL,PLATFORM,0,0,0,0,0,0,0
gaza,eagletribune.com,com,GLOBAL,GLOBAL,GLOBAL,PLATFORM,0,0,0,0,0,0,0
gaza,earth.com,com,GLOBAL,GLOBAL,GLOBAL,PLATFORM,0,0,0,0,0,0,0
gaza,economictimes.indiatimes.com,com,GLOBAL,GLOBAL,GLOBAL,PLATFORM,0,0,0,0,0,0,0
gaza,edition.cnn.com,com,GLOBAL,GLOBAL,GLOBAL,PLATFORM,0,0,0,0,0,0,0
gaza,effinghamherald.net,net,GLOBAL,GLOBAL,GLOBAL,PLATFORM,0,0,0,0,0,0,0
gaza,en.shafaqna.com,com,GLOBAL,GLOBAL,GLOBAL,PLATFORM,0,0,0,0,0,0,0
gaza,eonline.com,com,GLOBAL,GLOBAL,GLOBAL,PLATFORM,0,0,0,0,0,0,0
gaza,eppingforestguardian.co.uk,uk,GB,Europe & Central Asia,OTHER,PLATFORM,0,0,0,0,0,0,0
gaza,erienewsnow.com,com,GLOBAL,GLOBAL,GLOBAL,PLATFORM,0,0,0,0,0,0,0
gaza,etfdailynews.com,com,GLOBAL,GLOBAL,GLOBAL,PLATFORM,0,0,0,0,0,0,0
gaza,europesun.com,com,GLOBAL,GLOBAL,GLOBAL,PLATFORM,0,0,0,0,0,0,0
gaza,eveningnews24.co.uk,uk,GB,Europe & Central Asia,OTHER,PLATFORM,0,0,0,0,0,0,0
gaza,evwind.es,es,ES,Europe & Central Asia,OTHER,PLATFORM,0,0,0,0,0,0,0
gaza,exclaim.ca,ca,CA,North America,OTHER,PLATFORM,0,0,0,0,0,0,0
gaza,express.co.uk,uk,GB,Europe & Central Asia,OTHER,PLATFORM,0,0,0,0,0,0,0
gaza,fandompost.com,com,GLOBAL,GLOBAL,GLOBAL,PLATFORM,0,0,0,0,0,0,0
gaza,fbcnews.com.fj,fj,NA,NA,OTHER,PLATFORM,0,0,0,0,0,0,0
gaza,fijisun.com.fj,fj,NA,NA,OTHER,PLATFORM,0,0,0,0,0,0,0
gaza,fijivillage.com,com,GLOBAL,GLOBAL,GLOBAL,PLATFORM,0,0,0,0,0,0,0
gaza,foreignaffairs.co.nz,nz,NZ,East Asia & Pacific,OTHER,PLATFORM,0,0,0,0,0,0,0
gaza,fourstateshomepage.com,com,GLOBAL,GLOBAL,GLOBAL,PLATFORM,0,0,0,0,0,0,0
gaza,fox2now.com,com,GLOBAL,GLOBAL,GLOBAL,PLATFORM,0,0,0,0,0,0,0
gaza,fox34.com,com,GLOBAL,GLOBAL,GLOBAL,PLATFORM,0,0,0,0,0,0,0
gaza,fox4kc.com,com,GLOBAL,GLOBAL,GLOBAL,PLATFORM,0,0,0,0,0,0,0
gaza,fox61.com,com,GLOBAL,GLOBAL,GLOBAL,PLATFORM,0,0,0,0,0,0,0
gaza,fox9.com,com,GLOBAL,GLOBAL,GLOBAL,PLATFORM,0,0,0,0,0,0,0
gaza,france24.com,com,GLOBAL,GLOBAL,GLOBAL,PLATFORM,0,0,0,0,0,0,0
gaza,fresnobee.com,com,GLOBAL,GLOBAL,GLOBAL,PLATFORM,0,0,0,0,0,0,0
gaza,frontline.thehindu.com,com,GLOBAL,GLOBAL,GLOBAL,PLATFORM,0,0,0,0,0,0,0
gaza,futurecar.com,com,GLOBAL,GLOBAL,GLOBAL,PLATFORM,0,0,0,0,0,0,0
gaza,gamespot.com,com,GLOBAL,GLOBAL,GLOBAL,PLATFORM,0,0,0,0,0,0,0
gaza,giants.com,com,GLOBAL,GLOBAL,GLOBAL,PLATFORM,0,0,0,0,0,0,0
gaza,globalhappenings.com,com,GLOBAL,GLOBAL,GLOBAL,PLATFORM,0,0,0,0,0,0,0
gaza,globalnation.inquirer.net,net,GLOBAL,GLOBAL,GLOBAL,PLATFORM,0,0,0,0,0,0,0
gaza,governing.com,com,GLOBAL,GLOBAL,GLOBAL,PLATFORM,0,0,0,0,0,0,0
gaza,gulf104.com,com,GLOBAL,GLOBAL,GLOBAL,PLATFORM,0,0,0,0,0,0,0
gaza,gvnews.com,com,GLOBAL,GLOBAL,GLOBAL,PLATFORM,0,0,0,0,0,0,0
gaza,halsteadgazette.co.uk,uk,GB,Europe & Central Asia,OTHER,PLATFORM,0,0,0,0,0,0,0
gaza,helenair.com,com,GLOBAL,GLOBAL,GLOBAL,PLATFORM,0,0,0,0,0,0,0
gaza,herald.co.zw,zw,NA,NA,OTHER,PLATFORM,0,0,0,0,0,0,0
gaza,historiccity.com,com,GLOBAL,GLOBAL,GLOBAL,PLATFORM,0,0,0,0,0,0,0
gaza,historytoday.com,com,GLOBAL,GLOBAL,GLOBAL,PLATFORM,0,0,0,0,0,0,0
gaza,hngn.com,com,GLOBAL,GLOBAL,GLOBAL,PLATFORM,0,0,0,0,0,0,0
gaza,homernews.com,com,GLOBAL,GLOBAL,GLOBAL,PLATFORM,0,0,0,0,0,0,0
gaza,hub-4.com,com,GLOBAL,GLOBAL,GLOBAL,PLATFORM,0,0,0,0,0,0,0
gaza,ign.com,com,GLOBAL,GLOBAL,GLOBAL,PLATFORM,0,0,0,0,0,0,0
gaza,independent.co.uk,uk,GB,Europe & Central Asia,OTHER,PLATFORM,0,0,0,0,0,0,0
gaza,indiankanoon.org,org,GLOBAL,GLOBAL,GLOBAL,PLATFORM,0,0,0,0,0,0,0
gaza,indiatimes.com,com,GLOBAL,GLOBAL,GLOBAL,PLATFORM,0,0,0,0,0,0,0
gaza,indybay.org,org,GLOBAL,GLOBAL,GLOBAL,PLATFORM,0,0,0,0,0,0,0
gaza,infiniteunknown.net,net,GLOBAL,GLOBAL,GLOBAL,PLATFORM,0,0,0,0,0,0,0
gaza,info.scoop.co.nz,nz,NZ,East Asia & Pacific,OTHER,PLATFORM,0,0,0,0,0,0,0
gaza,insider.com,com,GLOBAL,GLOBAL,GLOBAL,PLATFORM,0,0,0,0,0,0,0
gaza,insidethegames.biz,biz,GLOBAL,GLOBAL,GLOBAL,PLATFORM,0,0,0,0,0,0,0
gaza,insightcrime.org,org,GLOBAL,GLOBAL,GLOBAL,PLATFORM,0,0,0,0,0,0,0
gaza,instinctmagazine.com,com,GLOBAL,GLOBAL,GLOBAL,PLATFORM,0,0,0,0,0,0,0
gaza,insurancebusinessmag.com,com,GLOBAL,GLOBAL,GLOBAL,PLATFORM,0,0,0,0,0,0,0
gaza,inverness-courier.co.uk,uk,GB,Europe & Central Asia,OTHER,PLATFORM,0,0,0,0,0,0,0
gaza,ipcs.org,org,GLOBAL,GLOBAL,GLOBAL,PLATFORM,0,0,0,0,0,0,0
gaza,ipowerrichmond.com,com,GLOBAL,GLOBAL,GLOBAL,PLATFORM,0,0,0,0,0,0,0
gaza,irishcentral.com,com,GLOBAL,GLOBAL,GLOBAL,PLATFORM,0,0,0,0,0,0,0
gaza,islandpacket.com,com,GLOBAL,GLOBAL,GLOBAL,PLATFORM,0,0,0,0,0,0,0
gaza,islandsbusiness.com,com,GLOBAL,GLOBAL,GLOBAL,PLATFORM,0,0,0,0,0,0,0
gaza,isustudentmedia.com,com,GLOBAL,GLOBAL,GLOBAL,PLATFORM,0,0,0,0,0,0,0
gaza,itv.com,com,GLOBAL,GLOBAL,GLOBAL,PLATFORM,0,0,0,0,0,0,0
gaza,johnogroat-journal.co.uk,uk,GB,Europe & Central Asia,OTHER,PLATFORM,0,0,0,0,0,0,0
gaza,journalrecord.com,com,GLOBAL,GLOBAL,GLOBAL,PLATFORM,0,0,0,0,0,0,0
gaza,jurist.org,org,GLOBAL,GLOBAL,GLOBAL,PLATFORM,0,0,0,0,0,0,0
gaza,kamloopsthisweek.com,com,GLOBAL,GLOBAL,GLOBAL,PLATFORM,0,0,0,0,0,0,0
gaza,katc.com,com,GLOBAL,GLOBAL,GLOBAL,PLATFORM,0,0,0,0,0,0,0
gaza,katsfm.com,com,GLOBAL,GLOBAL,GLOBAL,PLATFORM,0,0,0,0,0,0,0
gaza,kelofm.com,com,GLOBAL,GLOBAL,GLOBAL,PLATFORM,0,0,0,0,0,0,0
gaza,khar590.com,com,GLOBAL,GLOBAL,GLOBAL,PLATFORM,0,0,0,0,0,0,0
gaza,kicdam.com,com,GLOBAL,GLOBAL,GLOBAL,PLATFORM,0,0,0,0,0,0,0
gaza,kiow.com,com,GLOBAL,GLOBAL,GLOBAL,PLATFORM,0,0,0,0,0,0,0
gaza,kiro7.com,com,GLOBAL,GLOBAL,GLOBAL,PLATFORM,0,0,0,0,0,0,0
gaza,kisscincinnati.iheart.com,com,GLOBAL,GLOBAL,GLOBAL,PLATFORM,0,0,0,0,0,0,0
gaza,kjct8.com,com,GLOBAL,GLOBAL,GLOBAL,PLATFORM,0,0,0,0,0,0,0
gaza,kkyx.com,com,GLOBAL,GLOBAL,GLOBAL,PLATFORM,0,0,0,0,0,0,0
gaza,knox.villagesoup.com,com,GLOBAL,GLOBAL,GLOBAL,PLATFORM,0,0,0,0,0,0,0
gaza,koin.com,com,GLOBAL,GLOBAL,GLOBAL,PLATFORM,0,0,0,0,0,0,0
gaza,kolotv.com,com,GLOBAL,GLOBAL,GLOBAL,PLATFORM,0,0,0,0,0,0,0
gaza,koreatimes.co.kr,kr,KR,East Asia & Pacific,OTHER,PLATFORM,0,0,0,0,0,0,0
gaza,kptv.com,com,GLOBAL,GLOBAL,GLOBAL,PLATFORM,0,0,0,0,0,0,0
gaza,krmg.com,com,GLOBAL,GLOBAL,GLOBAL,PLATFORM,0,0,0,0,0,0,0
gaza,krocnews.com,com,GLOBAL,GLOBAL,GLOBAL,PLATFORM,0,0,0,0,0,0,0
gaza,krro.com,com,GLOBAL,GLOBAL,GLOBAL,PLATFORM,0,0,0,0,0,0,0
gaza,ksisradio.com,com,GLOBAL,GLOBAL,GLOBAL,PLATFORM,0,0,0,0,0,0,0
gaza,kswo.com,com,GLOBAL,GLOBAL,GLOBAL,PLATFORM,0,0,0,0,0,0,0
gaza,kten.com,com,GLOBAL,GLOBAL,GLOBAL,PLATFORM,0,0,0,0,0,0,0
gaza,kuaf.com,com,GLOBAL,GLOBAL,GLOBAL,PLATFORM,0,0,0,0,0,0,0
gaza,kuna.net.kw,kw,NA,NA,OTHER,PLATFORM,0,0,0,0,0,0,0
gaza,kwin.com,com,GLOBAL,GLOBAL,GLOBAL,PLATFORM,0,0,0,0,0,0,0
gaza,kxt.org,org,GLOBAL,GLOBAL,GLOBAL,PLATFORM,0,0,0,0,0,0,0
gaza,ky3.com,com,GLOBAL,GLOBAL,GLOBAL,PLATFORM,0,0,0,0,0,0,0
gaza,legallyindia.com,com,GLOBAL,GLOBAL,GLOBAL,PLATFORM,0,0,0,0,0,0,0
gaza,legit.ng,ng,NG,Sub-Saharan Africa,AFRICA,PLATFORM,0,0,0,0,0,0,0
gaza,leinsterleader.ie,ie,NA,NA,OTHER,PLATFORM,0,0,0,0,0,0,0
gaza,lemonde.fr,fr,FR,Europe & Central Asia,OTHER,PLATFORM,0,0,0,0,0,0,0
gaza,lep.co.uk,uk,GB,Europe & Central Asia,OTHER,PLATFORM,0,0,0,0,0,0,0
gaza,liberty.edu,edu,NA,NA,OTHER,PLATFORM,0,0,0,0,0,0,0
gaza,liverpoolecho.co.uk,uk,GB,Europe & Central Asia,OTHER,PLATFORM,0,0,0,0,0,0,0
gaza,local12.com,com,GLOBAL,GLOBAL,GLOBAL,PLATFORM,0,0,0,0,0,0,0
gaza,londonmercury.com,com,GLOBAL,GLOBAL,GLOBAL,PLATFORM,0,0,0,0,0,0,0
gaza,lostcoastoutpost.com,com,GLOBAL,GLOBAL,GLOBAL,PLATFORM,0,0,0,0,0,0,0
gaza,lowellsun.com,com,GLOBAL,GLOBAL,GLOBAL,PLATFORM,0,0,0,0,0,0,0
gaza,lowkickmma.com,com,GLOBAL,GLOBAL,GLOBAL,PLATFORM,0,0,0,0,0,0,0
gaza,m.lasvegassun.com,com,GLOBAL,GLOBAL,GLOBAL,PLATFORM,0,0,0,0,0,0,0
gaza,maryvilleforum.com,com,GLOBAL,GLOBAL,GLOBAL,PLATFORM,0,0,0,0,0,0,0
gaza,mcalesternews.com,com,GLOBAL,GLOBAL,GLOBAL,PLATFORM,0,0,0,0,0,0,0
gaza,metro-magazine.com,com,GLOBAL,GLOBAL,GLOBAL,PLATFORM,0,0,0,0,0,0,0
gaza,miningjournal.net,net,GLOBAL,GLOBAL,GLOBAL,PLATFORM,0,0,0,0,0,0,0
gaza,mix97.com,com,GLOBAL,GLOBAL,GLOBAL,PLATFORM,0,0,0,0,0,0,0
gaza,mix999fm.iheart.com,com,GLOBAL,GLOBAL,GLOBAL,PLATFORM,0,0,0,0,0,0,0
gaza,mlive.com,com,GLOBAL,GLOBAL,GLOBAL,PLATFORM,0,0,0,0,0,0,0
gaza,modernghana.com,com,GLOBAL,GLOBAL,GLOBAL,PLATFORM,0,0,0,0,0,0,0
gaza,money.usnews.com,com,GLOBAL,GLOBAL,GLOBAL,PLATFORM,0,0,0,0,0,0,0
gaza,morrowcountysentinel.com,com,GLOBAL,GLOBAL,GLOBAL,PLATFORM,0,0,0,0,0,0,0
gaza,mountaintimes.info,info,GLOBAL,GLOBAL,GLOBAL,PLATFORM,0,0,0,0,0,0,0
gaza,muscatinejournal.com,com,GLOBAL,GLOBAL,GLOBAL,PLATFORM,0,0,0,0,0,0,0
gaza,myanmarnews.net,net,GLOBAL,GLOBAL,GLOBAL,PLATFORM,0,0,0,0,0,0,0
gaza,myk104.com,com,GLOBAL,GLOBAL,GLOBAL,PLATFORM,0,0,0,0,0,0,0
gaza,mykiss951.iheart.com,com,GLOBAL,GLOBAL,GLOBAL,PLATFORM,0,0,0,0,0,0,0
gaza,mylakelandnow.com,com,GLOBAL,GLOBAL,GLOBAL,PLATFORM,0,0,0,0,0,0,0
gaza,mylondon.news,news,NA,NA,OTHER,PLATFORM,0,0,0,0,0,0,0
gaza,nationaltribune.com.au,au,AU,East Asia & Pacific,OTHER,PLATFORM,0,0,0,0,0,0,0
gaza,navytimes.com,com,GLOBAL,GLOBAL,GLOBAL,PLATFORM,0,0,0,0,0,0,0
gaza,nbclosangeles.com,com,GLOBAL,GLOBAL,GLOBAL,PLATFORM,0,0,0,0,0,0,0
gaza,ndtv.com,com,GLOBAL,GLOBAL,GLOBAL,PLATFORM,0,0,0,0,0,0,0
gaza,nevadabusiness.com,com,GLOBAL,GLOBAL,GLOBAL,PLATFORM,0,0,0,0,0,0,0
gaza,newhot997.com,com,GLOBAL,GLOBAL,GLOBAL,PLATFORM,0,0,0,0,0,0,0
gaza,newindianexpress.com,com,GLOBAL,GLOBAL,GLOBAL,PLATFORM,0,0,0,0,0,0,0
gaza,news-gazette.com,com,GLOBAL,GLOBAL,GLOBAL,PLATFORM,0,0,0,0,0,0,0
gaza,news.az,az,NA,NA,OTHER,PLATFORM,0,0,0,0,0,0,0
gaza,newser.com,com,GLOBAL,GLOBAL,GLOBAL,PLATFORM,0,0,0,0,0,0,0
gaza,newsincyprus.com,com,GLOBAL,GLOBAL,GLOBAL,PLATFORM,0,0,0,0,0,0,0
gaza,newsletter.blogs.wesleyan.edu,edu,NA,NA,OTHER,PLATFORM,0,0,0,0,0,0,0
gaza,newstalkkzrg.com,com,GLOBAL,GLOBAL,GLOBAL,PLATFORM,0,0,0,0,0,0,0
gaza,newswest9.com,com,GLOBAL,GLOBAL,GLOBAL,PLATFORM,0,0,0,0,0,0,0
gaza,njbiz.com,com,GLOBAL,GLOBAL,GLOBAL,PLATFORM,0,0,0,0,0,0,0
gaza,nme.com,com,GLOBAL,GLOBAL,GLOBAL,PLATFORM,0,0,0,0,0,0,0
gaza,northernnews.ca:443,NA,NA,NA,OTHER,PLATFORM,0,0,0,0,0,0,0
gaza,npr.org,org,GLOBAL,GLOBAL,GLOBAL,PLATFORM,0,0,0,0,0,0,0
gaza,nrvnews.com,com,GLOBAL,GLOBAL,GLOBAL,PLATFORM,0,0,0,0,0,0,0
gaza,nz.news.yahoo.com,com,GLOBAL,GLOBAL,GLOBAL,PLATFORM,0,0,0,0,0,0,0
gaza,oas.org,org,GLOBAL,GLOBAL,GLOBAL,PLATFORM,0,0,0,0,0,0,0
gaza,ohscanada.com,com,GLOBAL,GLOBAL,GLOBAL,PLATFORM,0,0,0,0,0,0,0
gaza,oit.edu,edu,NA,NA,OTHER,PLATFORM,0,0,0,0,0,0,0
gaza,onlineopinion.com.au,au,AU,East Asia & Pacific,OTHER,PLATFORM,0,0,0,0,0,0,0
gaza,orthospinenews.com,com,GLOBAL,GLOBAL,GLOBAL,PLATFORM,0,0,0,0,0,0,0
gaza,peacefmonline.com,com,GLOBAL,GLOBAL,GLOBAL,PLATFORM,0,0,0,0,0,0,0
gaza,petapixel.com,com,GLOBAL,GLOBAL,GLOBAL,PLATFORM,0,0,0,0,0,0,0
gaza,phillytrib.com,com,GLOBAL,GLOBAL,GLOBAL,PLATFORM,0,0,0,0,0,0,0
gaza,pmnewsnigeria.com,com,GLOBAL,GLOBAL,GLOBAL,PLATFORM,0,0,0,0,0,0,0
gaza,power98fm.com,com,GLOBAL,GLOBAL,GLOBAL,PLATFORM,0,0,0,0,0,0,0
gaza,pressreleasepoint.com,com,GLOBAL,GLOBAL,GLOBAL,PLATFORM,0,0,0,0,0,0,0
gaza,psu.com,com,GLOBAL,GLOBAL,GLOBAL,PLATFORM,0,0,0,0,0,0,0
gaza,quadcitiesdaily.com,com,GLOBAL,GLOBAL,GLOBAL,PLATFORM,0,0,0,0,0,0,0
gaza,realradio.iheart.com,com,GLOBAL,GLOBAL,GLOBAL,PLATFORM,0,0,0,0,0,0,0
gaza,redwatch.org.au,au,AU,East Asia & Pacific,OTHER,PLATFORM,0,0,0,0,0,0,0
gaza,republic-online.com,com,GLOBAL,GLOBAL,GLOBAL,PLATFORM,0,0,0,0,0,0,0
gaza,republikein.com.na,na,NA,NA,OTHER,PLATFORM,0,0,0,0,0,0,0
gaza,revengeofthebirds.com,com,GLOBAL,GLOBAL,GLOBAL,PLATFORM,0,0,0,0,0,0,0
gaza,ringtv.com,com,GLOBAL,GLOBAL,GLOBAL,PLATFORM,0,0,0,0,0,0,0
gaza,robbreport.com,com,GLOBAL,GLOBAL,GLOBAL,PLATFORM,0,0,0,0,0,0,0
gaza,rollcall.com,com,GLOBAL,GLOBAL,GLOBAL,PLATFORM,0,0,0,0,0,0,0
gaza,russianmachineneverbreaks.com,com,GLOBAL,GLOBAL,GLOBAL,PLATFORM,0,0,0,0,0,0,0
gaza,rustonleader.com,com,GLOBAL,GLOBAL,GLOBAL,PLATFORM,0,0,0,0,0,0,0
gaza,sahanjournal.com,com,GLOBAL,GLOBAL,GLOBAL,PLATFORM,0,0,0,0,0,0,0
gaza,sailingscuttlebutt.com,com,GLOBAL,GLOBAL,GLOBAL,PLATFORM,0,0,0,0,0,0,0
gaza,scoop.co.nz,nz,NZ,East Asia & Pacific,OTHER,PLATFORM,0,0,0,0,0,0,0
gaza,seekingalpha.com,com,GLOBAL,GLOBAL,GLOBAL,PLATFORM,1,0,0,0,0,0,1
gaza,seneweb.com,com,GLOBAL,GLOBAL,GLOBAL,PLATFORM,0,0,0,0,0,0,0
gaza,silive.com,com,GLOBAL,GLOBAL,GLOBAL,PLATFORM,0,0,0,0,0,0,0
gaza,somersetcountygazette.co.uk,uk,GB,Europe & Central Asia,OTHER,PLATFORM,0,0,0,0,0,0,0
gaza,southcarolinapublicradio.org,org,GLOBAL,GLOBAL,GLOBAL,PLATFORM,0,0,0,0,0,0,0
gaza,southwalesguardian.co.uk,uk,GB,Europe & Central Asia,OTHER,PLATFORM,0,0,0,0,0,0,0
gaza,spectator.co.uk,uk,GB,Europe & Central Asia,OTHER,PLATFORM,0,0,0,0,0,0,0
gaza,spokesman.com,com,GLOBAL,GLOBAL,GLOBAL,PLATFORM,0,0,0,0,0,0,0
gaza,steelersnow.com,com,GLOBAL,GLOBAL,GLOBAL,PLATFORM,0,0,0,0,0,0,0
gaza,stokesentinel.co.uk,uk,GB,Europe & Central Asia,OTHER,PLATFORM,0,0,0,0,0,0,0
gaza,store.ign.com,com,GLOBAL,GLOBAL,GLOBAL,PLATFORM,0,0,0,0,0,0,0
gaza,sunherald.com,com,GLOBAL,GLOBAL,GLOBAL,PLATFORM,0,0,0,0,0,0,0
gaza,sunjournal.com,com,GLOBAL,GLOBAL,GLOBAL,PLATFORM,0,0,0,0,0,0,0
gaza,sunny985.iheart.com,com,GLOBAL,GLOBAL,GLOBAL,PLATFORM,0,0,0,0,0,0,0
gaza,swnews4u.com,com,GLOBAL,GLOBAL,GLOBAL,PLATFORM,0,0,0,0,0,0,0
gaza,talkvietnam.com,com,GLOBAL,GLOBAL,GLOBAL,PLATFORM,0,0,0,0,0,0,0
gaza,tampabaysmix.iheart.com,com,GLOBAL,GLOBAL,GLOBAL,PLATFORM,0,0,0,0,0,0,0
gaza,tbnewswatch.com,com,GLOBAL,GLOBAL,GLOBAL,PLATFORM,0,0,0,0,0,0,0
gaza,theadanews.com,com,GLOBAL,GLOBAL,GLOBAL,PLATFORM,0,0,0,0,0,0,0
gaza,theadvocate.com.au,au,AU,East Asia & Pacific,OTHER,PLATFORM,0,0,0,0,0,0,0
gaza,thearabdailynews.com,com,GLOBAL,GLOBAL,GLOBAL,PLATFORM,0,0,0,0,0,0,0
gaza,theartnewspaper.com,com,GLOBAL,GLOBAL,GLOBAL,PLATFORM,0,0,0,0,0,0,0
gaza,thebeatcolumbia.iheart.com,com,GLOBAL,GLOBAL,GLOBAL,PLATFORM,0,0,0,0,0,0,0
gaza,theblast.com,com,GLOBAL,GLOBAL,GLOBAL,PLATFORM,0,0,0,0,0,0,0
gaza,theblaze.com,com,GLOBAL,GLOBAL,GLOBAL,PLATFORM,0,0,0,0,0,0,0
gaza,thebridgenewsng.com,com,GLOBAL,GLOBAL,GLOBAL,PLATFORM,0,0,0,0,0,0,0
gaza,thebuckeyeflame.com,com,GLOBAL,GLOBAL,GLOBAL,PLATFORM,0,0,0,0,0,0,0
gaza,thecherokeean.com,com,GLOBAL,GLOBAL,GLOBAL,PLATFORM,0,0,0,0,0,0,0
gaza,thechronicle-online.com:443,NA,NA,NA,OTHER,PLATFORM,0,0,0,0,0,0,0
gaza,thedailystar.net,net,GLOBAL,GLOBAL,GLOBAL,PLATFORM,0,0,0,0,0,0,0
gaza,thefutoncritic.com,com,GLOBAL,GLOBAL,GLOBAL,PLATFORM,0,0,0,0,0,0,0
gaza,thegazette.com,com,GLOBAL,GLOBAL,GLOBAL,PLATFORM,0,0,0,0,0,0,0
gaza,thenewsmarket.com,com,GLOBAL,GLOBAL,GLOBAL,PLATFORM,0,0,0,0,0,0,0
gaza,theolympian.com,com,GLOBAL,GLOBAL,GLOBAL,PLATFORM,0,0,0,0,0,0,0
gaza,theroanokestar.com,com,GLOBAL,GLOBAL,GLOBAL,PLATFORM,0,0,0,0,0,0,0
gaza,thestatesman.com,com,GLOBAL,GLOBAL,GLOBAL,PLATFORM,0,0,0,0,0,0,0
gaza,thewhiskeywash.com,com,GLOBAL,GLOBAL,GLOBAL,PLATFORM,0,0,0,0,0,0,0
gaza,ticket760.iheart.com,com,GLOBAL,GLOBAL,GLOBAL,PLATFORM,0,0,0,0,0,0,0
gaza,tide1009.com,com,GLOBAL,GLOBAL,GLOBAL,PLATFORM,0,0,0,0,0,0,0
gaza,time.com,com,GLOBAL,GLOBAL,GLOBAL,PLATFORM,0,0,0,0,0,0,0
gaza,timesgazette.com,com,GLOBAL,GLOBAL,GLOBAL,PLATFORM,0,0,0,0,0,0,0
gaza,timesofisrael.com,com,GLOBAL,GLOBAL,GLOBAL,PLATFORM,0,0,0,0,0,0,0
gaza,tmj4.com,com,GLOBAL,GLOBAL,GLOBAL,PLATFORM,0,0,0,0,0,0,0
gaza,toucharcade.com,com,GLOBAL,GLOBAL,GLOBAL,PLATFORM,0,0,0,0,0,0,0
gaza,travelnoire.com,com,GLOBAL,GLOBAL,GLOBAL,PLATFORM,0,0,0,0,0,0,0
gaza,travelpulse.com,com,GLOBAL,GLOBAL,GLOBAL,PLATFORM,0,0,0,0,0,0,0
gaza,ualrpublicradio.org,org,GLOBAL,GLOBAL,GLOBAL,PLATFORM,0,0,0,0,0,0,0
gaza,ucmo.edu,edu,NA,NA,OTHER,PLATFORM,0,0,0,0,0,0,0
gaza,undp.org,org,GLOBAL,GLOBAL,GLOBAL,PLATFORM,0,0,0,0,0,0,0
gaza,upnorthlive.com,com,GLOBAL,GLOBAL,GLOBAL,PLATFORM,0,0,0,0,0,0,0
gaza,uppermichiganssource.com,com,GLOBAL,GLOBAL,GLOBAL,PLATFORM,0,0,0,0,0,0,0
gaza,usa.inquirer.net,net,GLOBAL,GLOBAL,GLOBAL,PLATFORM,0,0,0,0,0,0,0
gaza,utahindependent.com,com,GLOBAL,GLOBAL,GLOBAL,PLATFORM,0,0,0,0,0,0,0
gaza,v1019.com,com,GLOBAL,GLOBAL,GLOBAL,PLATFORM,0,0,0,0,0,0,0
gaza,vegnews.com,com,GLOBAL,GLOBAL,GLOBAL,PLATFORM,0,0,0,0,0,0,0
gaza,vervetimes.com,com,GLOBAL,GLOBAL,GLOBAL,PLATFORM,0,0,0,0,0,0,0
gaza,von.gov.ng,ng,NG,Sub-Saharan Africa,AFRICA,PLATFORM,0,0,0,0,0,0,0
gaza,wafb.com,com,GLOBAL,GLOBAL,GLOBAL,PLATFORM,0,0,0,0,0,0,0
gaza,washingtonexaminer.com,com,GLOBAL,GLOBAL,GLOBAL,PLATFORM,0,0,0,0,0,0,0
gaza,wbko.com,com,GLOBAL,GLOBAL,GLOBAL,PLATFORM,0,0,0,0,0,0,0
gaza,wbtw.com,com,GLOBAL,GLOBAL,GLOBAL,PLATFORM,0,0,0,0,0,0,0
gaza,wbur.org,org,GLOBAL,GLOBAL,GLOBAL,PLATFORM,0,0,0,0,0,0,0
gaza,wbwn.com,com,GLOBAL,GLOBAL,GLOBAL,PLATFORM,0,0,0,0,0,0,0
gaza,wcbi.com,com,GLOBAL,GLOBAL,GLOBAL,PLATFORM,0,0,0,0,0,0,0
gaza,wcjmthebull.iheart.com,com,GLOBAL,GLOBAL,GLOBAL,PLATFORM,0,0,0,0,0,0,0
gaza,wfin.com,com,GLOBAL,GLOBAL,GLOBAL,PLATFORM,0,0,0,0,0,0,0
gaza,wfyi.org,org,GLOBAL,GLOBAL,GLOBAL,PLATFORM,0,0,0,0,0,0,0
gaza,wgclradio.com,com,GLOBAL,GLOBAL,GLOBAL,PLATFORM,0,0,0,0,0,0,0
gaza,whatsnew2day.com,com,GLOBAL,GLOBAL,GLOBAL,PLATFORM,0,0,0,0,0,0,0
gaza,wifr.com,com,GLOBAL,GLOBAL,GLOBAL,PLATFORM,0,0,0,0,0,0,0
gaza,wildrivers.lostcoastoutpost.com,com,GLOBAL,GLOBAL,GLOBAL,PLATFORM,0,0,0,0,0,0,0
gaza,wisn.com,com,GLOBAL,GLOBAL,GLOBAL,PLATFORM,0,0,0,0,0,0,0
gaza,wispolitics.com,com,GLOBAL,GLOBAL,GLOBAL,PLATFORM,0,0,0,0,0,0,0
gaza,wixx.com,com,GLOBAL,GLOBAL,GLOBAL,PLATFORM,0,0,0,0,0,0,0
gaza,wjla.com,com,GLOBAL,GLOBAL,GLOBAL,PLATFORM,0,0,0,0,0,0,0
gaza,wkbn.com,com,GLOBAL,GLOBAL,GLOBAL,PLATFORM,0,0,0,0,0,0,0
gaza,wkrb13.com,com,GLOBAL,GLOBAL,GLOBAL,PLATFORM,0,0,0,0,0,0,0
gaza,wksn.com,com,GLOBAL,GLOBAL,GLOBAL,PLATFORM,0,0,0,0,0,0,0
gaza,wmmbam.iheart.com,com,GLOBAL,GLOBAL,GLOBAL,PLATFORM,0,0,0,0,0,0,0
gaza,wnct.com,com,GLOBAL,GLOBAL,GLOBAL,PLATFORM,0,0,0,0,0,0,0
gaza,wnky.com,com,GLOBAL,GLOBAL,GLOBAL,PLATFORM,0,0,0,0,0,0,0
gaza,wobm.com,com,GLOBAL,GLOBAL,GLOBAL,PLATFORM,0,0,0,0,0,0,0
gaza,wohfradio.com,com,GLOBAL,GLOBAL,GLOBAL,PLATFORM,0,0,0,0,0,0,0
gaza,wokq.com,com,GLOBAL,GLOBAL,GLOBAL,PLATFORM,0,0,0,0,0,0,0
gaza,woodstocksentinelreview.com:443,NA,NA,NA,OTHER,PLATFORM,0,0,0,0,0,0,0
gaza,worldcrunch.com,com,GLOBAL,GLOBAL,GLOBAL,PLATFORM,0,0,0,0,0,0,0
gaza,wpoc.iheart.com,com,GLOBAL,GLOBAL,GLOBAL,PLATFORM,0,0,0,0,0,0,0
gaza,wsbradio.com,com,GLOBAL,GLOBAL,GLOBAL,PLATFORM,0,0,0,0,0,0,0
gaza,wset.com,com,GLOBAL,GLOBAL,GLOBAL,PLATFORM,0,0,0,0,0,0,0
gaza,wspa.com,com,GLOBAL,GLOBAL,GLOBAL,PLATFORM,0,0,0,0,0,0,0
gaza,wsyr.iheart.com,com,GLOBAL,GLOBAL,GLOBAL,PLATFORM,0,0,0,0,0,0,0
gaza,wwnytv.com,com,GLOBAL,GLOBAL,GLOBAL,PLATFORM,0,0,0,0,0,0,0
gaza,www3.nhk.or.jp,jp,JP,East Asia & Pacific,OTHER,PLATFORM,0,0,0,0,0,0,0
gaza,y105fm.com,com,GLOBAL,GLOBAL,GLOBAL,PLATFORM,0,0,0,0,0,0,0
gaza,youngwitness.com.au,au,AU,East Asia & Pacific,OTHER,PLATFORM,0,0,0,0,0,0,0
gaza,yoursourceone.com,com,GLOBAL,GLOBAL,GLOBAL,PLATFORM,0,0,0,0,0,0,0
gaza,z1035.com,com,GLOBAL,GLOBAL,GLOBAL,PLATFORM,0,0,0,0,0,0,0
gaza,1003thepeak.iheart.com,com,GLOBAL,GLOBAL,GLOBAL,PLATFORM,0,0,0,0,0,0,0
gaza,1027kord.com,com,GLOBAL,GLOBAL,GLOBAL,PLATFORM,0,0,0,0,0,0,0
gaza,1045latinohits.iheart.com,com,GLOBAL,GLOBAL,GLOBAL,PLATFORM,0,0,0,0,0,0,0
gaza,1073rocks.iheart.com,com,GLOBAL,GLOBAL,GLOBAL,PLATFORM,0,0,0,0,0,0,0
gaza,107mus.iheart.com,com,GLOBAL,GLOBAL,GLOBAL,PLATFORM,0,0,0,0,0,0,0
gaza,1350kman.com,com,GLOBAL,GLOBAL,GLOBAL,PLATFORM,0,0,0,0,0,0,0
gaza,13newsnow.com,com,GLOBAL,GLOBAL,GLOBAL,PLATFORM,0,0,0,0,0,0,0
gaza,2lt.com.au,au,AU,East Asia & Pacific,OTHER,PLATFORM,0,0,0,0,0,0,0
gaza,4bc.com.au,au,AU,East Asia & Pacific,OTHER,PLATFORM,0,0,0,0,0,0,0
gaza,590kqnt.iheart.com,com,GLOBAL,GLOBAL,GLOBAL,PLATFORM,0,0,0,0,0,0,0
gaza,650keni.iheart.com,com,GLOBAL,GLOBAL,GLOBAL,PLATFORM,0,0,0,0,0,0,0
gaza,931freshradio.ca,ca,CA,North America,OTHER,PLATFORM,0,0,0,0,0,0,0
gaza,937thebull.iheart.com,com,GLOBAL,GLOBAL,GLOBAL,PLATFORM,0,0,0,0,0,0,0
gaza,94rock.iheart.com,com,GLOBAL,GLOBAL,GLOBAL,PLATFORM,0,0,0,0,0,0,0
gaza,97zokonline.com,com,GLOBAL,GLOBAL,GLOBAL,PLATFORM,0,0,0,0,0,0,0
gaza,983thesnake.com,com,GLOBAL,GLOBAL,GLOBAL,PLATFORM,0,0,0,0,0,0,0
gaza,985thecat.iheart.com,com,GLOBAL,GLOBAL,GLOBAL,PLATFORM,0,0,0,0,0,0,0
gaza,abc10up.com,com,GLOBAL,GLOBAL,GLOBAL,PLATFORM,0,0,0,0,0,0,0
gaza,abc11.com,com,GLOBAL,GLOBAL,GLOBAL,PLATFORM,0,0,0,0,0,0,0
gaza,afr.com,com,GLOBAL,GLOBAL,GLOBAL,PLATFORM,0,0,0,0,0,0,0
gaza,agweek.com,com,GLOBAL,GLOBAL,GLOBAL,PLATFORM,0,0,0,0,0,0,0
gaza,alabamawx.com,com,GLOBAL,GLOBAL,GLOBAL,PLATFORM,0,0,0,0,0,0,0
gaza,albanyherald.com,com,GLOBAL,GLOBAL,GLOBAL,PLATFORM,0,0,0,0,0,0,0
gaza,alice1077.com,com,GLOBAL,GLOBAL,GLOBAL,PLATFORM,0,0,0,0,0,0,0
gaza,aliran.com,com,GLOBAL,GLOBAL,GLOBAL,PLATFORM,0,0,0,0,0,0,0
gaza,amarujala.com,com,GLOBAL,GLOBAL,GLOBAL,PLATFORM,0,0,0,0,0,0,0
gaza,americanpress.com,com,GLOBAL,GLOBAL,GLOBAL,PLATFORM,0,0,0,0,0,0,0
gaza,americansongwriter.com,com,GLOBAL,GLOBAL,GLOBAL,PLATFORM,0,0,0,0,0,0,0
gaza,argentinastar.com,com,GLOBAL,GLOBAL,GLOBAL,PLATFORM,0,0,0,0,0,0,0
gaza,arlnow.com,com,GLOBAL,GLOBAL,GLOBAL,PLATFORM,0,0,0,0,0,0,0
gaza,armytimes.com,com,GLOBAL,GLOBAL,GLOBAL,PLATFORM,0,0,0,0,0,0,0
gaza,arstechnica.com,com,GLOBAL,GLOBAL,GLOBAL,PLATFORM,0,0,0,0,0,0,0
gaza,artnews.com,com,GLOBAL,GLOBAL,GLOBAL,PLATFORM,0,0,0,0,0,0,0
gaza,aspenpublicradio.org,org,GLOBAL,GLOBAL,GLOBAL,PLATFORM,0,0,0,0,0,0,0
gaza,atvtoday.co.uk,uk,GB,Europe & Central Asia,OTHER,PLATFORM,0,0,0,0,0,0,0
gaza,b100wobb.iheart.com,com,GLOBAL,GLOBAL,GLOBAL,PLATFORM,0,0,0,0,0,0,0
gaza,b97fm.iheart.com,com,GLOBAL,GLOBAL,GLOBAL,PLATFORM,0,0,0,0,0,0,0
gaza,baconsrebellion.com,com,GLOBAL,GLOBAL,GLOBAL,PLATFORM,0,0,0,0,0,0,0
gaza,beijingbulletin.com,com,GLOBAL,GLOBAL,GLOBAL,PLATFORM,0,0,0,0,0,0,0
gaza,bicesteradvertiser.net,net,GLOBAL,GLOBAL,GLOBAL,PLATFORM,0,0,0,0,0,0,0
gaza,blackoutdallas.com,com,GLOBAL,GLOBAL,GLOBAL,PLATFORM,0,0,0,0,0,0,0
gaza,blog.hootsuite.com,com,GLOBAL,GLOBAL,GLOBAL,PLATFORM,0,0,0,0,0,0,0
gaza,blogs.timesofisrael.com,com,GLOBAL,GLOBAL,GLOBAL,PLATFORM,0,0,0,0,0,0,0
gaza,bostonmagazine.com,com,GLOBAL,GLOBAL,GLOBAL,PLATFORM,0,0,0,0,0,0,0
gaza,brookingsregister.com,com,GLOBAL,GLOBAL,GLOBAL,PLATFORM,0,0,0,0,0,0,0
gaza,brushnewstribune.com,com,GLOBAL,GLOBAL,GLOBAL,PLATFORM,0,0,0,0,0,0,0
gaza,businessinsider.com,com,GLOBAL,GLOBAL,GLOBAL,PLATFORM,1,0,0,0,0,0,1
gaza,cachevalleydaily.com,com,GLOBAL,GLOBAL,GLOBAL,PLATFORM,0,0,0,0,0,0,0
gaza,cadillacnews.com,com,GLOBAL,GLOBAL,GLOBAL,PLATFORM,0,0,0,0,0,0,0
gaza,caledonianrecord.com,com,GLOBAL,GLOBAL,GLOBAL,PLATFORM,0,0,0,0,0,0,0
gaza,calgary.ctvnews.ca,ca,CA,North America,OTHER,PLATFORM,0,0,0,0,0,0,0
gaza,campaignasia.com:443,NA,NA,NA,OTHER,PLATFORM,0,0,0,0,0,0,0
gaza,capecod.com,com,GLOBAL,GLOBAL,GLOBAL,PLATFORM,0,0,0,0,0,0,0
gaza,capitolfax.com,com,GLOBAL,GLOBAL,GLOBAL,PLATFORM,0,0,0,0,0,0,0
gaza,cartermatt.com,com,GLOBAL,GLOBAL,GLOBAL,PLATFORM,0,0,0,0,0,0,0
gaza,celtsarehere.com,com,GLOBAL,GLOBAL,GLOBAL,PLATFORM,0,0,0,0,0,0,0
gaza,centralmaine.com,com,GLOBAL,GLOBAL,GLOBAL,PLATFORM,0,0,0,0,0,0,0
gaza,charlescitypress.com,com,GLOBAL,GLOBAL,GLOBAL,PLATFORM,0,0,0,0,0,0,0
gaza,chesterstandard.co.uk,uk,GB,Europe & Central Asia,OTHER,PLATFORM,0,0,0,0,0,0,0
gaza,chronicle.co.zw,zw,NA,NA,OTHER,PLATFORM,0,0,0,0,0,0,0
gaza,cinemablend.com,com,GLOBAL,GLOBAL,GLOBAL,PLATFORM,0,0,0,0,0,0,0
gaza,circleid.com,com,GLOBAL,GLOBAL,GLOBAL,PLATFORM,0,0,0,0,0,0,0
gaza,cnbc.com,com,GLOBAL,GLOBAL,GLOBAL,PLATFORM,1,0,0,0,0,0,1
gaza,cnet.com,com,GLOBAL,GLOBAL,GLOBAL,PLATFORM,0,0,0,0,0,0,0
gaza,columbiamissourian.com,com,GLOBAL,GLOBAL,GLOBAL,PLATFORM,0,0,0,0,0,0,0
gaza,communitynewspapergroup.com,com,GLOBAL,GLOBAL,GLOBAL,PLATFORM,0,0,0,0,0,0,0
gaza,corsicanadailysun.com,com,GLOBAL,GLOBAL,GLOBAL,PLATFORM,0,0,0,0,0,0,0
gaza,country925.iheart.com,com,GLOBAL,GLOBAL,GLOBAL,PLATFORM,0,0,0,0,0,0,0
gaza,cronkitenews.azpbs.org,org,GLOBAL,GLOBAL,GLOBAL,PLATFORM,0,0,0,0,0,0,0
gaza,ctvnews.ca,ca,CA,North America,OTHER,PLATFORM,0,0,0,0,0,0,0
gaza,cuinsight.com,com,GLOBAL,GLOBAL,GLOBAL,PLATFORM,0,0,0,0,0,0,0
gaza,dailyiowan.com,com,GLOBAL,GLOBAL,GLOBAL,PLATFORM,0,0,0,0,0,0,0
gaza,dailysabah.com,com,GLOBAL,GLOBAL,GLOBAL,PLATFORM,0,0,0,0,0,0,0
gaza,danspapers.com,com,GLOBAL,GLOBAL,GLOBAL,PLATFORM,0,0,0,0,0,0,0
gaza,decaturdaily.com,com,GLOBAL,GLOBAL,GLOBAL,PLATFORM,0,0,0,0,0,0,0
gaza,designnews.com,com,GLOBAL,GLOBAL,GLOBAL,PLATFORM,0,0,0,0,0,0,0
gaza,djournal.com,com,GLOBAL,GLOBAL,GLOBAL,PLATFORM,0,0,0,0,0,0,0
gaza,e-know.ca,ca,CA,North America,OTHER,PLATFORM,0,0,0,0,0,0,0
gaza,earthlingorgeous.com,com,GLOBAL,GLOBAL,GLOBAL,PLATFORM,0,0,0,0,0,0,0
gaza,elperiodiquito.com,com,GLOBAL,GLOBAL,GLOBAL,PLATFORM,0,0,0,0,0,0,0
gaza,en.ammonnews.net,net,GLOBAL,GLOBAL,GLOBAL,PLATFORM,0,0,0,0,0,0,0
gaza,en.chessbase.com,com,GLOBAL,GLOBAL,GLOBAL,PLATFORM,0,0,0,0,0,0,0
gaza,enfieldindependent.co.uk,uk,GB,Europe & Central Asia,OTHER,PLATFORM,0,0,0,0,0,0,0
gaza,everything2.com:443,NA,NA,NA,OTHER,PLATFORM,0,0,0,0,0,0,0
gaza,eyeonannapolis.net,net,GLOBAL,GLOBAL,GLOBAL,PLATFORM,0,0,0,0,0,0,0
gaza,fda.gov,gov,NA,NA,OTHER,PLATFORM,0,0,0,1,0,0,1
gaza,fiercebiotech.com,com,GLOBAL,GLOBAL,GLOBAL,PLATFORM,0,0,0,0,0,0,0
gaza,flightglobal.com,com,GLOBAL,GLOBAL,GLOBAL,PLATFORM,0,0,0,0,0,0,0
gaza,floridapolitics.com,com,GLOBAL,GLOBAL,GLOBAL,PLATFORM,0,0,0,0,0,0,0
gaza,forcechange.com,com,GLOBAL,GLOBAL,GLOBAL,PLATFORM,0,0,0,0,0,0,0
gaza,fortmcmurraytoday.com:443,NA,NA,NA,OTHER,PLATFORM,0,0,0,0,0,0,0
gaza,fortune.com,com,GLOBAL,GLOBAL,GLOBAL,PLATFORM,1,0,0,0,0,0,1
gaza,fox5dc.com,com,GLOBAL,GLOBAL,GLOBAL,PLATFORM,0,0,0,0,0,0,0
gaza,foxbangor.com,com,GLOBAL,GLOBAL,GLOBAL,PLATFORM,0,0,0,0,0,0,0
gaza,foxy99.com,com,GLOBAL,GLOBAL,GLOBAL,PLATFORM,0,0,0,0,0,0,0
gaza,fredericknewspost.com,com,GLOBAL,GLOBAL,GLOBAL,PLATFORM,0,0,0,0,0,0,0
gaza,fudzilla.com,com,GLOBAL,GLOBAL,GLOBAL,PLATFORM,0,0,0,0,0,0,0
gaza,geograph.org.uk,uk,GB,Europe & Central Asia,OTHER,PLATFORM,0,0,0,0,0,0,0
gaza,ghanavibes.com,com,GLOBAL,GLOBAL,GLOBAL,PLATFORM,0,0,0,0,0,0,0
gaza,guardian.co.tt,tt,NA,NA,OTHER,PLATFORM,0,0,0,0,0,0,0
gaza,gulfcoastmedia.com,com,GLOBAL,GLOBAL,GLOBAL,PLATFORM,0,0,0,0,0,0,0
gaza,gulte.com,com,GLOBAL,GLOBAL,GLOBAL,PLATFORM,0,0,0,0,0,0,0
gaza,haidagwaiiobserver.com,com,GLOBAL,GLOBAL,GLOBAL,PLATFORM,0,0,0,0,0,0,0
gaza,halesowennews.co.uk,uk,GB,Europe & Central Asia,OTHER,PLATFORM,0,0,0,0,0,0,0
gaza,hardcoregamer.com,com,GLOBAL,GLOBAL,GLOBAL,PLATFORM,0,0,0,0,0,0,0
gaza,hawaiinewsnow.com,com,GLOBAL,GLOBAL,GLOBAL,PLATFORM,0,0,0,0,0,0,0
gaza,hawaiipublicradio.org,org,GLOBAL,GLOBAL,GLOBAL,PLATFORM,0,0,0,0,0,0,0
gaza,healthcarefinancenews.com,com,GLOBAL,GLOBAL,GLOBAL,PLATFORM,0,0,0,0,0,0,0
gaza,hitscarolina.iheart.com,com,GLOBAL,GLOBAL,GLOBAL,PLATFORM,0,0,0,0,0,0,0
gaza,hollywoodreporter.com,com,GLOBAL,GLOBAL,GLOBAL,PLATFORM,0,0,0,0,0,0,0
gaza,houston.culturemap.com,com,GLOBAL,GLOBAL,GLOBAL,PLATFORM,0,0,0,0,0,0,0
gaza,hubcityradio.com,com,GLOBAL,GLOBAL,GLOBAL,PLATFORM,0,0,0,0,0,0,0
gaza,hyperallergic.com,com,GLOBAL,GLOBAL,GLOBAL,PLATFORM,0,0,0,0,0,0,0
gaza,i98fm.com.au,au,AU,East Asia & Pacific,OTHER,PLATFORM,0,0,0,0,0,0,0
gaza,ijnet.org,org,GLOBAL,GLOBAL,GLOBAL,PLATFORM,0,0,0,0,0,0,0
gaza,insidetheiggles.com,com,GLOBAL,GLOBAL,GLOBAL,PLATFORM,0,0,0,0,0,0,0
gaza,inverelltimes.com.au,au,AU,East Asia & Pacific,OTHER,PLATFORM,0,0,0,0,0,0,0
gaza,investors.com,com,GLOBAL,GLOBAL,GLOBAL,PLATFORM,0,0,0,0,0,0,0
gaza,irishecho.com,com,GLOBAL,GLOBAL,GLOBAL,PLATFORM,0,0,0,0,0,0,0
gaza,irishtimes.com,com,GLOBAL,GLOBAL,GLOBAL,PLATFORM,0,0,0,0,0,0,0
gaza,itnewsonline.com,com,GLOBAL,GLOBAL,GLOBAL,PLATFORM,0,0,0,0,0,0,0
gaza,jamaica-star.com,com,GLOBAL,GLOBAL,GLOBAL,PLATFORM,0,0,0,0,0,0,0
gaza,jewishtimes.com,com,GLOBAL,GLOBAL,GLOBAL,PLATFORM,0,0,0,0,0,0,0
gaza,joe.co.uk,uk,GB,Europe & Central Asia,OTHER,PLATFORM,0,0,0,0,0,0,0
gaza,kachwanya.com,com,GLOBAL,GLOBAL,GLOBAL,PLATFORM,0,0,0,0,0,0,0
gaza,kark.com,com,GLOBAL,GLOBAL,GLOBAL,PLATFORM,0,0,0,0,0,0,0
gaza,katu.com,com,GLOBAL,GLOBAL,GLOBAL,PLATFORM,0,0,0,0,0,0,0
gaza,kawowo.com,com,GLOBAL,GLOBAL,GLOBAL,PLATFORM,0,0,0,0,0,0,0
gaza,kbco.iheart.com,com,GLOBAL,GLOBAL,GLOBAL,PLATFORM,0,0,0,0,0,0,0
gaza,kbia.org,org,GLOBAL,GLOBAL,GLOBAL,PLATFORM,0,0,0,0,0,0,0
gaza,kbmr.iheart.com,com,GLOBAL,GLOBAL,GLOBAL,PLATFORM,0,0,0,0,0,0,0
gaza,kdhlradio.com,com,GLOBAL,GLOBAL,GLOBAL,PLATFORM,0,0,0,0,0,0,0
gaza,kezj.com,com,GLOBAL,GLOBAL,GLOBAL,PLATFORM,0,0,0,0,0,0,0
gaza,kfgo.com,com,GLOBAL,GLOBAL,GLOBAL,PLATFORM,0,0,0,0,0,0,0
gaza,kgns.tv,tv,NA,NA,OTHER,PLATFORM,0,0,0,0,0,0,0
gaza,khey1380.iheart.com,com,GLOBAL,GLOBAL,GLOBAL,PLATFORM,0,0,0,0,0,0,0
gaza,kix106.com,com,GLOBAL,GLOBAL,GLOBAL,PLATFORM,0,0,0,0,0,0,0
gaza,kktv.com,com,GLOBAL,GLOBAL,GLOBAL,PLATFORM,0,0,0,0,0,0,0
gaza,klake.com,com,GLOBAL,GLOBAL,GLOBAL,PLATFORM,0,0,0,0,0,0,0
gaza,kono1011.com,com,GLOBAL,GLOBAL,GLOBAL,PLATFORM,0,0,0,0,0,0,0
gaza,kpht955.iheart.com,com,GLOBAL,GLOBAL,GLOBAL,PLATFORM,0,0,0,0,0,0,0
gaza,krcgtv.com,com,GLOBAL,GLOBAL,GLOBAL,PLATFORM,0,0,0,0,0,0,0
gaza,krgv.com,com,GLOBAL,GLOBAL,GLOBAL,PLATFORM,0,0,0,0,0,0,0
gaza,kristv.com,com,GLOBAL,GLOBAL,GLOBAL,PLATFORM,0,0,0,0,0,0,0
gaza,krnb.com,com,GLOBAL,GLOBAL,GLOBAL,PLATFORM,0,0,0,0,0,0,0
gaza,krwg.org,org,GLOBAL,GLOBAL,GLOBAL,PLATFORM,0,0,0,0,0,0,0
gaza,kstatecollegian.com,com,GLOBAL,GLOBAL,GLOBAL,PLATFORM,0,0,0,0,0,0,0
gaza,kstp.com,com,GLOBAL,GLOBAL,GLOBAL,PLATFORM,0,0,0,0,0,0,0
gaza,ktre.com,com,GLOBAL,GLOBAL,GLOBAL,PLATFORM,0,0,0,0,0,0,0
gaza,ktsa.com,com,GLOBAL,GLOBAL,GLOBAL,PLATFORM,0,0,0,0,0,0,0
gaza,ktvz.com,com,GLOBAL,GLOBAL,GLOBAL,PLATFORM,0,0,0,0,0,0,0
gaza,kvoa.com,com,GLOBAL,GLOBAL,GLOBAL,PLATFORM,0,0,0,0,0,0,0
gaza,kykr.iheart.com,com,GLOBAL,GLOBAL,GLOBAL,PLATFORM,0,0,0,0,0,0,0
gaza,lakeshoreadvance.com:443,NA,NA,NA,OTHER,PLATFORM,0,0,0,0,0,0,0
gaza,lamarledger.com,com,GLOBAL,GLOBAL,GLOBAL,PLATFORM,0,0,0,0,0,0,0
gaza,littleapplepost.com,com,GLOBAL,GLOBAL,GLOBAL,PLATFORM,0,0,0,0,0,0,0
gaza,live959.com,com,GLOBAL,GLOBAL,GLOBAL,PLATFORM,0,0,0,0,0,0,0
gaza,livingstonenterprise.com,com,GLOBAL,GLOBAL,GLOBAL,PLATFORM,0,0,0,0,0,0,0
gaza,loudwire.com,com,GLOBAL,GLOBAL,GLOBAL,PLATFORM,0,0,0,0,0,0,0
gaza,malverngazette.co.uk,uk,GB,Europe & Central Asia,OTHER,PLATFORM,0,0,0,0,0,0,0
gaza,marinecorpstimes.com,com,GLOBAL,GLOBAL,GLOBAL,PLATFORM,0,0,0,0,0,0,0
gaza,marylandreporter.com,com,GLOBAL,GLOBAL,GLOBAL,PLATFORM,0,0,0,0,0,0,0
gaza,meathchronicle.ie,ie,NA,NA,OTHER,PLATFORM,0,0,0,0,0,0,0
gaza,mentalfloss.com,com,GLOBAL,GLOBAL,GLOBAL,PLATFORM,0,0,0,0,0,0,0
gaza,mexiconewsdaily.com,com,GLOBAL,GLOBAL,GLOBAL,PLATFORM,0,0,0,0,0,0,0
gaza,mhflsentinel.com,com,GLOBAL,GLOBAL,GLOBAL,PLATFORM,0,0,0,0,0,0,0
gaza,middleeasteye.net,net,GLOBAL,GLOBAL,GLOBAL,PLATFORM,0,0,0,0,0,0,0
gaza,mix957.net,net,GLOBAL,GLOBAL,GLOBAL,PLATFORM,0,0,0,0,0,0,0
gaza,montgomery-herald.com,com,GLOBAL,GLOBAL,GLOBAL,PLATFORM,0,0,0,0,0,0,0
gaza,morningstaronline.co.uk,uk,GB,Europe & Central Asia,OTHER,PLATFORM,0,0,0,0,0,0,0
gaza,mromagazine.com,com,GLOBAL,GLOBAL,GLOBAL,PLATFORM,0,0,0,0,0,0,0
gaza,mymagic101.iheart.com,com,GLOBAL,GLOBAL,GLOBAL,PLATFORM,0,0,0,0,0,0,0
gaza,mymoinfo.com,com,GLOBAL,GLOBAL,GLOBAL,PLATFORM,0,0,0,0,0,0,0
gaza,myradioplace.com,com,GLOBAL,GLOBAL,GLOBAL,PLATFORM,0,0,0,0,0,0,0
gaza,mystateline.com,com,GLOBAL,GLOBAL,GLOBAL,PLATFORM,0,0,0,0,0,0,0
gaza,nasdaq.com,com,GLOBAL,GLOBAL,GLOBAL,PLATFORM,0,0,0,0,0,0,0
gaza,nashfm100.com,com,GLOBAL,GLOBAL,GLOBAL,PLATFORM,0,0,0,0,0,0,0
gaza,nashfm937.com,com,GLOBAL,GLOBAL,GLOBAL,PLATFORM,0,0,0,0,0,0,0
gaza,newkerala.com,com,GLOBAL,GLOBAL,GLOBAL,PLATFORM,0,0,0,0,0,0,0
gaza,news.slashdot.org,org,GLOBAL,GLOBAL,GLOBAL,PLATFORM,0,0,0,0,0,0,0
gaza,norfolkandtillsonburgnews.com,com,GLOBAL,GLOBAL,GLOBAL,PLATFORM,0,0,0,0,0,0,0
gaza,northfortmyersneighbor.com,com,GLOBAL,GLOBAL,GLOBAL,PLATFORM,0,0,0,0,0,0,0
gaza,nowthisnews.com,com,GLOBAL,GLOBAL,GLOBAL,PLATFORM,0,0,0,0,0,0,0
gaza,nwahomepage.com,com,GLOBAL,GLOBAL,GLOBAL,PLATFORM,0,0,0,0,0,0,0
gaza,obituaries.montgomery-herald.com,com,GLOBAL,GLOBAL,GLOBAL,PLATFORM,0,0,0,0,0,0,0
gaza,observertoday.com,com,GLOBAL,GLOBAL,GLOBAL,PLATFORM,0,0,0,0,0,0,0
gaza,opinion.inquirer.net,net,GLOBAL,GLOBAL,GLOBAL,PLATFORM,0,0,0,0,0,0,0
gaza,oregoncapitalchronicle.com,com,GLOBAL,GLOBAL,GLOBAL,PLATFORM,0,0,0,0,0,0,0
gaza,originalfm.com,com,GLOBAL,GLOBAL,GLOBAL,PLATFORM,0,0,0,0,0,0,0
gaza,ottawa.ctvnews.ca,ca,CA,North America,OTHER,PLATFORM,0,0,0,0,0,0,0
gaza,outinperth.com,com,GLOBAL,GLOBAL,GLOBAL,PLATFORM,0,0,0,0,0,0,0
gaza,parabolicarc.com,com,GLOBAL,GLOBAL,GLOBAL,PLATFORM,0,0,0,0,0,0,0
gaza,patch.com,com,GLOBAL,GLOBAL,GLOBAL,PLATFORM,0,0,0,0,0,0,0
gaza,peoplesdispatch.org,org,GLOBAL,GLOBAL,GLOBAL,PLATFORM,0,0,0,0,0,0,0
gaza,petroleumnews.com,com,GLOBAL,GLOBAL,GLOBAL,PLATFORM,0,0,0,0,0,0,0
gaza,phoenixherald.com,com,GLOBAL,GLOBAL,GLOBAL,PLATFORM,0,0,0,0,0,0,0
gaza,pittsburghstar.com,com,GLOBAL,GLOBAL,GLOBAL,PLATFORM,0,0,0,0,0,0,0
gaza,planetf1.com,com,GLOBAL,GLOBAL,GLOBAL,PLATFORM,0,0,0,0,0,0,0
gaza,plansponsor.com,com,GLOBAL,GLOBAL,GLOBAL,PLATFORM,0,0,0,0,0,0,0
gaza,poncacitynews.com,com,GLOBAL,GLOBAL,GLOBAL,PLATFORM,0,0,0,0,0,0,0
gaza,portlandtribune.com,com,GLOBAL,GLOBAL,GLOBAL,PLATFORM,0,0,0,0,0,0,0
gaza,postregister.com,com,GLOBAL,GLOBAL,GLOBAL,PLATFORM,0,0,0,0,0,0,0
gaza,producer.com,com,GLOBAL,GLOBAL,GLOBAL,PLATFORM,0,0,0,0,0,0,0
gaza,q1077.com,com,GLOBAL,GLOBAL,GLOBAL,PLATFORM,0,0,0,0,0,0,0
gaza,queerty.com,com,GLOBAL,GLOBAL,GLOBAL,PLATFORM,0,0,0,0,0,0,0
gaza,qvc.com,com,GLOBAL,GLOBAL,GLOBAL,PLATFORM,0,0,0,0,0,0,0
gaza,radio.foxnews.com,com,GLOBAL,GLOBAL,GLOBAL,PLATFORM,0,0,0,0,0,0,0
gaza,raisingzona.com,com,GLOBAL,GLOBAL,GLOBAL,PLATFORM,0,0,0,0,0,0,0
gaza,rand.org,org,GLOBAL,GLOBAL,GLOBAL,PLATFORM,0,0,0,0,0,0,0
gaza,record-eagle.com,com,GLOBAL,GLOBAL,GLOBAL,PLATFORM,0,0,0,0,0,0,0
gaza,restaurantnews.com,com,GLOBAL,GLOBAL,GLOBAL,PLATFORM,0,0,0,0,0,0,0
gaza,riotimesonline.com,com,GLOBAL,GLOBAL,GLOBAL,PLATFORM,0,0,0,0,0,0,0
gaza,rock94.com,com,GLOBAL,GLOBAL,GLOBAL,PLATFORM,0,0,0,0,0,0,0
gaza,rockpapershotgun.com,com,GLOBAL,GLOBAL,GLOBAL,PLATFORM,0,0,0,0,0,0,0
gaza,sactownmag.com,com,GLOBAL,GLOBAL,GLOBAL,PLATFORM,0,0,0,0,0,0,0
gaza,sanantoniopost.com,com,GLOBAL,GLOBAL,GLOBAL,PLATFORM,0,0,0,0,0,0,0
gaza,scnow.com,com,GLOBAL,GLOBAL,GLOBAL,PLATFORM,0,0,0,0,0,0,0
gaza,shorelinemedia.net,net,GLOBAL,GLOBAL,GLOBAL,PLATFORM,0,0,0,0,0,0,0
gaza,sleepreviewmag.com,com,GLOBAL,GLOBAL,GLOBAL,PLATFORM,0,0,0,0,0,0,0
gaza,sott.net,net,GLOBAL,GLOBAL,GLOBAL,PLATFORM,0,0,0,0,0,0,0
gaza,sounderatheart.com,com,GLOBAL,GLOBAL,GLOBAL,PLATFORM,0,0,0,0,0,0,0
gaza,spaceref.com,com,GLOBAL,GLOBAL,GLOBAL,PLATFORM,0,0,0,0,0,0,0
gaza,spirit1053.com,com,GLOBAL,GLOBAL,GLOBAL,PLATFORM,0,0,0,0,0,0,0
gaza,star967.net,net,GLOBAL,GLOBAL,GLOBAL,PLATFORM,0,0,0,0,0,0,0
gaza,stlouisstar.com,com,GLOBAL,GLOBAL,GLOBAL,PLATFORM,0,0,0,0,0,0,0
gaza,taskandpurpose.com,com,GLOBAL,GLOBAL,GLOBAL,PLATFORM,0,0,0,0,0,0,0
gaza,tctmd.com,com,GLOBAL,GLOBAL,GLOBAL,PLATFORM,0,0,0,0,0,0,0
gaza,teamtalk.com,com,GLOBAL,GLOBAL,GLOBAL,PLATFORM,0,0,0,0,0,0,0
gaza,techspot.com,com,GLOBAL,GLOBAL,GLOBAL,PLATFORM,0,0,0,0,0,0,0
gaza,techxplore.com,com,GLOBAL,GLOBAL,GLOBAL,PLATFORM,0,0,0,0,0,0,0
gaza,telegraph.co.uk,uk,GB,Europe & Central Asia,OTHER,PLATFORM,0,0,0,0,0,0,0
gaza,thebeatatx.iheart.com,com,GLOBAL,GLOBAL,GLOBAL,PLATFORM,0,0,0,0,0,0,0
gaza,thebeatofthecapital.com,com,GLOBAL,GLOBAL,GLOBAL,PLATFORM,0,0,0,0,0,0,0
gaza,theblacksheartimes.com,com,GLOBAL,GLOBAL,GLOBAL,PLATFORM,0,0,0,0,0,0,0
gaza,thebrunswicknews.com,com,GLOBAL,GLOBAL,GLOBAL,PLATFORM,0,0,0,0,0,0,0
gaza,thecaribbeancamera.com,com,GLOBAL,GLOBAL,GLOBAL,PLATFORM,0,0,0,0,0,0,0
gaza,thecourierexpress.com,com,GLOBAL,GLOBAL,GLOBAL,PLATFORM,0,0,0,0,0,0,0
gaza,theelectricgf.com,com,GLOBAL,GLOBAL,GLOBAL,PLATFORM,0,0,0,0,0,0,0
gaza,themountainpress.com,com,GLOBAL,GLOBAL,GLOBAL,PLATFORM,0,0,0,0,0,0,0
gaza,thenews.coop,coop,NA,NA,OTHER,PLATFORM,0,0,0,0,0,0,0
gaza,thepointsguy.com,com,GLOBAL,GLOBAL,GLOBAL,PLATFORM,0,0,0,0,0,0,0
gaza,theroot.com,com,GLOBAL,GLOBAL,GLOBAL,PLATFORM,0,0,0,0,0,0,0
gaza,thesandb.com,com,GLOBAL,GLOBAL,GLOBAL,PLATFORM,0,0,0,0,0,0,0
gaza,thestkittsnevisobserver.com,com,GLOBAL,GLOBAL,GLOBAL,PLATFORM,0,0,0,0,0,0,0
gaza,thetrucker.com,com,GLOBAL,GLOBAL,GLOBAL,PLATFORM,0,0,0,0,0,0,0
gaza,theweekender.com,com,GLOBAL,GLOBAL,GLOBAL,PLATFORM,0,0,0,0,0,0,0
gaza,thewestmorlandgazette.co.uk,uk,GB,Europe & Central Asia,OTHER,PLATFORM,0,0,0,0,0,0,0
gaza,thisdaylive.com,com,GLOBAL,GLOBAL,GLOBAL,PLATFORM,0,0,0,0,0,0,0
gaza,thisdaylive.com:443,NA,NA,NA,OTHER,PLATFORM,0,0,0,0,0,0,0
gaza,thisisanfield.com,com,GLOBAL,GLOBAL,GLOBAL,PLATFORM,0,0,0,0,0,0,0
gaza,timesfreepress.com,com,GLOBAL,GLOBAL,GLOBAL,PLATFORM,0,0,0,0,0,0,0
gaza,today.com,com,GLOBAL,GLOBAL,GLOBAL,PLATFORM,0,0,0,0,0,0,0
gaza,tricitynews.com,com,GLOBAL,GLOBAL,GLOBAL,PLATFORM,0,0,0,0,0,0,0
gaza,ttnews.com,com,GLOBAL,GLOBAL,GLOBAL,PLATFORM,0,0,0,0,0,0,0
gaza,tucsonweekly.com,com,GLOBAL,GLOBAL,GLOBAL,PLATFORM,0,0,0,0,0,0,0
gaza,tylerpaper.com,com,GLOBAL,GLOBAL,GLOBAL,PLATFORM,0,0,0,0,0,0,0
gaza,undertheradarmag.com,com,GLOBAL,GLOBAL,GLOBAL,PLATFORM,0,0,0,0,0,0,0
gaza,universityofcalifornia.edu,edu,NA,NA,OTHER,PLATFORM,0,0,0,0,0,0,0
gaza,usmagazine.com,com,GLOBAL,GLOBAL,GLOBAL,PLATFORM,0,0,0,0,0,0,0
gaza,vermontbiz.com,com,GLOBAL,GLOBAL,GLOBAL,PLATFORM,0,0,0,0,0,0,0
gaza,vladtv.com,com,GLOBAL,GLOBAL,GLOBAL,PLATFORM,0,0,0,0,0,0,0
gaza,vtcng.com,com,GLOBAL,GLOBAL,GLOBAL,PLATFORM,0,0,0,0,0,0,0
gaza,wagmtv.com,com,GLOBAL,GLOBAL,GLOBAL,PLATFORM,0,0,0,0,0,0,0
gaza,wandsworthguardian.co.uk,uk,GB,Europe & Central Asia,OTHER,PLATFORM,0,0,0,0,0,0,0
gaza,waterford-news.ie,ie,NA,NA,OTHER,PLATFORM,0,0,0,0,0,0,0
gaza,wbt.com,com,GLOBAL,GLOBAL,GLOBAL,PLATFORM,0,0,0,0,0,0,0
gaza,wcpo.com,com,GLOBAL,GLOBAL,GLOBAL,PLATFORM,0,0,0,0,0,0,0
gaza,wcsx.com,com,GLOBAL,GLOBAL,GLOBAL,PLATFORM,0,0,0,0,0,0,0
gaza,wctrib.com,com,GLOBAL,GLOBAL,GLOBAL,PLATFORM,0,0,0,0,0,0,0
gaza,wcyy.com,com,GLOBAL,GLOBAL,GLOBAL,PLATFORM,0,0,0,0,0,0,0
gaza,wect.com,com,GLOBAL,GLOBAL,GLOBAL,PLATFORM,0,0,0,0,0,0,0
gaza,westcentralsbest.com,com,GLOBAL,GLOBAL,GLOBAL,PLATFORM,0,0,0,0,0,0,0
gaza,westernbulldogs.com.au,au,AU,East Asia & Pacific,OTHER,PLATFORM,0,0,0,0,0,0,0
gaza,wfmynews2.com,com,GLOBAL,GLOBAL,GLOBAL,PLATFORM,0,0,0,0,0,0,0
gaza,wgauradio.com,com,GLOBAL,GLOBAL,GLOBAL,PLATFORM,0,0,0,0,0,0,0
gaza,wgntv.com,com,GLOBAL,GLOBAL,GLOBAL,PLATFORM,0,0,0,0,0,0,0
gaza,whli.com,com,GLOBAL,GLOBAL,GLOBAL,PLATFORM,0,0,0,0,0,0,0
gaza,winonadailynews.com,com,GLOBAL,GLOBAL,GLOBAL,PLATFORM,0,0,0,0,0,0,0
gaza,wmanfm.iheart.com,com,GLOBAL,GLOBAL,GLOBAL,PLATFORM,0,0,0,0,0,0,0
gaza,wmay.com,com,GLOBAL,GLOBAL,GLOBAL,PLATFORM,0,0,0,0,0,0,0
gaza,wmnf.org,org,GLOBAL,GLOBAL,GLOBAL,PLATFORM,0,0,0,0,0,0,0
gaza,wmur.com,com,GLOBAL,GLOBAL,GLOBAL,PLATFORM,0,0,0,0,0,0,0
gaza,wndu.com,com,GLOBAL,GLOBAL,GLOBAL,PLATFORM,0,0,0,0,0,0,0
gaza,wnyc.org,org,GLOBAL,GLOBAL,GLOBAL,PLATFORM,0,0,0,0,0,0,0
gaza,woc1420.iheart.com,com,GLOBAL,GLOBAL,GLOBAL,PLATFORM,0,0,0,0,0,0,0
gaza,woodwardnews.net,net,GLOBAL,GLOBAL,GLOBAL,PLATFORM,0,0,0,0,0,0,0
gaza,wreg.com,com,GLOBAL,GLOBAL,GLOBAL,PLATFORM,0,0,0,0,0,0,0
gaza,wsls.com,com,GLOBAL,GLOBAL,GLOBAL,PLATFORM,0,0,0,0,0,0,0
gaza,wsws.org,org,GLOBAL,GLOBAL,GLOBAL,PLATFORM,0,0,0,0,0,0,0
gaza,wvasfm.org,org,GLOBAL,GLOBAL,GLOBAL,PLATFORM,0,0,0,0,0,0,0
gaza,www2.cbn.com,com,GLOBAL,GLOBAL,GLOBAL,PLATFORM,0,0,0,0,0,0,0
gaza,y101hits.com,com,GLOBAL,GLOBAL,GLOBAL,PLATFORM,0,0,0,0,0,0,0
gaza,yogonet.com,com,GLOBAL,GLOBAL,GLOBAL,PLATFORM,0,0,0,0,0,0,0
gaza,z90.com,com,GLOBAL,GLOBAL,GLOBAL,PLATFORM,0,0,0,0,0,0,0
gaza,1015theriver.iheart.com,com,GLOBAL,GLOBAL,GLOBAL,PLATFORM,0,0,0,0,0,0,0
gaza,1027thewolf.iheart.com,com,GLOBAL,GLOBAL,GLOBAL,PLATFORM,0,0,0,0,0,0,0
gaza,1035kissfmboise.com,com,GLOBAL,GLOBAL,GLOBAL,PLATFORM,0,0,0,0,0,0,0
gaza,1620thezone.com,com,GLOBAL,GLOBAL,GLOBAL,PLATFORM,0,0,0,0,0,0,0
gaza,4029tv.com,com,GLOBAL,GLOBAL,GLOBAL,PLATFORM,0,0,0,0,0,0,0
gaza,921wrou.com,com,GLOBAL,GLOBAL,GLOBAL,PLATFORM,0,0,0,0,0,0,0
gaza,929tomfm.iheart.com,com,GLOBAL,GLOBAL,GLOBAL,PLATFORM,0,0,0,0,0,0,0
gaza,931theborder.ca,ca,CA,North America,OTHER,PLATFORM,0,0,0,0,0,0,0
gaza,937now.iheart.com,com,GLOBAL,GLOBAL,GLOBAL,PLATFORM,0,0,0,0,0,0,0
gaza,967kissfm.iheart.com,com,GLOBAL,GLOBAL,GLOBAL,PLATFORM,0,0,0,0,0,0,0
gaza,969thekat.iheart.com,com,GLOBAL,GLOBAL,GLOBAL,PLATFORM,0,0,0,0,0,0,0
gaza,981thehawk.com,com,GLOBAL,GLOBAL,GLOBAL,PLATFORM,0,0,0,0,0,0,0
gaza,abc27.com,com,GLOBAL,GLOBAL,GLOBAL,PLATFORM,0,0,0,0,0,0,0
gaza,accesswdun.com,com,GLOBAL,GLOBAL,GLOBAL,PLATFORM,0,0,0,0,0,0,0
gaza,advocateanddemocrat.com,com,GLOBAL,GLOBAL,GLOBAL,PLATFORM,0,0,0,0,0,0,0
gaza,africaleader.com,com,GLOBAL,GLOBAL,GLOBAL,PLATFORM,0,0,0,0,0,0,0
gaza,agriland.ie,ie,NA,NA,OTHER,PLATFORM,0,0,0,0,0,0,0
gaza,allkpop.com,com,GLOBAL,GLOBAL,GLOBAL,PLATFORM,0,0,0,0,0,0,0
gaza,am1300thezone.iheart.com,com,GLOBAL,GLOBAL,GLOBAL,PLATFORM,0,0,0,0,0,0,0
gaza,apartmenttherapy.com,com,GLOBAL,GLOBAL,GLOBAL,PLATFORM,0,0,0,0,0,0,0
gaza,arabtimesonline.com,com,GLOBAL,GLOBAL,GLOBAL,PLATFORM,0,0,0,0,0,0,0
gaza,araratadvertiser.com.au,au,AU,East Asia & Pacific,OTHER,PLATFORM,0,0,0,0,0,0,0
gaza,asiabulletin.com,com,GLOBAL,GLOBAL,GLOBAL,PLATFORM,0,0,0,0,0,0,0
gaza,auburnvillager.com,com,GLOBAL,GLOBAL,GLOBAL,PLATFORM,0,0,0,0,0,0,0
gaza,battlefordsnow.com,com,GLOBAL,GLOBAL,GLOBAL,PLATFORM,0,0,0,0,0,0,0
gaza,bikeportland.org,org,GLOBAL,GLOBAL,GLOBAL,PLATFORM,0,0,0,0,0,0,0
gaza,bioprepwatch.com,com,GLOBAL,GLOBAL,GLOBAL,PLATFORM,0,0,0,0,0,0,0
gaza,bmwblog.com,com,GLOBAL,GLOBAL,GLOBAL,PLATFORM,0,0,0,0,0,0,0
gaza,brainerddispatch.com,com,GLOBAL,GLOBAL,GLOBAL,PLATFORM,0,0,0,0,0,0,0
gaza,braintreeandwithamtimes.co.uk,uk,GB,Europe & Central Asia,OTHER,PLATFORM,0,0,0,0,0,0,0
gaza,bullfrag.com,com,GLOBAL,GLOBAL,GLOBAL,PLATFORM,0,0,0,0,0,0,0
gaza,caledoniacourier.com,com,GLOBAL,GLOBAL,GLOBAL,PLATFORM,0,0,0,0,0,0,0
gaza,calgaryherald.com:443,NA,NA,NA,OTHER,PLATFORM,0,0,0,0,0,0,0
gaza,caribbeanherald.com,com,GLOBAL,GLOBAL,GLOBAL,PLATFORM,0,0,0,0,0,0,0
gaza,castlegarsource.com,com,GLOBAL,GLOBAL,GLOBAL,PLATFORM,0,0,0,0,0,0,0
gaza,chathamdailynews.ca,ca,CA,North America,OTHER,PLATFORM,0,0,0,0,0,0,0
gaza,chennaionline.com,com,GLOBAL,GLOBAL,GLOBAL,PLATFORM,0,0,0,0,0,0,0
gaza,chiangraitimes.com,com,GLOBAL,GLOBAL,GLOBAL,PLATFORM,0,0,0,0,0,0,0
gaza,chicagobears.com,com,GLOBAL,GLOBAL,GLOBAL,PLATFORM,0,0,0,0,0,0,0
gaza,chippewa.com,com,GLOBAL,GLOBAL,GLOBAL,PLATFORM,0,0,0,0,0,0,0
gaza,chortle.co.uk,uk,GB,Europe & Central Asia,OTHER,PLATFORM,0,0,0,0,0,0,0
gaza,christianitydaily.com:443,NA,NA,NA,OTHER,PLATFORM,0,0,0,0,0,0,0
gaza,clickorlando.com,com,GLOBAL,GLOBAL,GLOBAL,PLATFORM,0,0,0,0,0,0,0
gaza,clinicaladvisor.com,com,GLOBAL,GLOBAL,GLOBAL,PLATFORM,0,0,0,0,0,0,0
gaza,coloradopeakpolitics.com,com,GLOBAL,GLOBAL,GLOBAL,PLATFORM,0,0,0,0,0,0,0
gaza,communitypress.ca:443,NA,NA,NA,OTHER,PLATFORM,0,0,0,0,0,0,0
gaza,cool987fm.com,com,GLOBAL,GLOBAL,GLOBAL,PLATFORM,0,0,0,0,0,0,0
gaza,crosscut.com,com,GLOBAL,GLOBAL,GLOBAL,PLATFORM,0,0,0,0,0,0,0
gaza,crowdfundinsider.com,com,GLOBAL,GLOBAL,GLOBAL,PLATFORM,0,0,0,0,0,0,0
gaza,cryptonews.com,com,GLOBAL,GLOBAL,GLOBAL,PLATFORM,0,0,0,0,0,0,0
gaza,dailycal.org,org,GLOBAL,GLOBAL,GLOBAL,PLATFORM,0,0,0,0,0,0,0
gaza,dailyinterlake.com,com,GLOBAL,GLOBAL,GLOBAL,PLATFORM,0,0,0,0,0,0,0
gaza,daylightng.com,com,GLOBAL,GLOBAL,GLOBAL,PLATFORM,0,0,0,0,0,0,0
gaza,deseret.com,com,GLOBAL,GLOBAL,GLOBAL,PLATFORM,0,0,0,0,0,0,0
gaza,dexerto.com,com,GLOBAL,GLOBAL,GLOBAL,PLATFORM,0,0,0,0,0,0,0
gaza,dreadcentral.com,com,GLOBAL,GLOBAL,GLOBAL,PLATFORM,0,0,0,0,0,0,0
gaza,drovers.com:443,NA,NA,NA,OTHER,PLATFORM,0,0,0,0,0,0,0
gaza,dundalkdemocrat.ie,ie,NA,NA,OTHER,PLATFORM,0,0,0,0,0,0,0
gaza,eagletimes.com,com,GLOBAL,GLOBAL,GLOBAL,PLATFORM,0,0,0,0,0,0,0
gaza,echopress.com,com,GLOBAL,GLOBAL,GLOBAL,PLATFORM,0,0,0,0,0,0,0
gaza,elitedaily.com,com,GLOBAL,GLOBAL,GLOBAL,PLATFORM,0,0,0,0,0,0,0
gaza,energy.einnews.com,com,GLOBAL,GLOBAL,GLOBAL,PLATFORM,0,0,0,0,0,0,0
gaza,energy953.com,com,GLOBAL,GLOBAL,GLOBAL,PLATFORM,0,0,0,0,0,0,0
gaza,enewscourier.com,com,GLOBAL,GLOBAL,GLOBAL,PLATFORM,0,0,0,0,0,0,0
gaza,events.qns.com,com,GLOBAL,GLOBAL,GLOBAL,PLATFORM,0,0,0,0,0,0,0
gaza,fairmontsentinel.com,com,GLOBAL,GLOBAL,GLOBAL,PLATFORM,0,0,0,0,0,0,0
gaza,fansided.com,com,GLOBAL,GLOBAL,GLOBAL,PLATFORM,0,0,0,0,0,0,0
gaza,femina.in,in,IN,South Asia,OTHER,PLATFORM,0,0,0,0,0,0,0
gaza,financialpost.com,com,GLOBAL,GLOBAL,GLOBAL,PLATFORM,0,0,0,0,0,0,0
gaza,firerescue1.com,com,GLOBAL,GLOBAL,GLOBAL,PLATFORM,0,0,0,0,0,0,0
gaza,firerescue1.com:443,NA,NA,NA,OTHER,PLATFORM,0,0,0,0,0,0,0
gaza,fool.com,com,GLOBAL,GLOBAL,GLOBAL,PLATFORM,0,0,0,0,0,0,0
gaza,fox23maine.com,com,GLOBAL,GLOBAL,GLOBAL,PLATFORM,0,0,0,0,0,0,0
gaza,fox29.com,com,GLOBAL,GLOBAL,GLOBAL,PLATFORM,0,0,0,0,0,0,0
gaza,foxradiook.com,com,GLOBAL,GLOBAL,GLOBAL,PLATFORM,0,0,0,0,0,0,0
gaza,gazettelive.co.uk,uk,GB,Europe & Central Asia,OTHER,PLATFORM,0,0,0,0,0,0,0
gaza,gizmodo.com,com,GLOBAL,GLOBAL,GLOBAL,PLATFORM,0,0,0,0,0,0,0
gaza,goldrushcam.com,com,GLOBAL,GLOBAL,GLOBAL,PLATFORM,0,0,0,0,0,0,0
gaza,gpb.org,org,GLOBAL,GLOBAL,GLOBAL,PLATFORM,0,0,0,0,0,0,0
gaza,haaretzdaily.com,com,GLOBAL,GLOBAL,GLOBAL,PLATFORM,0,0,0,0,0,0,0
gaza,hampshirechronicle.co.uk,uk,GB,Europe & Central Asia,OTHER,PLATFORM,0,0,0,0,0,0,0
gaza,hartfordcitynewstimes.com,com,GLOBAL,GLOBAL,GLOBAL,PLATFORM,0,0,0,0,0,0,0
gaza,hcamag.com,com,GLOBAL,GLOBAL,GLOBAL,PLATFORM,0,0,0,0,0,0,0
gaza,hertsad.co.uk,uk,GB,Europe & Central Asia,OTHER,PLATFORM,0,0,0,0,0,0,0
gaza,hiddenremote.com,com,GLOBAL,GLOBAL,GLOBAL,PLATFORM,0,0,0,0,0,0,0
gaza,hits961.iheart.com,com,GLOBAL,GLOBAL,GLOBAL,PLATFORM,0,0,0,0,0,0,0
gaza,home.howstuffworks.com,com,GLOBAL,GLOBAL,GLOBAL,PLATFORM,0,0,0,0,0,0,0
gaza,hopestandard.com,com,GLOBAL,GLOBAL,GLOBAL,PLATFORM,0,0,0,0,0,0,0
gaza,horseedmedia.net,net,GLOBAL,GLOBAL,GLOBAL,PLATFORM,0,0,0,0,0,0,0
gaza,hotelnewsresource.com,com,GLOBAL,GLOBAL,GLOBAL,PLATFORM,0,0,0,0,0,0,0
gaza,ifex.org,org,GLOBAL,GLOBAL,GLOBAL,PLATFORM,0,0,0,0,0,0,0
gaza,indepthnh.org,org,GLOBAL,GLOBAL,GLOBAL,PLATFORM,0,0,0,0,0,0,0
gaza,inforum.com,com,GLOBAL,GLOBAL,GLOBAL,PLATFORM,0,0,0,0,0,0,0
gaza,intelligencer.ca:443,NA,NA,NA,OTHER,PLATFORM,0,0,0,0,0,0,0
gaza,irishmirror.ie,ie,NA,NA,OTHER,PLATFORM,0,0,0,0,0,0,0
gaza,itbusinessnet.com,com,GLOBAL,GLOBAL,GLOBAL,PLATFORM,0,0,0,0,0,0,0
gaza,japanherald.com,com,GLOBAL,GLOBAL,GLOBAL,PLATFORM,0,0,0,0,0,0,0
gaza,jcpost.com,com,GLOBAL,GLOBAL,GLOBAL,PLATFORM,0,0,0,0,0,0,0
gaza,joannenova.com.au,au,AU,East Asia & Pacific,OTHER,PLATFORM,0,0,0,0,0,0,0
gaza,journalgazette.net,net,GLOBAL,GLOBAL,GLOBAL,PLATFORM,0,0,0,0,0,0,0
gaza,journalstar.com,com,GLOBAL,GLOBAL,GLOBAL,PLATFORM,0,0,0,0,0,0,0
gaza,kansas.com,com,GLOBAL,GLOBAL,GLOBAL,PLATFORM,0,0,0,0,0,0,0
gaza,katv.com,com,GLOBAL,GLOBAL,GLOBAL,PLATFORM,0,0,0,0,0,0,0
gaza,kcentv.com,com,GLOBAL,GLOBAL,GLOBAL,PLATFORM,0,0,0,0,0,0,0
gaza,kctv5.com,com,GLOBAL,GLOBAL,GLOBAL,PLATFORM,0,0,0,0,0,0,0
gaza,kesq.com,com,GLOBAL,GLOBAL,GLOBAL,PLATFORM,0,0,0,0,0,0,0
gaza,keyt.com,com,GLOBAL,GLOBAL,GLOBAL,PLATFORM,0,0,0,0,0,0,0
gaza,kfyi.iheart.com,com,GLOBAL,GLOBAL,GLOBAL,PLATFORM,0,0,0,0,0,0,0
gaza,kfyr.iheart.com,com,GLOBAL,GLOBAL,GLOBAL,PLATFORM,0,0,0,0,0,0,0
gaza,kgmo.com,com,GLOBAL,GLOBAL,GLOBAL,PLATFORM,0,0,0,0,0,0,0
gaza,kiiz.iheart.com,com,GLOBAL,GLOBAL,GLOBAL,PLATFORM,0,0,0,0,0,0,0
gaza,kiss957.iheart.com,com,GLOBAL,GLOBAL,GLOBAL,PLATFORM,0,0,0,0,0,0,0
gaza,kiss981.iheart.com,com,GLOBAL,GLOBAL,GLOBAL,PLATFORM,0,0,0,0,0,0,0
gaza,kissrocks.com,com,GLOBAL,GLOBAL,GLOBAL,PLATFORM,0,0,0,0,0,0,0
gaza,klkntv.com,com,GLOBAL,GLOBAL,GLOBAL,PLATFORM,0,0,0,0,0,0,0
gaza,klove.com,com,GLOBAL,GLOBAL,GLOBAL,PLATFORM,0,0,0,0,0,0,0
gaza,kmxs.com,com,GLOBAL,GLOBAL,GLOBAL,PLATFORM,0,0,0,0,0,0,0
gaza,kpbs.org,org,GLOBAL,GLOBAL,GLOBAL,PLATFORM,0,0,0,0,0,0,0
gaza,ksnblocal4.com,com,GLOBAL,GLOBAL,GLOBAL,PLATFORM,0,0,0,0,0,0,0
gaza,kuow.org,org,GLOBAL,GLOBAL,GLOBAL,PLATFORM,0,0,0,0,0,0,0
gaza,kusi.com,com,GLOBAL,GLOBAL,GLOBAL,PLATFORM,0,0,0,0,0,0,0
gaza,kxkx.com,com,GLOBAL,GLOBAL,GLOBAL,PLATFORM,0,0,0,0,0,0,0
gaza,labmate-online.com,com,GLOBAL,GLOBAL,GLOBAL,PLATFORM,0,0,0,0,0,0,0
gaza,lavalnews.ca,ca,CA,North America,OTHER,PLATFORM,0,0,0,0,0,0,0
gaza,live955.com,com,GLOBAL,GLOBAL,GLOBAL,PLATFORM,0,0,0,0,0,0,0
gaza,lonestar995fm.com,com,GLOBAL,GLOBAL,GLOBAL,PLATFORM,0,0,0,0,0,0,0
gaza,longbeachstar.com,com,GLOBAL,GLOBAL,GLOBAL,PLATFORM,0,0,0,0,0,0,0
gaza,m.aliran.com,com,GLOBAL,GLOBAL,GLOBAL,PLATFORM,0,0,0,0,0,0,0
gaza,marietta.edu,edu,NA,NA,OTHER,PLATFORM,0,0,0,0,0,0,0
gaza,marketplace.org,org,GLOBAL,GLOBAL,GLOBAL,PLATFORM,0,0,0,0,0,0,0
gaza,miamiherald.com,com,GLOBAL,GLOBAL,GLOBAL,PLATFORM,0,0,0,0,0,0,0
gaza,mississippivalleypublishing.com,com,GLOBAL,GLOBAL,GLOBAL,PLATFORM,0,0,0,0,0,0,0
gaza,mitchellrepublic.com,com,GLOBAL,GLOBAL,GLOBAL,PLATFORM,0,0,0,0,0,0,0
gaza,mix1065.iheart.com,com,GLOBAL,GLOBAL,GLOBAL,PLATFORM,0,0,0,0,0,0,0
gaza,mmafighting.com,com,GLOBAL,GLOBAL,GLOBAL,PLATFORM,0,0,0,0,0,0,0
gaza,mtairynews.com,com,GLOBAL,GLOBAL,GLOBAL,PLATFORM,0,0,0,0,0,0,0
gaza,my995fm.iheart.com,com,GLOBAL,GLOBAL,GLOBAL,PLATFORM,0,0,0,0,0,0,0
gaza,myeaglecountry.com,com,GLOBAL,GLOBAL,GLOBAL,PLATFORM,0,0,0,0,0,0,0
gaza,mykxlg.com,com,GLOBAL,GLOBAL,GLOBAL,PLATFORM,0,0,0,0,0,0,0
gaza,myrtlebeachonline.com,com,GLOBAL,GLOBAL,GLOBAL,PLATFORM,0,0,0,0,0,0,0
gaza,mywdia.iheart.com,com,GLOBAL,GLOBAL,GLOBAL,PLATFORM,0,0,0,0,0,0,0
gaza,nationalgeographic.com,com,GLOBAL,GLOBAL,GLOBAL,PLATFORM,0,0,0,0,0,0,0
gaza,nationalparkstraveler.org,org,GLOBAL,GLOBAL,GLOBAL,PLATFORM,0,0,0,0,0,0,0
gaza,nature.com,com,GLOBAL,GLOBAL,GLOBAL,PLATFORM,0,0,0,0,0,0,0
gaza,nbcsandiego.com,com,GLOBAL,GLOBAL,GLOBAL,PLATFORM,0,0,0,0,0,0,0
gaza,news.maritime-network.com,com,GLOBAL,GLOBAL,GLOBAL,PLATFORM,0,0,0,0,0,0,0
gaza,news8000.com,com,GLOBAL,GLOBAL,GLOBAL,PLATFORM,0,0,0,0,0,0,0
gaza,newsradiowkcy.iheart.com,com,GLOBAL,GLOBAL,GLOBAL,PLATFORM,0,0,0,0,0,0,0
gaza,nigeriasun.com,com,GLOBAL,GLOBAL,GLOBAL,PLATFORM,0,0,0,0,0,0,0
gaza,northernirelandnews.com,com,GLOBAL,GLOBAL,GLOBAL,PLATFORM,0,0,0,0,0,0,0
gaza,nsnews.com,com,GLOBAL,GLOBAL,GLOBAL,PLATFORM,0,0,0,0,0,0,0
gaza,nynganobserver.com.au,au,AU,East Asia & Pacific,OTHER,PLATFORM,0,0,0,0,0,0,0
gaza,obituaries.chickashanews.com,com,GLOBAL,GLOBAL,GLOBAL,PLATFORM,0,0,0,0,0,0,0
gaza,obituaries.stwnewspress.com,com,GLOBAL,GLOBAL,GLOBAL,PLATFORM,0,0,0,0,0,0,0
gaza,obituaries.thedailystar.com,com,GLOBAL,GLOBAL,GLOBAL,PLATFORM,0,0,0,0,0,0,0
gaza,oxfordmail.co.uk,uk,GB,Europe & Central Asia,OTHER,PLATFORM,0,0,0,0,0,0,0
gaza,penarthtimes.co.uk,uk,GB,Europe & Central Asia,OTHER,PLATFORM,0,0,0,0,0,0,0
gaza,pokernews.com,com,GLOBAL,GLOBAL,GLOBAL,PLATFORM,0,0,0,0,0,0,0
gaza,politicalwire.com,com,GLOBAL,GLOBAL,GLOBAL,PLATFORM,0,0,0,0,0,0,0
gaza,popsugar.com,com,GLOBAL,GLOBAL,GLOBAL,PLATFORM,0,0,0,0,0,0,0
gaza,prunderground.com,com,GLOBAL,GLOBAL,GLOBAL,PLATFORM,0,0,0,0,0,0,0
gaza,purplerow.com,com,GLOBAL,GLOBAL,GLOBAL,PLATFORM,0,0,0,0,0,0,0
gaza,q105fm.iheart.com,com,GLOBAL,GLOBAL,GLOBAL,PLATFORM,0,0,0,0,0,0,0
gaza,qns.com,com,GLOBAL,GLOBAL,GLOBAL,PLATFORM,0,0,0,0,0,0,0
gaza,quesnelobserver.com,com,GLOBAL,GLOBAL,GLOBAL,PLATFORM,0,0,0,0,0,0,0
gaza,radaronline.com,com,GLOBAL,GLOBAL,GLOBAL,PLATFORM,0,0,0,0,0,0,0
gaza,radionigeria.gov.ng,ng,NG,Sub-Saharan Africa,AFRICA,PLATFORM,0,0,0,0,0,0,0
gaza,rescue.org,org,GLOBAL,GLOBAL,GLOBAL,PLATFORM,0,0,0,0,0,0,0
gaza,restaurantnewsrelease.com,com,GLOBAL,GLOBAL,GLOBAL,PLATFORM,0,0,0,0,0,0,0
gaza,richardcrouse.ca,ca,CA,North America,OTHER,PLATFORM,0,0,0,0,0,0,0
gaza,rock937online.com,com,GLOBAL,GLOBAL,GLOBAL,PLATFORM,0,0,0,0,0,0,0
gaza,saltwire.com,com,GLOBAL,GLOBAL,GLOBAL,PLATFORM,0,0,0,0,0,0,0
gaza,scarlettgatelymoore.dev,dev,NA,NA,OTHER,PLATFORM,0,0,0,0,0,0,0
gaza,science.howstuffworks.com,com,GLOBAL,GLOBAL,GLOBAL,PLATFORM,0,0,0,0,0,0,0
gaza,sflcn.com,com,GLOBAL,GLOBAL,GLOBAL,PLATFORM,0,0,0,0,0,0,0
gaza,sheridanmedia.com,com,GLOBAL,GLOBAL,GLOBAL,PLATFORM,0,0,0,0,0,0,0
gaza,shorenewsnetwork.com,com,GLOBAL,GLOBAL,GLOBAL,PLATFORM,0,0,0,0,0,0,0
gaza,singaporestar.com,com,GLOBAL,GLOBAL,GLOBAL,PLATFORM,0,0,0,0,0,0,0
gaza,sixerswire.usatoday.com,com,GLOBAL,GLOBAL,GLOBAL,PLATFORM,0,0,0,0,0,0,0
gaza,smh.com.au,au,AU,East Asia & Pacific,OTHER,PLATFORM,0,0,0,0,0,0,0
gaza,srilankasource.com,com,GLOBAL,GLOBAL,GLOBAL,PLATFORM,0,0,0,0,0,0,0
gaza,star-telegram.com,com,GLOBAL,GLOBAL,GLOBAL,PLATFORM,0,0,0,0,0,0,0
gaza,stcatharinesstandard.ca,ca,CA,North America,OTHER,PLATFORM,0,0,0,0,0,0,0
gaza,stockandland.com.au,au,AU,East Asia & Pacific,OTHER,PLATFORM,0,0,0,0,0,0,0
gaza,stratfordbeaconherald.com:443,NA,NA,NA,OTHER,PLATFORM,0,0,0,0,0,0,0
gaza,swishappeal.com,com,GLOBAL,GLOBAL,GLOBAL,PLATFORM,0,0,0,0,0,0,0
gaza,tass.com,com,GLOBAL,GLOBAL,GLOBAL,PLATFORM,0,0,1,0,0,0,1
gaza,teletrader.com,com,GLOBAL,GLOBAL,GLOBAL,PLATFORM,0,0,0,0,0,0,0
gaza,telluridenews.com,com,GLOBAL,GLOBAL,GLOBAL,PLATFORM,0,0,0,0,0,0,0
gaza,texastribune.org,org,GLOBAL,GLOBAL,GLOBAL,PLATFORM,0,0,0,0,0,0,0
gaza,the-independent.com,com,GLOBAL,GLOBAL,GLOBAL,PLATFORM,0,0,0,0,0,0,0
gaza,theartsdesk.com,com,GLOBAL,GLOBAL,GLOBAL,PLATFORM,0,0,0,0,0,0,0
gaza,thebull1017.iheart.com,com,GLOBAL,GLOBAL,GLOBAL,PLATFORM,0,0,0,0,0,0,0
gaza,thecourier.co.uk,uk,GB,Europe & Central Asia,OTHER,PLATFORM,0,0,0,0,0,0,0
gaza,thedailystar.com,com,GLOBAL,GLOBAL,GLOBAL,PLATFORM,0,0,0,0,0,0,0
gaza,thefan1075.com,com,GLOBAL,GLOBAL,GLOBAL,PLATFORM,0,0,0,0,0,0,0
gaza,thegamenashville.com,com,GLOBAL,GLOBAL,GLOBAL,PLATFORM,0,0,0,0,0,0,0
gaza,thejudge13.com,com,GLOBAL,GLOBAL,GLOBAL,PLATFORM,0,0,0,0,0,0,0
gaza,theleadernews.com,com,GLOBAL,GLOBAL,GLOBAL,PLATFORM,0,0,0,0,0,0,0
gaza,thenationalnews.com,com,GLOBAL,GLOBAL,GLOBAL,PLATFORM,0,0,0,0,0,0,0
gaza,thepeninsulaqatar.com,com,GLOBAL,GLOBAL,GLOBAL,PLATFORM,0,0,0,0,0,0,0
gaza,therepublic.com,com,GLOBAL,GLOBAL,GLOBAL,PLATFORM,0,0,0,0,0,0,0
gaza,thesubtimes.com,com,GLOBAL,GLOBAL,GLOBAL,PLATFORM,0,0,0,0,0,0,0
gaza,thetelegraphandargus.co.uk,uk,GB,Europe & Central Asia,OTHER,PLATFORM,0,0,0,0,0,0,0
gaza,thethaiger.com,com,GLOBAL,GLOBAL,GLOBAL,PLATFORM,0,0,0,0,0,0,0
gaza,thetruthaboutcars.com,com,GLOBAL,GLOBAL,GLOBAL,PLATFORM,0,0,0,0,0,0,0
gaza,timesofindia.indiatimes.com,com,GLOBAL,GLOBAL,GLOBAL,PLATFORM,0,0,0,0,0,0,0
gaza,tk101.iheart.com,com,GLOBAL,GLOBAL,GLOBAL,PLATFORM,0,0,0,0,0,0,0
gaza,tomshardware.com,com,GLOBAL,GLOBAL,GLOBAL,PLATFORM,0,0,0,0,0,0,0
gaza,toronto.citynews.ca,ca,CA,North America,OTHER,PLATFORM,0,0,0,0,0,0,0
gaza,tri-cityherald.com,com,GLOBAL,GLOBAL,GLOBAL,PLATFORM,0,0,0,0,0,0,0
gaza,tsln.com,com,GLOBAL,GLOBAL,GLOBAL,PLATFORM,0,0,0,0,0,0,0
gaza,tucsonsentinel.com,com,GLOBAL,GLOBAL,GLOBAL,PLATFORM,0,0,0,0,0,0,0
gaza,uspolitics.einnews.com,com,GLOBAL,GLOBAL,GLOBAL,PLATFORM,0,0,0,0,0,0,0
gaza,v1011sacramento.iheart.com,com,GLOBAL,GLOBAL,GLOBAL,PLATFORM,0,0,0,0,0,0,0
gaza,waco100.iheart.com,com,GLOBAL,GLOBAL,GLOBAL,PLATFORM,0,0,0,0,0,0,0
gaza,wandtv.com,com,GLOBAL,GLOBAL,GLOBAL,PLATFORM,0,0,0,0,0,0,0
gaza,wataugademocrat.com,com,GLOBAL,GLOBAL,GLOBAL,PLATFORM,0,0,0,0,0,0,0
gaza,webmd.com,com,GLOBAL,GLOBAL,GLOBAL,PLATFORM,0,0,0,0,0,0,0
gaza,wesh.com,com,GLOBAL,GLOBAL,GLOBAL,PLATFORM,0,0,0,0,0,0,0
gaza,wfaa.com,com,GLOBAL,GLOBAL,GLOBAL,PLATFORM,0,0,0,0,0,0,0
gaza,wgmd.com,com,GLOBAL,GLOBAL,GLOBAL,PLATFORM,0,0,0,0,0,0,0
gaza,wgnsradio.com,com,GLOBAL,GLOBAL,GLOBAL,PLATFORM,0,0,0,0,0,0,0
gaza,wgrd.com,com,GLOBAL,GLOBAL,GLOBAL,PLATFORM,0,0,0,0,0,0,0
gaza,whig.com,com,GLOBAL,GLOBAL,GLOBAL,PLATFORM,0,0,0,0,0,0,0
gaza,whyn.iheart.com,com,GLOBAL,GLOBAL,GLOBAL,PLATFORM,0,0,0,0,0,0,0
gaza,wiartonecho.com:443,NA,NA,NA,OTHER,PLATFORM,0,0,0,0,0,0,0
gaza,willamette.edu,edu,NA,NA,OTHER,PLATFORM,0,0,0,0,0,0,0
gaza,wiltshiretimes.co.uk,uk,GB,Europe & Central Asia,OTHER,PLATFORM,0,0,0,0,0,0,0
gaza,wineandspiritsmagazine.com,com,GLOBAL,GLOBAL,GLOBAL,PLATFORM,0,0,0,0,0,0,0
gaza,wishtv.com,com,GLOBAL,GLOBAL,GLOBAL,PLATFORM,0,0,0,0,0,0,0
gaza,wizard106.iheart.com,com,GLOBAL,GLOBAL,GLOBAL,PLATFORM,0,0,0,0,0,0,0
gaza,wrdw.com,com,GLOBAL,GLOBAL,GLOBAL,PLATFORM,0,0,0,0,0,0,0
gaza,wrkf.org,org,GLOBAL,GLOBAL,GLOBAL,PLATFORM,0,0,0,0,0,0,0
gaza,wsoctv.com,com,GLOBAL,GLOBAL,GLOBAL,PLATFORM,0,0,0,0,0,0,0
gaza,wtvbam.com,com,GLOBAL,GLOBAL,GLOBAL,PLATFORM,0,0,0,0,0,0,0
gaza,wwd.com,com,GLOBAL,GLOBAL,GLOBAL,PLATFORM,0,0,0,0,0,0,0
gaza,wyldfm.iheart.com,com,GLOBAL,GLOBAL,GLOBAL,PLATFORM,0,0,0,0,0,0,0
gaza,youralaskalink.com,com,GLOBAL,GLOBAL,GLOBAL,PLATFORM,0,0,0,0,0,0,0
gaza,yourfortdodge.com,com,GLOBAL,GLOBAL,GLOBAL,PLATFORM,0,0,0,0,0,0,0
gaza,zfenglish.com,com,GLOBAL,GLOBAL,GLOBAL,PLATFORM,0,0,0,0,0,0,0
gaza,zmescience.com,com,GLOBAL,GLOBAL,GLOBAL,PLATFORM,0,0,0,0,0,0,0
gaza,101magic.iheart.com,com,GLOBAL,GLOBAL,GLOBAL,PLATFORM,0,0,0,0,0,0,0
gaza,1033wvyb.com,com,GLOBAL,GLOBAL,GLOBAL,PLATFORM,0,0,0,0,0,0,0
gaza,1045thecat.iheart.com,com,GLOBAL,GLOBAL,GLOBAL,PLATFORM,0,0,0,0,0,0,0
gaza,10news.com,com,GLOBAL,GLOBAL,GLOBAL,PLATFORM,0,0,0,0,0,0,0
gaza,1150wima.iheart.com,com,GLOBAL,GLOBAL,GLOBAL,PLATFORM,0,0,0,0,0,0,0
gaza,12newsnow.com,com,GLOBAL,GLOBAL,GLOBAL,PLATFORM,0,0,0,0,0,0,0
gaza,790wpic.com,com,GLOBAL,GLOBAL,GLOBAL,PLATFORM,0,0,0,0,0,0,0
gaza,95rockfm.com,com,GLOBAL,GLOBAL,GLOBAL,PLATFORM,0,0,0,0,0,0,0
gaza,961srs.iheart.com,com,GLOBAL,GLOBAL,GLOBAL,PLATFORM,0,0,0,0,0,0,0
gaza,967stevefm.iheart.com,com,GLOBAL,GLOBAL,GLOBAL,PLATFORM,0,0,0,0,0,0,0
gaza,975now.com,com,GLOBAL,GLOBAL,GLOBAL,PLATFORM,0,0,0,0,0,0,0
gaza,975wabd.com,com,GLOBAL,GLOBAL,GLOBAL,PLATFORM,0,0,0,0,0,0,0
gaza,98rocks.fm,fm,NA,NA,OTHER,PLATFORM,0,0,0,0,0,0,0
gaza,abc13.com,com,GLOBAL,GLOBAL,GLOBAL,PLATFORM,0,0,0,0,0,0,0
gaza,alligator.org,org,GLOBAL,GLOBAL,GLOBAL,PLATFORM,0,0,0,0,0,0,0
gaza,arabherald.com,com,GLOBAL,GLOBAL,GLOBAL,PLATFORM,0,0,0,0,0,0,0
gaza,armidaleexpress.com.au,au,AU,East Asia & Pacific,OTHER,PLATFORM,0,0,0,0,0,0,0
gaza,aseaofblue.com,com,GLOBAL,GLOBAL,GLOBAL,PLATFORM,0,0,0,0,0,0,0
gaza,b1073online.iheart.com,com,GLOBAL,GLOBAL,GLOBAL,PLATFORM,0,0,0,0,0,0,0
gaza,bbs.clutchfans.net,net,GLOBAL,GLOBAL,GLOBAL,PLATFORM,0,0,0,0,0,0,0
gaza,belfastmedia.com,com,GLOBAL,GLOBAL,GLOBAL,PLATFORM,0,0,0,0,0,0,0
gaza,bellevuereporter.com,com,GLOBAL,GLOBAL,GLOBAL,PLATFORM,0,0,0,0,0,0,0
gaza,bgr.com,com,GLOBAL,GLOBAL,GLOBAL,PLATFORM,0,0,0,0,0,0,0
gaza,bigi1079.iheart.com,com,GLOBAL,GLOBAL,GLOBAL,PLATFORM,0,0,0,0,0,0,0
gaza,blackheartgoldpants.com,com,GLOBAL,GLOBAL,GLOBAL,PLATFORM,0,0,0,0,0,0,0
gaza,bloodhorse.com,com,GLOBAL,GLOBAL,GLOBAL,PLATFORM,0,0,0,0,0,0,0
gaza,brooklyneagle.com,com,GLOBAL,GLOBAL,GLOBAL,PLATFORM,0,0,0,0,0,0,0
gaza,canowindranews.com.au,au,AU,East Asia & Pacific,OTHER,PLATFORM,0,0,0,0,0,0,0
gaza,cathstan.org,org,GLOBAL,GLOBAL,GLOBAL,PLATFORM,0,0,0,0,0,0,0
gaza,centralwesterndaily.com.au,au,AU,East Asia & Pacific,OTHER,PLATFORM,0,0,0,0,0,0,0
gaza,chardandilminsternews.co.uk,uk,GB,Europe & Central Asia,OTHER,PLATFORM,0,0,0,0,0,0,0
gaza,chch.com,com,GLOBAL,GLOBAL,GLOBAL,PLATFORM,0,0,0,0,0,0,0
gaza,classy100.com,com,GLOBAL,GLOBAL,GLOBAL,PLATFORM,0,0,0,0,0,0,0
gaza,clickondetroit.com,com,GLOBAL,GLOBAL,GLOBAL,PLATFORM,0,0,0,0,0,0,0
gaza,comingsoon.net,net,GLOBAL,GLOBAL,GLOBAL,PLATFORM,0,0,0,0,0,0,0
gaza,complex.com,com,GLOBAL,GLOBAL,GLOBAL,PLATFORM,0,0,0,0,0,0,0
gaza,dailyddt.com,com,GLOBAL,GLOBAL,GLOBAL,PLATFORM,0,0,0,0,0,0,0
gaza,dailyfx.com,com,GLOBAL,GLOBAL,GLOBAL,PLATFORM,0,0,0,0,0,0,0
gaza,dailynewsen.com,com,GLOBAL,GLOBAL,GLOBAL,PLATFORM,0,0,0,0,0,0,0
gaza,dailyprincetonian.com,com,GLOBAL,GLOBAL,GLOBAL,PLATFORM,0,0,0,0,0,0,0
gaza,dailytrust.com,com,GLOBAL,GLOBAL,GLOBAL,PLATFORM,0,0,0,0,0,0,0
gaza,dakotanewsnow.com,com,GLOBAL,GLOBAL,GLOBAL,PLATFORM,0,0,0,0,0,0,0
gaza,deccanherald.com,com,GLOBAL,GLOBAL,GLOBAL,PLATFORM,0,0,0,0,0,0,0
gaza,digitaljournal.com,com,GLOBAL,GLOBAL,GLOBAL,PLATFORM,0,0,0,0,0,0,0
gaza,extralunchmoney.com,com,GLOBAL,GLOBAL,GLOBAL,PLATFORM,0,0,0,0,0,0,0
gaza,fortworthreport.org,org,GLOBAL,GLOBAL,GLOBAL,PLATFORM,0,0,0,0,0,0,0
gaza,freepressonline.com,com,GLOBAL,GLOBAL,GLOBAL,PLATFORM,0,0,0,0,0,0,0
gaza,gaeliclife.com,com,GLOBAL,GLOBAL,GLOBAL,PLATFORM,0,0,0,0,0,0,0
gaza,gainesvilleregister.com,com,GLOBAL,GLOBAL,GLOBAL,PLATFORM,0,0,0,0,0,0,0
gaza,gettysburgtimes.com,com,GLOBAL,GLOBAL,GLOBAL,PLATFORM,0,0,0,0,0,0,0
gaza,guernseypress.com,com,GLOBAL,GLOBAL,GLOBAL,PLATFORM,0,0,0,0,0,0,0
gaza,heraldpalladium.com,com,GLOBAL,GLOBAL,GLOBAL,PLATFORM,0,0,0,0,0,0,0
gaza,hickoryrecord.com,com,GLOBAL,GLOBAL,GLOBAL,PLATFORM,0,0,0,0,0,0,0
gaza,hometownstation.com,com,GLOBAL,GLOBAL,GLOBAL,PLATFORM,0,0,0,0,0,0,0
gaza,in-cumbria.com,com,GLOBAL,GLOBAL,GLOBAL,PLATFORM,0,0,0,0,0,0,0
gaza,inferse.com,com,GLOBAL,GLOBAL,GLOBAL,PLATFORM,0,0,0,0,0,0,0
gaza,insurancenewsnet.com,com,GLOBAL,GLOBAL,GLOBAL,PLATFORM,0,0,0,0,0,0,0
gaza,japan.cnet.com,com,GLOBAL,GLOBAL,GLOBAL,PLATFORM,0,0,0,0,0,0,0
gaza,kake.com,com,GLOBAL,GLOBAL,GLOBAL,PLATFORM,0,0,0,0,0,0,0
gaza,kentuckynewera.com,com,GLOBAL,GLOBAL,GLOBAL,PLATFORM,0,0,0,0,0,0,0
gaza,kez999.iheart.com,com,GLOBAL,GLOBAL,GLOBAL,PLATFORM,0,0,0,0,0,0,0
gaza,kilgorenewsherald.com,com,GLOBAL,GLOBAL,GLOBAL,PLATFORM,0,0,0,0,0,0,0
gaza,kmbc.com,com,GLOBAL,GLOBAL,GLOBAL,PLATFORM,0,0,0,0,0,0,0
gaza,kprr.iheart.com,com,GLOBAL,GLOBAL,GLOBAL,PLATFORM,0,0,0,0,0,0,0
gaza,kunc.org,org,GLOBAL,GLOBAL,GLOBAL,PLATFORM,0,0,0,0,0,0,0
gaza,kurv.com,com,GLOBAL,GLOBAL,GLOBAL,PLATFORM,0,0,0,0,0,0,0
gaza,kwit.org,org,GLOBAL,GLOBAL,GLOBAL,PLATFORM,0,0,0,0,0,0,0
gaza,letsrun.com,com,GLOBAL,GLOBAL,GLOBAL,PLATFORM,0,0,0,0,0,0,0
gaza,madison.com,com,GLOBAL,GLOBAL,GLOBAL,PLATFORM,0,0,0,0,0,0,0
gaza,metrojacksonville.com,com,GLOBAL,GLOBAL,GLOBAL,PLATFORM,0,0,0,0,0,0,0
gaza,mix1043fm.com,com,GLOBAL,GLOBAL,GLOBAL,PLATFORM,0,0,0,0,0,0,0
gaza,morningsun.net,net,GLOBAL,GLOBAL,GLOBAL,PLATFORM,0,0,0,0,0,0,0
gaza,movieweb.com,com,GLOBAL,GLOBAL,GLOBAL,PLATFORM,0,0,0,0,0,0,0
gaza,nashvillegab.com,com,GLOBAL,GLOBAL,GLOBAL,PLATFORM,0,0,0,0,0,0,0
gaza,nbcbayarea.com,com,GLOBAL,GLOBAL,GLOBAL,PLATFORM,0,0,0,0,0,0,0
gaza,news.prairiepublic.org,org,GLOBAL,GLOBAL,GLOBAL,PLATFORM,0,0,0,0,0,0,0
gaza,news.punchjump.com,com,GLOBAL,GLOBAL,GLOBAL,PLATFORM,0,0,0,0,0,0,0
gaza,paducahsun.com,com,GLOBAL,GLOBAL,GLOBAL,PLATFORM,0,0,0,0,0,0,0
gaza,pentictonherald.ca,ca,CA,North America,OTHER,PLATFORM,0,0,0,0,0,0,0
gaza,pinstripealley.com,com,GLOBAL,GLOBAL,GLOBAL,PLATFORM,0,0,0,0,0,0,0
gaza,pleasantonweekly.com,com,GLOBAL,GLOBAL,GLOBAL,PLATFORM,0,0,0,0,0,0,0
gaza,presstv.ir,ir,NA,NA,OTHER,PLATFORM,0,0,1,0,0,0,1
gaza,psdispatch.com,com,GLOBAL,GLOBAL,GLOBAL,PLATFORM,0,0,0,0,0,0,0
gaza,q961.com,com,GLOBAL,GLOBAL,GLOBAL,PLATFORM,0,0,0,0,0,0,0
gaza,roanoke.com,com,GLOBAL,GLOBAL,GLOBAL,PLATFORM,0,0,0,0,0,0,0
gaza,sbs.com.au,au,AU,East Asia & Pacific,OTHER,PLATFORM,0,0,0,0,0,0,0
gaza,scitechdaily.com,com,GLOBAL,GLOBAL,GLOBAL,PLATFORM,0,0,0,0,0,0,0
gaza,southerngazette.ca,ca,CA,North America,OTHER,PLATFORM,0,0,0,0,0,0,0
gaza,spec.com.au,au,AU,East Asia & Pacific,OTHER,PLATFORM,0,0,0,0,0,0,0
gaza,steelers.com,com,GLOBAL,GLOBAL,GLOBAL,PLATFORM,0,0,0,0,0,0,0
gaza,streetinsider.com,com,GLOBAL,GLOBAL,GLOBAL,PLATFORM,0,0,0,0,0,0,0
gaza,sunny999fm.iheart.com,com,GLOBAL,GLOBAL,GLOBAL,PLATFORM,0,0,0,0,0,0,0
gaza,superherohype.com,com,GLOBAL,GLOBAL,GLOBAL,PLATFORM,0,0,0,0,0,0,0
gaza,tdtnews.com,com,GLOBAL,GLOBAL,GLOBAL,PLATFORM,0,0,0,0,0,0,0
gaza,texarkanagazette.com,com,GLOBAL,GLOBAL,GLOBAL,PLATFORM,0,0,0,0,0,0,0
gaza,theboltonnews.co.uk,uk,GB,Europe & Central Asia,OTHER,PLATFORM,0,0,0,0,0,0,0
gaza,thecork.ie,ie,NA,NA,OTHER,PLATFORM,0,0,0,0,0,0,0
gaza,thecrimson.com,com,GLOBAL,GLOBAL,GLOBAL,PLATFORM,0,0,0,0,0,0,0
gaza,themaneland.com,com,GLOBAL,GLOBAL,GLOBAL,PLATFORM,0,0,0,0,0,0,0
gaza,themedialine.org,org,GLOBAL,GLOBAL,GLOBAL,PLATFORM,0,0,0,0,0,0,0
gaza,thezone1059.com,com,GLOBAL,GLOBAL,GLOBAL,PLATFORM,0,0,0,0,0,0,0
gaza,timescolonist.com,com,GLOBAL,GLOBAL,GLOBAL,PLATFORM,0,0,0,0,0,0,0
gaza,timeslive.co.za,za,ZA,Sub-Saharan Africa,AFRICA,PLATFORM,0,0,0,0,0,0,0
gaza,trentonian.ca:443,NA,NA,NA,OTHER,PLATFORM,0,0,0,0,0,0,0
gaza,trussvilletribune.com,com,GLOBAL,GLOBAL,GLOBAL,PLATFORM,0,0,0,0,0,0,0
gaza,uk.style.yahoo.com,com,GLOBAL,GLOBAL,GLOBAL,PLATFORM,0,0,0,0,0,0,0
gaza,wbaltv.com,com,GLOBAL,GLOBAL,GLOBAL,PLATFORM,0,0,0,0,0,0,0
gaza,wboc.com,com,GLOBAL,GLOBAL,GLOBAL,PLATFORM,0,0,0,0,0,0,0
gaza,wboy.com,com,GLOBAL,GLOBAL,GLOBAL,PLATFORM,0,0,0,0,0,0,0
gaza,wcvb.com,com,GLOBAL,GLOBAL,GLOBAL,PLATFORM,0,0,0,0,0,0,0
gaza,wgy.iheart.com,com,GLOBAL,GLOBAL,GLOBAL,PLATFORM,0,0,0,0,0,0,0
gaza,whcuradio.com,com,GLOBAL,GLOBAL,GLOBAL,PLATFORM,0,0,0,0,0,0,0
gaza,whec.com,com,GLOBAL,GLOBAL,GLOBAL,PLATFORM,0,0,0,0,0,0,0
gaza,wktv.com,com,GLOBAL,GLOBAL,GLOBAL,PLATFORM,0,0,0,0,0,0,0
gaza,wmbr.org,org,GLOBAL,GLOBAL,GLOBAL,PLATFORM,0,0,0,0,0,0,0
gaza,wmtw.com,com,GLOBAL,GLOBAL,GLOBAL,PLATFORM,0,0,0,0,0,0,0
gaza,wnmufm.org,org,GLOBAL,GLOBAL,GLOBAL,PLATFORM,0,0,0,0,0,0,0
gaza,wsbtv.com,com,GLOBAL,GLOBAL,GLOBAL,PLATFORM,0,0,0,0,0,0,0
gaza,wspd.iheart.com,com,GLOBAL,GLOBAL,GLOBAL,PLATFORM,0,0,0,0,0,0,0
gaza,wvnews.com,com,GLOBAL,GLOBAL,GLOBAL,PLATFORM,0,0,0,0,0,0,0
gaza,wwqq101.com,com,GLOBAL,GLOBAL,GLOBAL,PLATFORM,0,0,0,0,0,0,0
gaza,wyomingpublicmedia.org,org,GLOBAL,GLOBAL,GLOBAL,PLATFORM,0,0,0,0,0,0,0
gaza,wyso.org,org,GLOBAL,GLOBAL,GLOBAL,PLATFORM,0,0,0,0,0,0,0
gaza,xl1067.iheart.com,com,GLOBAL,GLOBAL,GLOBAL,PLATFORM,0,0,0,0,0,0,0
gaza,1053hotfm.com,com,GLOBAL,GLOBAL,GLOBAL,PLATFORM,0,0,0,0,0,0,0
gaza,2nm.com.au,au,AU,East Asia & Pacific,OTHER,PLATFORM,0,0,0,0,0,0,0
gaza,49erswebzone.com,com,GLOBAL,GLOBAL,GLOBAL,PLATFORM,0,0,0,0,0,0,0
gaza,550thezone.iheart.com,com,GLOBAL,GLOBAL,GLOBAL,PLATFORM,0,0,0,0,0,0,0
gaza,927thevan.com,com,GLOBAL,GLOBAL,GLOBAL,PLATFORM,0,0,0,0,0,0,0
gaza,96krock.com,com,GLOBAL,GLOBAL,GLOBAL,PLATFORM,0,0,0,0,0,0,0
gaza,ajmc.com,com,GLOBAL,GLOBAL,GLOBAL,PLATFORM,0,0,0,0,0,0,0
gaza,americanbazaaronline.com,com,GLOBAL,GLOBAL,GLOBAL,PLATFORM,0,0,0,0,0,0,0
gaza,aol.co.uk,uk,GB,Europe & Central Asia,OTHER,PLATFORM,0,0,0,0,0,0,0
gaza,app.com.pk,pk,NA,NA,OTHER,PLATFORM,0,0,0,0,0,0,0
gaza,atlantafalcons.com,com,GLOBAL,GLOBAL,GLOBAL,PLATFORM,0,0,0,0,0,0,0
gaza,azbigmedia.com,com,GLOBAL,GLOBAL,GLOBAL,PLATFORM,0,0,0,0,0,0,0
gaza,azertag.az,az,NA,NA,OTHER,PLATFORM,0,0,0,0,0,0,0
gaza,bangladeshsun.com,com,GLOBAL,GLOBAL,GLOBAL,PLATFORM,0,0,0,0,0,0,0
gaza,banksnews.gr,gr,NA,NA,OTHER,PLATFORM,0,0,0,0,0,0,0
gaza,barbadostoday.bb,bb,NA,NA,OTHER,PLATFORM,0,0,0,0,0,0,0
gaza,bearingarms.com,com,GLOBAL,GLOBAL,GLOBAL,PLATFORM,0,0,0,0,0,0,0
gaza,betanews.com,com,GLOBAL,GLOBAL,GLOBAL,PLATFORM,0,0,0,0,0,0,0
gaza,bkreader.com,com,GLOBAL,GLOBAL,GLOBAL,PLATFORM,0,0,0,0,0,0,0
gaza,bramptonguardian.com,com,GLOBAL,GLOBAL,GLOBAL,PLATFORM,0,0,0,0,0,0,0
gaza,brightsideofthesun.com,com,GLOBAL,GLOBAL,GLOBAL,PLATFORM,0,0,0,0,0,0,0
gaza,bristolpost.co.uk,uk,GB,Europe & Central Asia,OTHER,PLATFORM,0,0,0,0,0,0,0
gaza,brixtonbuzz.com,com,GLOBAL,GLOBAL,GLOBAL,PLATFORM,0,0,0,0,0,0,0
gaza,burnhamandhighbridgeweeklynews.co.uk,uk,GB,Europe & Central Asia,OTHER,PLATFORM,0,0,0,0,0,0,0
gaza,business.scoop.co.nz,nz,NZ,East Asia & Pacific,OTHER,PLATFORM,0,0,0,0,0,0,0
gaza,businessinsider.in,in,IN,South Asia,OTHER,PLATFORM,0,0,0,0,0,0,0
gaza,caughtoffside.com,com,GLOBAL,GLOBAL,GLOBAL,PLATFORM,0,0,0,0,0,0,0
gaza,centralchronicle.com,com,GLOBAL,GLOBAL,GLOBAL,PLATFORM,0,0,0,0,0,0,0
gaza,chinafile.com,com,GLOBAL,GLOBAL,GLOBAL,PLATFORM,0,0,0,0,0,0,0
gaza,collingwoodfc.com.au,au,AU,East Asia & Pacific,OTHER,PLATFORM,0,0,0,0,0,0,0
gaza,con-telegraph.ie,ie,NA,NA,OTHER,PLATFORM,0,0,0,0,0,0,0
gaza,cyprus-mail.com,com,GLOBAL,GLOBAL,GLOBAL,PLATFORM,0,0,0,0,0,0,0
gaza,delphosherald.com,com,GLOBAL,GLOBAL,GLOBAL,PLATFORM,0,0,0,0,0,0,0
gaza,digitaltrends.com,com,GLOBAL,GLOBAL,GLOBAL,PLATFORM,0,0,0,0,0,0,0
gaza,dudleynews.co.uk,uk,GB,Europe & Central Asia,OTHER,PLATFORM,0,0,0,0,0,0,0
gaza,dunyanews.tv,tv,NA,NA,OTHER,PLATFORM,0,0,0,0,0,0,0
gaza,ealingtimes.co.uk,uk,GB,Europe & Central Asia,OTHER,PLATFORM,0,0,0,0,0,0,0
gaza,echo-news.co.uk,uk,GB,Europe & Central Asia,OTHER,PLATFORM,0,0,0,0,0,0,0
gaza,electric949.com,com,GLOBAL,GLOBAL,GLOBAL,PLATFORM,0,0,0,0,0,0,0
gaza,femalefirst.co.uk,uk,GB,Europe & Central Asia,OTHER,PLATFORM,0,0,0,0,0,0,0
gaza,flaglerlive.com,com,GLOBAL,GLOBAL,GLOBAL,PLATFORM,0,0,0,0,0,0,0
gaza,forum.onlineopinion.com.au,au,AU,East Asia & Pacific,OTHER,PLATFORM,0,0,0,0,0,0,0
gaza,ft.lk,lk,NA,NA,OTHER,PLATFORM,0,0,0,0,0,0,0
gaza,gazettenet.com,com,GLOBAL,GLOBAL,GLOBAL,PLATFORM,0,0,0,0,0,0,0
gaza,genengnews.com,com,GLOBAL,GLOBAL,GLOBAL,PLATFORM,0,0,0,0,0,0,0
gaza,github.com,com,GLOBAL,GLOBAL,GLOBAL,PLATFORM,0,0,0,0,0,0,0
gaza,glasgowtimes.co.uk,uk,GB,Europe & Central Asia,OTHER,PLATFORM,0,0,0,0,0,0,0
gaza,gleninnesexaminer.com.au,au,AU,East Asia & Pacific,OTHER,PLATFORM,0,0,0,0,0,0,0
gaza,grantcountybeat.com,com,GLOBAL,GLOBAL,GLOBAL,PLATFORM,0,0,0,0,0,0,0
gaza,greatlakesadvocate.com.au,au,AU,East Asia & Pacific,OTHER,PLATFORM,0,0,0,0,0,0,0
gaza,greeleytribune.com,com,GLOBAL,GLOBAL,GLOBAL,PLATFORM,0,0,0,0,0,0,0
gaza,gulfnews.ca,ca,CA,North America,OTHER,PLATFORM,0,0,0,0,0,0,0
gaza,havasunews.com,com,GLOBAL,GLOBAL,GLOBAL,PLATFORM,0,0,0,0,0,0,0
gaza,heraldbulletin.com,com,GLOBAL,GLOBAL,GLOBAL,PLATFORM,0,0,0,0,0,0,0
gaza,hypebeast.com,com,GLOBAL,GLOBAL,GLOBAL,PLATFORM,0,0,0,0,0,0,0
gaza,impartialreporter.com,com,GLOBAL,GLOBAL,GLOBAL,PLATFORM,0,0,0,0,0,0,0
gaza,insidebitcoins.com,com,GLOBAL,GLOBAL,GLOBAL,PLATFORM,0,0,0,0,0,0,0
gaza,iri.org,org,GLOBAL,GLOBAL,GLOBAL,PLATFORM,0,0,0,0,0,0,0
gaza,irishexaminer.com,com,GLOBAL,GLOBAL,GLOBAL,PLATFORM,0,0,0,0,0,0,0
gaza,itemlive.com,com,GLOBAL,GLOBAL,GLOBAL,PLATFORM,0,0,0,0,0,0,0
gaza,k103.iheart.com,com,GLOBAL,GLOBAL,GLOBAL,PLATFORM,0,0,0,0,0,0,0
gaza,kansascity.com,com,GLOBAL,GLOBAL,GLOBAL,PLATFORM,0,0,0,0,0,0,0
gaza,katt.com,com,GLOBAL,GLOBAL,GLOBAL,PLATFORM,0,0,0,0,0,0,0
gaza,kdlg.org,org,GLOBAL,GLOBAL,GLOBAL,PLATFORM,0,0,0,0,0,0,0
gaza,kenyan-post.com,com,GLOBAL,GLOBAL,GLOBAL,PLATFORM,0,0,0,0,0,0,0
gaza,kfanplus.iheart.com,com,GLOBAL,GLOBAL,GLOBAL,PLATFORM,0,0,0,0,0,0,0
gaza,kfm.co.za,za,ZA,Sub-Saharan Africa,AFRICA,PLATFORM,0,0,0,0,0,0,0
gaza,kfyrtv.com,com,GLOBAL,GLOBAL,GLOBAL,PLATFORM,0,0,0,0,0,0,0
gaza,kgot.iheart.com,com,GLOBAL,GLOBAL,GLOBAL,PLATFORM,0,0,0,0,0,0,0
gaza,kkiq.com,com,GLOBAL,GLOBAL,GLOBAL,PLATFORM,0,0,0,0,0,0,0
gaza,kmuw.org,org,GLOBAL,GLOBAL,GLOBAL,PLATFORM,0,0,0,0,0,0,0
gaza,kokomoperspective.com,com,GLOBAL,GLOBAL,GLOBAL,PLATFORM,0,0,0,0,0,0,0
gaza,krrq.com,com,GLOBAL,GLOBAL,GLOBAL,PLATFORM,0,0,0,0,0,0,0
gaza,kyuk.org,org,GLOBAL,GLOBAL,GLOBAL,PLATFORM,0,0,0,0,0,0,0
gaza,lancashiretelegraph.co.uk,uk,GB,Europe & Central Asia,OTHER,PLATFORM,0,0,0,0,0,0,0
gaza,lexch.com,com,GLOBAL,GLOBAL,GLOBAL,PLATFORM,0,0,0,0,0,0,0
gaza,literock959.com,com,GLOBAL,GLOBAL,GLOBAL,PLATFORM,0,0,0,0,0,0,0
gaza,localmatters.co.nz,nz,NZ,East Asia & Pacific,OTHER,PLATFORM,0,0,0,0,0,0,0
gaza,mainebiz.biz,biz,GLOBAL,GLOBAL,GLOBAL,PLATFORM,0,0,0,0,0,0,0
gaza,manningrivertimes.com.au,au,AU,East Asia & Pacific,OTHER,PLATFORM,0,0,0,0,0,0,0
gaza,margaretrivermail.com.au,au,AU,East Asia & Pacific,OTHER,PLATFORM,0,0,0,0,0,0,0
gaza,messenger-inquirer.com,com,GLOBAL,GLOBAL,GLOBAL,PLATFORM,0,0,0,0,0,0,0
gaza,metro.co.uk,uk,GB,Europe & Central Asia,OTHER,PLATFORM,0,0,0,0,0,0,0
gaza,miamidolphins.com,com,GLOBAL,GLOBAL,GLOBAL,PLATFORM,0,0,0,0,0,0,0
gaza,movies.mxdwn.com,com,GLOBAL,GLOBAL,GLOBAL,PLATFORM,0,0,0,0,0,0,0
gaza,mykisscountry937.com,com,GLOBAL,GLOBAL,GLOBAL,PLATFORM,0,0,0,0,0,0,0
gaza,news.illinoisstate.edu,edu,NA,NA,OTHER,PLATFORM,0,0,0,0,0,0,0
gaza,news4sanantonio.com,com,GLOBAL,GLOBAL,GLOBAL,PLATFORM,0,0,0,0,0,0,0
gaza,nflmocks.com,com,GLOBAL,GLOBAL,GLOBAL,PLATFORM,0,0,0,0,0,0,0
gaza,northcountrypublicradio.org,org,GLOBAL,GLOBAL,GLOBAL,PLATFORM,0,0,0,0,0,0,0
gaza,northislandgazette.com,com,GLOBAL,GLOBAL,GLOBAL,PLATFORM,0,0,0,0,0,0,0
gaza,npmjs.com,com,GLOBAL,GLOBAL,GLOBAL,PLATFORM,0,0,0,0,0,0,0
gaza,nvi.com.au,au,AU,East Asia & Pacific,OTHER,PLATFORM,0,0,0,0,0,0,0
gaza,obituaries.heraldbulletin.com,com,GLOBAL,GLOBAL,GLOBAL,PLATFORM,0,0,0,0,0,0,0
gaza,oldvcr.blogspot.com,com,GLOBAL,GLOBAL,GLOBAL,PLATFORM,0,0,0,0,0,0,0
gaza,paloaltoonline.com,com,GLOBAL,GLOBAL,GLOBAL,PLATFORM,0,0,0,0,0,0,0
gaza,purerock96.com,com,GLOBAL,GLOBAL,GLOBAL,PLATFORM,0,0,0,0,0,0,0
gaza,q102.iheart.com,com,GLOBAL,GLOBAL,GLOBAL,PLATFORM,0,0,0,0,0,0,0
gaza,q1041.iheart.com,com,GLOBAL,GLOBAL,GLOBAL,PLATFORM,0,0,0,0,0,0,0
gaza,q93fm.com,com,GLOBAL,GLOBAL,GLOBAL,PLATFORM,0,0,0,0,0,0,0
gaza,rapidcityjournal.com,com,GLOBAL,GLOBAL,GLOBAL,PLATFORM,0,0,0,0,0,0,0
gaza,recorderonline.com,com,GLOBAL,GLOBAL,GLOBAL,PLATFORM,0,0,0,0,0,0,0
gaza,ricochet.com,com,GLOBAL,GLOBAL,GLOBAL,PLATFORM,0,0,0,0,0,0,0
gaza,sail-world.com,com,GLOBAL,GLOBAL,GLOBAL,PLATFORM,0,0,0,0,0,0,0
gaza,samaa.tv,tv,NA,NA,OTHER,PLATFORM,0,0,0,0,0,0,0
gaza,savageandwhitten.com,com,GLOBAL,GLOBAL,GLOBAL,PLATFORM,0,0,0,0,0,0,0
gaza,sciencealert.com,com,GLOBAL,GLOBAL,GLOBAL,PLATFORM,0,0,0,0,0,0,0
gaza,sdjewishworld.com,com,GLOBAL,GLOBAL,GLOBAL,PLATFORM,0,0,0,0,0,0,0
gaza,spartaindependent.com,com,GLOBAL,GLOBAL,GLOBAL,PLATFORM,0,0,0,0,0,0,0
gaza,squatchrocks.com,com,GLOBAL,GLOBAL,GLOBAL,PLATFORM,0,0,0,0,0,0,0
gaza,steamboatpilot.com,com,GLOBAL,GLOBAL,GLOBAL,PLATFORM,0,0,0,0,0,0,0
gaza,stupiddope.com,com,GLOBAL,GLOBAL,GLOBAL,PLATFORM,0,0,0,0,0,0,0
gaza,sunlive.co.nz,nz,NZ,East Asia & Pacific,OTHER,PLATFORM,0,0,0,0,0,0,0
gaza,sunny943.com,com,GLOBAL,GLOBAL,GLOBAL,PLATFORM,0,0,0,0,0,0,0
gaza,syracuse.com,com,GLOBAL,GLOBAL,GLOBAL,PLATFORM,0,0,0,0,0,0,0
gaza,syrianobserver.com,com,GLOBAL,GLOBAL,GLOBAL,PLATFORM,0,0,0,0,0,0,0
gaza,tanzanianewsreports.com,com,GLOBAL,GLOBAL,GLOBAL,PLATFORM,0,0,0,0,0,0,0
gaza,thecomet.net,net,GLOBAL,GLOBAL,GLOBAL,PLATFORM,0,0,0,0,0,0,0
gaza,thedailyguardian.net,net,GLOBAL,GLOBAL,GLOBAL,PLATFORM,0,0,0,0,0,0,0
gaza,themandarin.com.au,au,AU,East Asia & Pacific,OTHER,PLATFORM,0,0,0,0,0,0,0
gaza,thoroughbreddailynews.com,com,GLOBAL,GLOBAL,GLOBAL,PLATFORM,0,0,0,0,0,0,0
gaza,thv11.com,com,GLOBAL,GLOBAL,GLOBAL,PLATFORM,0,0,0,0,0,0,0
gaza,tigernet.com,com,GLOBAL,GLOBAL,GLOBAL,PLATFORM,0,0,0,0,0,0,0
gaza,times.co.nz,nz,NZ,East Asia & Pacific,OTHER,PLATFORM,0,0,0,0,0,0,0
gaza,timesnews.net,net,GLOBAL,GLOBAL,GLOBAL,PLATFORM,0,0,0,0,0,0,0
gaza,triblive.com,com,GLOBAL,GLOBAL,GLOBAL,PLATFORM,0,0,0,0,0,0,0
gaza,tvovermind.com,com,GLOBAL,GLOBAL,GLOBAL,PLATFORM,0,0,0,0,0,0,0
gaza,ukathletics.com,com,GLOBAL,GLOBAL,GLOBAL,PLATFORM,0,0,0,0,0,0,0
gaza,unmultimedia.org,org,GLOBAL,GLOBAL,GLOBAL,PLATFORM,0,0,0,0,0,0,0
gaza,utep.edu,edu,NA,NA,OTHER,PLATFORM,0,0,0,0,0,0,0
gaza,wbrc.com,com,GLOBAL,GLOBAL,GLOBAL,PLATFORM,0,0,0,0,0,0,0
gaza,wcrz.com,com,GLOBAL,GLOBAL,GLOBAL,PLATFORM,0,0,0,0,0,0,0
gaza,weau.com,com,GLOBAL,GLOBAL,GLOBAL,PLATFORM,0,0,0,0,0,0,0
gaza,wehoville.com,com,GLOBAL,GLOBAL,GLOBAL,PLATFORM,0,0,0,0,0,0,0
gaza,westernwheel.ca,ca,CA,North America,OTHER,PLATFORM,0,0,0,0,0,0,0
gaza,winchesterstar.com,com,GLOBAL,GLOBAL,GLOBAL,PLATFORM,0,0,0,0,0,0,0
gaza,wjbt.iheart.com,com,GLOBAL,GLOBAL,GLOBAL,PLATFORM,0,0,0,0,0,0,0
gaza,wmrn.iheart.com,com,GLOBAL,GLOBAL,GLOBAL,PLATFORM,0,0,0,0,0,0,0
gaza,wondradio.com,com,GLOBAL,GLOBAL,GLOBAL,PLATFORM,0,0,0,0,0,0,0
gaza,wsau.com,com,GLOBAL,GLOBAL,GLOBAL,PLATFORM,0,0,0,0,0,0,0
gaza,wtvq.com,com,GLOBAL,GLOBAL,GLOBAL,PLATFORM,0,0,0,0,0,0,0
gaza,wwlp.com,com,GLOBAL,GLOBAL,GLOBAL,PLATFORM,0,0,0,0,0,0,0
gaza,z1077.iheart.com,com,GLOBAL,GLOBAL,GLOBAL,PLATFORM,0,0,0,0,0,0,0
gaza,zimbabwestar.com,com,GLOBAL,GLOBAL,GLOBAL,PLATFORM,0,0,0,0,0,0,0
gaza,1029thelake.iheart.com,com,GLOBAL,GLOBAL,GLOBAL,PLATFORM,0,0,0,0,0,0,0
gaza,1045thezone.com,com,GLOBAL,GLOBAL,GLOBAL,PLATFORM,0,0,0,0,0,0,0
gaza,1059thex.iheart.com,com,GLOBAL,GLOBAL,GLOBAL,PLATFORM,0,0,0,0,0,0,0
gaza,1063thebear.iheart.com,com,GLOBAL,GLOBAL,GLOBAL,PLATFORM,0,0,0,0,0,0,0
gaza,6pr.com.au,au,AU,East Asia & Pacific,OTHER,PLATFORM,0,0,0,0,0,0,0
gaza,945themoose.com,com,GLOBAL,GLOBAL,GLOBAL,PLATFORM,0,0,0,0,0,0,0
gaza,955wtvy.com,com,GLOBAL,GLOBAL,GLOBAL,PLATFORM,0,0,0,0,0,0,0
gaza,975kgkl.com,com,GLOBAL,GLOBAL,GLOBAL,PLATFORM,0,0,0,0,0,0,0
gaza,97x.com,com,GLOBAL,GLOBAL,GLOBAL,PLATFORM,0,0,0,0,0,0,0
gaza,987jack.com,com,GLOBAL,GLOBAL,GLOBAL,PLATFORM,0,0,0,0,0,0,0
gaza,991kggi.iheart.com,com,GLOBAL,GLOBAL,GLOBAL,PLATFORM,0,0,0,0,0,0,0
gaza,accessonline.com,com,GLOBAL,GLOBAL,GLOBAL,PLATFORM,0,0,0,0,0,0,0
gaza,addictedtoquack.com,com,GLOBAL,GLOBAL,GLOBAL,PLATFORM,0,0,0,0,0,0,0
gaza,adweek.com,com,GLOBAL,GLOBAL,GLOBAL,PLATFORM,0,0,0,0,0,0,0
gaza,alice955.iheart.com,com,GLOBAL,GLOBAL,GLOBAL,PLATFORM,0,0,0,0,0,0,0
gaza,allure.com,com,GLOBAL,GLOBAL,GLOBAL,PLATFORM,0,0,0,0,0,0,0
gaza,am-online.com,com,GLOBAL,GLOBAL,GLOBAL,PLATFORM,0,0,0,0,0,0,0
gaza,amnestyusa.org,org,GLOBAL,GLOBAL,GLOBAL,PLATFORM,0,0,0,0,0,0,0
gaza,andina.pe,pe,NA,NA,OTHER,PLATFORM,0,0,0,0,0,0,0
gaza,apr.org,org,GLOBAL,GLOBAL,GLOBAL,PLATFORM,0,0,0,0,0,0,0
gaza,arktimes.com,com,GLOBAL,GLOBAL,GLOBAL,PLATFORM,0,0,0,0,0,0,0
gaza,asiaone.com,com,GLOBAL,GLOBAL,GLOBAL,PLATFORM,0,0,0,0,0,0,0
gaza,au.lifestyle.yahoo.com,com,GLOBAL,GLOBAL,GLOBAL,PLATFORM,0,0,0,0,0,0,0
gaza,australianageingagenda.com.au,au,AU,East Asia & Pacific,OTHER,PLATFORM,0,0,0,0,0,0,0
gaza,autoguide.com,com,GLOBAL,GLOBAL,GLOBAL,PLATFORM,0,0,0,0,0,0,0
gaza,autoremarketing.com,com,GLOBAL,GLOBAL,GLOBAL,PLATFORM,0,0,0,0,0,0,0
gaza,autoweek.com,com,GLOBAL,GLOBAL,GLOBAL,PLATFORM,0,0,0,0,0,0,0
gaza,awesome98.com,com,GLOBAL,GLOBAL,GLOBAL,PLATFORM,0,0,0,0,0,0,0
gaza,b975.com,com,GLOBAL,GLOBAL,GLOBAL,PLATFORM,0,0,0,0,0,0,0
gaza,baptiststandard.com,com,GLOBAL,GLOBAL,GLOBAL,PLATFORM,0,0,0,0,0,0,0
gaza,baysidenews.com.au,au,AU,East Asia & Pacific,OTHER,PLATFORM,0,0,0,0,0,0,0
gaza,billingsgazette.com,com,GLOBAL,GLOBAL,GLOBAL,PLATFORM,0,0,0,0,0,0,0
gaza,billionaire.com,com,GLOBAL,GLOBAL,GLOBAL,PLATFORM,0,0,0,0,0,0,0
gaza,bismarcksmix.iheart.com,com,GLOBAL,GLOBAL,GLOBAL,PLATFORM,0,0,0,0,0,0,0
gaza,bjreview.com,com,GLOBAL,GLOBAL,GLOBAL,PLATFORM,0,0,0,0,0,0,0
gaza,bleedinggreennation.com,com,GLOBAL,GLOBAL,GLOBAL,PLATFORM,0,0,0,0,0,0,0
gaza,bobandsheri.com,com,GLOBAL,GLOBAL,GLOBAL,PLATFORM,0,0,0,0,0,0,0
gaza,boingboing.net,net,GLOBAL,GLOBAL,GLOBAL,PLATFORM,0,0,0,0,0,0,0
gaza,bruneinews.net,net,GLOBAL,GLOBAL,GLOBAL,PLATFORM,0,0,0,0,0,0,0
gaza,buchtelite.com,com,GLOBAL,GLOBAL,GLOBAL,PLATFORM,0,0,0,0,0,0,0
gaza,buckeyecountry943.iheart.com,com,GLOBAL,GLOBAL,GLOBAL,PLATFORM,0,0,0,0,0,0,0
gaza,californianewswire.com,com,GLOBAL,GLOBAL,GLOBAL,PLATFORM,0,0,0,0,0,0,0
gaza,cambridgeday.com,com,GLOBAL,GLOBAL,GLOBAL,PLATFORM,0,0,0,0,0,0,0
gaza,capradio.org,org,GLOBAL,GLOBAL,GLOBAL,PLATFORM,0,0,0,0,0,0,0
gaza,caranddriver.com,com,GLOBAL,GLOBAL,GLOBAL,PLATFORM,0,0,0,0,0,0,0
gaza,carbon-pulse.com,com,GLOBAL,GLOBAL,GLOBAL,PLATFORM,0,0,0,0,0,0,0
gaza,chatelaine.com,com,GLOBAL,GLOBAL,GLOBAL,PLATFORM,0,0,0,0,0,0,0
gaza,chinaaid.org,org,GLOBAL,GLOBAL,GLOBAL,PLATFORM,0,0,0,0,0,0,0
gaza,chri.ca,ca,CA,North America,OTHER,PLATFORM,0,0,0,0,0,0,0
gaza,chronicle.lu,lu,NA,NA,OTHER,PLATFORM,0,0,0,0,0,0,0
gaza,chronofhorse.com,com,GLOBAL,GLOBAL,GLOBAL,PLATFORM,0,0,0,0,0,0,0
gaza,ckxsfm.com,com,GLOBAL,GLOBAL,GLOBAL,PLATFORM,0,0,0,0,0,0,0
gaza,colombiareports.com,com,GLOBAL,GLOBAL,GLOBAL,PLATFORM,0,0,0,0,0,0,0
gaza,countytimes.co.uk,uk,GB,Europe & Central Asia,OTHER,PLATFORM,0,0,0,0,0,0,0
gaza,crossville-chronicle.com,com,GLOBAL,GLOBAL,GLOBAL,PLATFORM,0,0,0,0,0,0,0
gaza,dailyfreeman.com,com,GLOBAL,GLOBAL,GLOBAL,PLATFORM,0,0,0,0,0,0,0
gaza,dailyheraldtribune.com:443,NA,NA,NA,OTHER,PLATFORM,0,0,0,0,0,0,0
gaza,dawindycity.com,com,GLOBAL,GLOBAL,GLOBAL,PLATFORM,0,0,0,0,0,0,0
gaza,discoverairdrie.com,com,GLOBAL,GLOBAL,GLOBAL,PLATFORM,0,0,0,0,0,0,0
gaza,dothaneagle.com,com,GLOBAL,GLOBAL,GLOBAL,PLATFORM,0,0,0,0,0,0,0
gaza,dualshockers.com,com,GLOBAL,GLOBAL,GLOBAL,PLATFORM,0,0,0,0,0,0,0
gaza,duluthnewstribune.com,com,GLOBAL,GLOBAL,GLOBAL,PLATFORM,0,0,0,0,0,0,0
gaza,dungogchronicle.com.au,au,AU,East Asia & Pacific,OTHER,PLATFORM,0,0,0,0,0,0,0
gaza,dve.iheart.com,com,GLOBAL,GLOBAL,GLOBAL,PLATFORM,0,0,0,0,0,0,0
gaza,economist.com,com,GLOBAL,GLOBAL,GLOBAL,PLATFORM,0,0,0,0,0,0,0
gaza,elclasificado.com,com,GLOBAL,GLOBAL,GLOBAL,PLATFORM,0,0,0,0,0,0,0
gaza,elliotlakestandard.ca:443,NA,NA,NA,OTHER,PLATFORM,0,0,0,0,0,0,0
gaza,ems1.com:443,NA,NA,NA,OTHER,PLATFORM,0,0,0,0,0,0,0
gaza,ethanolproducer.com,com,GLOBAL,GLOBAL,GLOBAL,PLATFORM,0,0,0,0,0,0,0
gaza,fashionmagazine.com,com,GLOBAL,GLOBAL,GLOBAL,PLATFORM,0,0,0,0,0,0,0
gaza,feedstuffs.com,com,GLOBAL,GLOBAL,GLOBAL,PLATFORM,0,0,0,0,0,0,0
gaza,fiercewireless.com,com,GLOBAL,GLOBAL,GLOBAL,PLATFORM,0,0,0,0,0,0,0
gaza,file770.com,com,GLOBAL,GLOBAL,GLOBAL,PLATFORM,0,0,0,0,0,0,0
gaza,findbiometrics.com,com,GLOBAL,GLOBAL,GLOBAL,PLATFORM,0,0,0,0,0,0,0
gaza,forexlive.com,com,GLOBAL,GLOBAL,GLOBAL,PLATFORM,0,0,0,0,0,0,0
gaza,fortworthbusiness.com,com,GLOBAL,GLOBAL,GLOBAL,PLATFORM,0,0,0,0,0,0,0
gaza,fox17online.com,com,GLOBAL,GLOBAL,GLOBAL,PLATFORM,0,0,0,0,0,0,0
gaza,gameranx.com,com,GLOBAL,GLOBAL,GLOBAL,PLATFORM,0,0,0,0,0,0,0
gaza,gazetteherald.co.uk,uk,GB,Europe & Central Asia,OTHER,PLATFORM,0,0,0,0,0,0,0
gaza,gazetteseries.co.uk,uk,GB,Europe & Central Asia,OTHER,PLATFORM,0,0,0,0,0,0,0
gaza,ghanafa.org,org,GLOBAL,GLOBAL,GLOBAL,PLATFORM,0,0,0,0,0,0,0
gaza,gov.vc,vc,NA,NA,OTHER,PLATFORM,0,0,0,0,0,0,0
gaza,grenfellrecord.com.au,au,AU,East Asia & Pacific,OTHER,PLATFORM,0,0,0,0,0,0,0
gaza,hartenergy.com,com,GLOBAL,GLOBAL,GLOBAL,PLATFORM,0,0,0,0,0,0,0
gaza,heraldonline.com,com,GLOBAL,GLOBAL,GLOBAL,PLATFORM,0,0,0,0,0,0,0
gaza,heraldscotland.com,com,GLOBAL,GLOBAL,GLOBAL,PLATFORM,0,0,0,0,0,0,0
gaza,heraldseries.co.uk,uk,GB,Europe & Central Asia,OTHER,PLATFORM,0,0,0,0,0,0,0
gaza,horseshoeheroes.com,com,GLOBAL,GLOBAL,GLOBAL,PLATFORM,0,0,0,0,0,0,0
gaza,hot975fm.com,com,GLOBAL,GLOBAL,GLOBAL,PLATFORM,0,0,0,0,0,0,0
gaza,hpcwire.com,com,GLOBAL,GLOBAL,GLOBAL,PLATFORM,0,0,0,0,0,0,0
gaza,humbernews.ca,ca,CA,North America,OTHER,PLATFORM,0,0,0,0,0,0,0
gaza,idahopress.com,com,GLOBAL,GLOBAL,GLOBAL,PLATFORM,0,0,0,0,0,0,0
gaza,inquirer.com,com,GLOBAL,GLOBAL,GLOBAL,PLATFORM,0,0,0,0,0,0,0
gaza,insidehoops.com,com,GLOBAL,GLOBAL,GLOBAL,PLATFORM,0,0,0,0,0,0,0
gaza,intomore.com,com,GLOBAL,GLOBAL,GLOBAL,PLATFORM,0,0,0,0,0,0,0
gaza,itemonline.com,com,GLOBAL,GLOBAL,GLOBAL,PLATFORM,0,0,0,0,0,0,0
gaza,j-14.com,com,GLOBAL,GLOBAL,GLOBAL,PLATFORM,0,0,0,0,0,0,0
gaza,jamn945.iheart.com,com,GLOBAL,GLOBAL,GLOBAL,PLATFORM,0,0,0,0,0,0,0
gaza,jdnews.com,com,GLOBAL,GLOBAL,GLOBAL,PLATFORM,0,0,0,0,0,0,0
gaza,journal-advocate.com,com,GLOBAL,GLOBAL,GLOBAL,PLATFORM,0,0,0,0,0,0,0
gaza,journalismpakistan.com,com,GLOBAL,GLOBAL,GLOBAL,PLATFORM,0,0,0,0,0,0,0
gaza,justblogbaby.com,com,GLOBAL,GLOBAL,GLOBAL,PLATFORM,0,0,0,0,0,0,0
gaza,kcci.com,com,GLOBAL,GLOBAL,GLOBAL,PLATFORM,0,0,0,0,0,0,0
gaza,kdks.fm,fm,NA,NA,OTHER,PLATFORM,0,0,0,0,0,0,0
gaza,keanradio.com,com,GLOBAL,GLOBAL,GLOBAL,PLATFORM,0,0,0,0,0,0,0
gaza,kelownacapnews.com,com,GLOBAL,GLOBAL,GLOBAL,PLATFORM,0,0,0,0,0,0,0
gaza,kentonline.co.uk,uk,GB,Europe & Central Asia,OTHER,PLATFORM,0,0,0,0,0,0,0
gaza,kfan.iheart.com,com,GLOBAL,GLOBAL,GLOBAL,PLATFORM,0,0,0,0,0,0,0
gaza,kicks1063.com,com,GLOBAL,GLOBAL,GLOBAL,PLATFORM,0,0,0,0,0,0,0
gaza,kiss1023.iheart.com,com,GLOBAL,GLOBAL,GLOBAL,PLATFORM,0,0,0,0,0,0,0
gaza,kitchener.ctvnews.ca,ca,CA,North America,OTHER,PLATFORM,0,0,0,0,0,0,0
gaza,kix104.iheart.com,com,GLOBAL,GLOBAL,GLOBAL,PLATFORM,0,0,0,0,0,0,0
gaza,klin.com,com,GLOBAL,GLOBAL,GLOBAL,PLATFORM,0,0,0,0,0,0,0
gaza,knuj.net,net,GLOBAL,GLOBAL,GLOBAL,PLATFORM,0,0,0,0,0,0,0
gaza,kopsource.com,com,GLOBAL,GLOBAL,GLOBAL,PLATFORM,0,0,0,0,0,0,0
gaza,koreabizwire.com,com,GLOBAL,GLOBAL,GLOBAL,PLATFORM,0,0,0,0,0,0,0
gaza,kosu.org,org,GLOBAL,GLOBAL,GLOBAL,PLATFORM,0,0,0,0,0,0,0
gaza,kq2.com,com,GLOBAL,GLOBAL,GLOBAL,PLATFORM,0,0,0,0,0,0,0
gaza,krbe.com,com,GLOBAL,GLOBAL,GLOBAL,PLATFORM,0,0,0,0,0,0,0
gaza,ksbw.com,com,GLOBAL,GLOBAL,GLOBAL,PLATFORM,0,0,0,0,0,0,0
gaza,ksby.com,com,GLOBAL,GLOBAL,GLOBAL,PLATFORM,0,0,0,0,0,0,0
gaza,ktnv.com,com,GLOBAL,GLOBAL,GLOBAL,PLATFORM,0,0,0,0,0,0,0
gaza,kuzz.com,com,GLOBAL,GLOBAL,GLOBAL,PLATFORM,0,0,0,0,0,0,0
gaza,kwcdcountry.com,com,GLOBAL,GLOBAL,GLOBAL,PLATFORM,0,0,0,0,0,0,0
gaza,kwsn.com,com,GLOBAL,GLOBAL,GLOBAL,PLATFORM,0,0,0,0,0,0,0
gaza,kzbb.iheart.com,com,GLOBAL,GLOBAL,GLOBAL,PLATFORM,0,0,0,0,0,0,0
gaza,la.eater.com,com,GLOBAL,GLOBAL,GLOBAL,PLATFORM,0,0,0,0,0,0,0
gaza,labnews.co.uk,uk,GB,Europe & Central Asia,OTHER,PLATFORM,0,0,0,0,0,0,0
gaza,lakecowichangazette.com,com,GLOBAL,GLOBAL,GLOBAL,PLATFORM,0,0,0,0,0,0,0
gaza,latina.com,com,GLOBAL,GLOBAL,GLOBAL,PLATFORM,0,0,0,0,0,0,0
gaza,latintimes.com,com,GLOBAL,GLOBAL,GLOBAL,PLATFORM,0,0,0,0,0,0,0
gaza,lgfocus.com.au,au,AU,East Asia & Pacific,OTHER,PLATFORM,0,0,0,0,0,0,0
gaza,lionsroarnews.com,com,GLOBAL,GLOBAL,GLOBAL,PLATFORM,0,0,0,0,0,0,0
gaza,live5news.com,com,GLOBAL,GLOBAL,GLOBAL,PLATFORM,0,0,0,0,0,0,0
gaza,mediaforfreedom.com,com,GLOBAL,GLOBAL,GLOBAL,PLATFORM,0,0,0,0,0,0,0
gaza,mexicostar.com,com,GLOBAL,GLOBAL,GLOBAL,PLATFORM,0,0,0,0,0,0,0
gaza,military.com,com,GLOBAL,GLOBAL,GLOBAL,PLATFORM,0,0,0,0,0,0,0
gaza,mining-journal.com,com,GLOBAL,GLOBAL,GLOBAL,PLATFORM,0,0,0,0,0,0,0
gaza,minnlawyer.com,com,GLOBAL,GLOBAL,GLOBAL,PLATFORM,0,0,0,0,0,0,0
gaza,mix1077.iheart.com,com,GLOBAL,GLOBAL,GLOBAL,PLATFORM,0,0,0,0,0,0,0
gaza,mojo1029.com,com,GLOBAL,GLOBAL,GLOBAL,PLATFORM,0,0,0,0,0,0,0
gaza,morganhilltimes.com,com,GLOBAL,GLOBAL,GLOBAL,PLATFORM,0,0,0,0,0,0,0
gaza,mtstandard.com,com,GLOBAL,GLOBAL,GLOBAL,PLATFORM,0,0,0,0,0,0,0
gaza,myhits106.com,com,GLOBAL,GLOBAL,GLOBAL,PLATFORM,0,0,0,0,0,0,0
gaza,nasa.gov,gov,NA,NA,OTHER,PLATFORM,0,0,0,1,0,0,1
gaza,nashfm1025.com,com,GLOBAL,GLOBAL,GLOBAL,PLATFORM,0,0,0,0,0,0,0
gaza,nationalhogfarmer.com,com,GLOBAL,GLOBAL,GLOBAL,PLATFORM,0,0,0,0,0,0,0
gaza,nbc11news.com,com,GLOBAL,GLOBAL,GLOBAL,PLATFORM,0,0,0,0,0,0,0
gaza,nbcmontana.com,com,GLOBAL,GLOBAL,GLOBAL,PLATFORM,0,0,0,0,0,0,0
gaza,nbcsvg.com,com,GLOBAL,GLOBAL,GLOBAL,PLATFORM,0,0,0,0,0,0,0
gaza,newstalkkgvo.com,com,GLOBAL,GLOBAL,GLOBAL,PLATFORM,0,0,0,0,0,0,0
gaza,noise11.com,com,GLOBAL,GLOBAL,GLOBAL,PLATFORM,0,0,0,0,0,0,0
gaza,northwestmoinfo.com,com,GLOBAL,GLOBAL,GLOBAL,PLATFORM,0,0,0,0,0,0,0
gaza,novinite.com,com,GLOBAL,GLOBAL,GLOBAL,PLATFORM,0,0,0,0,0,0,0
gaza,nripress.com,com,GLOBAL,GLOBAL,GLOBAL,PLATFORM,0,0,0,0,0,0,0
gaza,nwnewsnetwork.org,org,GLOBAL,GLOBAL,GLOBAL,PLATFORM,0,0,0,0,0,0,0
gaza,obituaries.corsicanadailysun.com,com,GLOBAL,GLOBAL,GLOBAL,PLATFORM,0,0,0,0,0,0,0
gaza,obituaries.itemonline.com,com,GLOBAL,GLOBAL,GLOBAL,PLATFORM,0,0,0,0,0,0,0
gaza,obituaries.ncnewsonline.com,com,GLOBAL,GLOBAL,GLOBAL,PLATFORM,0,0,0,0,0,0,0
gaza,observer-reporter.com,com,GLOBAL,GLOBAL,GLOBAL,PLATFORM,0,0,0,0,0,0,0
gaza,odnako.org,org,GLOBAL,GLOBAL,GLOBAL,PLATFORM,0,0,0,0,0,0,0
gaza,odt.co.nz,nz,NZ,East Asia & Pacific,OTHER,PLATFORM,0,0,0,0,0,0,0
gaza,paherald.sk.ca,ca,CA,North America,OTHER,PLATFORM,0,0,0,0,0,0,0
gaza,polity.org.za,za,ZA,Sub-Saharan Africa,AFRICA,PLATFORM,0,0,0,0,0,0,0
gaza,polygon.com,com,GLOBAL,GLOBAL,GLOBAL,PLATFORM,0,0,0,0,0,0,0
gaza,pridesource.com,com,GLOBAL,GLOBAL,GLOBAL,PLATFORM,0,0,0,0,0,0,0
gaza,proactiveinvestors.com,com,GLOBAL,GLOBAL,GLOBAL,PLATFORM,0,0,0,0,0,0,0
gaza,q1043.iheart.com,com,GLOBAL,GLOBAL,GLOBAL,PLATFORM,0,0,0,0,0,0,0
gaza,qconline.com,com,GLOBAL,GLOBAL,GLOBAL,PLATFORM,0,0,0,0,0,0,0
gaza,rappler.com,com,GLOBAL,GLOBAL,GLOBAL,PLATFORM,0,0,0,0,0,0,0
gaza,realgeni.com,com,GLOBAL,GLOBAL,GLOBAL,PLATFORM,0,0,0,0,0,0,0
gaza,rigzone.com,com,GLOBAL,GLOBAL,GLOBAL,PLATFORM,0,0,0,0,0,0,0
gaza,rsuradio.com,com,GLOBAL,GLOBAL,GLOBAL,PLATFORM,0,0,0,0,0,0,0
gaza,runthetrap.com,com,GLOBAL,GLOBAL,GLOBAL,PLATFORM,0,0,0,0,0,0,0
gaza,salinapost.com,com,GLOBAL,GLOBAL,GLOBAL,PLATFORM,0,0,0,0,0,0,0
gaza,sanangelolive.com,com,GLOBAL,GLOBAL,GLOBAL,PLATFORM,0,0,0,0,0,0,0
gaza,sanjuanjournal.com,com,GLOBAL,GLOBAL,GLOBAL,PLATFORM,0,0,0,0,0,0,0
gaza,sg.style.yahoo.com,com,GLOBAL,GLOBAL,GLOBAL,PLATFORM,0,0,0,0,0,0,0
gaza,slashfilm.com,com,GLOBAL,GLOBAL,GLOBAL,PLATFORM,0,0,0,0,0,0,0
gaza,solomonstarnews.com,com,GLOBAL,GLOBAL,GLOBAL,PLATFORM,0,0,0,0,0,0,0
gaza,south.maine207.org,org,GLOBAL,GLOBAL,GLOBAL,PLATFORM,0,0,0,0,0,0,0
gaza,southernhighlandnews.com.au,au,AU,East Asia & Pacific,OTHER,PLATFORM,0,0,0,0,0,0,0
gaza,starherald.com,com,GLOBAL,GLOBAL,GLOBAL,PLATFORM,0,0,0,0,0,0,0
gaza,statesboroherald.com,com,GLOBAL,GLOBAL,GLOBAL,PLATFORM,0,0,0,0,0,0,0
gaza,stopthedrugwar.org,org,GLOBAL,GLOBAL,GLOBAL,PLATFORM,0,0,0,0,0,0,0
gaza,stwnewspress.com,com,GLOBAL,GLOBAL,GLOBAL,PLATFORM,0,0,0,0,0,0,0
gaza,stylecaster.com,com,GLOBAL,GLOBAL,GLOBAL,PLATFORM,0,0,0,0,0,0,0
gaza,syfy.com,com,GLOBAL,GLOBAL,GLOBAL,PLATFORM,0,0,0,0,0,0,0
gaza,tap.info.tn,tn,NA,NA,OTHER,PLATFORM,0,0,0,0,0,0,0
gaza,tech.hindustantimes.com,com,GLOBAL,GLOBAL,GLOBAL,PLATFORM,0,0,0,0,0,0,0
gaza,techcrunch.com,com,GLOBAL,GLOBAL,GLOBAL,PLATFORM,0,0,0,0,0,0,0
gaza,tennesseedaily.com,com,GLOBAL,GLOBAL,GLOBAL,PLATFORM,0,0,0,0,0,0,0
gaza,thebig98.iheart.com,com,GLOBAL,GLOBAL,GLOBAL,PLATFORM,0,0,0,0,0,0,0
gaza,thebulltulsa.com,com,GLOBAL,GLOBAL,GLOBAL,PLATFORM,0,0,0,0,0,0,0
gaza,thecitizen.com,com,GLOBAL,GLOBAL,GLOBAL,PLATFORM,0,0,0,0,0,0,0
gaza,thedailyreview.com,com,GLOBAL,GLOBAL,GLOBAL,PLATFORM,0,0,0,0,0,0,0
gaza,thegrio.com,com,GLOBAL,GLOBAL,GLOBAL,PLATFORM,0,0,0,0,0,0,0
gaza,thelansingjournal.com,com,GLOBAL,GLOBAL,GLOBAL,PLATFORM,0,0,0,0,0,0,0
gaza,themusic.com.au,au,AU,East Asia & Pacific,OTHER,PLATFORM,0,0,0,0,0,0,0
gaza,thesourcefm.co.uk,uk,GB,Europe & Central Asia,OTHER,PLATFORM,0,0,0,0,0,0,0
gaza,thetimesnews.com,com,GLOBAL,GLOBAL,GLOBAL,PLATFORM,0,0,0,0,0,0,0
gaza,thisisoxfordshire.co.uk,uk,GB,Europe & Central Asia,OTHER,PLATFORM,0,0,0,0,0,0,0
gaza,timesdaily.com,com,GLOBAL,GLOBAL,GLOBAL,PLATFORM,0,0,0,0,0,0,0
gaza,timesnewspapers.com,com,GLOBAL,GLOBAL,GLOBAL,PLATFORM,0,0,0,0,0,0,0
gaza,toffeeweb.com,com,GLOBAL,GLOBAL,GLOBAL,PLATFORM,0,0,0,0,0,0,0
gaza,tomsguide.com,com,GLOBAL,GLOBAL,GLOBAL,PLATFORM,0,0,0,0,0,0,0
gaza,torontotelegraph.com,com,GLOBAL,GLOBAL,GLOBAL,PLATFORM,0,0,0,0,0,0,0
gaza,travelweekly.com.au,au,AU,East Asia & Pacific,OTHER,PLATFORM,0,0,0,0,0,0,0
gaza,tribune.net.ph,ph,NA,NA,OTHER,PLATFORM,0,0,0,0,0,0,0
gaza,tribuneindia.com,com,GLOBAL,GLOBAL,GLOBAL,PLATFORM,0,0,0,0,0,0,0
gaza,tucson.com,com,GLOBAL,GLOBAL,GLOBAL,PLATFORM,0,0,0,0,0,0,0
gaza,twinsdaily.com,com,GLOBAL,GLOBAL,GLOBAL,PLATFORM,0,0,0,0,0,0,0
gaza,unhcr.org,org,GLOBAL,GLOBAL,GLOBAL,PLATFORM,0,0,0,0,0,0,0
gaza,us.cnn.com,com,GLOBAL,GLOBAL,GLOBAL,PLATFORM,0,0,0,0,0,0,0
gaza,vanguardngr.com,com,GLOBAL,GLOBAL,GLOBAL,PLATFORM,0,0,0,0,0,0,0
gaza,vice.com,com,GLOBAL,GLOBAL,GLOBAL,PLATFORM,0,0,0,0,0,0,0
gaza,vicnews.com,com,GLOBAL,GLOBAL,GLOBAL,PLATFORM,0,0,0,0,0,0,0
gaza,vulture.com,com,GLOBAL,GLOBAL,GLOBAL,PLATFORM,0,0,0,0,0,0,0
gaza,washingtoninstitute.org,org,GLOBAL,GLOBAL,GLOBAL,PLATFORM,0,0,0,0,0,0,0
gaza,wccq.com,com,GLOBAL,GLOBAL,GLOBAL,PLATFORM,0,0,0,0,0,0,0
gaza,wdel.com,com,GLOBAL,GLOBAL,GLOBAL,PLATFORM,0,0,0,0,0,0,0
gaza,wdrb.com,com,GLOBAL,GLOBAL,GLOBAL,PLATFORM,0,0,0,0,0,0,0
gaza,westfaironline.com,com,GLOBAL,GLOBAL,GLOBAL,PLATFORM,0,0,0,0,0,0,0
gaza,whio.com,com,GLOBAL,GLOBAL,GLOBAL,PLATFORM,0,0,0,0,0,0,0
gaza,whittierdailynews.com,com,GLOBAL,GLOBAL,GLOBAL,PLATFORM,0,0,0,0,0,0,0
gaza,wiltsglosstandard.co.uk,uk,GB,Europe & Central Asia,OTHER,PLATFORM,0,0,0,0,0,0,0
gaza,wiod.iheart.com,com,GLOBAL,GLOBAL,GLOBAL,PLATFORM,0,0,0,0,0,0,0
gaza,wiu.edu,edu,NA,NA,OTHER,PLATFORM,0,0,0,0,0,0,0
gaza,wjbq.com,com,GLOBAL,GLOBAL,GLOBAL,PLATFORM,0,0,0,0,0,0,0
gaza,wjlbdetroit.iheart.com,com,GLOBAL,GLOBAL,GLOBAL,PLATFORM,0,0,0,0,0,0,0
gaza,wlrn.org,org,GLOBAL,GLOBAL,GLOBAL,PLATFORM,0,0,0,0,0,0,0
gaza,wnci.iheart.com,com,GLOBAL,GLOBAL,GLOBAL,PLATFORM,0,0,0,0,0,0,0
gaza,wnep.com,com,GLOBAL,GLOBAL,GLOBAL,PLATFORM,0,0,0,0,0,0,0
gaza,woai.iheart.com,com,GLOBAL,GLOBAL,GLOBAL,PLATFORM,0,0,0,0,0,0,0
gaza,wrwdcountry.iheart.com,com,GLOBAL,GLOBAL,GLOBAL,PLATFORM,0,0,0,0,0,0,0
gaza,wshu.org,org,GLOBAL,GLOBAL,GLOBAL,PLATFORM,0,0,0,0,0,0,0
gaza,wthitv.com,com,GLOBAL,GLOBAL,GLOBAL,PLATFORM,0,0,0,0,0,0,0
gaza,wtug.com,com,GLOBAL,GLOBAL,GLOBAL,PLATFORM,0,0,0,0,0,0,0
gaza,www2.fundsforngos.org,org,GLOBAL,GLOBAL,GLOBAL,PLATFORM,0,0,0,0,0,0,0
gaza,y94.com,com,GLOBAL,GLOBAL,GLOBAL,PLATFORM,0,0,0,0,0,0,0
gaza,z100missoula.com,com,GLOBAL,GLOBAL,GLOBAL,PLATFORM,0,0,0,0,0,0,0
gaza,1015thehawk.com,com,GLOBAL,GLOBAL,GLOBAL,PLATFORM,0,0,0,0,0,0,0
gaza,103gbfrocks.com,com,GLOBAL,GLOBAL,GLOBAL,PLATFORM,0,0,0,0,0,0,0
gaza,afloat.ie,ie,NA,NA,OTHER,PLATFORM,0,0,0,0,0,0,0
gaza,africa.chinadaily.com.cn,cn,CN,East Asia & Pacific,OTHER,PLATFORM,0,0,0,0,0,0,0
gaza,akihabaranews.com,com,GLOBAL,GLOBAL,GLOBAL,PLATFORM,0,0,0,0,0,0,0
gaza,androidcentral.com,com,GLOBAL,GLOBAL,GLOBAL,PLATFORM,0,0,0,0,0,0,0
gaza,animenewsnetwork.com,com,GLOBAL,GLOBAL,GLOBAL,PLATFORM,0,0,0,0,0,0,0
gaza,ansa.it,it,IT,Europe & Central Asia,OTHER,PLATFORM,0,0,0,0,0,0,0
gaza,asianimage.co.uk,uk,GB,Europe & Central Asia,OTHER,PLATFORM,0,0,0,0,0,0,0
gaza,atlantablackstar.com,com,GLOBAL,GLOBAL,GLOBAL,PLATFORM,0,0,0,0,0,0,0
gaza,badgerofhonor.com,com,GLOBAL,GLOBAL,GLOBAL,PLATFORM,0,0,0,0,0,0,0
gaza,barrie.ctvnews.ca,ca,CA,North America,OTHER,PLATFORM,0,0,0,0,0,0,0
gaza,bartlesvilleradio.com,com,GLOBAL,GLOBAL,GLOBAL,PLATFORM,0,0,0,0,0,0,0
gaza,bbc.com,com,GLOBAL,GLOBAL,GLOBAL,PLATFORM,0,0,0,0,0,0,0
gaza,bcmag.ca,ca,CA,North America,OTHER,PLATFORM,0,0,0,0,0,0,0
gaza,bengals.com,com,GLOBAL,GLOBAL,GLOBAL,PLATFORM,0,0,0,0,0,0,0
gaza,borehamwoodtimes.co.uk,uk,GB,Europe & Central Asia,OTHER,PLATFORM,0,0,0,0,0,0,0
gaza,brandonsun.com,com,GLOBAL,GLOBAL,GLOBAL,PLATFORM,0,0,0,0,0,0,0
gaza,bransontrilakesnews.com,com,GLOBAL,GLOBAL,GLOBAL,PLATFORM,0,0,0,0,0,0,0
gaza,briefingwire.com,com,GLOBAL,GLOBAL,GLOBAL,PLATFORM,0,0,0,0,0,0,0
gaza,bubblear.com,com,GLOBAL,GLOBAL,GLOBAL,PLATFORM,0,0,0,0,0,0,0
gaza,buffalonews.com,com,GLOBAL,GLOBAL,GLOBAL,PLATFORM,0,0,0,0,0,0,0
gaza,businessnorth.com,com,GLOBAL,GLOBAL,GLOBAL,PLATFORM,0,0,0,0,0,0,0
gaza,businesstraveller.com,com,GLOBAL,GLOBAL,GLOBAL,PLATFORM,0,0,0,0,0,0,0
gaza,canadafreepress.com,com,GLOBAL,GLOBAL,GLOBAL,PLATFORM,0,0,0,0,0,0,0
gaza,catholicnewsagency.com,com,GLOBAL,GLOBAL,GLOBAL,PLATFORM,0,0,0,0,0,0,0
gaza,cdapress.com,com,GLOBAL,GLOBAL,GLOBAL,PLATFORM,0,0,0,0,0,0,0
gaza,celebdirtylaundry.com,com,GLOBAL,GLOBAL,GLOBAL,PLATFORM,0,0,0,0,0,0,0
gaza,cltampa.com,com,GLOBAL,GLOBAL,GLOBAL,PLATFORM,0,0,0,0,0,0,0
gaza,cruxnow.com,com,GLOBAL,GLOBAL,GLOBAL,PLATFORM,0,0,0,0,0,0,0
gaza,dunfermlinepress.com,com,GLOBAL,GLOBAL,GLOBAL,PLATFORM,0,0,0,0,0,0,0
gaza,earthquakenewstoday.com,com,GLOBAL,GLOBAL,GLOBAL,PLATFORM,0,0,0,0,0,0,0
gaza,eham.net,net,GLOBAL,GLOBAL,GLOBAL,PLATFORM,0,0,0,0,0,0,0
gaza,etftrends.com,com,GLOBAL,GLOBAL,GLOBAL,PLATFORM,0,0,0,0,0,0,0
gaza,fnarena.com,com,GLOBAL,GLOBAL,GLOBAL,PLATFORM,0,0,0,0,0,0,0
gaza,giornaledibrescia.it,it,IT,Europe & Central Asia,OTHER,PLATFORM,0,0,0,0,0,0,0
gaza,greensboro.com,com,GLOBAL,GLOBAL,GLOBAL,PLATFORM,0,0,0,0,0,0,0
gaza,gridleyherald.com,com,GLOBAL,GLOBAL,GLOBAL,PLATFORM,0,0,0,0,0,0,0
gaza,houstontexans.com,com,GLOBAL,GLOBAL,GLOBAL,PLATFORM,0,0,0,0,0,0,0
gaza,hpherald.com,com,GLOBAL,GLOBAL,GLOBAL,PLATFORM,0,0,0,0,0,0,0
gaza,investing.com,com,GLOBAL,GLOBAL,GLOBAL,PLATFORM,0,0,0,0,0,0,0
gaza,ipswichstar.co.uk,uk,GB,Europe & Central Asia,OTHER,PLATFORM,0,0,0,0,0,0,0
gaza,jamn1075.iheart.com,com,GLOBAL,GLOBAL,GLOBAL,PLATFORM,0,0,0,0,0,0,0
gaza,jewishpress.com,com,GLOBAL,GLOBAL,GLOBAL,PLATFORM,0,0,0,0,0,0,0
gaza,jonathanturley.org,org,GLOBAL,GLOBAL,GLOBAL,PLATFORM,0,0,0,0,0,0,0
gaza,journal-news.com,com,GLOBAL,GLOBAL,GLOBAL,PLATFORM,0,0,0,0,0,0,0
gaza,kboo.fm,fm,NA,NA,OTHER,PLATFORM,0,0,0,0,0,0,0
gaza,keyj.com,com,GLOBAL,GLOBAL,GLOBAL,PLATFORM,0,0,0,0,0,0,0
gaza,kicnews.org,org,GLOBAL,GLOBAL,GLOBAL,PLATFORM,0,0,0,0,0,0,0
gaza,kkoh.com,com,GLOBAL,GLOBAL,GLOBAL,PLATFORM,0,0,0,0,0,0,0
gaza,klewtv.com,com,GLOBAL,GLOBAL,GLOBAL,PLATFORM,0,0,0,0,0,0,0
gaza,kmaland.com,com,GLOBAL,GLOBAL,GLOBAL,PLATFORM,0,0,0,0,0,0,0
gaza,kmjnow.com,com,GLOBAL,GLOBAL,GLOBAL,PLATFORM,0,0,0,0,0,0,0
gaza,krforadio.com,com,GLOBAL,GLOBAL,GLOBAL,PLATFORM,0,0,0,0,0,0,0
gaza,kugn.com,com,GLOBAL,GLOBAL,GLOBAL,PLATFORM,0,0,0,0,0,0,0
gaza,leighjournal.co.uk,uk,GB,Europe & Central Asia,OTHER,PLATFORM,0,0,0,0,0,0,0
gaza,leinsterexpress.ie,ie,NA,NA,OTHER,PLATFORM,0,0,0,0,0,0,0
gaza,marketrealist.com,com,GLOBAL,GLOBAL,GLOBAL,PLATFORM,0,0,0,0,0,0,0
gaza,messengernewspapers.co.uk,uk,GB,Europe & Central Asia,OTHER,PLATFORM,0,0,0,0,0,0,0
gaza,mix965tulsa.com,com,GLOBAL,GLOBAL,GLOBAL,PLATFORM,0,0,0,0,0,0,0
gaza,moldpres.md,md,NA,NA,OTHER,PLATFORM,0,0,0,0,0,0,0
gaza,muswellbrookchronicle.com.au,au,AU,East Asia & Pacific,OTHER,PLATFORM,0,0,0,0,0,0,0
gaza,nbc24.com,com,GLOBAL,GLOBAL,GLOBAL,PLATFORM,0,0,0,0,0,0,0
gaza,ncr-iran.org,org,GLOBAL,GLOBAL,GLOBAL,PLATFORM,0,0,0,0,0,0,0
gaza,news.crossmap.com,com,GLOBAL,GLOBAL,GLOBAL,PLATFORM,0,0,0,0,0,0,0
gaza,newscentermaine.com,com,GLOBAL,GLOBAL,GLOBAL,PLATFORM,0,0,0,0,0,0,0
gaza,newsday.co.zw,zw,NA,NA,OTHER,PLATFORM,0,0,0,0,0,0,0
gaza,newsletter.co.uk,uk,GB,Europe & Central Asia,OTHER,PLATFORM,0,0,0,0,0,0,0
gaza,oilonwhyte.com,com,GLOBAL,GLOBAL,GLOBAL,PLATFORM,0,0,0,0,0,0,0
gaza,opednews.com,com,GLOBAL,GLOBAL,GLOBAL,PLATFORM,0,0,0,0,0,0,0
gaza,openpr.com,com,GLOBAL,GLOBAL,GLOBAL,PLATFORM,0,0,0,0,0,0,0
gaza,philippinetimes.com,com,GLOBAL,GLOBAL,GLOBAL,PLATFORM,0,0,0,0,0,0,0
gaza,plenglish.com,com,GLOBAL,GLOBAL,GLOBAL,PLATFORM,0,0,0,0,0,0,0
gaza,portal.rivals.com,com,GLOBAL,GLOBAL,GLOBAL,PLATFORM,0,0,0,0,0,0,0
gaza,qatar-tribune.com,com,GLOBAL,GLOBAL,GLOBAL,PLATFORM,0,0,0,0,0,0,0
gaza,radioiowa.com,com,GLOBAL,GLOBAL,GLOBAL,PLATFORM,0,0,0,0,0,0,0
gaza,raiders.com,com,GLOBAL,GLOBAL,GLOBAL,PLATFORM,0,0,0,0,0,0,0
gaza,rep-am.com,com,GLOBAL,GLOBAL,GLOBAL,PLATFORM,0,0,0,0,0,0,0
gaza,rexburgstandardjournal.com,com,GLOBAL,GLOBAL,GLOBAL,PLATFORM,0,0,0,0,0,0,0
gaza,royalgazette.com,com,GLOBAL,GLOBAL,GLOBAL,PLATFORM,0,0,0,0,0,0,0
gaza,russianradio7.com,com,GLOBAL,GLOBAL,GLOBAL,PLATFORM,0,0,0,0,0,0,0
gaza,si.com,com,GLOBAL,GLOBAL,GLOBAL,PLATFORM,0,0,0,0,0,0,0
gaza,smnewsnet.com,com,GLOBAL,GLOBAL,GLOBAL,PLATFORM,0,0,0,0,0,0,0
gaza,sprucegroveexaminer.com:443,NA,NA,NA,OTHER,PLATFORM,0,0,0,0,0,0,0
gaza,steelerswire.usatoday.com,com,GLOBAL,GLOBAL,GLOBAL,PLATFORM,0,0,0,0,0,0,0
gaza,theboar.org,org,GLOBAL,GLOBAL,GLOBAL,PLATFORM,0,0,0,0,0,0,0
gaza,theislamicmonthly.com,com,GLOBAL,GLOBAL,GLOBAL,PLATFORM,0,0,0,0,0,0,0
gaza,themarysue.com,com,GLOBAL,GLOBAL,GLOBAL,PLATFORM,0,0,0,0,0,0,0
gaza,tvline.com,com,GLOBAL,GLOBAL,GLOBAL,PLATFORM,0,0,0,0,0,0,0
gaza,ummid.com,com,GLOBAL,GLOBAL,GLOBAL,PLATFORM,0,0,0,0,0,0,0
gaza,utne.com,com,GLOBAL,GLOBAL,GLOBAL,PLATFORM,0,0,0,0,0,0,0
gaza,uzmanpara.milliyet.com.tr,tr,TR,Europe & Central Asia,OTHER,PLATFORM,0,0,0,0,0,0,0
gaza,voaafrique.com,com,GLOBAL,GLOBAL,GLOBAL,PLATFORM,0,0,0,0,0,0,0
gaza,volcanoes.usgs.gov,gov,NA,NA,OTHER,PLATFORM,0,0,0,1,0,0,1
gaza,wabi.tv,tv,NA,NA,OTHER,PLATFORM,0,0,0,0,0,0,0
gaza,wallaceburgcourierpress.com:443,NA,NA,NA,OTHER,PLATFORM,0,0,0,0,0,0,0
gaza,wallstreetpit.com,com,GLOBAL,GLOBAL,GLOBAL,PLATFORM,0,0,0,0,0,0,0
gaza,wcbe.org,org,GLOBAL,GLOBAL,GLOBAL,PLATFORM,0,0,0,0,0,0,0
gaza,westword.com,com,GLOBAL,GLOBAL,GLOBAL,PLATFORM,0,0,0,0,0,0,0
gaza,wfnc640am.com,com,GLOBAL,GLOBAL,GLOBAL,PLATFORM,0,0,0,0,0,0,0
gaza,whdh.com,com,GLOBAL,GLOBAL,GLOBAL,PLATFORM,0,0,0,0,0,0,0
gaza,wild941.com,com,GLOBAL,GLOBAL,GLOBAL,PLATFORM,0,0,0,0,0,0,0
gaza,wjtn.com,com,GLOBAL,GLOBAL,GLOBAL,PLATFORM,0,0,0,0,0,0,0
gaza,worthynews.com,com,GLOBAL,GLOBAL,GLOBAL,PLATFORM,0,0,0,0,0,0,0
gaza,wpdh.com,com,GLOBAL,GLOBAL,GLOBAL,PLATFORM,0,0,0,0,0,0,0
gaza,wsfa.com,com,GLOBAL,GLOBAL,GLOBAL,PLATFORM,0,0,0,0,0,0,0
gaza,wtap.com,com,GLOBAL,GLOBAL,GLOBAL,PLATFORM,0,0,0,0,0,0,0
gaza,wtmj.com,com,GLOBAL,GLOBAL,GLOBAL,PLATFORM,0,0,0,0,0,0,0
gaza,yardbarker.com,com,GLOBAL,GLOBAL,GLOBAL,PLATFORM,0,0,0,0,0,0,0
gaza,1035thebeat.iheart.com,com,GLOBAL,GLOBAL,GLOBAL,PLATFORM,0,0,0,0,0,0,0
gaza,1055thebeat.iheart.com,com,GLOBAL,GLOBAL,GLOBAL,PLATFORM,0,0,0,0,0,0,0
gaza,1230thegambler.iheart.com,com,GLOBAL,GLOBAL,GLOBAL,PLATFORM,0,0,0,0,0,0,0
gaza,12news.com,com,GLOBAL,GLOBAL,GLOBAL,PLATFORM,0,0,0,0,0,0,0
gaza,13wham.com,com,GLOBAL,GLOBAL,GLOBAL,PLATFORM,0,0,0,0,0,0,0
gaza,969thegame.iheart.com,com,GLOBAL,GLOBAL,GLOBAL,PLATFORM,0,0,0,0,0,0,0
gaza,abc-7.com,com,GLOBAL,GLOBAL,GLOBAL,PLATFORM,0,0,0,0,0,0,0
gaza,afriquesenlutte.org,org,GLOBAL,GLOBAL,GLOBAL,PLATFORM,0,0,0,0,0,0,0
gaza,aninews.in,in,IN,South Asia,OTHER,PLATFORM,0,0,0,0,0,0,0
gaza,bedfordgazette.com,com,GLOBAL,GLOBAL,GLOBAL,PLATFORM,0,0,0,0,0,0,0
gaza,bollywoodhungama.com,com,GLOBAL,GLOBAL,GLOBAL,PLATFORM,0,0,0,0,0,0,0
gaza,boredpanda.com,com,GLOBAL,GLOBAL,GLOBAL,PLATFORM,0,0,0,0,0,0,0
gaza,businessmirror.com.ph,ph,NA,NA,OTHER,PLATFORM,0,0,0,0,0,0,0
gaza,cbs4local.com,com,GLOBAL,GLOBAL,GLOBAL,PLATFORM,0,0,0,0,0,0,0
gaza,chathamthisweek.com:443,NA,NA,NA,OTHER,PLATFORM,0,0,0,0,0,0,0
gaza,dailyadvertiser.com.au,au,AU,East Asia & Pacific,OTHER,PLATFORM,0,0,0,0,0,0,0
gaza,dailyecho.co.uk,uk,GB,Europe & Central Asia,OTHER,PLATFORM,0,0,0,0,0,0,0
gaza,dailyhodl.com,com,GLOBAL,GLOBAL,GLOBAL,PLATFORM,0,0,0,0,0,0,0
gaza,en.trend.az,az,NA,NA,OTHER,PLATFORM,0,0,0,0,0,0,0
gaza,europe.chinadaily.com.cn,cn,CN,East Asia & Pacific,OTHER,PLATFORM,0,0,0,0,0,0,0
gaza,farmersjournal.ie,ie,NA,NA,OTHER,PLATFORM,0,0,0,0,0,0,0
gaza,fifetoday.co.uk,uk,GB,Europe & Central Asia,OTHER,PLATFORM,0,0,0,0,0,0,0
gaza,finchannel.com,com,GLOBAL,GLOBAL,GLOBAL,PLATFORM,0,0,0,0,0,0,0
gaza,firstalert4.com,com,GLOBAL,GLOBAL,GLOBAL,PLATFORM,0,0,0,0,0,0,0
gaza,galvnews.com,com,GLOBAL,GLOBAL,GLOBAL,PLATFORM,0,0,0,0,0,0,0
gaza,geo.tv,tv,NA,NA,OTHER,PLATFORM,0,0,0,0,0,0,0
gaza,getsurrey.co.uk,uk,GB,Europe & Central Asia,OTHER,PLATFORM,0,0,0,0,0,0,0
gaza,gloucestershirelive.co.uk,uk,GB,Europe & Central Asia,OTHER,PLATFORM,0,0,0,0,0,0,0
gaza,goulburnpost.com.au,au,AU,East Asia & Pacific,OTHER,PLATFORM,0,0,0,0,0,0,0
gaza,hepburnadvocate.com.au,au,AU,East Asia & Pacific,OTHER,PLATFORM,0,0,0,0,0,0,0
gaza,himtimes.com,com,GLOBAL,GLOBAL,GLOBAL,PLATFORM,0,0,0,0,0,0,0
gaza,interlochenpublicradio.org,org,GLOBAL,GLOBAL,GLOBAL,PLATFORM,0,0,0,0,0,0,0
gaza,intouchweekly.com,com,GLOBAL,GLOBAL,GLOBAL,PLATFORM,0,0,0,0,0,0,0
gaza,kjzz.org,org,GLOBAL,GLOBAL,GLOBAL,PLATFORM,0,0,0,0,0,0,0
gaza,kyivpost.com,com,GLOBAL,GLOBAL,GLOBAL,PLATFORM,0,0,0,0,0,0,0
gaza,mexicoledger.com,com,GLOBAL,GLOBAL,GLOBAL,PLATFORM,0,0,0,0,0,0,0
gaza,mpnews.com.au,au,AU,East Asia & Pacific,OTHER,PLATFORM,0,0,0,0,0,0,0
gaza,mprnews.org,org,GLOBAL,GLOBAL,GLOBAL,PLATFORM,0,0,0,0,0,0,0
gaza,myedmondsnews.com,com,GLOBAL,GLOBAL,GLOBAL,PLATFORM,0,0,0,0,0,0,0
gaza,ndsmcobserver.com,com,GLOBAL,GLOBAL,GLOBAL,PLATFORM,0,0,0,0,0,0,0
gaza,newnigerianpolitics.com,com,GLOBAL,GLOBAL,GLOBAL,PLATFORM,0,0,0,0,0,0,0
gaza,newstalkzb.co.nz,nz,NZ,East Asia & Pacific,OTHER,PLATFORM,0,0,0,0,0,0,0
gaza,nfl.com,com,GLOBAL,GLOBAL,GLOBAL,PLATFORM,0,0,0,0,0,0,0
gaza,oklahomacitysun.com,com,GLOBAL,GLOBAL,GLOBAL,PLATFORM,0,0,0,0,0,0,0
gaza,peeblesshirenews.com,com,GLOBAL,GLOBAL,GLOBAL,PLATFORM,0,0,0,0,0,0,0
gaza,performancedrive.com.au,au,AU,East Asia & Pacific,OTHER,PLATFORM,0,0,0,0,0,0,0
gaza,piquenewsmagazine.com,com,GLOBAL,GLOBAL,GLOBAL,PLATFORM,0,0,0,0,0,0,0
gaza,primepublishers.com,com,GLOBAL,GLOBAL,GLOBAL,PLATFORM,0,0,0,0,0,0,0
gaza,rador.ro,ro,NA,NA,OTHER,PLATFORM,0,0,0,0,0,0,0
gaza,rock967online.com,com,GLOBAL,GLOBAL,GLOBAL,PLATFORM,0,0,0,0,0,0,0
gaza,semissourian.com,com,GLOBAL,GLOBAL,GLOBAL,PLATFORM,0,0,0,0,0,0,0
gaza,slguardian.org,org,GLOBAL,GLOBAL,GLOBAL,PLATFORM,0,0,0,0,0,0,0
gaza,southernminn.com,com,GLOBAL,GLOBAL,GLOBAL,PLATFORM,0,0,0,0,0,0,0
gaza,southwalesargus.co.uk,uk,GB,Europe & Central Asia,OTHER,PLATFORM,0,0,0,0,0,0,0
gaza,summitdaily.com,com,GLOBAL,GLOBAL,GLOBAL,PLATFORM,0,0,0,0,0,0,0
gaza,telegrafi.com,com,GLOBAL,GLOBAL,GLOBAL,PLATFORM,0,0,0,0,0,0,0
gaza,theportugalnews.com,com,GLOBAL,GLOBAL,GLOBAL,PLATFORM,0,0,0,0,0,0,0
gaza,thesmokinggun.com,com,GLOBAL,GLOBAL,GLOBAL,PLATFORM,0,0,0,0,0,0,0
gaza,trentonian.com,com,GLOBAL,GLOBAL,GLOBAL,PLATFORM,0,0,0,0,0,0,0
gaza,tribune.com.pk,pk,NA,NA,OTHER,PLATFORM,0,0,0,0,0,0,0
gaza,undeadwalking.com,com,GLOBAL,GLOBAL,GLOBAL,PLATFORM,0,0,0,0,0,0,0
gaza,usa.chinadaily.com.cn,cn,CN,East Asia & Pacific,OTHER,PLATFORM,0,0,0,0,0,0,0
gaza,vientianetimes.org.la,la,NA,NA,OTHER,PLATFORM,0,0,0,0,0,0,0
gaza,volcanodiscovery.com,com,GLOBAL,GLOBAL,GLOBAL,PLATFORM,0,0,0,0,0,0,0
gaza,waff.com,com,GLOBAL,GLOBAL,GLOBAL,PLATFORM,0,0,0,0,0,0,0
gaza,wcvu.iheart.com,com,GLOBAL,GLOBAL,GLOBAL,PLATFORM,0,0,0,0,0,0,0
gaza,wemu.org,org,GLOBAL,GLOBAL,GLOBAL,PLATFORM,0,0,0,0,0,0,0
gaza,whtimes.co.uk,uk,GB,Europe & Central Asia,OTHER,PLATFORM,0,0,0,0,0,0,0
gaza,wiscnews.com,com,GLOBAL,GLOBAL,GLOBAL,PLATFORM,0,0,0,0,0,0,0
gaza,wkms.org,org,GLOBAL,GLOBAL,GLOBAL,PLATFORM,0,0,0,0,0,0,0
gaza,wknofm.org,org,GLOBAL,GLOBAL,GLOBAL,PLATFORM,0,0,0,0,0,0,0
gaza,wogx.com,com,GLOBAL,GLOBAL,GLOBAL,PLATFORM,0,0,0,0,0,0,0
gaza,wvva.com,com,GLOBAL,GLOBAL,GLOBAL,PLATFORM,0,0,0,0,0,0,0
gaza,wypr.org,org,GLOBAL,GLOBAL,GLOBAL,PLATFORM,0,0,0,0,0,0,0
gaza,x1015.iheart.com,com,GLOBAL,GLOBAL,GLOBAL,PLATFORM,0,0,0,0,0,0,0
gaza,yourdemocracy.net,net,GLOBAL,GLOBAL,GLOBAL,PLATFORM,0,0,0,0,0,0,0
gaza,zehabesha.com,com,GLOBAL,GLOBAL,GLOBAL,PLATFORM,0,0,0,0,0,0,0
gaza,1015.iheart.com,com,GLOBAL,GLOBAL,GLOBAL,PLATFORM,0,0,0,0,0,0,0
gaza,1025thelake.iheart.com,com,GLOBAL,GLOBAL,GLOBAL,PLATFORM,0,0,0,0,0,0,0
gaza,1069thefox.com,com,GLOBAL,GLOBAL,GLOBAL,PLATFORM,0,0,0,0,0,0,0
gaza,1280wnam.com,com,GLOBAL,GLOBAL,GLOBAL,PLATFORM,0,0,0,0,0,0,0
gaza,600wmtradio.iheart.com,com,GLOBAL,GLOBAL,GLOBAL,PLATFORM,0,0,0,0,0,0,0
gaza,937kcountry.com,com,GLOBAL,GLOBAL,GLOBAL,PLATFORM,0,0,0,0,0,0,0
gaza,961therocket.iheart.com,com,GLOBAL,GLOBAL,GLOBAL,PLATFORM,0,0,0,0,0,0,0
gaza,abc15.com,com,GLOBAL,GLOBAL,GLOBAL,PLATFORM,0,0,0,0,0,0,0
gaza,ajc.com,com,GLOBAL,GLOBAL,GLOBAL,PLATFORM,0,0,0,0,0,0,0
gaza,alaskapublic.org,org,GLOBAL,GLOBAL,GLOBAL,PLATFORM,0,0,0,0,0,0,0
gaza,alt1073.iheart.com,com,GLOBAL,GLOBAL,GLOBAL,PLATFORM,0,0,0,0,0,0,0
gaza,aps.dz:443,NA,NA,NA,OTHER,PLATFORM,0,0,0,0,0,0,0
gaza,areanews.com.au,au,AU,East Asia & Pacific,OTHER,PLATFORM,0,0,0,0,0,0,0
gaza,b1039.com,com,GLOBAL,GLOBAL,GLOBAL,PLATFORM,0,0,0,0,0,0,0
gaza,b939country.iheart.com,com,GLOBAL,GLOBAL,GLOBAL,PLATFORM,0,0,0,0,0,0,0
gaza,b98fm.iheart.com,com,GLOBAL,GLOBAL,GLOBAL,PLATFORM,0,0,0,0,0,0,0
gaza,banana1015.com,com,GLOBAL,GLOBAL,GLOBAL,PLATFORM,0,0,0,0,0,0,0
gaza,bear953.com,com,GLOBAL,GLOBAL,GLOBAL,PLATFORM,0,0,0,0,0,0,0
gaza,belfasttelegraph.co.uk,uk,GB,Europe & Central Asia,OTHER,PLATFORM,0,0,0,0,0,0,0
gaza,bendigoadvertiser.com.au,au,AU,East Asia & Pacific,OTHER,PLATFORM,0,0,0,0,0,0,0
gaza,big979.iheart.com,com,GLOBAL,GLOBAL,GLOBAL,PLATFORM,0,0,0,0,0,0,0
gaza,bigcountry969.com,com,GLOBAL,GLOBAL,GLOBAL,PLATFORM,0,0,0,0,0,0,0
gaza,blackamericaweb.com,com,GLOBAL,GLOBAL,GLOBAL,PLATFORM,0,0,0,0,0,0,0
gaza,bordermail.com.au,au,AU,East Asia & Pacific,OTHER,PLATFORM,0,0,0,0,0,0,0
gaza,breitbart.com,com,GLOBAL,GLOBAL,GLOBAL,PLATFORM,0,0,0,0,0,0,0
gaza,brobible.com,com,GLOBAL,GLOBAL,GLOBAL,PLATFORM,0,0,0,0,0,0,0
gaza,brookingsradio.com,com,GLOBAL,GLOBAL,GLOBAL,PLATFORM,0,0,0,0,0,0,0
gaza,brownfieldagnews.com,com,GLOBAL,GLOBAL,GLOBAL,PLATFORM,0,0,0,0,0,0,0
gaza,bulgariagazette.com,com,GLOBAL,GLOBAL,GLOBAL,PLATFORM,0,0,0,0,0,0,0
gaza,chfi.com,com,GLOBAL,GLOBAL,GLOBAL,PLATFORM,0,0,0,0,0,0,0
gaza,colombogazette.com,com,GLOBAL,GLOBAL,GLOBAL,PLATFORM,0,0,0,0,0,0,0
gaza,covers.com,com,GLOBAL,GLOBAL,GLOBAL,PLATFORM,0,0,0,0,0,0,0
gaza,csindy.com,com,GLOBAL,GLOBAL,GLOBAL,PLATFORM,0,0,0,0,0,0,0
gaza,cubaheadlines.com,com,GLOBAL,GLOBAL,GLOBAL,PLATFORM,0,0,0,0,0,0,0
gaza,curetoday.com,com,GLOBAL,GLOBAL,GLOBAL,PLATFORM,0,0,0,0,0,0,0
gaza,dailyprogress.com,com,GLOBAL,GLOBAL,GLOBAL,PLATFORM,0,0,0,0,0,0,0
gaza,dailysignal.com,com,GLOBAL,GLOBAL,GLOBAL,PLATFORM,0,0,0,0,0,0,0
gaza,dailytribune.com,com,GLOBAL,GLOBAL,GLOBAL,PLATFORM,0,0,0,0,0,0,0
gaza,darientimes.com,com,GLOBAL,GLOBAL,GLOBAL,PLATFORM,0,0,0,0,0,0,0
gaza,demerarawaves.com,com,GLOBAL,GLOBAL,GLOBAL,PLATFORM,0,0,0,0,0,0,0
gaza,dmnews.com,com,GLOBAL,GLOBAL,GLOBAL,PLATFORM,0,0,0,0,0,0,0
gaza,duncanbanner.com,com,GLOBAL,GLOBAL,GLOBAL,PLATFORM,0,0,0,0,0,0,0
gaza,en.acnnewswire.com,com,GLOBAL,GLOBAL,GLOBAL,PLATFORM,0,0,0,0,0,0,0
gaza,english.aawsat.com,com,GLOBAL,GLOBAL,GLOBAL,PLATFORM,0,0,0,0,0,0,0
gaza,fortmorgantimes.com,com,GLOBAL,GLOBAL,GLOBAL,PLATFORM,0,0,0,0,0,0,0
gaza,fox5atlanta.com,com,GLOBAL,GLOBAL,GLOBAL,PLATFORM,0,0,0,0,0,0,0
gaza,freerepublic.com,com,GLOBAL,GLOBAL,GLOBAL,PLATFORM,0,0,0,0,0,0,0
gaza,giantbomb.com,com,GLOBAL,GLOBAL,GLOBAL,PLATFORM,0,0,0,0,0,0,0
gaza,greenleft.org.au,au,AU,East Asia & Pacific,OTHER,PLATFORM,0,0,0,0,0,0,0
gaza,guampdn.com,com,GLOBAL,GLOBAL,GLOBAL,PLATFORM,0,0,0,0,0,0,0
gaza,hanfordsentinel.com,com,GLOBAL,GLOBAL,GLOBAL,PLATFORM,0,0,0,0,0,0,0
gaza,hendersondispatch.com,com,GLOBAL,GLOBAL,GLOBAL,PLATFORM,0,0,0,0,0,0,0
gaza,hooversun.com,com,GLOBAL,GLOBAL,GLOBAL,PLATFORM,0,0,0,0,0,0,0
gaza,hurriyetdailynews.com,com,GLOBAL,GLOBAL,GLOBAL,PLATFORM,0,0,0,0,0,0,0
gaza,jordantimes.com,com,GLOBAL,GLOBAL,GLOBAL,PLATFORM,0,0,0,0,0,0,0
gaza,kashmirtimes.com,com,GLOBAL,GLOBAL,GLOBAL,PLATFORM,0,0,0,0,0,0,0
gaza,kawc.org,org,GLOBAL,GLOBAL,GLOBAL,PLATFORM,0,0,0,0,0,0,0
gaza,kbtx.com,com,GLOBAL,GLOBAL,GLOBAL,PLATFORM,0,0,0,0,0,0,0
gaza,kevinmd.com,com,GLOBAL,GLOBAL,GLOBAL,PLATFORM,0,0,0,0,0,0,0
gaza,khmertimeskh.com,com,GLOBAL,GLOBAL,GLOBAL,PLATFORM,0,0,0,0,0,0,0
gaza,kicksonfire.com,com,GLOBAL,GLOBAL,GLOBAL,PLATFORM,0,0,0,0,0,0,0
gaza,kmch.com,com,GLOBAL,GLOBAL,GLOBAL,PLATFORM,0,0,0,0,0,0,0
gaza,kmmsam.com,com,GLOBAL,GLOBAL,GLOBAL,PLATFORM,0,0,0,0,0,0,0
gaza,koaa.com,com,GLOBAL,GLOBAL,GLOBAL,PLATFORM,0,0,0,0,0,0,0
gaza,kslx.com,com,GLOBAL,GLOBAL,GLOBAL,PLATFORM,0,0,0,0,0,0,0
gaza,ladailypost.com,com,GLOBAL,GLOBAL,GLOBAL,PLATFORM,0,0,0,0,0,0,0
gaza,lebanondemocrat.com,com,GLOBAL,GLOBAL,GLOBAL,PLATFORM,0,0,0,0,0,0,0
gaza,lockportjournal.com,com,GLOBAL,GLOBAL,GLOBAL,PLATFORM,0,0,0,0,0,0,0
gaza,mactech.com,com,GLOBAL,GLOBAL,GLOBAL,PLATFORM,0,0,0,0,0,0,0
gaza,manxradio.com,com,GLOBAL,GLOBAL,GLOBAL,PLATFORM,0,0,0,0,0,0,0
gaza,mauinow.com,com,GLOBAL,GLOBAL,GLOBAL,PLATFORM,0,0,0,0,0,0,0
gaza,militarytimes.com,com,GLOBAL,GLOBAL,GLOBAL,PLATFORM,0,0,0,0,0,0,0
gaza,mix1049.com.au,au,AU,East Asia & Pacific,OTHER,PLATFORM,0,0,0,0,0,0,0
gaza,mix981fm.iheart.com,com,GLOBAL,GLOBAL,GLOBAL,PLATFORM,0,0,0,0,0,0,0
gaza,mobihealthnews.com,com,GLOBAL,GLOBAL,GLOBAL,PLATFORM,0,0,0,0,0,0,0
gaza,myiowainfo.com,com,GLOBAL,GLOBAL,GLOBAL,PLATFORM,0,0,0,0,0,0,0
gaza,mymagic949.com,com,GLOBAL,GLOBAL,GLOBAL,PLATFORM,0,0,0,0,0,0,0
gaza,napaneeguide.com:443,NA,NA,NA,OTHER,PLATFORM,0,0,0,0,0,0,0
gaza,newsbusters.org,org,GLOBAL,GLOBAL,GLOBAL,PLATFORM,0,0,0,0,0,0,0
gaza,nv1.org,org,GLOBAL,GLOBAL,GLOBAL,PLATFORM,0,0,0,0,0,0,0
gaza,oldies1320.iheart.com,com,GLOBAL,GLOBAL,GLOBAL,PLATFORM,0,0,0,0,0,0,0
gaza,oleantimesherald.com,com,GLOBAL,GLOBAL,GLOBAL,PLATFORM,0,0,0,0,0,0,0
gaza,pastemagazine.com,com,GLOBAL,GLOBAL,GLOBAL,PLATFORM,0,0,0,0,0,0,0
gaza,phandroid.com,com,GLOBAL,GLOBAL,GLOBAL,PLATFORM,0,0,0,0,0,0,0
gaza,portstephensexaminer.com.au,au,AU,East Asia & Pacific,OTHER,PLATFORM,0,0,0,0,0,0,0
gaza,powerorlando.com,com,GLOBAL,GLOBAL,GLOBAL,PLATFORM,0,0,0,0,0,0,0
gaza,pressdemocrat.com,com,GLOBAL,GLOBAL,GLOBAL,PLATFORM,0,0,0,0,0,0,0
gaza,pushsquare.com,com,GLOBAL,GLOBAL,GLOBAL,PLATFORM,0,0,0,0,0,0,0
gaza,reporter.net,net,GLOBAL,GLOBAL,GLOBAL,PLATFORM,0,0,0,0,0,0,0
gaza,republicanherald.com,com,GLOBAL,GLOBAL,GLOBAL,PLATFORM,0,0,0,0,0,0,0
gaza,rsn.net.au,au,AU,East Asia & Pacific,OTHER,PLATFORM,0,0,0,0,0,0,0
gaza,se933.com,com,GLOBAL,GLOBAL,GLOBAL,PLATFORM,0,0,0,0,0,0,0
gaza,sfchronicle.com,com,GLOBAL,GLOBAL,GLOBAL,PLATFORM,0,0,0,0,0,0,0
gaza,shark1053.com,com,GLOBAL,GLOBAL,GLOBAL,PLATFORM,0,0,0,0,0,0,0
gaza,shenandoahcountryq102.iheart.com,com,GLOBAL,GLOBAL,GLOBAL,PLATFORM,0,0,0,0,0,0,0
gaza,shootonline.com,com,GLOBAL,GLOBAL,GLOBAL,PLATFORM,0,0,0,0,0,0,0
gaza,siouxlandnews.com,com,GLOBAL,GLOBAL,GLOBAL,PLATFORM,0,0,0,0,0,0,0
gaza,sknvibes.com,com,GLOBAL,GLOBAL,GLOBAL,PLATFORM,0,0,0,0,0,0,0
gaza,somersetlive.co.uk,uk,GB,Europe & Central Asia,OTHER,PLATFORM,0,0,0,0,0,0,0
gaza,southernliving.com,com,GLOBAL,GLOBAL,GLOBAL,PLATFORM,0,0,0,0,0,0,0
gaza,srpressgazette.com,com,GLOBAL,GLOBAL,GLOBAL,PLATFORM,0,0,0,0,0,0,0
gaza,star991hawaii.iheart.com,com,GLOBAL,GLOBAL,GLOBAL,PLATFORM,0,0,0,0,0,0,0
gaza,taiwannews.com.tw,tw,NA,NA,OTHER,PLATFORM,0,0,0,0,0,0,0
gaza,taylorvilledailynews.com,com,GLOBAL,GLOBAL,GLOBAL,PLATFORM,0,0,0,0,0,0,0
gaza,techrepublic.com,com,GLOBAL,GLOBAL,GLOBAL,PLATFORM,0,0,0,0,0,0,0
gaza,thecordovatimes.com,com,GLOBAL,GLOBAL,GLOBAL,PLATFORM,0,0,0,0,0,0,0
gaza,theenterpriseleader.com,com,GLOBAL,GLOBAL,GLOBAL,PLATFORM,0,0,0,0,0,0,0
gaza,thenewamerican.com,com,GLOBAL,GLOBAL,GLOBAL,PLATFORM,0,0,0,0,0,0,0
gaza,thisislocallondon.co.uk,uk,GB,Europe & Central Asia,OTHER,PLATFORM,0,0,0,0,0,0,0
gaza,timesofoman.com,com,GLOBAL,GLOBAL,GLOBAL,PLATFORM,0,0,0,0,0,0,0
gaza,tweaktown.com,com,GLOBAL,GLOBAL,GLOBAL,PLATFORM,0,0,0,0,0,0,0
gaza,union-bulletin.com,com,GLOBAL,GLOBAL,GLOBAL,PLATFORM,0,0,0,0,0,0,0
gaza,victorharbortimes.com.au,au,AU,East Asia & Pacific,OTHER,PLATFORM,0,0,0,0,0,0,0
gaza,wallstreet-online.de,de,DE,Europe & Central Asia,OTHER,PLATFORM,0,0,0,0,0,0,0
gaza,wbckfm.com,com,GLOBAL,GLOBAL,GLOBAL,PLATFORM,0,0,0,0,0,0,0
gaza,wbsm.com,com,GLOBAL,GLOBAL,GLOBAL,PLATFORM,0,0,0,0,0,0,0
gaza,wcsg.org,org,GLOBAL,GLOBAL,GLOBAL,PLATFORM,0,0,0,0,0,0,0
gaza,wgal.com,com,GLOBAL,GLOBAL,GLOBAL,PLATFORM,0,0,0,0,0,0,0
gaza,wildcatbluenation.com,com,GLOBAL,GLOBAL,GLOBAL,PLATFORM,0,0,0,0,0,0,0
gaza,wjol.com,com,GLOBAL,GLOBAL,GLOBAL,PLATFORM,0,0,0,0,0,0,0
gaza,wlos.com,com,GLOBAL,GLOBAL,GLOBAL,PLATFORM,0,0,0,0,0,0,0
gaza,wmtram.com,com,GLOBAL,GLOBAL,GLOBAL,PLATFORM,0,0,0,0,0,0,0
gaza,worldtribune.com,com,GLOBAL,GLOBAL,GLOBAL,PLATFORM,0,0,0,0,0,0,0
gaza,wqmf.iheart.com,com,GLOBAL,GLOBAL,GLOBAL,PLATFORM,0,0,0,0,0,0,0
gaza,wsaw.com,com,GLOBAL,GLOBAL,GLOBAL,PLATFORM,0,0,0,0,0,0,0
gaza,wsiu.org,org,GLOBAL,GLOBAL,GLOBAL,PLATFORM,0,0,0,0,0,0,0
gaza,wsmv.com,com,GLOBAL,GLOBAL,GLOBAL,PLATFORM,0,0,0,0,0,0,0
gaza,wtju.net,net,GLOBAL,GLOBAL,GLOBAL,PLATFORM,0,0,0,0,0,0,0
gaza,wtok.com,com,GLOBAL,GLOBAL,GLOBAL,PLATFORM,0,0,0,0,0,0,0
gaza,wtvy.com,com,GLOBAL,GLOBAL,GLOBAL,PLATFORM,0,0,0,0,0,0,0
gaza,wxow.com,com,GLOBAL,GLOBAL,GLOBAL,PLATFORM,0,0,0,0,0,0,0
gaza,xl93.iheart.com,com,GLOBAL,GLOBAL,GLOBAL,PLATFORM,0,0,0,0,0,0,0
gaza,103xonline.iheart.com,com,GLOBAL,GLOBAL,GLOBAL,PLATFORM,0,0,0,0,0,0,0
gaza,1061kissfm.iheart.com,com,GLOBAL,GLOBAL,GLOBAL,PLATFORM,0,0,0,0,0,0,0
gaza,1077thefox.iheart.com,com,GLOBAL,GLOBAL,GLOBAL,PLATFORM,0,0,0,0,0,0,0
gaza,1290wlby.com,com,GLOBAL,GLOBAL,GLOBAL,PLATFORM,0,0,0,0,0,0,0
gaza,1360kmjm.iheart.com,com,GLOBAL,GLOBAL,GLOBAL,PLATFORM,0,0,0,0,0,0,0
gaza,1450wkip.iheart.com,com,GLOBAL,GLOBAL,GLOBAL,PLATFORM,0,0,0,0,0,0,0
gaza,21alivenews.com,com,GLOBAL,GLOBAL,GLOBAL,PLATFORM,0,0,0,0,0,0,0
gaza,41nbc.com,com,GLOBAL,GLOBAL,GLOBAL,PLATFORM,0,0,0,0,0,0,0
gaza,620ckrm.com,com,GLOBAL,GLOBAL,GLOBAL,PLATFORM,0,0,0,0,0,0,0
gaza,720thevoice.iheart.com,com,GLOBAL,GLOBAL,GLOBAL,PLATFORM,0,0,0,0,0,0,0
gaza,921theticket.com,com,GLOBAL,GLOBAL,GLOBAL,PLATFORM,0,0,0,0,0,0,0
gaza,933fmthewolf.iheart.com,com,GLOBAL,GLOBAL,GLOBAL,PLATFORM,0,0,0,0,0,0,0
gaza,971theeagle.iheart.com,com,GLOBAL,GLOBAL,GLOBAL,PLATFORM,0,0,0,0,0,0,0
gaza,973thedawg.com,com,GLOBAL,GLOBAL,GLOBAL,PLATFORM,0,0,0,0,0,0,0
gaza,981kvet.iheart.com,com,GLOBAL,GLOBAL,GLOBAL,PLATFORM,0,0,0,0,0,0,0
gaza,abbynews.com,com,GLOBAL,GLOBAL,GLOBAL,PLATFORM,0,0,0,0,0,0,0
gaza,abqjournal.com,com,GLOBAL,GLOBAL,GLOBAL,PLATFORM,0,0,0,0,0,0,0
gaza,actionforex.com,com,GLOBAL,GLOBAL,GLOBAL,PLATFORM,0,0,0,0,0,0,0
gaza,advisor.ca,ca,CA,North America,OTHER,PLATFORM,0,0,0,0,0,0,0
gaza,aggie96.iheart.com,com,GLOBAL,GLOBAL,GLOBAL,PLATFORM,0,0,0,0,0,0,0
gaza,arnnet.com.au,au,AU,East Asia & Pacific,OTHER,PLATFORM,0,0,0,0,0,0,0
gaza,blogs.webmd.com,com,GLOBAL,GLOBAL,GLOBAL,PLATFORM,0,0,0,0,0,0,0
gaza,bmj.com,com,GLOBAL,GLOBAL,GLOBAL,PLATFORM,0,0,0,0,0,0,0
gaza,bmmagazine.co.uk,uk,GB,Europe & Central Asia,OTHER,PLATFORM,0,0,0,0,0,0,0
gaza,bravenewcoin.com,com,GLOBAL,GLOBAL,GLOBAL,PLATFORM,0,0,0,0,0,0,0
gaza,bucksinsider.com,com,GLOBAL,GLOBAL,GLOBAL,PLATFORM,0,0,0,0,0,0,0
gaza,cagesideseats.com,com,GLOBAL,GLOBAL,GLOBAL,PLATFORM,0,0,0,0,0,0,0
gaza,camdencourier.com.au,au,AU,East Asia & Pacific,OTHER,PLATFORM,0,0,0,0,0,0,0
gaza,carolinajournal.com,com,GLOBAL,GLOBAL,GLOBAL,PLATFORM,0,0,0,0,0,0,0
gaza,chisagocountypress.com,com,GLOBAL,GLOBAL,GLOBAL,PLATFORM,0,0,0,0,0,0,0
gaza,classichits925.com,com,GLOBAL,GLOBAL,GLOBAL,PLATFORM,0,0,0,0,0,0,0
gaza,clearwatertimes.com,com,GLOBAL,GLOBAL,GLOBAL,PLATFORM,0,0,0,0,0,0,0
gaza,comicbook.com,com,GLOBAL,GLOBAL,GLOBAL,PLATFORM,0,0,0,0,0,0,0
gaza,comicsbeat.com,com,GLOBAL,GLOBAL,GLOBAL,PLATFORM,0,0,0,0,0,0,0
gaza,concordmonitor.com,com,GLOBAL,GLOBAL,GLOBAL,PLATFORM,0,0,0,0,0,0,0
gaza,cootamundraherald.com.au,au,AU,East Asia & Pacific,OTHER,PLATFORM,0,0,0,0,0,0,0
gaza,cowboystatedaily.com,com,GLOBAL,GLOBAL,GLOBAL,PLATFORM,0,0,0,0,0,0,0
gaza,dawnofthedawg.com,com,GLOBAL,GLOBAL,GLOBAL,PLATFORM,0,0,0,0,0,0,0
gaza,doorcountydailynews.com,com,GLOBAL,GLOBAL,GLOBAL,PLATFORM,0,0,0,0,0,0,0
gaza,dose.ca,ca,CA,North America,OTHER,PLATFORM,0,0,0,0,0,0,0
gaza,drive.com.au,au,AU,East Asia & Pacific,OTHER,PLATFORM,0,0,0,0,0,0,0
gaza,eastasiaforum.org,org,GLOBAL,GLOBAL,GLOBAL,PLATFORM,0,0,0,0,0,0,0
gaza,english.kyodonews.net:443,NA,NA,NA,OTHER,PLATFORM,0,0,0,0,0,0,0
gaza,epthinktank.eu,eu,NA,NA,OTHER,PLATFORM,0,0,0,0,0,0,0
gaza,fox5vegas.com,com,GLOBAL,GLOBAL,GLOBAL,PLATFORM,0,0,0,0,0,0,0
gaza,freestonecountytimesonline.com,com,GLOBAL,GLOBAL,GLOBAL,PLATFORM,0,0,0,0,0,0,0
gaza,georgeherald.com,com,GLOBAL,GLOBAL,GLOBAL,PLATFORM,0,0,0,0,0,0,0
gaza,grenadachronicle.com,com,GLOBAL,GLOBAL,GLOBAL,PLATFORM,0,0,0,0,0,0,0
gaza,hiphopnc.com,com,GLOBAL,GLOBAL,GLOBAL,PLATFORM,0,0,0,0,0,0,0
gaza,ijpr.org,org,GLOBAL,GLOBAL,GLOBAL,PLATFORM,0,0,0,0,0,0,0
gaza,insurancejournal.com,com,GLOBAL,GLOBAL,GLOBAL,PLATFORM,0,0,0,0,0,0,0
gaza,jazz.fm,fm,NA,NA,OTHER,PLATFORM,0,0,0,0,0,0,0
gaza,kfmqrock1061.iheart.com,com,GLOBAL,GLOBAL,GLOBAL,PLATFORM,0,0,0,0,0,0,0
gaza,kfmx.com,com,GLOBAL,GLOBAL,GLOBAL,PLATFORM,0,0,0,0,0,0,0
gaza,kjkj.iheart.com,com,GLOBAL,GLOBAL,GLOBAL,PLATFORM,0,0,0,0,0,0,0
gaza,kkrt.com,com,GLOBAL,GLOBAL,GLOBAL,PLATFORM,0,0,0,0,0,0,0
gaza,kosi101.com,com,GLOBAL,GLOBAL,GLOBAL,PLATFORM,0,0,0,0,0,0,0
gaza,kotatv.com,com,GLOBAL,GLOBAL,GLOBAL,PLATFORM,0,0,0,0,0,0,0
gaza,kowb1290.com,com,GLOBAL,GLOBAL,GLOBAL,PLATFORM,0,0,0,0,0,0,0
gaza,krone.at,at,NA,NA,OTHER,PLATFORM,0,0,0,0,0,0,0
gaza,ksyl.com,com,GLOBAL,GLOBAL,GLOBAL,PLATFORM,0,0,0,0,0,0,0
gaza,ktvo.com,com,GLOBAL,GLOBAL,GLOBAL,PLATFORM,0,0,0,0,0,0,0
gaza,kuam.com,com,GLOBAL,GLOBAL,GLOBAL,PLATFORM,0,0,0,0,0,0,0
gaza,kxel.com,com,GLOBAL,GLOBAL,GLOBAL,PLATFORM,0,0,0,0,0,0,0
gaza,leaderpost.com:443,NA,NA,NA,OTHER,PLATFORM,0,0,0,0,0,0,0
gaza,leitrimobserver.ie,ie,NA,NA,OTHER,PLATFORM,0,0,0,0,0,0,0
gaza,localmemphis.com,com,GLOBAL,GLOBAL,GLOBAL,PLATFORM,0,0,0,0,0,0,0
gaza,locusmag.com,com,GLOBAL,GLOBAL,GLOBAL,PLATFORM,0,0,0,0,0,0,0
gaza,maizenbrew.com,com,GLOBAL,GLOBAL,GLOBAL,PLATFORM,0,0,0,0,0,0,0
gaza,makeuseof.com,com,GLOBAL,GLOBAL,GLOBAL,PLATFORM,0,0,0,0,0,0,0
gaza,mcnews.com.au,au,AU,East Asia & Pacific,OTHER,PLATFORM,0,0,0,0,0,0,0
gaza,mix106radio.com,com,GLOBAL,GLOBAL,GLOBAL,PLATFORM,0,0,0,0,0,0,0
gaza,mix969.iheart.com,com,GLOBAL,GLOBAL,GLOBAL,PLATFORM,0,0,0,0,0,0,0
gaza,mix989.iheart.com,com,GLOBAL,GLOBAL,GLOBAL,PLATFORM,0,0,0,0,0,0,0
gaza,mixgulfcoast.iheart.com,com,GLOBAL,GLOBAL,GLOBAL,PLATFORM,0,0,0,0,0,0,0
gaza,news-herald.com,com,GLOBAL,GLOBAL,GLOBAL,PLATFORM,0,0,0,0,0,0,0
gaza,newscenter1.tv,tv,NA,NA,OTHER,PLATFORM,0,0,0,0,0,0,0
gaza,newstalk1030.com,com,GLOBAL,GLOBAL,GLOBAL,PLATFORM,0,0,0,0,0,0,0
gaza,northbaynipissing.com,com,GLOBAL,GLOBAL,GLOBAL,PLATFORM,0,0,0,0,0,0,0
gaza,oregonbusiness.com,com,GLOBAL,GLOBAL,GLOBAL,PLATFORM,0,0,0,0,0,0,0
gaza,oregoncatalyst.com,com,GLOBAL,GLOBAL,GLOBAL,PLATFORM,0,0,0,0,0,0,0
gaza,ottawacitizen.com:443,NA,NA,NA,OTHER,PLATFORM,0,0,0,0,0,0,0
gaza,popcrush.com,com,GLOBAL,GLOBAL,GLOBAL,PLATFORM,0,0,0,0,0,0,0
gaza,powerlineblog.com,com,GLOBAL,GLOBAL,GLOBAL,PLATFORM,0,0,0,0,0,0,0
gaza,presspublications.com,com,GLOBAL,GLOBAL,GLOBAL,PLATFORM,0,0,0,0,0,0,0
gaza,quintenews.com,com,GLOBAL,GLOBAL,GLOBAL,PLATFORM,0,0,0,0,0,0,0
gaza,raptorsrapture.com,com,GLOBAL,GLOBAL,GLOBAL,PLATFORM,0,0,0,0,0,0,0
gaza,redstate.com,com,GLOBAL,GLOBAL,GLOBAL,PLATFORM,0,0,0,0,0,0,0
gaza,rfdtv.com,com,GLOBAL,GLOBAL,GLOBAL,PLATFORM,0,0,0,0,0,0,0
gaza,riverheadnewsreview.timesreview.com,com,GLOBAL,GLOBAL,GLOBAL,PLATFORM,0,0,0,0,0,0,0
gaza,rutland-times.co.uk,uk,GB,Europe & Central Asia,OTHER,PLATFORM,0,0,0,0,0,0,0
gaza,saharareporters.com,com,GLOBAL,GLOBAL,GLOBAL,PLATFORM,0,0,0,0,0,0,0
gaza,sedaliademocrat.com,com,GLOBAL,GLOBAL,GLOBAL,PLATFORM,0,0,0,0,0,0,0
gaza,shannonside.ie,ie,NA,NA,OTHER,PLATFORM,0,0,0,0,0,0,0
gaza,shtfplan.com,com,GLOBAL,GLOBAL,GLOBAL,PLATFORM,0,0,0,0,0,0,0
gaza,smartcompany.com.au,au,AU,East Asia & Pacific,OTHER,PLATFORM,0,0,0,0,0,0,0
gaza,speedhunters.com,com,GLOBAL,GLOBAL,GLOBAL,PLATFORM,0,0,0,0,0,0,0
gaza,theage.com.au,au,AU,East Asia & Pacific,OTHER,PLATFORM,0,0,0,0,0,0,0
gaza,thecitizen.co.tz,tz,NA,NA,OTHER,PLATFORM,0,0,0,0,0,0,0
gaza,thefreepress.ca,ca,CA,North America,OTHER,PLATFORM,0,0,0,0,0,0,0
gaza,thejetpress.com,com,GLOBAL,GLOBAL,GLOBAL,PLATFORM,0,0,0,0,0,0,0
gaza,theland.com.au,au,AU,East Asia & Pacific,OTHER,PLATFORM,0,0,0,0,0,0,0
gaza,theoaklandpress.com,com,GLOBAL,GLOBAL,GLOBAL,PLATFORM,0,0,0,0,0,0,0
gaza,theurbandaily.com,com,GLOBAL,GLOBAL,GLOBAL,PLATFORM,0,0,0,0,0,0,0
gaza,throwback963.iheart.com,com,GLOBAL,GLOBAL,GLOBAL,PLATFORM,0,0,0,0,0,0,0
gaza,ticotimes.net,net,GLOBAL,GLOBAL,GLOBAL,PLATFORM,0,0,0,0,0,0,0
gaza,trustedreviews.com,com,GLOBAL,GLOBAL,GLOBAL,PLATFORM,0,0,0,0,0,0,0
gaza,utv44.com,com,GLOBAL,GLOBAL,GLOBAL,PLATFORM,0,0,0,0,0,0,0
gaza,wateronline.com,com,GLOBAL,GLOBAL,GLOBAL,PLATFORM,0,0,0,0,0,0,0
gaza,wattsupwiththat.com,com,GLOBAL,GLOBAL,GLOBAL,PLATFORM,0,0,0,0,0,0,0
gaza,wboi.org,org,GLOBAL,GLOBAL,GLOBAL,PLATFORM,0,0,0,0,0,0,0
gaza,wdasfm.iheart.com,com,GLOBAL,GLOBAL,GLOBAL,PLATFORM,0,0,0,0,0,0,0
gaza,wdsd.iheart.com,com,GLOBAL,GLOBAL,GLOBAL,PLATFORM,0,0,0,0,0,0,0
gaza,webpronews.com,com,GLOBAL,GLOBAL,GLOBAL,PLATFORM,0,0,0,0,0,0,0
gaza,weirtondailytimes.com,com,GLOBAL,GLOBAL,GLOBAL,PLATFORM,0,0,0,0,0,0,0
gaza,wenxuecity.com,com,GLOBAL,GLOBAL,GLOBAL,PLATFORM,0,0,0,0,0,0,0
gaza,westcentralonline.com,com,GLOBAL,GLOBAL,GLOBAL,PLATFORM,0,0,0,0,0,0,0
gaza,westmeathexaminer.ie,ie,NA,NA,OTHER,PLATFORM,0,0,0,0,0,0,0
gaza,westmeathindependent.ie,ie,NA,NA,OTHER,PLATFORM,0,0,0,0,0,0,0
gaza,westmichiganstar.iheart.com,com,GLOBAL,GLOBAL,GLOBAL,PLATFORM,0,0,0,0,0,0,0
gaza,whro.org,org,GLOBAL,GLOBAL,GLOBAL,PLATFORM,0,0,0,0,0,0,0
gaza,wimsradio.com,com,GLOBAL,GLOBAL,GLOBAL,PLATFORM,0,0,0,0,0,0,0
gaza,wlsam.com,com,GLOBAL,GLOBAL,GLOBAL,PLATFORM,0,0,0,0,0,0,0
gaza,wrtv.com,com,GLOBAL,GLOBAL,GLOBAL,PLATFORM,0,0,0,0,0,0,0
gaza,wsaz.com,com,GLOBAL,GLOBAL,GLOBAL,PLATFORM,0,0,0,0,0,0,0
gaza,wvtm13.com,com,GLOBAL,GLOBAL,GLOBAL,PLATFORM,0,0,0,0,0,0,0
gaza,yorknewstimes.com,com,GLOBAL,GLOBAL,GLOBAL,PLATFORM,0,0,0,0,0,0,0
gaza,z93hv.iheart.com,com,GLOBAL,GLOBAL,GLOBAL,PLATFORM,0,0,0,0,0,0,0
gaza,zennie62blog.com,com,GLOBAL,GLOBAL,GLOBAL,PLATFORM,0,0,0,0,0,0,0
gaza,1039wvbo.com,com,GLOBAL,GLOBAL,GLOBAL,PLATFORM,0,0,0,0,0,0,0
gaza,2gb.com,com,GLOBAL,GLOBAL,GLOBAL,PLATFORM,0,0,0,0,0,0,0
gaza,640wxsm.com,com,GLOBAL,GLOBAL,GLOBAL,PLATFORM,0,0,0,0,0,0,0
gaza,949whom.com,com,GLOBAL,GLOBAL,GLOBAL,PLATFORM,0,0,0,0,0,0,0
gaza,airdrieecho.com:443,NA,NA,NA,OTHER,PLATFORM,0,0,0,0,0,0,0
gaza,airliners.net,net,GLOBAL,GLOBAL,GLOBAL,PLATFORM,0,0,0,0,0,0,0
gaza,arrowheadaddict.com,com,GLOBAL,GLOBAL,GLOBAL,PLATFORM,0,0,0,0,0,0,0
gaza,awate.com,com,GLOBAL,GLOBAL,GLOBAL,PLATFORM,0,0,0,0,0,0,0
gaza,awfulannouncing.com,com,GLOBAL,GLOBAL,GLOBAL,PLATFORM,0,0,0,0,0,0,0
gaza,blueshirtbanter.com,com,GLOBAL,GLOBAL,GLOBAL,PLATFORM,0,0,0,0,0,0,0
gaza,breakingnews.ie,ie,NA,NA,OTHER,PLATFORM,0,0,0,0,0,0,0
gaza,brecorder.com,com,GLOBAL,GLOBAL,GLOBAL,PLATFORM,0,0,0,0,0,0,0
gaza,bssnews.net,net,GLOBAL,GLOBAL,GLOBAL,PLATFORM,0,0,0,0,0,0,0
gaza,buzztulsa.iheart.com,com,GLOBAL,GLOBAL,GLOBAL,PLATFORM,0,0,0,0,0,0,0
gaza,calgarysun.com,com,GLOBAL,GLOBAL,GLOBAL,PLATFORM,0,0,0,0,0,0,0
gaza,catcountry1073.com,com,GLOBAL,GLOBAL,GLOBAL,PLATFORM,0,0,0,0,0,0,0
gaza,clydebankpost.co.uk,uk,GB,Europe & Central Asia,OTHER,PLATFORM,0,0,0,0,0,0,0
gaza,cointelegraph.com,com,GLOBAL,GLOBAL,GLOBAL,PLATFORM,0,0,0,0,0,0,0
gaza,crooksandliars.com,com,GLOBAL,GLOBAL,GLOBAL,PLATFORM,0,0,0,0,0,0,0
gaza,cubbiescrib.com,com,GLOBAL,GLOBAL,GLOBAL,PLATFORM,0,0,0,0,0,0,0
gaza,enca.com,com,GLOBAL,GLOBAL,GLOBAL,PLATFORM,0,0,0,0,0,0,0
gaza,firstalert7.com,com,GLOBAL,GLOBAL,GLOBAL,PLATFORM,0,0,0,0,0,0,0
gaza,fishshell.com,com,GLOBAL,GLOBAL,GLOBAL,PLATFORM,0,0,0,0,0,0,0
gaza,gazette-news.co.uk,uk,GB,Europe & Central Asia,OTHER,PLATFORM,0,0,0,0,0,0,0
gaza,harrisondaily.com,com,GLOBAL,GLOBAL,GLOBAL,PLATFORM,0,0,0,0,0,0,0
gaza,hazard-herald.com,com,GLOBAL,GLOBAL,GLOBAL,PLATFORM,0,0,0,0,0,0,0
gaza,henryherald.com,com,GLOBAL,GLOBAL,GLOBAL,PLATFORM,0,0,0,0,0,0,0
gaza,heraldstandard.com,com,GLOBAL,GLOBAL,GLOBAL,PLATFORM,0,0,0,0,0,0,0
gaza,hiphopdx.com,com,GLOBAL,GLOBAL,GLOBAL,PLATFORM,0,0,0,0,0,0,0
gaza,informationng.com,com,GLOBAL,GLOBAL,GLOBAL,PLATFORM,0,0,0,0,0,0,0
gaza,iowapublicradio.org,org,GLOBAL,GLOBAL,GLOBAL,PLATFORM,0,0,0,0,0,0,0
gaza,jamz963.com,com,GLOBAL,GLOBAL,GLOBAL,PLATFORM,0,0,0,0,0,0,0
gaza,jirevwe.github.io,io,NA,NA,OTHER,PLATFORM,0,0,0,0,0,0,0
gaza,kansaspublicradio.org,org,GLOBAL,GLOBAL,GLOBAL,PLATFORM,0,0,0,0,0,0,0
gaza,kazu.org,org,GLOBAL,GLOBAL,GLOBAL,PLATFORM,0,0,0,0,0,0,0
gaza,kfm.co.ug,ug,NA,NA,OTHER,PLATFORM,0,0,0,0,0,0,0
gaza,khow.iheart.com,com,GLOBAL,GLOBAL,GLOBAL,PLATFORM,0,0,0,0,0,0,0
gaza,koolam.com,com,GLOBAL,GLOBAL,GLOBAL,PLATFORM,0,0,0,0,0,0,0
gaza,ktbb.com,com,GLOBAL,GLOBAL,GLOBAL,PLATFORM,0,0,0,0,0,0,0
gaza,limaohio.com,com,GLOBAL,GLOBAL,GLOBAL,PLATFORM,0,0,0,0,0,0,0
gaza,madrock1025.com,com,GLOBAL,GLOBAL,GLOBAL,PLATFORM,0,0,0,0,0,0,0
gaza,maitlandmercury.com.au,au,AU,East Asia & Pacific,OTHER,PLATFORM,0,0,0,0,0,0,0
gaza,managingmadrid.com,com,GLOBAL,GLOBAL,GLOBAL,PLATFORM,0,0,0,0,0,0,0
gaza,mdjonline.com,com,GLOBAL,GLOBAL,GLOBAL,PLATFORM,0,0,0,0,0,0,0
gaza,medium.com,com,GLOBAL,GLOBAL,GLOBAL,PLATFORM,0,0,0,0,0,0,0
gaza,montereyherald.com,com,GLOBAL,GLOBAL,GLOBAL,PLATFORM,0,0,0,0,0,0,0
gaza,mymotherlode.com,com,GLOBAL,GLOBAL,GLOBAL,PLATFORM,0,0,0,0,0,0,0
gaza,nbc-2.com,com,GLOBAL,GLOBAL,GLOBAL,PLATFORM,0,0,0,0,0,0,0
gaza,newsindiatimes.com,com,GLOBAL,GLOBAL,GLOBAL,PLATFORM,0,0,0,0,0,0,0
gaza,nichegamer.com,com,GLOBAL,GLOBAL,GLOBAL,PLATFORM,0,0,0,0,0,0,0
gaza,pakistantoday.com.pk,pk,NA,NA,OTHER,PLATFORM,0,0,0,0,0,0,0
gaza,palestinechronicle.com,com,GLOBAL,GLOBAL,GLOBAL,PLATFORM,0,0,0,0,0,0,0
gaza,redlandsdailyfacts.com,com,GLOBAL,GLOBAL,GLOBAL,PLATFORM,0,0,0,0,0,0,0
gaza,righto.com,com,GLOBAL,GLOBAL,GLOBAL,PLATFORM,0,0,0,0,0,0,0
gaza,sabareesh.com,com,GLOBAL,GLOBAL,GLOBAL,PLATFORM,0,0,0,0,0,0,0
gaza,santamariatimes.com,com,GLOBAL,GLOBAL,GLOBAL,PLATFORM,0,0,0,0,0,0,0
gaza,smmirror.com,com,GLOBAL,GLOBAL,GLOBAL,PLATFORM,0,0,0,0,0,0,0
gaza,standard.co.uk,uk,GB,Europe & Central Asia,OTHER,PLATFORM,0,0,0,0,0,0,0
gaza,statepress.com,com,GLOBAL,GLOBAL,GLOBAL,PLATFORM,0,0,0,0,0,0,0
gaza,takungpao.com,com,GLOBAL,GLOBAL,GLOBAL,PLATFORM,0,0,0,0,0,0,0
gaza,tbsnews.net,net,GLOBAL,GLOBAL,GLOBAL,PLATFORM,0,0,0,0,0,0,0
gaza,theborneopost.com,com,GLOBAL,GLOBAL,GLOBAL,PLATFORM,0,0,0,0,0,0,0
gaza,thecentersquare.com,com,GLOBAL,GLOBAL,GLOBAL,PLATFORM,0,0,0,0,0,0,0
gaza,theeagle.com,com,GLOBAL,GLOBAL,GLOBAL,PLATFORM,0,0,0,0,0,0,0
gaza,thepostathens.com,com,GLOBAL,GLOBAL,GLOBAL,PLATFORM,0,0,0,0,0,0,0
gaza,thesun.ie,ie,NA,NA,OTHER,PLATFORM,0,0,0,0,0,0,0
gaza,thewhistler.ng,ng,NG,Sub-Saharan Africa,AFRICA,PLATFORM,0,0,0,0,0,0,0
gaza,toronto.com,com,GLOBAL,GLOBAL,GLOBAL,PLATFORM,0,0,0,0,0,0,0
gaza,troyrecord.com,com,GLOBAL,GLOBAL,GLOBAL,PLATFORM,0,0,0,0,0,0,0
gaza,uatrav.com,com,GLOBAL,GLOBAL,GLOBAL,PLATFORM,0,0,0,0,0,0,0
gaza,wccftech.com,com,GLOBAL,GLOBAL,GLOBAL,PLATFORM,0,0,0,0,0,0,0
gaza,wflanews.iheart.com,com,GLOBAL,GLOBAL,GLOBAL,PLATFORM,0,0,0,0,0,0,0
gaza,wgbh.org,org,GLOBAL,GLOBAL,GLOBAL,PLATFORM,0,0,0,0,0,0,0
gaza,wilsoncountynews.com,com,GLOBAL,GLOBAL,GLOBAL,PLATFORM,0,0,0,0,0,0,0
gaza,wjcw.com,com,GLOBAL,GLOBAL,GLOBAL,PLATFORM,0,0,0,0,0,0,0
gaza,worthplaying.com,com,GLOBAL,GLOBAL,GLOBAL,PLATFORM,0,0,0,0,0,0,0
gaza,wuky.org,org,GLOBAL,GLOBAL,GLOBAL,PLATFORM,0,0,0,0,0,0,0
gaza,wwmt.com,com,GLOBAL,GLOBAL,GLOBAL,PLATFORM,0,0,0,0,0,0,0
gaza,10tv.com,com,GLOBAL,GLOBAL,GLOBAL,PLATFORM,0,0,0,0,0,0,0
gaza,4bu.com.au,au,AU,East Asia & Pacific,OTHER,PLATFORM,0,0,0,0,0,0,0
gaza,5newsonline.com,com,GLOBAL,GLOBAL,GLOBAL,PLATFORM,0,0,0,0,0,0,0
gaza,92moose.fm,fm,NA,NA,OTHER,PLATFORM,0,0,0,0,0,0,0
gaza,abc12.com,com,GLOBAL,GLOBAL,GLOBAL,PLATFORM,0,0,0,0,0,0,0
gaza,bayshorebroadcasting.ca,ca,CA,North America,OTHER,PLATFORM,0,0,0,0,0,0,0
gaza,bomboradyo.com,com,GLOBAL,GLOBAL,GLOBAL,PLATFORM,0,0,0,0,0,0,0
gaza,britannica.com:443,NA,NA,NA,OTHER,PLATFORM,0,0,0,0,0,0,0
gaza,cardchronicle.com,com,GLOBAL,GLOBAL,GLOBAL,PLATFORM,0,0,0,0,0,0,0
gaza,caribjournal.com,com,GLOBAL,GLOBAL,GLOBAL,PLATFORM,0,0,0,0,0,0,0
gaza,charismanews.com,com,GLOBAL,GLOBAL,GLOBAL,PLATFORM,0,0,0,0,0,0,0
gaza,chickashanews.com,com,GLOBAL,GLOBAL,GLOBAL,PLATFORM,0,0,0,0,0,0,0
gaza,chvnradio.com,com,GLOBAL,GLOBAL,GLOBAL,PLATFORM,0,0,0,0,0,0,0
gaza,cnycentral.com,com,GLOBAL,GLOBAL,GLOBAL,PLATFORM,0,0,0,0,0,0,0
gaza,coincommunity.com,com,GLOBAL,GLOBAL,GLOBAL,PLATFORM,0,0,0,0,0,0,0
gaza,conservativehq.com,com,GLOBAL,GLOBAL,GLOBAL,PLATFORM,0,0,0,0,0,0,0
gaza,daily-journal.com,com,GLOBAL,GLOBAL,GLOBAL,PLATFORM,0,0,0,0,0,0,0
gaza,dailypost.co.uk,uk,GB,Europe & Central Asia,OTHER,PLATFORM,0,0,0,0,0,0,0
gaza,dglobe.com,com,GLOBAL,GLOBAL,GLOBAL,PLATFORM,0,0,0,0,0,0,0
gaza,effinghamdailynews.com,com,GLOBAL,GLOBAL,GLOBAL,PLATFORM,0,0,0,0,0,0,0
gaza,english.republika.mk,mk,NA,NA,OTHER,PLATFORM,0,0,0,0,0,0,0
gaza,ewrestlingnews.com,com,GLOBAL,GLOBAL,GLOBAL,PLATFORM,0,0,0,0,0,0,0
gaza,expressnews.com,com,GLOBAL,GLOBAL,GLOBAL,PLATFORM,0,0,0,0,0,0,0
gaza,fool.com.au,au,AU,East Asia & Pacific,OTHER,PLATFORM,0,0,0,0,0,0,0
gaza,freedom970.com,com,GLOBAL,GLOBAL,GLOBAL,PLATFORM,0,0,0,0,0,0,0
gaza,gazettextra.com,com,GLOBAL,GLOBAL,GLOBAL,PLATFORM,0,0,0,0,0,0,0
gaza,hamhigh.co.uk,uk,GB,Europe & Central Asia,OTHER,PLATFORM,0,0,0,0,0,0,0
gaza,hltv.org,org,GLOBAL,GLOBAL,GLOBAL,PLATFORM,0,0,0,0,0,0,0
gaza,homelandsecuritynewswire.com,com,GLOBAL,GLOBAL,GLOBAL,PLATFORM,0,0,0,0,0,0,0
gaza,iafrica.com,com,GLOBAL,GLOBAL,GLOBAL,PLATFORM,0,0,0,0,0,0,0
gaza,jaguars.com,com,GLOBAL,GLOBAL,GLOBAL,PLATFORM,0,0,0,0,0,0,0
gaza,japantimes.co.jp,jp,JP,East Asia & Pacific,OTHER,PLATFORM,0,0,0,0,0,0,0
gaza,k2radio.com,com,GLOBAL,GLOBAL,GLOBAL,PLATFORM,0,0,0,0,0,0,0
gaza,keyc.com,com,GLOBAL,GLOBAL,GLOBAL,PLATFORM,0,0,0,0,0,0,0
gaza,keyzradio.com,com,GLOBAL,GLOBAL,GLOBAL,PLATFORM,0,0,0,0,0,0,0
gaza,koka.am,am,NA,NA,OTHER,PLATFORM,0,0,0,0,0,0,0
gaza,kvia.com,com,GLOBAL,GLOBAL,GLOBAL,PLATFORM,0,0,0,0,0,0,0
gaza,livemint.com,com,GLOBAL,GLOBAL,GLOBAL,PLATFORM,0,0,0,0,0,0,0
gaza,lufkindailynews.com,com,GLOBAL,GLOBAL,GLOBAL,PLATFORM,0,0,0,0,0,0,0
gaza,mapleridgenews.com,com,GLOBAL,GLOBAL,GLOBAL,PLATFORM,0,0,0,0,0,0,0
gaza,maritime-executive.com,com,GLOBAL,GLOBAL,GLOBAL,PLATFORM,0,0,0,0,0,0,0
gaza,mb.com.ph,ph,NA,NA,OTHER,PLATFORM,0,0,0,0,0,0,0
gaza,mewc.org,org,GLOBAL,GLOBAL,GLOBAL,PLATFORM,0,0,0,0,0,0,0
gaza,mountvernonnews.com,com,GLOBAL,GLOBAL,GLOBAL,PLATFORM,0,0,0,0,0,0,0
gaza,mtdemocrat.com,com,GLOBAL,GLOBAL,GLOBAL,PLATFORM,0,0,0,0,0,0,0
gaza,mykiss1031.com,com,GLOBAL,GLOBAL,GLOBAL,PLATFORM,0,0,0,0,0,0,0
gaza,normantranscript.com,com,GLOBAL,GLOBAL,GLOBAL,PLATFORM,0,0,0,0,0,0,0
gaza,northernpublicradio.org,org,GLOBAL,GLOBAL,GLOBAL,PLATFORM,0,0,0,0,0,0,0
gaza,panorama.am,am,NA,NA,OTHER,PLATFORM,0,0,0,0,0,0,0
gaza,pennrecord.com,com,GLOBAL,GLOBAL,GLOBAL,PLATFORM,0,0,0,0,0,0,0
gaza,phinphanatic.com,com,GLOBAL,GLOBAL,GLOBAL,PLATFORM,0,0,0,0,0,0,0
gaza,power96radio.com,com,GLOBAL,GLOBAL,GLOBAL,PLATFORM,0,0,0,0,0,0,0
gaza,progressive-charlestown.com,com,GLOBAL,GLOBAL,GLOBAL,PLATFORM,0,0,0,0,0,0,0
gaza,progressiverailroading.com,com,GLOBAL,GLOBAL,GLOBAL,PLATFORM,0,0,0,0,0,0,0
gaza,radiojamaicanewsonline.com,com,GLOBAL,GLOBAL,GLOBAL,PLATFORM,0,0,0,0,0,0,0
gaza,rivergrandrapids.com,com,GLOBAL,GLOBAL,GLOBAL,PLATFORM,0,0,0,0,0,0,0
gaza,somerset-kentucky.com,com,GLOBAL,GLOBAL,GLOBAL,PLATFORM,0,0,0,0,0,0,0
gaza,stalbertgazette.com,com,GLOBAL,GLOBAL,GLOBAL,PLATFORM,0,0,0,0,0,0,0
gaza,steinbachonline.com,com,GLOBAL,GLOBAL,GLOBAL,PLATFORM,0,0,0,0,0,0,0
gaza,stripes.com,com,GLOBAL,GLOBAL,GLOBAL,PLATFORM,0,0,0,0,0,0,0
gaza,sundayworld.com,com,GLOBAL,GLOBAL,GLOBAL,PLATFORM,0,0,0,0,0,0,0
gaza,sunny1063.com,com,GLOBAL,GLOBAL,GLOBAL,PLATFORM,0,0,0,0,0,0,0
gaza,swindonadvertiser.co.uk,uk,GB,Europe & Central Asia,OTHER,PLATFORM,0,0,0,0,0,0,0
gaza,techcabal.com,com,GLOBAL,GLOBAL,GLOBAL,PLATFORM,0,0,0,0,0,0,0
gaza,thatballsouttahere.com,com,GLOBAL,GLOBAL,GLOBAL,PLATFORM,0,0,0,0,0,0,0
gaza,thetimes-tribune.com,com,GLOBAL,GLOBAL,GLOBAL,PLATFORM,0,0,0,0,0,0,0
gaza,times-series.co.uk,uk,GB,Europe & Central Asia,OTHER,PLATFORM,0,0,0,0,0,0,0
gaza,universetoday.com,com,GLOBAL,GLOBAL,GLOBAL,PLATFORM,0,0,0,0,0,0,0
gaza,vanityfair.com,com,GLOBAL,GLOBAL,GLOBAL,PLATFORM,0,0,0,0,0,0,0
gaza,wclk.com,com,GLOBAL,GLOBAL,GLOBAL,PLATFORM,0,0,0,0,0,0,0
gaza,wdov.iheart.com,com,GLOBAL,GLOBAL,GLOBAL,PLATFORM,0,0,0,0,0,0,0
gaza,weartv.com,com,GLOBAL,GLOBAL,GLOBAL,PLATFORM,0,0,0,0,0,0,0
gaza,wellingtontimes.com.au,au,AU,East Asia & Pacific,OTHER,PLATFORM,0,0,0,0,0,0,0
gaza,westerntelegraph.co.uk,uk,GB,Europe & Central Asia,OTHER,PLATFORM,0,0,0,0,0,0,0
gaza,westseattleblog.com,com,GLOBAL,GLOBAL,GLOBAL,PLATFORM,0,0,0,0,0,0,0
gaza,wfnt.com,com,GLOBAL,GLOBAL,GLOBAL,PLATFORM,0,0,0,0,0,0,0
gaza,winnipegsun.com,com,GLOBAL,GLOBAL,GLOBAL,PLATFORM,0,0,0,0,0,0,0
gaza,witl.com,com,GLOBAL,GLOBAL,GLOBAL,PLATFORM,0,0,0,0,0,0,0
gaza,wkuf.fm,fm,NA,NA,OTHER,PLATFORM,0,0,0,0,0,0,0
gaza,wosu.org,org,GLOBAL,GLOBAL,GLOBAL,PLATFORM,0,0,0,0,0,0,0
gaza,wowo.com,com,GLOBAL,GLOBAL,GLOBAL,PLATFORM,0,0,0,0,0,0,0
gaza,wtkr.com,com,GLOBAL,GLOBAL,GLOBAL,PLATFORM,0,0,0,0,0,0,0
gaza,wzzm13.com,com,GLOBAL,GLOBAL,GLOBAL,PLATFORM,0,0,0,0,0,0,0
gaza,y100.iheart.com,com,GLOBAL,GLOBAL,GLOBAL,PLATFORM,0,0,0,0,0,0,0
gaza,yachtsandyachting.com,com,GLOBAL,GLOBAL,GLOBAL,PLATFORM,0,0,0,0,0,0,0
gaza,1031wndh.iheart.com,com,GLOBAL,GLOBAL,GLOBAL,PLATFORM,0,0,0,0,0,0,0
gaza,1049bobfm.iheart.com,com,GLOBAL,GLOBAL,GLOBAL,PLATFORM,0,0,0,0,0,0,0
gaza,1051kocean.iheart.com,com,GLOBAL,GLOBAL,GLOBAL,PLATFORM,0,0,0,0,0,0,0
gaza,247ureports.com,com,GLOBAL,GLOBAL,GLOBAL,PLATFORM,0,0,0,0,0,0,0
gaza,55krc.iheart.com,com,GLOBAL,GLOBAL,GLOBAL,PLATFORM,0,0,0,0,0,0,0
gaza,600kcol.iheart.com,com,GLOBAL,GLOBAL,GLOBAL,PLATFORM,0,0,0,0,0,0,0
gaza,943thepoint.com,com,GLOBAL,GLOBAL,GLOBAL,PLATFORM,0,0,0,0,0,0,0
gaza,943wsc.iheart.com,com,GLOBAL,GLOBAL,GLOBAL,PLATFORM,0,0,0,0,0,0,0
gaza,955themountain.iheart.com,com,GLOBAL,GLOBAL,GLOBAL,PLATFORM,0,0,0,0,0,0,0
gaza,95ksj.iheart.com,com,GLOBAL,GLOBAL,GLOBAL,PLATFORM,0,0,0,0,0,0,0
gaza,99kisscountry.iheart.com,com,GLOBAL,GLOBAL,GLOBAL,PLATFORM,0,0,0,0,0,0,0
gaza,abc7amarillo.com,com,GLOBAL,GLOBAL,GLOBAL,PLATFORM,0,0,0,0,0,0,0
gaza,abc7news.com,com,GLOBAL,GLOBAL,GLOBAL,PLATFORM,0,0,0,0,0,0,0
gaza,abcactionnews.com,com,GLOBAL,GLOBAL,GLOBAL,PLATFORM,0,0,0,0,0,0,0
gaza,accountingtoday.com,com,GLOBAL,GLOBAL,GLOBAL,PLATFORM,0,0,0,0,0,0,0
gaza,ajot.com,com,GLOBAL,GLOBAL,GLOBAL,PLATFORM,0,0,0,0,0,0,0
gaza,allafrica.com,com,GLOBAL,GLOBAL,GLOBAL,PLATFORM,0,0,0,0,0,0,0
gaza,allhiphop.com,com,GLOBAL,GLOBAL,GLOBAL,PLATFORM,0,0,0,0,0,0,0
gaza,altaz933.com,com,GLOBAL,GLOBAL,GLOBAL,PLATFORM,0,0,0,0,0,0,0
gaza,appleinsider.com,com,GLOBAL,GLOBAL,GLOBAL,PLATFORM,0,0,0,0,0,0,0
gaza,applevalleynewsnow.com,com,GLOBAL,GLOBAL,GLOBAL,PLATFORM,0,0,0,0,0,0,0
gaza,bahamaspress.com,com,GLOBAL,GLOBAL,GLOBAL,PLATFORM,0,0,0,0,0,0,0
gaza,basingstokegazette.co.uk,uk,GB,Europe & Central Asia,OTHER,PLATFORM,0,0,0,0,0,0,0
gaza,begadistrictnews.com.au,au,AU,East Asia & Pacific,OTHER,PLATFORM,0,0,0,0,0,0,0
gaza,bendbulletin.com,com,GLOBAL,GLOBAL,GLOBAL,PLATFORM,0,0,0,0,0,0,0
gaza,bigcountry995.com,com,GLOBAL,GLOBAL,GLOBAL,PLATFORM,0,0,0,0,0,0,0
gaza,bull1057.iheart.com,com,GLOBAL,GLOBAL,GLOBAL,PLATFORM,0,0,0,0,0,0,0
gaza,buzznet.com,com,GLOBAL,GLOBAL,GLOBAL,PLATFORM,0,0,0,0,0,0,0
gaza,climatechangedispatch.com,com,GLOBAL,GLOBAL,GLOBAL,PLATFORM,0,0,0,0,0,0,0
gaza,dailysach.in,in,IN,South Asia,OTHER,PLATFORM,0,0,0,0,0,0,0
gaza,dnyuz.com,com,GLOBAL,GLOBAL,GLOBAL,PLATFORM,0,0,0,0,0,0,0
gaza,downeys.co.uk,uk,GB,Europe & Central Asia,OTHER,PLATFORM,0,0,0,0,0,0,0
gaza,durhamregion.com,com,GLOBAL,GLOBAL,GLOBAL,PLATFORM,0,0,0,0,0,0,0
gaza,eagledayton.com,com,GLOBAL,GLOBAL,GLOBAL,PLATFORM,0,0,0,0,0,0,0
gaza,elpasoinc.com,com,GLOBAL,GLOBAL,GLOBAL,PLATFORM,0,0,0,0,0,0,0
gaza,en.apa.az,az,NA,NA,OTHER,PLATFORM,0,0,0,0,0,0,0
gaza,en.mercopress.com,com,GLOBAL,GLOBAL,GLOBAL,PLATFORM,0,0,0,0,0,0,0
gaza,en.yna.co.kr,kr,KR,East Asia & Pacific,OTHER,PLATFORM,0,0,0,0,0,0,0
gaza,erwinrecord.net,net,GLOBAL,GLOBAL,GLOBAL,PLATFORM,0,0,0,0,0,0,0
gaza,forums.appleinsider.com,com,GLOBAL,GLOBAL,GLOBAL,PLATFORM,0,0,0,0,0,0,0
gaza,foxie105fm.com,com,GLOBAL,GLOBAL,GLOBAL,PLATFORM,0,0,0,0,0,0,0
gaza,frontpageafricaonline.com,com,GLOBAL,GLOBAL,GLOBAL,PLATFORM,0,0,0,0,0,0,0
gaza,gdnonline.com:443,NA,NA,NA,OTHER,PLATFORM,0,0,0,0,0,0,0
gaza,gillettenewsrecord.com,com,GLOBAL,GLOBAL,GLOBAL,PLATFORM,0,0,0,0,0,0,0
gaza,gov.uk,uk,GB,Europe & Central Asia,OTHER,PLATFORM,0,0,0,0,0,0,0
gaza,greystar.co.nz,nz,NZ,East Asia & Pacific,OTHER,PLATFORM,0,0,0,0,0,0,0
gaza,harrowtimes.co.uk,uk,GB,Europe & Central Asia,OTHER,PLATFORM,0,0,0,0,0,0,0
gaza,hellenicshippingnews.com,com,GLOBAL,GLOBAL,GLOBAL,PLATFORM,0,0,0,0,0,0,0
gaza,heraldcourier.com,com,GLOBAL,GLOBAL,GLOBAL,PLATFORM,0,0,0,0,0,0,0
gaza,hits957.iheart.com,com,GLOBAL,GLOBAL,GLOBAL,PLATFORM,0,0,0,0,0,0,0
gaza,houstonpress.com,com,GLOBAL,GLOBAL,GLOBAL,PLATFORM,0,0,0,0,0,0,0
gaza,howtogeek.com,com,GLOBAL,GLOBAL,GLOBAL,PLATFORM,0,0,0,0,0,0,0
gaza,humanevents.com,com,GLOBAL,GLOBAL,GLOBAL,PLATFORM,0,0,0,0,0,0,0
gaza,ilcittadinoonline.it,it,IT,Europe & Central Asia,OTHER,PLATFORM,0,0,0,0,0,0,0
gaza,industrialinfo.com,com,GLOBAL,GLOBAL,GLOBAL,PLATFORM,0,0,0,0,0,0,0
gaza,investmentexecutive.com,com,GLOBAL,GLOBAL,GLOBAL,PLATFORM,0,0,0,0,0,0,0
gaza,irrigator.com.au,au,AU,East Asia & Pacific,OTHER,PLATFORM,0,0,0,0,0,0,0
gaza,jamestownsun.com,com,GLOBAL,GLOBAL,GLOBAL,PLATFORM,0,0,0,0,0,0,0
gaza,journal-topics.com,com,GLOBAL,GLOBAL,GLOBAL,PLATFORM,0,0,0,0,0,0,0
gaza,juniorminingnetwork.com,com,GLOBAL,GLOBAL,GLOBAL,PLATFORM,0,0,0,0,0,0,0
gaza,k101fm.net,net,GLOBAL,GLOBAL,GLOBAL,PLATFORM,0,0,0,0,0,0,0
gaza,kansascityhomes.com,com,GLOBAL,GLOBAL,GLOBAL,PLATFORM,0,0,0,0,0,0,0
gaza,kcbd.com,com,GLOBAL,GLOBAL,GLOBAL,PLATFORM,0,0,0,0,0,0,0
gaza,kcby.com,com,GLOBAL,GLOBAL,GLOBAL,PLATFORM,0,0,0,0,0,0,0
gaza,kisslima.iheart.com,com,GLOBAL,GLOBAL,GLOBAL,PLATFORM,0,0,0,0,0,0,0
gaza,knoxvilledailysun.com,com,GLOBAL,GLOBAL,GLOBAL,PLATFORM,0,0,0,0,0,0,0
gaza,kool965.com,com,GLOBAL,GLOBAL,GLOBAL,PLATFORM,0,0,0,0,0,0,0
gaza,kool973.com,com,GLOBAL,GLOBAL,GLOBAL,PLATFORM,0,0,0,0,0,0,0
gaza,ktxs.com,com,GLOBAL,GLOBAL,GLOBAL,PLATFORM,0,0,0,0,0,0,0
gaza,kxy.iheart.com,com,GLOBAL,GLOBAL,GLOBAL,PLATFORM,0,0,0,0,0,0,0
gaza,lichfieldlive.co.uk,uk,GB,Europe & Central Asia,OTHER,PLATFORM,0,0,0,0,0,0,0
gaza,lonestarball.com,com,GLOBAL,GLOBAL,GLOBAL,PLATFORM,0,0,0,0,0,0,0
gaza,louisianaradionetwork.com,com,GLOBAL,GLOBAL,GLOBAL,PLATFORM,0,0,0,0,0,0,0
gaza,maciverinstitute.com,com,GLOBAL,GLOBAL,GLOBAL,PLATFORM,0,0,0,0,0,0,0
gaza,mfa.gov.tr,tr,TR,Europe & Central Asia,OTHER,PLATFORM,0,0,0,0,0,0,0
gaza,militaryschool.com,com,GLOBAL,GLOBAL,GLOBAL,PLATFORM,0,0,0,0,0,0,0
gaza,mix941.com,com,GLOBAL,GLOBAL,GLOBAL,PLATFORM,0,0,0,0,0,0,0
gaza,mobilesyrup.com,com,GLOBAL,GLOBAL,GLOBAL,PLATFORM,0,0,0,0,0,0,0
gaza,nationalpost.com,com,GLOBAL,GLOBAL,GLOBAL,PLATFORM,0,0,0,0,0,0,0
gaza,ncregister.com,com,GLOBAL,GLOBAL,GLOBAL,PLATFORM,0,0,0,0,0,0,0
gaza,nerdist.com,com,GLOBAL,GLOBAL,GLOBAL,PLATFORM,0,0,0,0,0,0,0
gaza,newschannel6now.com,com,GLOBAL,GLOBAL,GLOBAL,PLATFORM,0,0,0,0,0,0,0
gaza,nhpbs.org,org,GLOBAL,GLOBAL,GLOBAL,PLATFORM,0,0,0,0,0,0,0
gaza,nj1015.com,com,GLOBAL,GLOBAL,GLOBAL,PLATFORM,0,0,0,0,0,0,0
gaza,nny360.com,com,GLOBAL,GLOBAL,GLOBAL,PLATFORM,0,0,0,0,0,0,0
gaza,northwalespioneer.co.uk,uk,GB,Europe & Central Asia,OTHER,PLATFORM,0,0,0,0,0,0,0
gaza,obituaries.somerset-kentucky.com,com,GLOBAL,GLOBAL,GLOBAL,PLATFORM,0,0,0,0,0,0,0
gaza,odditycentral.com,com,GLOBAL,GLOBAL,GLOBAL,PLATFORM,0,0,0,0,0,0,0
gaza,orangeville.com,com,GLOBAL,GLOBAL,GLOBAL,PLATFORM,0,0,0,0,0,0,0
gaza,outdoornews.com,com,GLOBAL,GLOBAL,GLOBAL,PLATFORM,0,0,0,0,0,0,0
gaza,patrickruffini.com,com,GLOBAL,GLOBAL,GLOBAL,PLATFORM,0,0,0,0,0,0,0
gaza,peterboroughtoday.co.uk,uk,GB,Europe & Central Asia,OTHER,PLATFORM,0,0,0,0,0,0,0
gaza,pressenza.com,com,GLOBAL,GLOBAL,GLOBAL,PLATFORM,0,0,0,0,0,0,0
gaza,princegeorgecitizen.com,com,GLOBAL,GLOBAL,GLOBAL,PLATFORM,0,0,0,0,0,0,0
gaza,ripcityproject.com,com,GLOBAL,GLOBAL,GLOBAL,PLATFORM,0,0,0,0,0,0,0
gaza,rock921.iheart.com,com,GLOBAL,GLOBAL,GLOBAL,PLATFORM,0,0,0,0,0,0,0
gaza,sacurrent.com,com,GLOBAL,GLOBAL,GLOBAL,PLATFORM,0,0,0,0,0,0,0
gaza,sanantoniomag.com,com,GLOBAL,GLOBAL,GLOBAL,PLATFORM,0,0,0,0,0,0,0
gaza,seaforthhuronexpositor.com:443,NA,NA,NA,OTHER,PLATFORM,0,0,0,0,0,0,0
gaza,silverandblackpride.com,com,GLOBAL,GLOBAL,GLOBAL,PLATFORM,0,0,0,0,0,0,0
gaza,simcoe.com,com,GLOBAL,GLOBAL,GLOBAL,PLATFORM,0,0,0,0,0,0,0
gaza,slashgear.com,com,GLOBAL,GLOBAL,GLOBAL,PLATFORM,0,0,0,0,0,0,0
gaza,sluggerotoole.com,com,GLOBAL,GLOBAL,GLOBAL,PLATFORM,0,0,0,0,0,0,0
gaza,smdailyjournal.com,com,GLOBAL,GLOBAL,GLOBAL,PLATFORM,0,0,0,0,0,0,0
gaza,sookenewsmirror.com,com,GLOBAL,GLOBAL,GLOBAL,PLATFORM,0,0,0,0,0,0,0
gaza,spacedaily.com,com,GLOBAL,GLOBAL,GLOBAL,PLATFORM,0,0,0,0,0,0,0
gaza,star945.com,com,GLOBAL,GLOBAL,GLOBAL,PLATFORM,0,0,0,0,0,0,0
gaza,statejournal.com,com,GLOBAL,GLOBAL,GLOBAL,PLATFORM,0,0,0,0,0,0,0
gaza,stlamerican.com,com,GLOBAL,GLOBAL,GLOBAL,PLATFORM,0,0,0,0,0,0,0
gaza,strategypage.com,com,GLOBAL,GLOBAL,GLOBAL,PLATFORM,0,0,0,0,0,0,0
gaza,swimswam.com,com,GLOBAL,GLOBAL,GLOBAL,PLATFORM,0,0,0,0,0,0,0
gaza,taftmidwaydriller.com,com,GLOBAL,GLOBAL,GLOBAL,PLATFORM,0,0,0,0,0,0,0
gaza,tennesseetitans.com,com,GLOBAL,GLOBAL,GLOBAL,PLATFORM,0,0,0,0,0,0,0
gaza,the-messenger.com,com,GLOBAL,GLOBAL,GLOBAL,PLATFORM,0,0,0,0,0,0,0
gaza,theeagleonline.com.ng,ng,NG,Sub-Saharan Africa,AFRICA,PLATFORM,0,0,0,0,0,0,0
gaza,theifp.ca,ca,CA,North America,OTHER,PLATFORM,0,0,0,0,0,0,0
gaza,thesalemnewsonline.com,com,GLOBAL,GLOBAL,GLOBAL,PLATFORM,0,0,0,0,0,0,0
gaza,thetidenewsonline.com,com,GLOBAL,GLOBAL,GLOBAL,PLATFORM,0,0,0,0,0,0,0
gaza,thewave.ca,ca,CA,North America,OTHER,PLATFORM,0,0,0,0,0,0,0
gaza,timesleader.com,com,GLOBAL,GLOBAL,GLOBAL,PLATFORM,0,0,0,0,0,0,0
gaza,trinidadexpress.com,com,GLOBAL,GLOBAL,GLOBAL,PLATFORM,0,0,0,0,0,0,0
gaza,trucknews.com,com,GLOBAL,GLOBAL,GLOBAL,PLATFORM,0,0,0,0,0,0,0
gaza,ukiahdailyjournal.com,com,GLOBAL,GLOBAL,GLOBAL,PLATFORM,0,0,0,0,0,0,0
gaza,uproxx.com,com,GLOBAL,GLOBAL,GLOBAL,PLATFORM,0,0,0,0,0,0,0
gaza,vanderbilthustler.com,com,GLOBAL,GLOBAL,GLOBAL,PLATFORM,0,0,0,0,0,0,0
gaza,veranda.com,com,GLOBAL,GLOBAL,GLOBAL,PLATFORM,0,0,0,0,0,0,0
gaza,vernonmorningstar.com,com,GLOBAL,GLOBAL,GLOBAL,PLATFORM,0,0,0,0,0,0,0
gaza,waaytv.com,com,GLOBAL,GLOBAL,GLOBAL,PLATFORM,0,0,0,0,0,0,0
gaza,wacotrib.com,com,GLOBAL,GLOBAL,GLOBAL,PLATFORM,0,0,0,0,0,0,0
gaza,wbaa.org,org,GLOBAL,GLOBAL,GLOBAL,PLATFORM,0,0,0,0,0,0,0
gaza,wellington.scoop.co.nz,nz,NZ,East Asia & Pacific,OTHER,PLATFORM,0,0,0,0,0,0,0
gaza,westernnebraskaobserver.net,net,GLOBAL,GLOBAL,GLOBAL,PLATFORM,0,0,0,0,0,0,0
gaza,wfmj.com,com,GLOBAL,GLOBAL,GLOBAL,PLATFORM,0,0,0,0,0,0,0
gaza,wftw.com,com,GLOBAL,GLOBAL,GLOBAL,PLATFORM,0,0,0,0,0,0,0
gaza,wgmz.iheart.com,com,GLOBAL,GLOBAL,GLOBAL,PLATFORM,0,0,0,0,0,0,0
gaza,whatech.com,com,GLOBAL,GLOBAL,GLOBAL,PLATFORM,0,0,0,0,0,0,0
gaza,wjactv.com,com,GLOBAL,GLOBAL,GLOBAL,PLATFORM,0,0,0,0,0,0,0
gaza,wral.com,com,GLOBAL,GLOBAL,GLOBAL,PLATFORM,0,0,0,0,0,0,0
gaza,xtra99.com,com,GLOBAL,GLOBAL,GLOBAL,PLATFORM,0,0,0,0,0,0,0
gaza,yakimaherald.com,com,GLOBAL,GLOBAL,GLOBAL,PLATFORM,0,0,0,0,0,0,0
gaza,ynetnews.com,com,GLOBAL,GLOBAL,GLOBAL,PLATFORM,0,0,0,0,0,0,0
gaza,yumasun.com,com,GLOBAL,GLOBAL,GLOBAL,PLATFORM,0,0,0,0,0,0,0
venezuela,1005thewolf.iheart.com,com,GLOBAL,GLOBAL,GLOBAL,PLATFORM,0,0,0,0,0,0,0
venezuela,1011now.com,com,GLOBAL,GLOBAL,GLOBAL,PLATFORM,0,0,0,0,0,0,0
venezuela,1013kissfm.iheart.com,com,GLOBAL,GLOBAL,GLOBAL,PLATFORM,0,0,0,0,0,0,0
venezuela,1057thebull.iheart.com,com,GLOBAL,GLOBAL,GLOBAL,PLATFORM,0,0,0,0,0,0,0
venezuela,1071kissfm.iheart.com,com,GLOBAL,GLOBAL,GLOBAL,PLATFORM,0,0,0,0,0,0,0
venezuela,38north.org,org,GLOBAL,GLOBAL,GLOBAL,PLATFORM,0,0,0,0,0,0,0
venezuela,49ers.com,com,GLOBAL,GLOBAL,GLOBAL,PLATFORM,0,0,0,0,0,0,0
venezuela,919thebend.ca,ca,CA,North America,OTHER,PLATFORM,0,0,0,0,0,0,0
venezuela,931kmkt.com,com,GLOBAL,GLOBAL,GLOBAL,PLATFORM,0,0,0,0,0,0,0
venezuela,939litefm.iheart.com,com,GLOBAL,GLOBAL,GLOBAL,PLATFORM,0,0,0,0,0,0,0
venezuela,945thehawkradio.com,com,GLOBAL,GLOBAL,GLOBAL,PLATFORM,0,0,0,0,0,0,0
venezuela,957thebeat.iheart.com,com,GLOBAL,GLOBAL,GLOBAL,PLATFORM,0,0,0,0,0,0,0
venezuela,969therock.com,com,GLOBAL,GLOBAL,GLOBAL,PLATFORM,0,0,0,0,0,0,0
venezuela,975thevibe.com,com,GLOBAL,GLOBAL,GLOBAL,PLATFORM,0,0,0,0,0,0,0
venezuela,979kissfm.iheart.com,com,GLOBAL,GLOBAL,GLOBAL,PLATFORM,0,0,0,0,0,0,0
venezuela,981thebreeze.iheart.com,com,GLOBAL,GLOBAL,GLOBAL,PLATFORM,0,0,0,0,0,0,0
venezuela,983try.iheart.com,com,GLOBAL,GLOBAL,GLOBAL,PLATFORM,0,0,0,0,0,0,0
venezuela,98kupd.com,com,GLOBAL,GLOBAL,GLOBAL,PLATFORM,0,0,0,0,0,0,0
venezuela,abc.net.au,au,AU,East Asia & Pacific,OTHER,PLATFORM,0,0,0,0,0,0,0
venezuela,abc10.com,com,GLOBAL,GLOBAL,GLOBAL,PLATFORM,0,0,0,0,0,0,0
venezuela,abc30.com,com,GLOBAL,GLOBAL,GLOBAL,PLATFORM,0,0,0,0,0,0,0
venezuela,abc7chicago.com,com,GLOBAL,GLOBAL,GLOBAL,PLATFORM,0,0,0,0,0,0,0
venezuela,abcnews.go.com,com,GLOBAL,GLOBAL,GLOBAL,PLATFORM,0,0,0,0,0,0,0
venezuela,advocate-news.com,com,GLOBAL,GLOBAL,GLOBAL,PLATFORM,0,0,0,0,0,0,0
venezuela,aei.org,org,GLOBAL,GLOBAL,GLOBAL,PLATFORM,0,0,0,0,0,0,0
venezuela,agassizharrisonobserver.com,com,GLOBAL,GLOBAL,GLOBAL,PLATFORM,0,0,0,0,0,0,0
venezuela,alaskasnewssource.com,com,GLOBAL,GLOBAL,GLOBAL,PLATFORM,0,0,0,0,0,0,0
venezuela,allclassical.org,org,GLOBAL,GLOBAL,GLOBAL,PLATFORM,0,0,0,0,0,0,0
venezuela,allgov.com,com,GLOBAL,GLOBAL,GLOBAL,PLATFORM,0,0,0,0,0,0,0
venezuela,amny.com,com,GLOBAL,GLOBAL,GLOBAL,PLATFORM,0,0,0,0,0,0,0
venezuela,amren.com,com,GLOBAL,GLOBAL,GLOBAL,PLATFORM,0,0,0,0,0,0,0
venezuela,androidheadlines.com,com,GLOBAL,GLOBAL,GLOBAL,PLATFORM,0,0,0,0,0,0,0
venezuela,apnews.com,com,GLOBAL,GLOBAL,GLOBAL,PLATFORM,0,0,0,0,0,0,0
venezuela,asia.nikkei.com,com,GLOBAL,GLOBAL,GLOBAL,PLATFORM,0,0,0,0,0,0,0
venezuela,avclub.com,com,GLOBAL,GLOBAL,GLOBAL,PLATFORM,0,0,0,0,0,0,0
venezuela,barrons.com,com,GLOBAL,GLOBAL,GLOBAL,PLATFORM,0,0,0,0,0,0,0
venezuela,beaufortcountynow.com,com,GLOBAL,GLOBAL,GLOBAL,PLATFORM,0,0,0,0,0,0,0
venezuela,belfastlive.co.uk,uk,GB,Europe & Central Asia,OTHER,PLATFORM,0,0,0,0,0,0,0
venezuela,benzinga.com,com,GLOBAL,GLOBAL,GLOBAL,PLATFORM,0,0,0,0,0,0,0
venezuela,bigfrog104.com,com,GLOBAL,GLOBAL,GLOBAL,PLATFORM,0,0,0,0,0,0,0
venezuela,bignewsnetwork.com,com,GLOBAL,GLOBAL,GLOBAL,PLATFORM,0,0,0,0,0,0,0
venezuela,birminghammail.co.uk,uk,GB,Europe & Central Asia,OTHER,PLATFORM,0,0,0,0,0,0,0
venezuela,biztoc.com,com,GLOBAL,GLOBAL,GLOBAL,PLATFORM,0,0,0,0,0,0,0
venezuela,blazersedge.com,com,GLOBAL,GLOBAL,GLOBAL,PLATFORM,0,0,0,0,0,0,0
venezuela,bloomberg.com,com,GLOBAL,GLOBAL,GLOBAL,PLATFORM,1,0,0,0,0,0,1
venezuela,bobfm.co.uk,uk,GB,Europe & Central Asia,OTHER,PLATFORM,0,0,0,0,0,0,0
venezuela,bondbuyer.com,com,GLOBAL,GLOBAL,GLOBAL,PLATFORM,0,0,0,0,0,0,0
venezuela,bordertelegraph.com,com,GLOBAL,GLOBAL,GLOBAL,PLATFORM,0,0,0,0,0,0,0
venezuela,boston.com,com,GLOBAL,GLOBAL,GLOBAL,PLATFORM,0,0,0,0,0,0,0
venezuela,bostonglobe.com,com,GLOBAL,GLOBAL,GLOBAL,PLATFORM,0,0,0,0,0,0,0
venezuela,bovada.lv,lv,NA,NA,OTHER,PLATFORM,0,0,0,0,0,0,0
venezuela,boxden.com,com,GLOBAL,GLOBAL,GLOBAL,PLATFORM,0,0,0,0,0,0,0
venezuela,bozemanskissfm.com,com,GLOBAL,GLOBAL,GLOBAL,PLATFORM,0,0,0,0,0,0,0
venezuela,brantfordexpositor.ca:443,NA,NA,NA,OTHER,PLATFORM,0,0,0,0,0,0,0
venezuela,brazilsun.com,com,GLOBAL,GLOBAL,GLOBAL,PLATFORM,0,0,0,0,0,0,0
venezuela,breitbart.com:443,NA,NA,NA,OTHER,PLATFORM,0,0,0,0,0,0,0
venezuela,bridgwatermercury.co.uk,uk,GB,Europe & Central Asia,OTHER,PLATFORM,0,0,0,0,0,0,0
venezuela,brooklynvegan.com,com,GLOBAL,GLOBAL,GLOBAL,PLATFORM,0,0,0,0,0,0,0
venezuela,burytimes.co.uk,uk,GB,Europe & Central Asia,OTHER,PLATFORM,0,0,0,0,0,0,0
venezuela,businessworld.in,in,IN,South Asia,OTHER,PLATFORM,0,0,0,0,0,0,0
venezuela,cairnspost.com.au,au,AU,East Asia & Pacific,OTHER,PLATFORM,0,0,0,0,0,0,0
venezuela,carolinacoastonline.com,com,GLOBAL,GLOBAL,GLOBAL,PLATFORM,0,0,0,0,0,0,0
venezuela,carsonnow.org,org,GLOBAL,GLOBAL,GLOBAL,PLATFORM,0,0,0,0,0,0,0
venezuela,cbc.bb,bb,NA,NA,OTHER,PLATFORM,0,0,0,0,0,0,0
venezuela,cbs19.tv,tv,NA,NA,OTHER,PLATFORM,0,0,0,0,0,0,0
venezuela,cbs4indy.com,com,GLOBAL,GLOBAL,GLOBAL,PLATFORM,0,0,0,0,0,0,0
venezuela,cbsnews.com,com,GLOBAL,GLOBAL,GLOBAL,PLATFORM,0,0,0,0,0,0,0
venezuela,cfox.com,com,GLOBAL,GLOBAL,GLOBAL,PLATFORM,0,0,0,0,0,0,0
venezuela,cfweradio.ca,ca,CA,North America,OTHER,PLATFORM,0,0,0,0,0,0,0
venezuela,cgdev.org,org,GLOBAL,GLOBAL,GLOBAL,PLATFORM,0,0,0,0,0,0,0
venezuela,charlotteobserver.com,com,GLOBAL,GLOBAL,GLOBAL,PLATFORM,0,0,0,0,0,0,0
venezuela,chicago.suntimes.com,com,GLOBAL,GLOBAL,GLOBAL,PLATFORM,0,0,0,0,0,0,0
venezuela,christianpost.com,com,GLOBAL,GLOBAL,GLOBAL,PLATFORM,0,0,0,0,0,0,0
venezuela,christianpost.com:443,NA,NA,NA,OTHER,PLATFORM,0,0,0,0,0,0,0
venezuela,chronicleonline.com,com,GLOBAL,GLOBAL,GLOBAL,PLATFORM,0,0,0,0,0,0,0
venezuela,chronogram.com,com,GLOBAL,GLOBAL,GLOBAL,PLATFORM,0,0,0,0,0,0,0
venezuela,cincinnatisun.com,com,GLOBAL,GLOBAL,GLOBAL,PLATFORM,0,0,0,0,0,0,0
venezuela,citynews.com.au,au,AU,East Asia & Pacific,OTHER,PLATFORM,0,0,0,0,0,0,0
venezuela,cleveland19.com,com,GLOBAL,GLOBAL,GLOBAL,PLATFORM,0,0,0,0,0,0,0
venezuela,clevescene.com,com,GLOBAL,GLOBAL,GLOBAL,PLATFORM,0,0,0,0,0,0,0
venezuela,cnn.com,com,GLOBAL,GLOBAL,GLOBAL,PLATFORM,0,0,0,0,0,0,0
venezuela,cnynews.com,com,GLOBAL,GLOBAL,GLOBAL,PLATFORM,0,0,0,0,0,0,0
venezuela,coast1009.com,com,GLOBAL,GLOBAL,GLOBAL,PLATFORM,0,0,0,0,0,0,0
venezuela,columbustelegram.com,com,GLOBAL,GLOBAL,GLOBAL,PLATFORM,0,0,0,0,0,0,0
venezuela,county10.com,com,GLOBAL,GLOBAL,GLOBAL,PLATFORM,0,0,0,0,0,0,0
venezuela,cp24.com,com,GLOBAL,GLOBAL,GLOBAL,PLATFORM,0,0,0,0,0,0,0
venezuela,cravenherald.co.uk,uk,GB,Europe & Central Asia,OTHER,PLATFORM,0,0,0,0,0,0,0
venezuela,crossrhythms.co.uk,uk,GB,Europe & Central Asia,OTHER,PLATFORM,0,0,0,0,0,0,0
venezuela,dailycaller.com,com,GLOBAL,GLOBAL,GLOBAL,PLATFORM,0,0,0,0,0,0,0
venezuela,dailycamera.com,com,GLOBAL,GLOBAL,GLOBAL,PLATFORM,0,0,0,0,0,0,0
venezuela,dailyherald.com,com,GLOBAL,GLOBAL,GLOBAL,PLATFORM,0,0,0,0,0,0,0
venezuela,dailyitem.com,com,GLOBAL,GLOBAL,GLOBAL,PLATFORM,0,0,0,0,0,0,0
venezuela,dailymail.co.uk,uk,GB,Europe & Central Asia,OTHER,PLATFORM,0,0,0,0,0,0,0
venezuela,dailytimes.com,com,GLOBAL,GLOBAL,GLOBAL,PLATFORM,0,0,0,0,0,0,0
venezuela,dallasinnovates.com,com,GLOBAL,GLOBAL,GLOBAL,PLATFORM,0,0,0,0,0,0,0
venezuela,dallasnews.com,com,GLOBAL,GLOBAL,GLOBAL,PLATFORM,0,0,0,0,0,0,0
venezuela,dealgenius.com,com,GLOBAL,GLOBAL,GLOBAL,PLATFORM,0,0,0,0,0,0,0
venezuela,democratherald.com,com,GLOBAL,GLOBAL,GLOBAL,PLATFORM,0,0,0,0,0,0,0
venezuela,devdiscourse.com,com,GLOBAL,GLOBAL,GLOBAL,PLATFORM,0,0,0,0,0,0,0
venezuela,donegalnews.com,com,GLOBAL,GLOBAL,GLOBAL,PLATFORM,0,0,0,0,0,0,0
venezuela,eastidahonews.com,com,GLOBAL,GLOBAL,GLOBAL,PLATFORM,0,0,0,0,0,0,0
venezuela,editorial.rottentomatoes.com,com,GLOBAL,GLOBAL,GLOBAL,PLATFORM,0,0,0,0,0,0,0
venezuela,elwakt.com,com,GLOBAL,GLOBAL,GLOBAL,PLATFORM,0,0,0,0,0,0,0
venezuela,energyintel.com,com,GLOBAL,GLOBAL,GLOBAL,PLATFORM,0,0,0,0,0,0,0
venezuela,enidnews.com,com,GLOBAL,GLOBAL,GLOBAL,PLATFORM,0,0,0,0,0,0,0
venezuela,etonline.com,com,GLOBAL,GLOBAL,GLOBAL,PLATFORM,0,0,0,0,0,0,0
venezuela,eurasiareview.com,com,GLOBAL,GLOBAL,GLOBAL,PLATFORM,0,0,0,0,0,0,0
venezuela,euromaidanpress.com,com,GLOBAL,GLOBAL,GLOBAL,PLATFORM,0,0,0,0,0,0,0
venezuela,exploreseiowa.com,com,GLOBAL,GLOBAL,GLOBAL,PLATFORM,0,0,0,0,0,0,0
venezuela,fairviewpost.com:443,NA,NA,NA,OTHER,PLATFORM,0,0,0,0,0,0,0
venezuela,farmweekly.com.au,au,AU,East Asia & Pacific,OTHER,PLATFORM,0,0,0,0,0,0,0
venezuela,fhtimes.com,com,GLOBAL,GLOBAL,GLOBAL,PLATFORM,0,0,0,0,0,0,0
venezuela,fijitimes.com,com,GLOBAL,GLOBAL,GLOBAL,PLATFORM,0,0,0,0,0,0,0
venezuela,finance.yahoo.com,com,GLOBAL,GLOBAL,GLOBAL,PLATFORM,0,0,0,0,0,0,0
venezuela,fm96.com,com,GLOBAL,GLOBAL,GLOBAL,PLATFORM,0,0,0,0,0,0,0
venezuela,fox13now.com,com,GLOBAL,GLOBAL,GLOBAL,PLATFORM,0,0,0,0,0,0,0
venezuela,fox23.com,com,GLOBAL,GLOBAL,GLOBAL,PLATFORM,0,0,0,0,0,0,0
venezuela,fox7austin.com,com,GLOBAL,GLOBAL,GLOBAL,PLATFORM,0,0,0,0,0,0,0
venezuela,ftw.usatoday.com,com,GLOBAL,GLOBAL,GLOBAL,PLATFORM,0,0,0,0,0,0,0
venezuela,fun107.com,com,GLOBAL,GLOBAL,GLOBAL,PLATFORM,0,0,0,0,0,0,0
venezuela,fxstreet.com,com,GLOBAL,GLOBAL,GLOBAL,PLATFORM,0,0,0,0,0,0,0
venezuela,gambling.com,com,GLOBAL,GLOBAL,GLOBAL,PLATFORM,0,0,0,0,0,0,0
venezuela,gamerevolution.com,com,GLOBAL,GLOBAL,GLOBAL,PLATFORM,0,0,0,0,0,0,0
venezuela,geographicus.com,com,GLOBAL,GLOBAL,GLOBAL,PLATFORM,0,0,0,0,0,0,0
venezuela,gigulate.com,com,GLOBAL,GLOBAL,GLOBAL,PLATFORM,0,0,0,0,0,0,0
venezuela,glamour.com,com,GLOBAL,GLOBAL,GLOBAL,PLATFORM,0,0,0,0,0,0,0
venezuela,global.chinadaily.com.cn,cn,CN,East Asia & Pacific,OTHER,PLATFORM,0,0,0,0,0,0,0
venezuela,globalnews.ca,ca,CA,North America,OTHER,PLATFORM,0,0,0,0,0,0,0
venezuela,goldcoastbulletin.com.au,au,AU,East Asia & Pacific,OTHER,PLATFORM,0,0,0,0,0,0,0
venezuela,goskagit.com,com,GLOBAL,GLOBAL,GLOBAL,PLATFORM,0,0,0,0,0,0,0
venezuela,gothamist.com,com,GLOBAL,GLOBAL,GLOBAL,PLATFORM,0,0,0,0,0,0,0
venezuela,hancinema.net,net,GLOBAL,GLOBAL,GLOBAL,PLATFORM,0,0,0,0,0,0,0
venezuela,hapblog.com,com,GLOBAL,GLOBAL,GLOBAL,PLATFORM,0,0,0,0,0,0,0
venezuela,hastingstribune.com,com,GLOBAL,GLOBAL,GLOBAL,PLATFORM,0,0,0,0,0,0,0
venezuela,health.usnews.com,com,GLOBAL,GLOBAL,GLOBAL,PLATFORM,0,0,0,0,0,0,0
venezuela,hellomagazine.com,com,GLOBAL,GLOBAL,GLOBAL,PLATFORM,0,0,0,0,0,0,0
venezuela,henleystandard.co.uk,uk,GB,Europe & Central Asia,OTHER,PLATFORM,0,0,0,0,0,0,0
venezuela,henricocitizen.com,com,GLOBAL,GLOBAL,GLOBAL,PLATFORM,0,0,0,0,0,0,0
venezuela,her.ie,ie,NA,NA,OTHER,PLATFORM,0,0,0,0,0,0,0
venezuela,heraldsun.com.au,au,AU,East Asia & Pacific,OTHER,PLATFORM,0,0,0,0,0,0,0
venezuela,hindustantimes.com,com,GLOBAL,GLOBAL,GLOBAL,PLATFORM,0,0,0,0,0,0,0
venezuela,hits1061seattle.iheart.com,com,GLOBAL,GLOBAL,GLOBAL,PLATFORM,0,0,0,0,0,0,0
venezuela,hudsoncountyview.com,com,GLOBAL,GLOBAL,GLOBAL,PLATFORM,0,0,0,0,0,0,0
venezuela,huffpost.com,com,GLOBAL,GLOBAL,GLOBAL,PLATFORM,0,0,0,0,0,0,0
venezuela,idahocapitalsun.com,com,GLOBAL,GLOBAL,GLOBAL,PLATFORM,0,0,0,0,0,0,0
venezuela,independenttribune.com,com,GLOBAL,GLOBAL,GLOBAL,PLATFORM,0,0,0,0,0,0,0
venezuela,infowars.com,com,GLOBAL,GLOBAL,GLOBAL,PLATFORM,0,0,0,0,0,0,0
venezuela,insideselfstorage.com,com,GLOBAL,GLOBAL,GLOBAL,PLATFORM,0,0,0,0,0,0,0
venezuela,instyle.com,com,GLOBAL,GLOBAL,GLOBAL,PLATFORM,0,0,0,0,0,0,0
venezuela,investopedia.com,com,GLOBAL,GLOBAL,GLOBAL,PLATFORM,0,0,0,0,0,0,0
venezuela,iranherald.com,com,GLOBAL,GLOBAL,GLOBAL,PLATFORM,0,0,0,0,0,0,0
venezuela,iraqsun.com,com,GLOBAL,GLOBAL,GLOBAL,PLATFORM,0,0,0,0,0,0,0
venezuela,journalnow.com,com,GLOBAL,GLOBAL,GLOBAL,PLATFORM,0,0,0,0,0,0,0
venezuela,jox2fm.com,com,GLOBAL,GLOBAL,GLOBAL,PLATFORM,0,0,0,0,0,0,0
venezuela,juneauempire.com,com,GLOBAL,GLOBAL,GLOBAL,PLATFORM,0,0,0,0,0,0,0
venezuela,kalb.com,com,GLOBAL,GLOBAL,GLOBAL,PLATFORM,0,0,0,0,0,0,0
venezuela,kcra.com,com,GLOBAL,GLOBAL,GLOBAL,PLATFORM,0,0,0,0,0,0,0
venezuela,kdal610.com,com,GLOBAL,GLOBAL,GLOBAL,PLATFORM,0,0,0,0,0,0,0
venezuela,kelo.com,com,GLOBAL,GLOBAL,GLOBAL,PLATFORM,0,0,0,0,0,0,0
venezuela,ketv.com,com,GLOBAL,GLOBAL,GLOBAL,PLATFORM,0,0,0,0,0,0,0
venezuela,kfdm.com,com,GLOBAL,GLOBAL,GLOBAL,PLATFORM,0,0,0,0,0,0,0
venezuela,kgw.com,com,GLOBAL,GLOBAL,GLOBAL,PLATFORM,0,0,0,0,0,0,0
venezuela,kicks99.com,com,GLOBAL,GLOBAL,GLOBAL,PLATFORM,0,0,0,0,0,0,0
venezuela,kingstonthisweek.com:443,NA,NA,NA,OTHER,PLATFORM,0,0,0,0,0,0,0
venezuela,kiss1027fm.iheart.com,com,GLOBAL,GLOBAL,GLOBAL,PLATFORM,0,0,0,0,0,0,0
venezuela,kiss1067.iheart.com,com,GLOBAL,GLOBAL,GLOBAL,PLATFORM,0,0,0,0,0,0,0
venezuela,kisswtlz.com,com,GLOBAL,GLOBAL,GLOBAL,PLATFORM,0,0,0,0,0,0,0
venezuela,kizzmyanthia.com,com,GLOBAL,GLOBAL,GLOBAL,PLATFORM,0,0,0,0,0,0,0
venezuela,kjas.com,com,GLOBAL,GLOBAL,GLOBAL,PLATFORM,0,0,0,0,0,0,0
venezuela,klaq.com,com,GLOBAL,GLOBAL,GLOBAL,PLATFORM,0,0,0,0,0,0,0
venezuela,kmaj1440.com,com,GLOBAL,GLOBAL,GLOBAL,PLATFORM,0,0,0,0,0,0,0
venezuela,knbr.com,com,GLOBAL,GLOBAL,GLOBAL,PLATFORM,0,0,0,0,0,0,0
venezuela,knopnews2.com,com,GLOBAL,GLOBAL,GLOBAL,PLATFORM,0,0,0,0,0,0,0
venezuela,koco.com,com,GLOBAL,GLOBAL,GLOBAL,PLATFORM,0,0,0,0,0,0,0
venezuela,kpcw.org,org,GLOBAL,GLOBAL,GLOBAL,PLATFORM,0,0,0,0,0,0,0
venezuela,kplctv.com,com,GLOBAL,GLOBAL,GLOBAL,PLATFORM,0,0,0,0,0,0,0
venezuela,krcrtv.com,com,GLOBAL,GLOBAL,GLOBAL,PLATFORM,0,0,0,0,0,0,0
venezuela,krqe.com,com,GLOBAL,GLOBAL,GLOBAL,PLATFORM,0,0,0,0,0,0,0
venezuela,ksenam.com,com,GLOBAL,GLOBAL,GLOBAL,PLATFORM,0,0,0,0,0,0,0
venezuela,ksfa860.com,com,GLOBAL,GLOBAL,GLOBAL,PLATFORM,0,0,0,0,0,0,0
venezuela,ksjbam.com,com,GLOBAL,GLOBAL,GLOBAL,PLATFORM,0,0,0,0,0,0,0
venezuela,ksnt.com,com,GLOBAL,GLOBAL,GLOBAL,PLATFORM,0,0,0,0,0,0,0
venezuela,ktiv.com,com,GLOBAL,GLOBAL,GLOBAL,PLATFORM,0,0,0,0,0,0,0
venezuela,ktom.iheart.com,com,GLOBAL,GLOBAL,GLOBAL,PLATFORM,0,0,0,0,0,0,0
venezuela,ktvb.com,com,GLOBAL,GLOBAL,GLOBAL,PLATFORM,0,0,0,0,0,0,0
venezuela,kxlf.com,com,GLOBAL,GLOBAL,GLOBAL,PLATFORM,0,0,0,0,0,0,0
venezuela,kxly.com,com,GLOBAL,GLOBAL,GLOBAL,PLATFORM,0,0,0,0,0,0,0
venezuela,kyma.com,com,GLOBAL,GLOBAL,GLOBAL,PLATFORM,0,0,0,0,0,0,0
venezuela,ladysmithchronicle.com,com,GLOBAL,GLOBAL,GLOBAL,PLATFORM,0,0,0,0,0,0,0
venezuela,lagrandeobserver.com,com,GLOBAL,GLOBAL,GLOBAL,PLATFORM,0,0,0,0,0,0,0
venezuela,lankaweb.com,com,GLOBAL,GLOBAL,GLOBAL,PLATFORM,0,0,0,0,0,0,0
venezuela,latimes.com,com,GLOBAL,GLOBAL,GLOBAL,PLATFORM,0,0,0,0,0,0,0
venezuela,laurinburgexchange.com,com,GLOBAL,GLOBAL,GLOBAL,PLATFORM,0,0,0,0,0,0,0
venezuela,ledburyreporter.co.uk,uk,GB,Europe & Central Asia,OTHER,PLATFORM,0,0,0,0,0,0,0
venezuela,lexology.com,com,GLOBAL,GLOBAL,GLOBAL,PLATFORM,0,0,0,0,0,0,0
venezuela,lexpansion.lexpress.fr,fr,FR,Europe & Central Asia,OTHER,PLATFORM,0,0,0,0,0,0,0
venezuela,lgbtqnation.com,com,GLOBAL,GLOBAL,GLOBAL,PLATFORM,0,0,0,0,0,0,0
venezuela,lifenews.com,com,GLOBAL,GLOBAL,GLOBAL,PLATFORM,0,0,0,0,0,0,0
venezuela,litefm.iheart.com,com,GLOBAL,GLOBAL,GLOBAL,PLATFORM,0,0,0,0,0,0,0
venezuela,liteonline.com,com,GLOBAL,GLOBAL,GLOBAL,PLATFORM,0,0,0,0,0,0,0
venezuela,london.ctvnews.ca,ca,CA,North America,OTHER,PLATFORM,0,0,0,0,0,0,0
venezuela,lportepilot.ca,ca,CA,North America,OTHER,PLATFORM,0,0,0,0,0,0,0
venezuela,macaubusiness.com,com,GLOBAL,GLOBAL,GLOBAL,PLATFORM,0,0,0,0,0,0,0
venezuela,mainichi.jp,jp,JP,East Asia & Pacific,OTHER,PLATFORM,0,0,0,0,0,0,0
venezuela,majic959.iheart.com,com,GLOBAL,GLOBAL,GLOBAL,PLATFORM,0,0,0,0,0,0,0
venezuela,markets.businessinsider.com,com,GLOBAL,GLOBAL,GLOBAL,PLATFORM,0,0,0,0,0,0,0
venezuela,marketwatch.com,com,GLOBAL,GLOBAL,GLOBAL,PLATFORM,1,0,0,0,0,0,1
venezuela,matadornetwork.com,com,GLOBAL,GLOBAL,GLOBAL,PLATFORM,0,0,0,0,0,0,0
venezuela,menafn.com,com,GLOBAL,GLOBAL,GLOBAL,PLATFORM,0,0,0,0,0,0,0
venezuela,metro.us,us,US,North America,OTHER,PLATFORM,0,0,0,0,0,0,0
venezuela,mgoblog.com,com,GLOBAL,GLOBAL,GLOBAL,PLATFORM,0,0,0,0,0,0,0
venezuela,miamistudent.net,net,GLOBAL,GLOBAL,GLOBAL,PLATFORM,0,0,0,0,0,0,0
venezuela,mindat.org,org,GLOBAL,GLOBAL,GLOBAL,PLATFORM,0,0,0,0,0,0,0
venezuela,mirror.co.uk,uk,GB,Europe & Central Asia,OTHER,PLATFORM,0,0,0,0,0,0,0
venezuela,modernreaders.com,com,GLOBAL,GLOBAL,GLOBAL,PLATFORM,0,0,0,0,0,0,0
venezuela,morningstar.com,com,GLOBAL,GLOBAL,GLOBAL,PLATFORM,0,0,0,0,0,0,0
venezuela,msnbc.com,com,GLOBAL,GLOBAL,GLOBAL,PLATFORM,0,0,0,0,0,0,0
venezuela,my1035.com,com,GLOBAL,GLOBAL,GLOBAL,PLATFORM,0,0,0,0,0,0,0
venezuela,mykfan.iheart.com,com,GLOBAL,GLOBAL,GLOBAL,PLATFORM,0,0,0,0,0,0,0
venezuela,mymmanews.com,com,GLOBAL,GLOBAL,GLOBAL,PLATFORM,0,0,0,0,0,0,0
venezuela,mynorthwest.com,com,GLOBAL,GLOBAL,GLOBAL,PLATFORM,0,0,0,0,0,0,0
venezuela,mysouth1061.iheart.com,com,GLOBAL,GLOBAL,GLOBAL,PLATFORM,0,0,0,0,0,0,0
venezuela,n4g.com,com,GLOBAL,GLOBAL,GLOBAL,PLATFORM,0,0,0,0,0,0,0
venezuela,nashfm1065.com,com,GLOBAL,GLOBAL,GLOBAL,PLATFORM,0,0,0,0,0,0,0
venezuela,natlawreview.com,com,GLOBAL,GLOBAL,GLOBAL,PLATFORM,0,0,0,0,0,0,0
venezuela,nbcnews.com,com,GLOBAL,GLOBAL,GLOBAL,PLATFORM,0,0,0,0,0,0,0
venezuela,new.irasciblemusings.com,com,GLOBAL,GLOBAL,GLOBAL,PLATFORM,0,0,0,0,0,0,0
venezuela,newcastleherald.com.au,au,AU,East Asia & Pacific,OTHER,PLATFORM,0,0,0,0,0,0,0
venezuela,newjerseyglobe.com,com,GLOBAL,GLOBAL,GLOBAL,PLATFORM,0,0,0,0,0,0,0
venezuela,news.coinupdate.com,com,GLOBAL,GLOBAL,GLOBAL,PLATFORM,0,0,0,0,0,0,0
venezuela,news.wgcu.org,org,GLOBAL,GLOBAL,GLOBAL,PLATFORM,0,0,0,0,0,0,0
venezuela,news.yahoo.com,com,GLOBAL,GLOBAL,GLOBAL,PLATFORM,0,0,0,0,0,0,0
venezuela,news18.com,com,GLOBAL,GLOBAL,GLOBAL,PLATFORM,0,0,0,0,0,0,0
venezuela,news9.com,com,GLOBAL,GLOBAL,GLOBAL,PLATFORM,0,0,0,0,0,0,0
venezuela,newsandtribune.com,com,GLOBAL,GLOBAL,GLOBAL,PLATFORM,0,0,0,0,0,0,0
venezuela,newsdzezimbabwe.co.uk,uk,GB,Europe & Central Asia,OTHER,PLATFORM,0,0,0,0,0,0,0
venezuela,newson6.com,com,GLOBAL,GLOBAL,GLOBAL,PLATFORM,0,0,0,0,0,0,0
venezuela,newsone.com,com,GLOBAL,GLOBAL,GLOBAL,PLATFORM,0,0,0,0,0,0,0
venezuela,newsregister.com,com,GLOBAL,GLOBAL,GLOBAL,PLATFORM,0,0,0,0,0,0,0
venezuela,newsshopper.co.uk,uk,GB,Europe & Central Asia,OTHER,PLATFORM,0,0,0,0,0,0,0
venezuela,newstalk1130.iheart.com,com,GLOBAL,GLOBAL,GLOBAL,PLATFORM,0,0,0,0,0,0,0
venezuela,newstalk1230.iheart.com,com,GLOBAL,GLOBAL,GLOBAL,PLATFORM,0,0,0,0,0,0,0
venezuela,newtelegraphng.com,com,GLOBAL,GLOBAL,GLOBAL,PLATFORM,0,0,0,0,0,0,0
venezuela,nhpr.org,org,GLOBAL,GLOBAL,GLOBAL,PLATFORM,0,0,0,0,0,0,0
venezuela,northerndailyleader.com.au,au,AU,East Asia & Pacific,OTHER,PLATFORM,0,0,0,0,0,0,0
venezuela,northwestgeorgianews.com,com,GLOBAL,GLOBAL,GLOBAL,PLATFORM,0,0,0,0,0,0,0
venezuela,nowgrenada.com,com,GLOBAL,GLOBAL,GLOBAL,PLATFORM,0,0,0,0,0,0,0
venezuela,nowtoronto.com,com,GLOBAL,GLOBAL,GLOBAL,PLATFORM,0,0,0,0,0,0,0
venezuela,nydailynews.com,com,GLOBAL,GLOBAL,GLOBAL,PLATFORM,0,0,0,0,0,0,0
venezuela,nymag.com,com,GLOBAL,GLOBAL,GLOBAL,PLATFORM,0,0,0,0,0,0,0
venezuela,nypost.com,com,GLOBAL,GLOBAL,GLOBAL,PLATFORM,0,0,0,0,0,0,0
venezuela,nystateofpolitics.com,com,GLOBAL,GLOBAL,GLOBAL,PLATFORM,0,0,0,0,0,0,0
venezuela,obituaries.dailyitem.com,com,GLOBAL,GLOBAL,GLOBAL,PLATFORM,0,0,0,0,0,0,0
venezuela,obituaries.enidnews.com,com,GLOBAL,GLOBAL,GLOBAL,PLATFORM,0,0,0,0,0,0,0
venezuela,obituaries.starbeacon.com,com,GLOBAL,GLOBAL,GLOBAL,PLATFORM,0,0,0,0,0,0,0
venezuela,ocregister.com,com,GLOBAL,GLOBAL,GLOBAL,PLATFORM,0,0,0,0,0,0,0
venezuela,ojaivalleynews.com,com,GLOBAL,GLOBAL,GLOBAL,PLATFORM,0,0,0,0,0,0,0
venezuela,omaha.com,com,GLOBAL,GLOBAL,GLOBAL,PLATFORM,0,0,0,0,0,0,0
venezuela,onmilwaukee.com,com,GLOBAL,GLOBAL,GLOBAL,PLATFORM,0,0,0,0,0,0,0
venezuela,ourquadcities.com,com,GLOBAL,GLOBAL,GLOBAL,PLATFORM,0,0,0,0,0,0,0
venezuela,parkeschampionpost.com.au,au,AU,East Asia & Pacific,OTHER,PLATFORM,0,0,0,0,0,0,0
venezuela,pembrokeobserver.com,com,GLOBAL,GLOBAL,GLOBAL,PLATFORM,0,0,0,0,0,0,0
venezuela,phonearena.com,com,GLOBAL,GLOBAL,GLOBAL,PLATFORM,0,0,0,0,0,0,0
venezuela,pocket-lint.com,com,GLOBAL,GLOBAL,GLOBAL,PLATFORM,0,0,0,0,0,0,0
venezuela,politico.com,com,GLOBAL,GLOBAL,GLOBAL,PLATFORM,0,0,0,0,0,0,0
venezuela,pqbnews.com,com,GLOBAL,GLOBAL,GLOBAL,PLATFORM,0,0,0,0,0,0,0
venezuela,premiumtimesng.com,com,GLOBAL,GLOBAL,GLOBAL,PLATFORM,0,0,0,0,0,0,0
venezuela,pressandguide.com,com,GLOBAL,GLOBAL,GLOBAL,PLATFORM,0,0,0,0,0,0,0
venezuela,promptnewsonline.com,com,GLOBAL,GLOBAL,GLOBAL,PLATFORM,0,0,0,0,0,0,0
venezuela,q957.com,com,GLOBAL,GLOBAL,GLOBAL,PLATFORM,0,0,0,0,0,0,0
venezuela,queenslandcountrylife.com.au,au,AU,East Asia & Pacific,OTHER,PLATFORM,0,0,0,0,0,0,0
venezuela,radiotoday.ie,ie,NA,NA,OTHER,PLATFORM,0,0,0,0,0,0,0
venezuela,real1039fm.iheart.com,com,GLOBAL,GLOBAL,GLOBAL,PLATFORM,0,0,0,0,0,0,0
venezuela,redditchadvertiser.co.uk,uk,GB,Europe & Central Asia,OTHER,PLATFORM,0,0,0,0,0,0,0
venezuela,rejournals.com,com,GLOBAL,GLOBAL,GLOBAL,PLATFORM,0,0,0,0,0,0,0
venezuela,reporterherald.com,com,GLOBAL,GLOBAL,GLOBAL,PLATFORM,0,0,0,0,0,0,0
venezuela,reuters.com,com,GLOBAL,GLOBAL,GLOBAL,PLATFORM,1,0,0,0,0,0,1
venezuela,reviewjournal.com,com,GLOBAL,GLOBAL,GLOBAL,PLATFORM,0,0,0,0,0,0,0
venezuela,richmond-news.com,com,GLOBAL,GLOBAL,GLOBAL,PLATFORM,0,0,0,0,0,0,0
venezuela,richmondregister.com,com,GLOBAL,GLOBAL,GLOBAL,PLATFORM,0,0,0,0,0,0,0
venezuela,rivercountry.newschannelnebraska.com,com,GLOBAL,GLOBAL,GLOBAL,PLATFORM,0,0,0,0,0,0,0
venezuela,robesonian.com,com,GLOBAL,GLOBAL,GLOBAL,PLATFORM,0,0,0,0,0,0,0
venezuela,rollingstone.com,com,GLOBAL,GLOBAL,GLOBAL,PLATFORM,0,0,0,0,0,0,0
venezuela,rottentomatoes.com,com,GLOBAL,GLOBAL,GLOBAL,PLATFORM,0,0,0,0,0,0,0
venezuela,sacbee.com,com,GLOBAL,GLOBAL,GLOBAL,PLATFORM,0,0,0,0,0,0,0
venezuela,santacruzsentinel.com,com,GLOBAL,GLOBAL,GLOBAL,PLATFORM,0,0,0,0,0,0,0
venezuela,santafenewmexican.com,com,GLOBAL,GLOBAL,GLOBAL,PLATFORM,0,0,0,0,0,0,0
venezuela,sawatdeenetwork.com,com,GLOBAL,GLOBAL,GLOBAL,PLATFORM,0,0,0,0,0,0,0
venezuela,scmp.com,com,GLOBAL,GLOBAL,GLOBAL,PLATFORM,0,0,0,0,0,0,0
venezuela,screenrant.com,com,GLOBAL,GLOBAL,GLOBAL,PLATFORM,0,0,0,0,0,0,0
venezuela,sentinelandenterprise.com,com,GLOBAL,GLOBAL,GLOBAL,PLATFORM,0,0,0,0,0,0,0
venezuela,shop-eat-surf.com,com,GLOBAL,GLOBAL,GLOBAL,PLATFORM,0,0,0,0,0,0,0
venezuela,socialmediatoday.com,com,GLOBAL,GLOBAL,GLOBAL,PLATFORM,0,0,0,0,0,0,0
venezuela,southtahoenow.com,com,GLOBAL,GLOBAL,GLOBAL,PLATFORM,0,0,0,0,0,0,0
venezuela,speedway.tucson.com,com,GLOBAL,GLOBAL,GLOBAL,PLATFORM,0,0,0,0,0,0,0
venezuela,standard-freeholder.com:443,NA,NA,NA,OTHER,PLATFORM,0,0,0,0,0,0,0
venezuela,standardspeaker.com,com,GLOBAL,GLOBAL,GLOBAL,PLATFORM,0,0,0,0,0,0,0
venezuela,star941fm.iheart.com,com,GLOBAL,GLOBAL,GLOBAL,PLATFORM,0,0,0,0,0,0,0
venezuela,staradvertiser.com,com,GLOBAL,GLOBAL,GLOBAL,PLATFORM,0,0,0,0,0,0,0
venezuela,starbeacon.com,com,GLOBAL,GLOBAL,GLOBAL,PLATFORM,0,0,0,0,0,0,0
venezuela,startribune.com,com,GLOBAL,GLOBAL,GLOBAL,PLATFORM,0,0,0,0,0,0,0
venezuela,stltoday.com,com,GLOBAL,GLOBAL,GLOBAL,PLATFORM,0,0,0,0,0,0,0
venezuela,stockjournal.com.au,au,AU,East Asia & Pacific,OTHER,PLATFORM,0,0,0,0,0,0,0
venezuela,straitstimes.com,com,GLOBAL,GLOBAL,GLOBAL,PLATFORM,0,0,0,0,0,0,0
venezuela,sun-sentinel.com,com,GLOBAL,GLOBAL,GLOBAL,PLATFORM,0,0,0,0,0,0,0
venezuela,sunnewsonline.com,com,GLOBAL,GLOBAL,GLOBAL,PLATFORM,0,0,0,0,0,0,0
venezuela,sunny1053.iheart.com,com,GLOBAL,GLOBAL,GLOBAL,PLATFORM,0,0,0,0,0,0,0
venezuela,sunny99.iheart.com,com,GLOBAL,GLOBAL,GLOBAL,PLATFORM,0,0,0,0,0,0,0
venezuela,tahlequahdailypress.com,com,GLOBAL,GLOBAL,GLOBAL,PLATFORM,0,0,0,0,0,0,0
venezuela,taiwansun.com,com,GLOBAL,GLOBAL,GLOBAL,PLATFORM,0,0,0,0,0,0,0
venezuela,talkingpointsmemo.com,com,GLOBAL,GLOBAL,GLOBAL,PLATFORM,0,0,0,0,0,0,0
venezuela,tech.co,co,NA,NA,OTHER,PLATFORM,0,0,0,0,0,0,0
venezuela,techdirt.com,com,GLOBAL,GLOBAL,GLOBAL,PLATFORM,0,0,0,0,0,0,0
venezuela,tenterfieldstar.com.au,au,AU,East Asia & Pacific,OTHER,PLATFORM,0,0,0,0,0,0,0
venezuela,theargus.co.uk,uk,GB,Europe & Central Asia,OTHER,PLATFORM,0,0,0,0,0,0,0
venezuela,theathletic.com,com,GLOBAL,GLOBAL,GLOBAL,PLATFORM,0,0,0,0,0,0,0
venezuela,theboxhouston.com,com,GLOBAL,GLOBAL,GLOBAL,PLATFORM,0,0,0,0,0,0,0
venezuela,thecostaricanews.com,com,GLOBAL,GLOBAL,GLOBAL,PLATFORM,0,0,0,0,0,0,0
venezuela,thecounty.me,me,NA,NA,OTHER,PLATFORM,0,0,0,0,0,0,0
venezuela,thedailybeast.com,com,GLOBAL,GLOBAL,GLOBAL,PLATFORM,0,0,0,0,0,0,0
venezuela,thedailyiberian.com,com,GLOBAL,GLOBAL,GLOBAL,PLATFORM,0,0,0,0,0,0,0
venezuela,theglobeandmail.com,com,GLOBAL,GLOBAL,GLOBAL,PLATFORM,0,0,0,0,0,0,0
venezuela,theguardian.com,com,GLOBAL,GLOBAL,GLOBAL,PLATFORM,0,0,0,0,0,0,0
venezuela,thejournal.ie,ie,NA,NA,OTHER,PLATFORM,0,0,0,0,0,0,0
venezuela,themovechannel.com,com,GLOBAL,GLOBAL,GLOBAL,PLATFORM,0,0,0,0,0,0,0
venezuela,thenationonlineng.net,net,GLOBAL,GLOBAL,GLOBAL,PLATFORM,0,0,0,0,0,0,0
venezuela,thenorthernecho.co.uk,uk,GB,Europe & Central Asia,OTHER,PLATFORM,0,0,0,0,0,0,0
venezuela,theobserver.ca:443,NA,NA,NA,OTHER,PLATFORM,0,0,0,0,0,0,0
venezuela,theorion.com,com,GLOBAL,GLOBAL,GLOBAL,PLATFORM,0,0,0,0,0,0,0
venezuela,thepeterboroughexaminer.com,com,GLOBAL,GLOBAL,GLOBAL,PLATFORM,0,0,0,0,0,0,0
venezuela,thepinetree.net,net,GLOBAL,GLOBAL,GLOBAL,PLATFORM,0,0,0,0,0,0,0
venezuela,theprogress.com,com,GLOBAL,GLOBAL,GLOBAL,PLATFORM,0,0,0,0,0,0,0
venezuela,therocket951.com,com,GLOBAL,GLOBAL,GLOBAL,PLATFORM,0,0,0,0,0,0,0
venezuela,therockofrochester.com,com,GLOBAL,GLOBAL,GLOBAL,PLATFORM,0,0,0,0,0,0,0
venezuela,thestar.com,com,GLOBAL,GLOBAL,GLOBAL,PLATFORM,0,0,0,0,0,0,0
venezuela,thestar.com.my,my,NA,NA,OTHER,PLATFORM,0,0,0,0,0,0,0
venezuela,thesunchronicle.com,com,GLOBAL,GLOBAL,GLOBAL,PLATFORM,0,0,0,0,0,0,0
venezuela,thetimes.co.uk,uk,GB,Europe & Central Asia,OTHER,PLATFORM,0,0,0,0,0,0,0
venezuela,tickerreport.com,com,GLOBAL,GLOBAL,GLOBAL,PLATFORM,0,0,0,0,0,0,0
venezuela,tireball.com,com,GLOBAL,GLOBAL,GLOBAL,PLATFORM,0,0,0,0,0,0,0
venezuela,tmz.com,com,GLOBAL,GLOBAL,GLOBAL,PLATFORM,0,0,0,0,0,0,0
venezuela,tnonline.com,com,GLOBAL,GLOBAL,GLOBAL,PLATFORM,0,0,0,0,0,0,0
venezuela,topspeed.com,com,GLOBAL,GLOBAL,GLOBAL,PLATFORM,0,0,0,0,0,0,0
venezuela,trib.com,com,GLOBAL,GLOBAL,GLOBAL,PLATFORM,0,0,0,0,0,0,0
venezuela,tribune242.com,com,GLOBAL,GLOBAL,GLOBAL,PLATFORM,0,0,0,0,0,0,0
venezuela,tristatehomepage.com,com,GLOBAL,GLOBAL,GLOBAL,PLATFORM,0,0,0,0,0,0,0
venezuela,turnto10.com,com,GLOBAL,GLOBAL,GLOBAL,PLATFORM,0,0,0,0,0,0,0
venezuela,tvguide.co.uk,uk,GB,Europe & Central Asia,OTHER,PLATFORM,0,0,0,0,0,0,0
venezuela,ukrainianjournal.com,com,GLOBAL,GLOBAL,GLOBAL,PLATFORM,0,0,0,0,0,0,0
venezuela,urbanmilwaukee.com,com,GLOBAL,GLOBAL,GLOBAL,PLATFORM,0,0,0,0,0,0,0
venezuela,us105fm.com,com,GLOBAL,GLOBAL,GLOBAL,PLATFORM,0,0,0,0,0,0,0
venezuela,usnews.com,com,GLOBAL,GLOBAL,GLOBAL,PLATFORM,0,0,0,0,0,0,0
venezuela,variety.com,com,GLOBAL,GLOBAL,GLOBAL,PLATFORM,0,0,0,0,0,0,0
venezuela,vox.com,com,GLOBAL,GLOBAL,GLOBAL,PLATFORM,0,0,0,0,0,0,0
venezuela,wach.com,com,GLOBAL,GLOBAL,GLOBAL,PLATFORM,0,0,0,0,0,0,0
venezuela,washingtonpost.com,com,GLOBAL,GLOBAL,GLOBAL,PLATFORM,0,0,0,0,0,0,0
venezuela,wbhm.org,org,GLOBAL,GLOBAL,GLOBAL,PLATFORM,0,0,0,0,0,0,0
venezuela,wbkr.com,com,GLOBAL,GLOBAL,GLOBAL,PLATFORM,0,0,0,0,0,0,0
venezuela,wblm.com,com,GLOBAL,GLOBAL,GLOBAL,PLATFORM,0,0,0,0,0,0,0
venezuela,wcyb.com,com,GLOBAL,GLOBAL,GLOBAL,PLATFORM,0,0,0,0,0,0,0
venezuela,wden.com,com,GLOBAL,GLOBAL,GLOBAL,PLATFORM,0,0,0,0,0,0,0
venezuela,wdzz.com,com,GLOBAL,GLOBAL,GLOBAL,PLATFORM,0,0,0,0,0,0,0
venezuela,wegotthiscovered.com,com,GLOBAL,GLOBAL,GLOBAL,PLATFORM,0,0,0,0,0,0,0
venezuela,wellandgood.com,com,GLOBAL,GLOBAL,GLOBAL,PLATFORM,0,0,0,0,0,0,0
venezuela,westerlynews.ca,ca,CA,North America,OTHER,PLATFORM,0,0,0,0,0,0,0
venezuela,westernpeople.ie,ie,NA,NA,OTHER,PLATFORM,0,0,0,0,0,0,0
venezuela,westkentuckystar.com,com,GLOBAL,GLOBAL,GLOBAL,PLATFORM,0,0,0,0,0,0,0
venezuela,wfft.com,com,GLOBAL,GLOBAL,GLOBAL,PLATFORM,0,0,0,0,0,0,0
venezuela,wfsb.com,com,GLOBAL,GLOBAL,GLOBAL,PLATFORM,0,0,0,0,0,0,0
venezuela,wgna.com,com,GLOBAL,GLOBAL,GLOBAL,PLATFORM,0,0,0,0,0,0,0
venezuela,wgni.com,com,GLOBAL,GLOBAL,GLOBAL,PLATFORM,0,0,0,0,0,0,0
venezuela,wharfedaleobserver.co.uk,uk,GB,Europe & Central Asia,OTHER,PLATFORM,0,0,0,0,0,0,0
venezuela,whitecourtstar.com:443,NA,NA,NA,OTHER,PLATFORM,0,0,0,0,0,0,0
venezuela,whky.com,com,GLOBAL,GLOBAL,GLOBAL,PLATFORM,0,0,0,0,0,0,0
venezuela,whp580.iheart.com,com,GLOBAL,GLOBAL,GLOBAL,PLATFORM,0,0,0,0,0,0,0
venezuela,wibqam.com,com,GLOBAL,GLOBAL,GLOBAL,PLATFORM,0,0,0,0,0,0,0
venezuela,wild1029.com,com,GLOBAL,GLOBAL,GLOBAL,PLATFORM,0,0,0,0,0,0,0
venezuela,wild104.iheart.com,com,GLOBAL,GLOBAL,GLOBAL,PLATFORM,0,0,0,0,0,0,0
venezuela,wilx.com,com,GLOBAL,GLOBAL,GLOBAL,PLATFORM,0,0,0,0,0,0,0
venezuela,winnipegfreepress.com,com,GLOBAL,GLOBAL,GLOBAL,PLATFORM,0,0,0,0,0,0,0
venezuela,wirx.com,com,GLOBAL,GLOBAL,GLOBAL,PLATFORM,0,0,0,0,0,0,0
venezuela,wjfw.com,com,GLOBAL,GLOBAL,GLOBAL,PLATFORM,0,0,0,0,0,0,0
venezuela,wkjc.com,com,GLOBAL,GLOBAL,GLOBAL,PLATFORM,0,0,0,0,0,0,0
venezuela,wkrn.com,com,GLOBAL,GLOBAL,GLOBAL,PLATFORM,0,0,0,0,0,0,0
venezuela,wktn.com,com,GLOBAL,GLOBAL,GLOBAL,PLATFORM,0,0,0,0,0,0,0
venezuela,wlox.com,com,GLOBAL,GLOBAL,GLOBAL,PLATFORM,0,0,0,0,0,0,0
venezuela,wlwi.com,com,GLOBAL,GLOBAL,GLOBAL,PLATFORM,0,0,0,0,0,0,0
venezuela,wmeq.iheart.com,com,GLOBAL,GLOBAL,GLOBAL,PLATFORM,0,0,0,0,0,0,0
venezuela,wnaw.com,com,GLOBAL,GLOBAL,GLOBAL,PLATFORM,0,0,0,0,0,0,0
venezuela,wokv.com,com,GLOBAL,GLOBAL,GLOBAL,PLATFORM,0,0,0,0,0,0,0
venezuela,worldboxingnews.net,net,GLOBAL,GLOBAL,GLOBAL,PLATFORM,0,0,0,0,0,0,0
venezuela,wpbf.com,com,GLOBAL,GLOBAL,GLOBAL,PLATFORM,0,0,0,0,0,0,0
venezuela,wpst.com,com,GLOBAL,GLOBAL,GLOBAL,PLATFORM,0,0,0,0,0,0,0
venezuela,wqut.com,com,GLOBAL,GLOBAL,GLOBAL,PLATFORM,0,0,0,0,0,0,0
venezuela,wsbt.com,com,GLOBAL,GLOBAL,GLOBAL,PLATFORM,0,0,0,0,0,0,0
venezuela,wtol.com,com,GLOBAL,GLOBAL,GLOBAL,PLATFORM,0,0,0,0,0,0,0
venezuela,wttf.com,com,GLOBAL,GLOBAL,GLOBAL,PLATFORM,0,0,0,0,0,0,0
venezuela,wvgazettemail.com,com,GLOBAL,GLOBAL,GLOBAL,PLATFORM,0,0,0,0,0,0,0
venezuela,wvik.org,org,GLOBAL,GLOBAL,GLOBAL,PLATFORM,0,0,0,0,0,0,0
venezuela,wvua23.com,com,GLOBAL,GLOBAL,GLOBAL,PLATFORM,0,0,0,0,0,0,0
venezuela,wwaytv3.com,com,GLOBAL,GLOBAL,GLOBAL,PLATFORM,0,0,0,0,0,0,0
venezuela,wxii12.com,com,GLOBAL,GLOBAL,GLOBAL,PLATFORM,0,0,0,0,0,0,0
venezuela,wxxv25.com,com,GLOBAL,GLOBAL,GLOBAL,PLATFORM,0,0,0,0,0,0,0
venezuela,wyff4.com,com,GLOBAL,GLOBAL,GLOBAL,PLATFORM,0,0,0,0,0,0,0
venezuela,yahoo.com,com,GLOBAL,GLOBAL,GLOBAL,PLATFORM,0,0,0,0,0,0,0
venezuela,yen.com.gh,gh,NA,NA,OTHER,PLATFORM,0,0,0,0,0,0,0
venezuela,yogajournal.com,com,GLOBAL,GLOBAL,GLOBAL,PLATFORM,0,0,0,0,0,0,0
venezuela,zrock103.com,com,GLOBAL,GLOBAL,GLOBAL,PLATFORM,0,0,0,0,0,0,0
venezuela,1025thefox.iheart.com,com,GLOBAL,GLOBAL,GLOBAL,PLATFORM,0,0,0,0,0,0,0
venezuela,103jamz.iheart.com,com,GLOBAL,GLOBAL,GLOBAL,PLATFORM,0,0,0,0,0,0,0
venezuela,1041thebeat.iheart.com,com,GLOBAL,GLOBAL,GLOBAL,PLATFORM,0,0,0,0,0,0,0
venezuela,1061fmtalk.iheart.com,com,GLOBAL,GLOBAL,GLOBAL,PLATFORM,0,0,0,0,0,0,0
venezuela,1061thebullyoungstown.iheart.com,com,GLOBAL,GLOBAL,GLOBAL,PLATFORM,0,0,0,0,0,0,0
venezuela,107jamz.com,com,GLOBAL,GLOBAL,GLOBAL,PLATFORM,0,0,0,0,0,0,0
venezuela,710wor.iheart.com,com,GLOBAL,GLOBAL,GLOBAL,PLATFORM,0,0,0,0,0,0,0
venezuela,925rocks.iheart.com,com,GLOBAL,GLOBAL,GLOBAL,PLATFORM,0,0,0,0,0,0,0
venezuela,929thebigdog.iheart.com,com,GLOBAL,GLOBAL,GLOBAL,PLATFORM,0,0,0,0,0,0,0
venezuela,963bigfm.com,com,GLOBAL,GLOBAL,GLOBAL,PLATFORM,0,0,0,0,0,0,0
venezuela,971zht.iheart.com,com,GLOBAL,GLOBAL,GLOBAL,PLATFORM,0,0,0,0,0,0,0
venezuela,97kicksfm.iheart.com,com,GLOBAL,GLOBAL,GLOBAL,PLATFORM,0,0,0,0,0,0,0
venezuela,abc57.com,com,GLOBAL,GLOBAL,GLOBAL,PLATFORM,0,0,0,0,0,0,0
venezuela,adn.com,com,GLOBAL,GLOBAL,GLOBAL,PLATFORM,0,0,0,0,0,0,0
venezuela,alleghenymountainradio.org,org,GLOBAL,GLOBAL,GLOBAL,PLATFORM,0,0,0,0,0,0,0
venezuela,ambrosiaforheads.com,com,GLOBAL,GLOBAL,GLOBAL,PLATFORM,0,0,0,0,0,0,0
venezuela,andoveradvertiser.co.uk,uk,GB,Europe & Central Asia,OTHER,PLATFORM,0,0,0,0,0,0,0
venezuela,aol.com,com,GLOBAL,GLOBAL,GLOBAL,PLATFORM,0,0,0,0,0,0,0
venezuela,asahi.com,com,GLOBAL,GLOBAL,GLOBAL,PLATFORM,0,0,0,0,0,0,0
venezuela,asianaviation.com,com,GLOBAL,GLOBAL,GLOBAL,PLATFORM,0,0,0,0,0,0,0
venezuela,azsnakepit.com,com,GLOBAL,GLOBAL,GLOBAL,PLATFORM,0,0,0,0,0,0,0
venezuela,b93.iheart.com,com,GLOBAL,GLOBAL,GLOBAL,PLATFORM,0,0,0,0,0,0,0
venezuela,bangkokpost.com,com,GLOBAL,GLOBAL,GLOBAL,PLATFORM,0,0,0,0,0,0,0
venezuela,barryanddistrictnews.co.uk,uk,GB,Europe & Central Asia,OTHER,PLATFORM,0,0,0,0,0,0,0
venezuela,bbc.co.uk,uk,GB,Europe & Central Asia,OTHER,PLATFORM,0,0,0,0,0,0,0
venezuela,berkeleydailyplanet.com,com,GLOBAL,GLOBAL,GLOBAL,PLATFORM,0,0,0,0,0,0,0
venezuela,berkshireeagle.com,com,GLOBAL,GLOBAL,GLOBAL,PLATFORM,0,0,0,0,0,0,0
venezuela,big1073.iheart.com,com,GLOBAL,GLOBAL,GLOBAL,PLATFORM,0,0,0,0,0,0,0
venezuela,bigislandnow.com,com,GLOBAL,GLOBAL,GLOBAL,PLATFORM,0,0,0,0,0,0,0
venezuela,blogcritics.org,org,GLOBAL,GLOBAL,GLOBAL,PLATFORM,0,0,0,0,0,0,0
venezuela,bluemountainsgazette.com.au,au,AU,East Asia & Pacific,OTHER,PLATFORM,0,0,0,0,0,0,0
venezuela,blueprint.ng,ng,NG,Sub-Saharan Africa,AFRICA,PLATFORM,0,0,0,0,0,0,0
venezuela,bnnbloomberg.ca,ca,CA,North America,OTHER,PLATFORM,0,0,0,0,0,0,0
venezuela,braidwoodtimes.com.au,au,AU,East Asia & Pacific,OTHER,PLATFORM,0,0,0,0,0,0,0
venezuela,burntorangenation.com,com,GLOBAL,GLOBAL,GLOBAL,PLATFORM,0,0,0,0,0,0,0
venezuela,cambridge-news.co.uk,uk,GB,Europe & Central Asia,OTHER,PLATFORM,0,0,0,0,0,0,0
venezuela,catholicworldreport.com,com,GLOBAL,GLOBAL,GLOBAL,PLATFORM,0,0,0,0,0,0,0
venezuela,cbs8.com,com,GLOBAL,GLOBAL,GLOBAL,PLATFORM,0,0,0,0,0,0,0
venezuela,clevelandjewishnews.com,com,GLOBAL,GLOBAL,GLOBAL,PLATFORM,0,0,0,0,0,0,0
venezuela,clutchpoints.com,com,GLOBAL,GLOBAL,GLOBAL,PLATFORM,0,0,0,0,0,0,0
venezuela,cool102.iheart.com,com,GLOBAL,GLOBAL,GLOBAL,PLATFORM,0,0,0,0,0,0,0
venezuela,cool925.iheart.com,com,GLOBAL,GLOBAL,GLOBAL,PLATFORM,0,0,0,0,0,0,0
venezuela,dailyexcelsior.com,com,GLOBAL,GLOBAL,GLOBAL,PLATFORM,0,0,0,0,0,0,0
venezuela,dailymaverick.co.za,za,ZA,Sub-Saharan Africa,AFRICA,PLATFORM,0,0,0,0,0,0,0
venezuela,dandenong.starcommunity.com.au,au,AU,East Asia & Pacific,OTHER,PLATFORM,0,0,0,0,0,0,0
venezuela,defence.pk,pk,NA,NA,OTHER,PLATFORM,0,0,0,0,0,0,0
venezuela,delcotimes.com,com,GLOBAL,GLOBAL,GLOBAL,PLATFORM,0,0,0,0,0,0,0
venezuela,easternriverinachronicle.com.au,au,AU,East Asia & Pacific,OTHER,PLATFORM,0,0,0,0,0,0,0
venezuela,echo.net.au,au,AU,East Asia & Pacific,OTHER,PLATFORM,0,0,0,0,0,0,0
venezuela,effinghamradio.com,com,GLOBAL,GLOBAL,GLOBAL,PLATFORM,0,0,0,0,0,0,0
venezuela,en.as.com,com,GLOBAL,GLOBAL,GLOBAL,PLATFORM,0,0,0,0,0,0,0
venezuela,english.news.cn,cn,CN,East Asia & Pacific,OTHER,PLATFORM,0,0,0,0,0,0,0
venezuela,famoushookups.com,com,GLOBAL,GLOBAL,GLOBAL,PLATFORM,0,0,0,0,0,0,0
venezuela,fcbarcelona.com,com,GLOBAL,GLOBAL,GLOBAL,PLATFORM,0,0,0,0,0,0,0
venezuela,fltimes.com,com,GLOBAL,GLOBAL,GLOBAL,PLATFORM,0,0,0,0,0,0,0
venezuela,fm106.iheart.com,com,GLOBAL,GLOBAL,GLOBAL,PLATFORM,0,0,0,0,0,0,0
venezuela,forbes.com,com,GLOBAL,GLOBAL,GLOBAL,PLATFORM,1,0,0,0,0,0,1
venezuela,formula1.com,com,GLOBAL,GLOBAL,GLOBAL,PLATFORM,0,0,0,0,0,0,0
venezuela,foxnews.com,com,GLOBAL,GLOBAL,GLOBAL,PLATFORM,0,0,0,0,0,0,0
venezuela,gaytimes.co.uk,uk,GB,Europe & Central Asia,OTHER,PLATFORM,0,0,0,0,0,0,0
venezuela,gazette.com,com,GLOBAL,GLOBAL,GLOBAL,PLATFORM,0,0,0,0,0,0,0
venezuela,golocalprov.com,com,GLOBAL,GLOBAL,GLOBAL,PLATFORM,0,0,0,0,0,0,0
venezuela,greekreporter.com,com,GLOBAL,GLOBAL,GLOBAL,PLATFORM,0,0,0,0,0,0,0
venezuela,guardian-series.co.uk,uk,GB,Europe & Central Asia,OTHER,PLATFORM,0,0,0,0,0,0,0
venezuela,home.nzcity.co.nz,nz,NZ,East Asia & Pacific,OTHER,PLATFORM,0,0,0,0,0,0,0
venezuela,hot933hits.com,com,GLOBAL,GLOBAL,GLOBAL,PLATFORM,0,0,0,0,0,0,0
venezuela,hotair.com,com,GLOBAL,GLOBAL,GLOBAL,PLATFORM,0,0,0,0,0,0,0
venezuela,i24news.tv,tv,NA,NA,OTHER,PLATFORM,0,0,0,0,0,0,0
venezuela,iberkshires.com,com,GLOBAL,GLOBAL,GLOBAL,PLATFORM,0,0,0,0,0,0,0
venezuela,indiagazette.com,com,GLOBAL,GLOBAL,GLOBAL,PLATFORM,0,0,0,0,0,0,0
venezuela,infotel.ca,ca,CA,North America,OTHER,PLATFORM,0,0,0,0,0,0,0
venezuela,inmaricopa.com,com,GLOBAL,GLOBAL,GLOBAL,PLATFORM,0,0,0,0,0,0,0
venezuela,irvinetimes.com,com,GLOBAL,GLOBAL,GLOBAL,PLATFORM,0,0,0,0,0,0,0
venezuela,kait8.com,com,GLOBAL,GLOBAL,GLOBAL,PLATFORM,0,0,0,0,0,0,0
venezuela,kelownadailycourier.ca,ca,CA,North America,OTHER,PLATFORM,0,0,0,0,0,0,0
venezuela,kfbk.iheart.com,com,GLOBAL,GLOBAL,GLOBAL,PLATFORM,0,0,0,0,0,0,0
venezuela,kiimfm.com,com,GLOBAL,GLOBAL,GLOBAL,PLATFORM,0,0,0,0,0,0,0
venezuela,kissalbany.iheart.com,com,GLOBAL,GLOBAL,GLOBAL,PLATFORM,0,0,0,0,0,0,0
venezuela,kivitv.com,com,GLOBAL,GLOBAL,GLOBAL,PLATFORM,0,0,0,0,0,0,0
venezuela,kiwiblog.co.nz,nz,NZ,East Asia & Pacific,OTHER,PLATFORM,0,0,0,0,0,0,0
venezuela,kix993.iheart.com,com,GLOBAL,GLOBAL,GLOBAL,PLATFORM,0,0,0,0,0,0,0
venezuela,kksa-am.com,com,GLOBAL,GLOBAL,GLOBAL,PLATFORM,0,0,0,0,0,0,0
venezuela,klkl.fm,fm,NA,NA,OTHER,PLATFORM,0,0,0,0,0,0,0
venezuela,kpq.com,com,GLOBAL,GLOBAL,GLOBAL,PLATFORM,0,0,0,0,0,0,0
venezuela,kqdy.iheart.com,com,GLOBAL,GLOBAL,GLOBAL,PLATFORM,0,0,0,0,0,0,0
venezuela,krq.iheart.com,com,GLOBAL,GLOBAL,GLOBAL,PLATFORM,0,0,0,0,0,0,0
venezuela,ksje.com,com,GLOBAL,GLOBAL,GLOBAL,PLATFORM,0,0,0,0,0,0,0
venezuela,ktvq.com,com,GLOBAL,GLOBAL,GLOBAL,PLATFORM,0,0,0,0,0,0,0
venezuela,kuathletics.com,com,GLOBAL,GLOBAL,GLOBAL,PLATFORM,0,0,0,0,0,0,0
venezuela,kwbu.org,org,GLOBAL,GLOBAL,GLOBAL,PLATFORM,0,0,0,0,0,0,0
venezuela,kz103.iheart.com,com,GLOBAL,GLOBAL,GLOBAL,PLATFORM,0,0,0,0,0,0,0
venezuela,lex18.com,com,GLOBAL,GLOBAL,GLOBAL,PLATFORM,0,0,0,0,0,0,0
venezuela,manchesterinklink.com,com,GLOBAL,GLOBAL,GLOBAL,PLATFORM,0,0,0,0,0,0,0
venezuela,mankatofreepress.com,com,GLOBAL,GLOBAL,GLOBAL,PLATFORM,0,0,0,0,0,0,0
venezuela,marinij.com,com,GLOBAL,GLOBAL,GLOBAL,PLATFORM,0,0,0,0,0,0,0
venezuela,mashable.com,com,GLOBAL,GLOBAL,GLOBAL,PLATFORM,0,0,0,0,0,0,0
venezuela,medpagetoday.com,com,GLOBAL,GLOBAL,GLOBAL,PLATFORM,0,0,0,0,0,0,0
venezuela,mix923fm.iheart.com,com,GLOBAL,GLOBAL,GLOBAL,PLATFORM,0,0,0,0,0,0,0
venezuela,moose106.iheart.com,com,GLOBAL,GLOBAL,GLOBAL,PLATFORM,0,0,0,0,0,0,0
venezuela,mta.maryland.gov,gov,NA,NA,OTHER,PLATFORM,0,0,0,1,0,0,1
venezuela,mynbc5.com,com,GLOBAL,GLOBAL,GLOBAL,PLATFORM,0,0,0,0,0,0,0
venezuela,nba.com,com,GLOBAL,GLOBAL,GLOBAL,PLATFORM,0,0,0,0,0,0,0
venezuela,nbcnewyork.com,com,GLOBAL,GLOBAL,GLOBAL,PLATFORM,0,0,0,0,0,0,0
venezuela,nbcrightnow.com,com,GLOBAL,GLOBAL,GLOBAL,PLATFORM,0,0,0,0,0,0,0
venezuela,necn.com,com,GLOBAL,GLOBAL,GLOBAL,PLATFORM,0,0,0,0,0,0,0
venezuela,netsdaily.com,com,GLOBAL,GLOBAL,GLOBAL,PLATFORM,0,0,0,0,0,0,0
venezuela,newbusinessethiopia.com,com,GLOBAL,GLOBAL,GLOBAL,PLATFORM,0,0,0,0,0,0,0
venezuela,news.com.au,au,AU,East Asia & Pacific,OTHER,PLATFORM,0,0,0,0,0,0,0
venezuela,news3lv.com,com,GLOBAL,GLOBAL,GLOBAL,PLATFORM,0,0,0,0,0,0,0
venezuela,newschannel9.com,com,GLOBAL,GLOBAL,GLOBAL,PLATFORM,0,0,0,0,0,0,0
venezuela,newsweek.com,com,GLOBAL,GLOBAL,GLOBAL,PLATFORM,0,0,0,0,0,0,0
venezuela,nigerianbulletin.com,com,GLOBAL,GLOBAL,GLOBAL,PLATFORM,0,0,0,0,0,0,0
venezuela,nj.com,com,GLOBAL,GLOBAL,GLOBAL,PLATFORM,0,0,0,0,0,0,0
venezuela,nola.com,com,GLOBAL,GLOBAL,GLOBAL,PLATFORM,0,0,0,0,0,0,0
venezuela,northcountrynow.com,com,GLOBAL,GLOBAL,GLOBAL,PLATFORM,0,0,0,0,0,0,0
venezuela,northern-times.co.uk,uk,GB,Europe & Central Asia,OTHER,PLATFORM,0,0,0,0,0,0,0
venezuela,oakdaleleader.com,com,GLOBAL,GLOBAL,GLOBAL,PLATFORM,0,0,0,0,0,0,0
venezuela,oanow.com,com,GLOBAL,GLOBAL,GLOBAL,PLATFORM,0,0,0,0,0,0,0
venezuela,obituaries.mankatofreepress.com,com,GLOBAL,GLOBAL,GLOBAL,PLATFORM,0,0,0,0,0,0,0
venezuela,omanobserver.om,om,NA,NA,OTHER,PLATFORM,0,0,0,0,0,0,0
venezuela,oneindia.com,com,GLOBAL,GLOBAL,GLOBAL,PLATFORM,0,0,0,0,0,0,0
venezuela,parisstaronline.com:443,NA,NA,NA,OTHER,PLATFORM,0,0,0,0,0,0,0
venezuela,patheos.com,com,GLOBAL,GLOBAL,GLOBAL,PLATFORM,0,0,0,0,0,0,0
venezuela,paysonroundup.com,com,GLOBAL,GLOBAL,GLOBAL,PLATFORM,0,0,0,0,0,0,0
venezuela,people.com,com,GLOBAL,GLOBAL,GLOBAL,PLATFORM,0,0,0,0,0,0,0
venezuela,perthnow.com.au,au,AU,East Asia & Pacific,OTHER,PLATFORM,0,0,0,0,0,0,0
venezuela,pittnews.com,com,GLOBAL,GLOBAL,GLOBAL,PLATFORM,0,0,0,0,0,0,0
venezuela,polkio.com,com,GLOBAL,GLOBAL,GLOBAL,PLATFORM,0,0,0,0,0,0,0
venezuela,portpirierecorder.com.au,au,AU,East Asia & Pacific,OTHER,PLATFORM,0,0,0,0,0,0,0
venezuela,postandcourier.com,com,GLOBAL,GLOBAL,GLOBAL,PLATFORM,0,0,0,0,0,0,0
venezuela,poundingtherock.com,com,GLOBAL,GLOBAL,GLOBAL,PLATFORM,0,0,0,0,0,0,0
venezuela,power1009.iheart.com,com,GLOBAL,GLOBAL,GLOBAL,PLATFORM,0,0,0,0,0,0,0
venezuela,power1051.iheart.com,com,GLOBAL,GLOBAL,GLOBAL,PLATFORM,0,0,0,0,0,0,0
venezuela,ptinews.com,com,GLOBAL,GLOBAL,GLOBAL,PLATFORM,0,0,0,0,0,0,0
venezuela,publicradiotulsa.org,org,GLOBAL,GLOBAL,GLOBAL,PLATFORM,0,0,0,0,0,0,0
venezuela,q1033.iheart.com,com,GLOBAL,GLOBAL,GLOBAL,PLATFORM,0,0,0,0,0,0,0
venezuela,q985online.com,com,GLOBAL,GLOBAL,GLOBAL,PLATFORM,0,0,0,0,0,0,0
venezuela,quadrant.org.au,au,AU,East Asia & Pacific,OTHER,PLATFORM,0,0,0,0,0,0,0
venezuela,realtybiznews.com,com,GLOBAL,GLOBAL,GLOBAL,PLATFORM,0,0,0,0,0,0,0
venezuela,reliefweb.int,int,NA,NA,OTHER,PLATFORM,0,0,0,0,0,0,0
venezuela,reviewingthebrew.com,com,GLOBAL,GLOBAL,GLOBAL,PLATFORM,0,0,0,0,0,0,0
venezuela,richmond.com,com,GLOBAL,GLOBAL,GLOBAL,PLATFORM,0,0,0,0,0,0,0
venezuela,rock967.iheart.com,com,GLOBAL,GLOBAL,GLOBAL,PLATFORM,0,0,0,0,0,0,0
venezuela,rockymounttelegram.com,com,GLOBAL,GLOBAL,GLOBAL,PLATFORM,0,0,0,0,0,0,0
venezuela,roscommonherald.ie,ie,NA,NA,OTHER,PLATFORM,0,0,0,0,0,0,0
venezuela,routesonline.com,com,GLOBAL,GLOBAL,GLOBAL,PLATFORM,0,0,0,0,0,0,0
venezuela,rte.ie,ie,NA,NA,OTHER,PLATFORM,0,0,0,0,0,0,0
venezuela,rutlandherald.com,com,GLOBAL,GLOBAL,GLOBAL,PLATFORM,0,0,0,0,0,0,0
venezuela,sarniathisweek.com:443,NA,NA,NA,OTHER,PLATFORM,0,0,0,0,0,0,0
venezuela,sheknows.com,com,GLOBAL,GLOBAL,GLOBAL,PLATFORM,0,0,0,0,0,0,0
venezuela,signalscv.com,com,GLOBAL,GLOBAL,GLOBAL,PLATFORM,0,0,0,0,0,0,0
venezuela,singletonargus.com.au,au,AU,East Asia & Pacific,OTHER,PLATFORM,0,0,0,0,0,0,0
venezuela,sltrib.com,com,GLOBAL,GLOBAL,GLOBAL,PLATFORM,0,0,0,0,0,0,0
venezuela,snl24.com,com,GLOBAL,GLOBAL,GLOBAL,PLATFORM,0,0,0,0,0,0,0
venezuela,stgeorgeutah.com,com,GLOBAL,GLOBAL,GLOBAL,PLATFORM,0,0,0,0,0,0,0
venezuela,strathroyagedispatch.com:443,NA,NA,NA,OTHER,PLATFORM,0,0,0,0,0,0,0
venezuela,stthomastimesjournal.com:443,NA,NA,NA,OTHER,PLATFORM,0,0,0,0,0,0,0
venezuela,sundaymail.co.zw,zw,NA,NA,OTHER,PLATFORM,0,0,0,0,0,0,0
venezuela,sunny102fm.iheart.com,com,GLOBAL,GLOBAL,GLOBAL,PLATFORM,0,0,0,0,0,0,0
venezuela,support.whyy.org,org,GLOBAL,GLOBAL,GLOBAL,PLATFORM,0,0,0,0,0,0,0
venezuela,sydneysun.com,com,GLOBAL,GLOBAL,GLOBAL,PLATFORM,0,0,0,0,0,0,0
venezuela,tearaway.co.nz,nz,NZ,East Asia & Pacific,OTHER,PLATFORM,0,0,0,0,0,0,0
venezuela,the42.ie,ie,NA,NA,OTHER,PLATFORM,0,0,0,0,0,0,0
venezuela,theadvocate.com,com,GLOBAL,GLOBAL,GLOBAL,PLATFORM,0,0,0,0,0,0,0
venezuela,theatlantic.com,com,GLOBAL,GLOBAL,GLOBAL,PLATFORM,0,0,0,0,0,0,0
venezuela,thebostonpilot.com,com,GLOBAL,GLOBAL,GLOBAL,PLATFORM,0,0,0,0,0,0,0
venezuela,thedailynewsonline.com,com,GLOBAL,GLOBAL,GLOBAL,PLATFORM,0,0,0,0,0,0,0
venezuela,theday.com,com,GLOBAL,GLOBAL,GLOBAL,PLATFORM,0,0,0,0,0,0,0
venezuela,thelabradorian.ca,ca,CA,North America,OTHER,PLATFORM,0,0,0,0,0,0,0
venezuela,themercury.com.au,au,AU,East Asia & Pacific,OTHER,PLATFORM,0,0,0,0,0,0,0
venezuela,thepeoplesperson.com,com,GLOBAL,GLOBAL,GLOBAL,PLATFORM,0,0,0,0,0,0,0
venezuela,thepiratescove.us,us,US,North America,OTHER,PLATFORM,0,0,0,0,0,0,0
venezuela,theriver1059.iheart.com,com,GLOBAL,GLOBAL,GLOBAL,PLATFORM,0,0,0,0,0,0,0
venezuela,theverge.com,com,GLOBAL,GLOBAL,GLOBAL,PLATFORM,0,0,0,0,0,0,0
venezuela,thewrap.com,com,GLOBAL,GLOBAL,GLOBAL,PLATFORM,0,0,0,0,0,0,0
venezuela,thirdsector.co.uk,uk,GB,Europe & Central Asia,OTHER,PLATFORM,0,0,0,0,0,0,0
venezuela,timminspress.com:443,NA,NA,NA,OTHER,PLATFORM,0,0,0,0,0,0,0
venezuela,tradearabia.com,com,GLOBAL,GLOBAL,GLOBAL,PLATFORM,0,0,0,0,0,0,0
venezuela,tsn.ca,ca,CA,North America,OTHER,PLATFORM,0,0,0,0,0,0,0
venezuela,us97.iheart.com,com,GLOBAL,GLOBAL,GLOBAL,PLATFORM,0,0,0,0,0,0,0
venezuela,vaildaily.com,com,GLOBAL,GLOBAL,GLOBAL,PLATFORM,0,0,0,0,0,0,0
venezuela,watchingamerica.com,com,GLOBAL,GLOBAL,GLOBAL,PLATFORM,0,0,0,0,0,0,0
venezuela,watoday.com.au,au,AU,East Asia & Pacific,OTHER,PLATFORM,0,0,0,0,0,0,0
venezuela,wdsu.com,com,GLOBAL,GLOBAL,GLOBAL,PLATFORM,0,0,0,0,0,0,0
venezuela,wescfm.iheart.com,com,GLOBAL,GLOBAL,GLOBAL,PLATFORM,0,0,0,0,0,0,0
venezuela,whoradio.iheart.com,com,GLOBAL,GLOBAL,GLOBAL,PLATFORM,0,0,0,0,0,0,0
venezuela,whvoradio.com,com,GLOBAL,GLOBAL,GLOBAL,PLATFORM,0,0,0,0,0,0,0
venezuela,whyy.org,org,GLOBAL,GLOBAL,GLOBAL,PLATFORM,0,0,0,0,0,0,0
venezuela,wibw.com,com,GLOBAL,GLOBAL,GLOBAL,PLATFORM,0,0,0,0,0,0,0
venezuela,winnipeg.ctvnews.ca,ca,CA,North America,OTHER,PLATFORM,0,0,0,0,0,0,0
venezuela,wirralglobe.co.uk,uk,GB,Europe & Central Asia,OTHER,PLATFORM,0,0,0,0,0,0,0
venezuela,witneygazette.co.uk,uk,GB,Europe & Central Asia,OTHER,PLATFORM,0,0,0,0,0,0,0
venezuela,wkrg.com,com,GLOBAL,GLOBAL,GLOBAL,PLATFORM,0,0,0,0,0,0,0
venezuela,wkuherald.com,com,GLOBAL,GLOBAL,GLOBAL,PLATFORM,0,0,0,0,0,0,0
venezuela,wlap.iheart.com,com,GLOBAL,GLOBAL,GLOBAL,PLATFORM,0,0,0,0,0,0,0
venezuela,wlip.com,com,GLOBAL,GLOBAL,GLOBAL,PLATFORM,0,0,0,0,0,0,0
venezuela,wmse.org,org,GLOBAL,GLOBAL,GLOBAL,PLATFORM,0,0,0,0,0,0,0
venezuela,wnic.iheart.com,com,GLOBAL,GLOBAL,GLOBAL,PLATFORM,0,0,0,0,0,0,0
venezuela,wsvn.com,com,GLOBAL,GLOBAL,GLOBAL,PLATFORM,0,0,0,0,0,0,0
venezuela,wtag.iheart.com,com,GLOBAL,GLOBAL,GLOBAL,PLATFORM,0,0,0,0,0,0,0
venezuela,wtma.com,com,GLOBAL,GLOBAL,GLOBAL,PLATFORM,0,0,0,0,0,0,0
venezuela,yasstribune.com.au,au,AU,East Asia & Pacific,OTHER,PLATFORM,0,0,0,0,0,0,0
venezuela,yourlocalguardian.co.uk,uk,GB,Europe & Central Asia,OTHER,PLATFORM,0,0,0,0,0,0,0
venezuela,ypradio.org,org,GLOBAL,GLOBAL,GLOBAL,PLATFORM,0,0,0,0,0,0,0
venezuela,790waeb.iheart.com,com,GLOBAL,GLOBAL,GLOBAL,PLATFORM,0,0,0,0,0,0,0
venezuela,953thebear.com,com,GLOBAL,GLOBAL,GLOBAL,PLATFORM,0,0,0,0,0,0,0
venezuela,985kissfm.net,net,GLOBAL,GLOBAL,GLOBAL,PLATFORM,0,0,0,0,0,0,0
venezuela,993thebeat.iheart.com,com,GLOBAL,GLOBAL,GLOBAL,PLATFORM,0,0,0,0,0,0,0
venezuela,9news.com,com,GLOBAL,GLOBAL,GLOBAL,PLATFORM,0,0,0,0,0,0,0
venezuela,accessatlanta.com,com,GLOBAL,GLOBAL,GLOBAL,PLATFORM,0,0,0,0,0,0,0
venezuela,al-awassef.com,com,GLOBAL,GLOBAL,GLOBAL,PLATFORM,0,0,0,0,0,0,0
venezuela,al-monitor.com,com,GLOBAL,GLOBAL,GLOBAL,PLATFORM,0,0,0,0,0,0,0
venezuela,al.com,com,GLOBAL,GLOBAL,GLOBAL,PLATFORM,0,0,0,0,0,0,0
venezuela,arabnews.com,com,GLOBAL,GLOBAL,GLOBAL,PLATFORM,0,0,1,0,0,0,1
venezuela,arizonadailyindependent.com,com,GLOBAL,GLOBAL,GLOBAL,PLATFORM,0,0,0,0,0,0,0
venezuela,atholdailynews.com,com,GLOBAL,GLOBAL,GLOBAL,PLATFORM,0,0,0,0,0,0,0
venezuela,avweb.com,com,GLOBAL,GLOBAL,GLOBAL,PLATFORM,0,0,0,0,0,0,0
venezuela,azfamily.com,com,GLOBAL,GLOBAL,GLOBAL,PLATFORM,0,0,0,0,0,0,0
venezuela,b98.com,com,GLOBAL,GLOBAL,GLOBAL,PLATFORM,0,0,0,0,0,0,0
venezuela,bakersfield.com,com,GLOBAL,GLOBAL,GLOBAL,PLATFORM,0,0,0,0,0,0,0
venezuela,behindthesteelcurtain.com,com,GLOBAL,GLOBAL,GLOBAL,PLATFORM,0,0,0,0,0,0,0
venezuela,bellanaija.com,com,GLOBAL,GLOBAL,GLOBAL,PLATFORM,0,0,0,0,0,0,0
venezuela,bigoven.com,com,GLOBAL,GLOBAL,GLOBAL,PLATFORM,0,0,0,0,0,0,0
venezuela,bleacherreport.com,com,GLOBAL,GLOBAL,GLOBAL,PLATFORM,0,0,0,0,0,0,0
venezuela,bostonherald.com,com,GLOBAL,GLOBAL,GLOBAL,PLATFORM,0,0,0,0,0,0,0
venezuela,bozemandailychronicle.com,com,GLOBAL,GLOBAL,GLOBAL,PLATFORM,0,0,0,0,0,0,0
venezuela,business.inquirer.net,net,GLOBAL,GLOBAL,GLOBAL,PLATFORM,0,0,0,0,0,0,0
venezuela,cagle.com,com,GLOBAL,GLOBAL,GLOBAL,PLATFORM,0,0,0,0,0,0,0
venezuela,cbs58.com,com,GLOBAL,GLOBAL,GLOBAL,PLATFORM,0,0,0,0,0,0,0
venezuela,channelstv.com,com,GLOBAL,GLOBAL,GLOBAL,PLATFORM,0,0,0,0,0,0,0
venezuela,chicagotribune.com,com,GLOBAL,GLOBAL,GLOBAL,PLATFORM,0,0,0,0,0,0,0
venezuela,chimpreports.com,com,GLOBAL,GLOBAL,GLOBAL,PLATFORM,0,0,0,0,0,0,0
venezuela,chinaview.cn,cn,CN,East Asia & Pacific,OTHER,PLATFORM,0,0,0,0,0,0,0
venezuela,chipchick.com,com,GLOBAL,GLOBAL,GLOBAL,PLATFORM,0,0,0,0,0,0,0
venezuela,cincyjungle.com,com,GLOBAL,GLOBAL,GLOBAL,PLATFORM,0,0,0,0,0,0,0
venezuela,citybeat.com,com,GLOBAL,GLOBAL,GLOBAL,PLATFORM,0,0,0,0,0,0,0
venezuela,community.scoop.co.nz,nz,NZ,East Asia & Pacific,OTHER,PLATFORM,0,0,0,0,0,0,0
venezuela,courant.com,com,GLOBAL,GLOBAL,GLOBAL,PLATFORM,0,0,0,0,0,0,0
venezuela,dailycollegian.com,com,GLOBAL,GLOBAL,GLOBAL,PLATFORM,0,0,0,0,0,0,0
venezuela,dailyillini.com,com,GLOBAL,GLOBAL,GLOBAL,PLATFORM,0,0,0,0,0,0,0
venezuela,dailykos.com,com,GLOBAL,GLOBAL,GLOBAL,PLATFORM,0,0,0,0,0,0,0
venezuela,dailymirror.lk,lk,NA,NA,OTHER,PLATFORM,0,0,0,0,0,0,0
venezuela,dailyorange.com,com,GLOBAL,GLOBAL,GLOBAL,PLATFORM,0,0,0,0,0,0,0
venezuela,dailypress.com,com,GLOBAL,GLOBAL,GLOBAL,PLATFORM,0,0,0,0,0,0,0
venezuela,denverpost.com,com,GLOBAL,GLOBAL,GLOBAL,PLATFORM,0,0,0,0,0,0,0
venezuela,dhakatribune.com,com,GLOBAL,GLOBAL,GLOBAL,PLATFORM,0,0,0,0,0,0,0
venezuela,dublincity.ie,ie,NA,NA,OTHER,PLATFORM,0,0,0,0,0,0,0
venezuela,eastbaytimes.com,com,GLOBAL,GLOBAL,GLOBAL,PLATFORM,0,0,0,0,0,0,0
venezuela,elystandard.co.uk,uk,GB,Europe & Central Asia,OTHER,PLATFORM,0,0,0,0,0,0,0
venezuela,empireofthekop.com,com,GLOBAL,GLOBAL,GLOBAL,PLATFORM,0,0,0,0,0,0,0
venezuela,enviweb.cz,cz,NA,NA,OTHER,PLATFORM,0,0,0,0,0,0,0
venezuela,ephotozine.com,com,GLOBAL,GLOBAL,GLOBAL,PLATFORM,0,0,0,0,0,0,0
venezuela,eurogamer.net,net,GLOBAL,GLOBAL,GLOBAL,PLATFORM,0,0,0,0,0,0,0
venezuela,expressandstar.com,com,GLOBAL,GLOBAL,GLOBAL,PLATFORM,0,0,0,0,0,0,0
venezuela,fark.com,com,GLOBAL,GLOBAL,GLOBAL,PLATFORM,0,0,0,0,0,0,0
venezuela,flickeringmyth.com,com,GLOBAL,GLOBAL,GLOBAL,PLATFORM,0,0,0,0,0,0,0
venezuela,fox13news.com,com,GLOBAL,GLOBAL,GLOBAL,PLATFORM,0,0,0,0,0,0,0
venezuela,fox43.com,com,GLOBAL,GLOBAL,GLOBAL,PLATFORM,0,0,0,0,0,0,0
venezuela,fox59.com,com,GLOBAL,GLOBAL,GLOBAL,PLATFORM,0,0,0,0,0,0,0
venezuela,fox5ny.com,com,GLOBAL,GLOBAL,GLOBAL,PLATFORM,0,0,0,0,0,0,0
venezuela,foxcarolina.com,com,GLOBAL,GLOBAL,GLOBAL,PLATFORM,0,0,0,0,0,0,0
venezuela,foxsportsam1280.iheart.com,com,GLOBAL,GLOBAL,GLOBAL,PLATFORM,0,0,0,0,0,0,0
venezuela,funkytaurusmedia.com,com,GLOBAL,GLOBAL,GLOBAL,PLATFORM,0,0,0,0,0,0,0
venezuela,gamerant.com,com,GLOBAL,GLOBAL,GLOBAL,PLATFORM,0,0,0,0,0,0,0
venezuela,gdnonline.com,com,GLOBAL,GLOBAL,GLOBAL,PLATFORM,0,0,0,0,0,0,0
venezuela,georgetownvoice.com,com,GLOBAL,GLOBAL,GLOBAL,PLATFORM,0,0,0,0,0,0,0
venezuela,gringogazette.com,com,GLOBAL,GLOBAL,GLOBAL,PLATFORM,0,0,0,0,0,0,0
venezuela,gulf-times.com,com,GLOBAL,GLOBAL,GLOBAL,PLATFORM,0,0,0,0,0,0,0
venezuela,halfwheel.com,com,GLOBAL,GLOBAL,GLOBAL,PLATFORM,0,0,0,0,0,0,0
venezuela,hawkesburygazette.com.au,au,AU,East Asia & Pacific,OTHER,PLATFORM,0,0,0,0,0,0,0
venezuela,heavy.com,com,GLOBAL,GLOBAL,GLOBAL,PLATFORM,0,0,0,0,0,0,0
venezuela,hiawathaworldonline.com,com,GLOBAL,GLOBAL,GLOBAL,PLATFORM,0,0,0,0,0,0,0
venezuela,homenewshere.com,com,GLOBAL,GLOBAL,GLOBAL,PLATFORM,0,0,0,0,0,0,0
venezuela,hot101.com,com,GLOBAL,GLOBAL,GLOBAL,PLATFORM,0,0,0,0,0,0,0
venezuela,humanevents.com:443,NA,NA,NA,OTHER,PLATFORM,0,0,0,0,0,0,0
venezuela,iclarified.com,com,GLOBAL,GLOBAL,GLOBAL,PLATFORM,0,0,0,0,0,0,0
venezuela,idahostatejournal.com,com,GLOBAL,GLOBAL,GLOBAL,PLATFORM,0,0,0,0,0,0,0
venezuela,idahostatesman.com,com,GLOBAL,GLOBAL,GLOBAL,PLATFORM,0,0,0,0,0,0,0
venezuela,imore.com,com,GLOBAL,GLOBAL,GLOBAL,PLATFORM,0,0,0,0,0,0,0
venezuela,indaily.com.au,au,AU,East Asia & Pacific,OTHER,PLATFORM,0,0,0,0,0,0,0
venezuela,independentaustralia.net,net,GLOBAL,GLOBAL,GLOBAL,PLATFORM,0,0,0,0,0,0,0
venezuela,insidermonkey.com,com,GLOBAL,GLOBAL,GLOBAL,PLATFORM,0,0,0,0,0,0,0
venezuela,ipwatchdog.com,com,GLOBAL,GLOBAL,GLOBAL,PLATFORM,0,0,0,0,0,0,0
venezuela,jaysjournal.com,com,GLOBAL,GLOBAL,GLOBAL,PLATFORM,0,0,0,0,0,0,0
venezuela,jewishchronicle.org,org,GLOBAL,GLOBAL,GLOBAL,PLATFORM,0,0,0,0,0,0,0
venezuela,jhnewsandguide.com,com,GLOBAL,GLOBAL,GLOBAL,PLATFORM,0,0,0,0,0,0,0
venezuela,justjared.com,com,GLOBAL,GLOBAL,GLOBAL,PLATFORM,0,0,0,0,0,0,0
venezuela,k96fm.com,com,GLOBAL,GLOBAL,GLOBAL,PLATFORM,0,0,0,0,0,0,0
venezuela,kafe.com,com,GLOBAL,GLOBAL,GLOBAL,PLATFORM,0,0,0,0,0,0,0
venezuela,kcrg.com,com,GLOBAL,GLOBAL,GLOBAL,PLATFORM,0,0,0,0,0,0,0
venezuela,keighleynews.co.uk,uk,GB,Europe & Central Asia,OTHER,PLATFORM,0,0,0,0,0,0,0
venezuela,kens5.com,com,GLOBAL,GLOBAL,GLOBAL,PLATFORM,0,0,0,0,0,0,0
venezuela,ketr.org,org,GLOBAL,GLOBAL,GLOBAL,PLATFORM,0,0,0,0,0,0,0
venezuela,khou.com,com,GLOBAL,GLOBAL,GLOBAL,PLATFORM,0,0,0,0,0,0,0
venezuela,khq.com,com,GLOBAL,GLOBAL,GLOBAL,PLATFORM,0,0,0,0,0,0,0
venezuela,kisscasper.com,com,GLOBAL,GLOBAL,GLOBAL,PLATFORM,0,0,0,0,0,0,0
venezuela,klur.com,com,GLOBAL,GLOBAL,GLOBAL,PLATFORM,0,0,0,0,0,0,0
venezuela,kmov.com,com,GLOBAL,GLOBAL,GLOBAL,PLATFORM,0,0,0,0,0,0,0
venezuela,krmsradio.com,com,GLOBAL,GLOBAL,GLOBAL,PLATFORM,0,0,0,0,0,0,0
venezuela,ktep.org,org,GLOBAL,GLOBAL,GLOBAL,PLATFORM,0,0,0,0,0,0,0
venezuela,kxic.iheart.com,com,GLOBAL,GLOBAL,GLOBAL,PLATFORM,0,0,0,0,0,0,0
venezuela,kxl.com,com,GLOBAL,GLOBAL,GLOBAL,PLATFORM,0,0,0,0,0,0,0
venezuela,kxnet.com,com,GLOBAL,GLOBAL,GLOBAL,PLATFORM,0,0,0,0,0,0,0
venezuela,lbc.co.uk,uk,GB,Europe & Central Asia,OTHER,PLATFORM,0,0,0,0,0,0,0
venezuela,limelightmagazine.com.au,au,AU,East Asia & Pacific,OTHER,PLATFORM,0,0,0,0,0,0,0
venezuela,lite987.com,com,GLOBAL,GLOBAL,GLOBAL,PLATFORM,0,0,0,0,0,0,0
venezuela,livescience.com,com,GLOBAL,GLOBAL,GLOBAL,PLATFORM,0,0,0,0,0,0,0
venezuela,marketscreener.com,com,GLOBAL,GLOBAL,GLOBAL,PLATFORM,0,0,0,0,0,0,0
venezuela,mediaite.com,com,GLOBAL,GLOBAL,GLOBAL,PLATFORM,0,0,0,0,0,0,0
venezuela,miningnews.net,net,GLOBAL,GLOBAL,GLOBAL,PLATFORM,0,0,0,0,0,0,0
venezuela,mix941kmxj.com,com,GLOBAL,GLOBAL,GLOBAL,PLATFORM,0,0,0,0,0,0,0
venezuela,moddb.com,com,GLOBAL,GLOBAL,GLOBAL,PLATFORM,0,0,0,0,0,0,0
venezuela,montreal.ctvnews.ca,ca,CA,North America,OTHER,PLATFORM,0,0,0,0,0,0,0
venezuela,mybuckhannon.com,com,GLOBAL,GLOBAL,GLOBAL,PLATFORM,0,0,0,0,0,0,0
venezuela,myjoyonline.com,com,GLOBAL,GLOBAL,GLOBAL,PLATFORM,0,0,0,0,0,0,0
venezuela,mynewsla.com,com,GLOBAL,GLOBAL,GLOBAL,PLATFORM,0,0,0,0,0,0,0
venezuela,namibiansun.com,com,GLOBAL,GLOBAL,GLOBAL,PLATFORM,0,0,0,0,0,0,0
venezuela,napavalleyregister.com,com,GLOBAL,GLOBAL,GLOBAL,PLATFORM,0,0,0,0,0,0,0
venezuela,nasaspaceflight.com,com,GLOBAL,GLOBAL,GLOBAL,PLATFORM,0,0,0,0,0,0,0
venezuela,nbr.co.nz,nz,NZ,East Asia & Pacific,OTHER,PLATFORM,0,0,0,0,0,0,0
venezuela,nevadaappeal.com,com,GLOBAL,GLOBAL,GLOBAL,PLATFORM,0,0,0,0,0,0,0
venezuela,newburyportnews.com,com,GLOBAL,GLOBAL,GLOBAL,PLATFORM,0,0,0,0,0,0,0
venezuela,news.antiwar.com,com,GLOBAL,GLOBAL,GLOBAL,PLATFORM,0,0,0,0,0,0,0
venezuela,news.webindia123.com,com,GLOBAL,GLOBAL,GLOBAL,PLATFORM,0,0,0,0,0,0,0
venezuela,newsday.com,com,GLOBAL,GLOBAL,GLOBAL,PLATFORM,0,0,0,0,0,0,0
venezuela,newsdigest.ng,ng,NG,Sub-Saharan Africa,AFRICA,PLATFORM,0,0,0,0,0,0,0
venezuela,newspressnow.com,com,GLOBAL,GLOBAL,GLOBAL,PLATFORM,0,0,0,0,0,0,0
venezuela,newyorker.com,com,GLOBAL,GLOBAL,GLOBAL,PLATFORM,0,0,0,0,0,0,0
venezuela,nhl.com,com,GLOBAL,GLOBAL,GLOBAL,PLATFORM,0,0,0,0,0,0,0
venezuela,nigerianeye.com,com,GLOBAL,GLOBAL,GLOBAL,PLATFORM,0,0,0,0,0,0,0
venezuela,noozhawk.com,com,GLOBAL,GLOBAL,GLOBAL,PLATFORM,0,0,0,0,0,0,0
venezuela,nova.ie,ie,NA,NA,OTHER,PLATFORM,0,0,0,0,0,0,0
venezuela,nzherald.co.nz,nz,NZ,East Asia & Pacific,OTHER,PLATFORM,0,0,0,0,0,0,0
venezuela,oilprice.com,com,GLOBAL,GLOBAL,GLOBAL,PLATFORM,0,0,0,0,0,0,0
venezuela,oklahomastar.com,com,GLOBAL,GLOBAL,GLOBAL,PLATFORM,0,0,0,0,0,0,0
venezuela,orlandosentinel.com,com,GLOBAL,GLOBAL,GLOBAL,PLATFORM,0,0,0,0,0,0,0
venezuela,patriotla.iheart.com,com,GLOBAL,GLOBAL,GLOBAL,PLATFORM,0,0,0,0,0,0,0
venezuela,peninsuladailynews.com,com,GLOBAL,GLOBAL,GLOBAL,PLATFORM,0,0,0,0,0,0,0
venezuela,pennlive.com,com,GLOBAL,GLOBAL,GLOBAL,PLATFORM,0,0,0,0,0,0,0
venezuela,phoronix.com,com,GLOBAL,GLOBAL,GLOBAL,PLATFORM,0,0,0,0,0,0,0
venezuela,pinkvilla.com,com,GLOBAL,GLOBAL,GLOBAL,PLATFORM,0,0,0,0,0,0,0
venezuela,postbulletin.com,com,GLOBAL,GLOBAL,GLOBAL,PLATFORM,0,0,0,0,0,0,0
venezuela,punchng.com,com,GLOBAL,GLOBAL,GLOBAL,PLATFORM,0,0,0,0,0,0,0
venezuela,readingeagle.com,com,GLOBAL,GLOBAL,GLOBAL,PLATFORM,0,0,0,0,0,0,0
venezuela,realitytvworld.com,com,GLOBAL,GLOBAL,GLOBAL,PLATFORM,0,0,0,0,0,0,0
venezuela,recorder.com,com,GLOBAL,GLOBAL,GLOBAL,PLATFORM,0,0,0,0,0,0,0
venezuela,regina.ctvnews.ca,ca,CA,North America,OTHER,PLATFORM,0,0,0,0,0,0,0
venezuela,rewind943.com,com,GLOBAL,GLOBAL,GLOBAL,PLATFORM,0,0,0,0,0,0,0
venezuela,romesentinel.com,com,GLOBAL,GLOBAL,GLOBAL,PLATFORM,0,0,0,0,0,0,0
venezuela,sandiegouniontribune.com,com,GLOBAL,GLOBAL,GLOBAL,PLATFORM,0,0,0,0,0,0,0
venezuela,saratogian.com,com,GLOBAL,GLOBAL,GLOBAL,PLATFORM,0,0,0,0,0,0,0
venezuela,saultthisweek.com:443,NA,NA,NA,OTHER,PLATFORM,0,0,0,0,0,0,0
venezuela,sosradio.net,net,GLOBAL,GLOBAL,GLOBAL,PLATFORM,0,0,0,0,0,0,0
venezuela,speedwaymedia.com,com,GLOBAL,GLOBAL,GLOBAL,PLATFORM,0,0,0,0,0,0,0
venezuela,springfieldnewssun.com,com,GLOBAL,GLOBAL,GLOBAL,PLATFORM,0,0,0,0,0,0,0
venezuela,standard.net.au,au,AU,East Asia & Pacific,OTHER,PLATFORM,0,0,0,0,0,0,0
venezuela,standardmedia.co.ke,ke,NA,NA,OTHER,PLATFORM,0,0,0,0,0,0,0
venezuela,starobserver.com.au,au,AU,East Asia & Pacific,OTHER,PLATFORM,0,0,0,0,0,0,0
venezuela,stereoboard.com,com,GLOBAL,GLOBAL,GLOBAL,PLATFORM,0,0,0,0,0,0,0
venezuela,stourbridgenews.co.uk,uk,GB,Europe & Central Asia,OTHER,PLATFORM,0,0,0,0,0,0,0
venezuela,strategy-business.com,com,GLOBAL,GLOBAL,GLOBAL,PLATFORM,0,0,0,0,0,0,0
venezuela,stuff.co.nz,nz,NZ,East Asia & Pacific,OTHER,PLATFORM,0,0,0,0,0,0,0
venezuela,swoknews.com,com,GLOBAL,GLOBAL,GLOBAL,PLATFORM,0,0,0,0,0,0,0
venezuela,tampabay.com,com,GLOBAL,GLOBAL,GLOBAL,PLATFORM,0,0,0,0,0,0,0
venezuela,techradar.com,com,GLOBAL,GLOBAL,GLOBAL,PLATFORM,0,0,0,0,0,0,0
venezuela,telegraphherald.com,com,GLOBAL,GLOBAL,GLOBAL,PLATFORM,0,0,0,0,0,0,0
venezuela,tesfanews.net,net,GLOBAL,GLOBAL,GLOBAL,PLATFORM,0,0,0,0,0,0,0
venezuela,thailand-business-news.com,com,GLOBAL,GLOBAL,GLOBAL,PLATFORM,0,0,0,0,0,0,0
venezuela,theconversation.com,com,GLOBAL,GLOBAL,GLOBAL,PLATFORM,0,0,0,0,0,0,0
venezuela,thecourier.com.au,au,AU,East Asia & Pacific,OTHER,PLATFORM,0,0,0,0,0,0,0
venezuela,theepochtimes.com,com,GLOBAL,GLOBAL,GLOBAL,PLATFORM,0,0,0,0,0,0,0
venezuela,thehindu.com,com,GLOBAL,GLOBAL,GLOBAL,PLATFORM,0,0,0,0,0,0,0
venezuela,theitem.com,com,GLOBAL,GLOBAL,GLOBAL,PLATFORM,0,0,0,0,0,0,0
venezuela,thenational.scot,scot,NA,NA,OTHER,PLATFORM,0,0,0,0,0,0,0
venezuela,thenews-chronicle.com,com,GLOBAL,GLOBAL,GLOBAL,PLATFORM,0,0,0,0,0,0,0
venezuela,thenews.com.pk,pk,NA,NA,OTHER,PLATFORM,0,0,0,0,0,0,0
venezuela,thenewsnigeria.com.ng,ng,NG,Sub-Saharan Africa,AFRICA,PLATFORM,0,0,0,0,0,0,0
venezuela,theprint.in,in,IN,South Asia,OTHER,PLATFORM,0,0,0,0,0,0,0
venezuela,therightscoop.com,com,GLOBAL,GLOBAL,GLOBAL,PLATFORM,0,0,0,0,0,0,0
venezuela,theshovel.com.au,au,AU,East Asia & Pacific,OTHER,PLATFORM,0,0,0,0,0,0,0
venezuela,thewest.com.au,au,AU,East Asia & Pacific,OTHER,PLATFORM,0,0,0,0,0,0,0
venezuela,thisismoney.co.uk,uk,GB,Europe & Central Asia,OTHER,PLATFORM,0,0,0,0,0,0,0
venezuela,times-advocate.com,com,GLOBAL,GLOBAL,GLOBAL,PLATFORM,0,0,0,0,0,0,0
venezuela,timesofsandiego.com,com,GLOBAL,GLOBAL,GLOBAL,PLATFORM,0,0,0,0,0,0,0
venezuela,toronto.ctvnews.ca,ca,CA,North America,OTHER,PLATFORM,0,0,0,0,0,0,0
venezuela,tradewindsnews.com,com,GLOBAL,GLOBAL,GLOBAL,PLATFORM,0,0,0,0,0,0,0
venezuela,tulsaworld.com,com,GLOBAL,GLOBAL,GLOBAL,PLATFORM,0,0,0,0,0,0,0
venezuela,up.edu.ph,ph,NA,NA,OTHER,PLATFORM,0,0,0,0,0,0,0
venezuela,usanetwork.com,com,GLOBAL,GLOBAL,GLOBAL,PLATFORM,0,0,0,0,0,0,0
venezuela,valawyersweekly.com,com,GLOBAL,GLOBAL,GLOBAL,PLATFORM,0,0,0,0,0,0,0
venezuela,valleynewslive.com,com,GLOBAL,GLOBAL,GLOBAL,PLATFORM,0,0,0,0,0,0,0
venezuela,vancouversun.com:443,NA,NA,NA,OTHER,PLATFORM,0,0,0,0,0,0,0
venezuela,voanews.com,com,GLOBAL,GLOBAL,GLOBAL,PLATFORM,0,0,0,0,0,0,0
venezuela,wa1a.com,com,GLOBAL,GLOBAL,GLOBAL,PLATFORM,0,0,0,0,0,0,0
venezuela,warm1033.com,com,GLOBAL,GLOBAL,GLOBAL,PLATFORM,0,0,0,0,0,0,0
venezuela,washingtontimes.com,com,GLOBAL,GLOBAL,GLOBAL,PLATFORM,0,0,0,0,0,0,0
venezuela,wbal.com,com,GLOBAL,GLOBAL,GLOBAL,PLATFORM,0,0,0,0,0,0,0
venezuela,wfmz.com,com,GLOBAL,GLOBAL,GLOBAL,PLATFORM,0,0,0,0,0,0,0
venezuela,wftv.com,com,GLOBAL,GLOBAL,GLOBAL,PLATFORM,0,0,0,0,0,0,0
venezuela,wfxl.com,com,GLOBAL,GLOBAL,GLOBAL,PLATFORM,0,0,0,0,0,0,0
venezuela,whbl.com,com,GLOBAL,GLOBAL,GLOBAL,PLATFORM,0,0,0,0,0,0,0
venezuela,whmi.com,com,GLOBAL,GLOBAL,GLOBAL,PLATFORM,0,0,0,0,0,0,0
venezuela,whqr.org,org,GLOBAL,GLOBAL,GLOBAL,PLATFORM,0,0,0,0,0,0,0
venezuela,windowscentral.com,com,GLOBAL,GLOBAL,GLOBAL,PLATFORM,0,0,0,0,0,0,0
venezuela,wine-searcher.com,com,GLOBAL,GLOBAL,GLOBAL,PLATFORM,0,0,0,0,0,0,0
venezuela,wkbw.com,com,GLOBAL,GLOBAL,GLOBAL,PLATFORM,0,0,0,0,0,0,0
venezuela,wlwt.com,com,GLOBAL,GLOBAL,GLOBAL,PLATFORM,0,0,0,0,0,0,0
venezuela,woodradio.iheart.com,com,GLOBAL,GLOBAL,GLOBAL,PLATFORM,0,0,0,0,0,0,0
venezuela,workplaceinsight.net,net,GLOBAL,GLOBAL,GLOBAL,PLATFORM,0,0,0,0,0,0,0
venezuela,wowktv.com,com,GLOBAL,GLOBAL,GLOBAL,PLATFORM,0,0,0,0,0,0,0
venezuela,wprl.org,org,GLOBAL,GLOBAL,GLOBAL,PLATFORM,0,0,0,0,0,0,0
venezuela,wpxi.com,com,GLOBAL,GLOBAL,GLOBAL,PLATFORM,0,0,0,0,0,0,0
venezuela,wtov9.com,com,GLOBAL,GLOBAL,GLOBAL,PLATFORM,0,0,0,0,0,0,0
venezuela,wtvr.com,com,GLOBAL,GLOBAL,GLOBAL,PLATFORM,0,0,0,0,0,0,0
venezuela,wutc.org,org,GLOBAL,GLOBAL,GLOBAL,PLATFORM,0,0,0,0,0,0,0
venezuela,wwno.org,org,GLOBAL,GLOBAL,GLOBAL,PLATFORM,0,0,0,0,0,0,0
venezuela,wxfx.com,com,GLOBAL,GLOBAL,GLOBAL,PLATFORM,0,0,0,0,0,0,0
venezuela,wyomingnews.com,com,GLOBAL,GLOBAL,GLOBAL,PLATFORM,0,0,0,0,0,0,0
venezuela,xxlmag.com,com,GLOBAL,GLOBAL,GLOBAL,PLATFORM,0,0,0,0,0,0,0
venezuela,yankton.net,net,GLOBAL,GLOBAL,GLOBAL,PLATFORM,0,0,0,0,0,0,0
venezuela,z93jamz.com,com,GLOBAL,GLOBAL,GLOBAL,PLATFORM,0,0,0,0,0,0,0
venezuela,102thebear.com,com,GLOBAL,GLOBAL,GLOBAL,PLATFORM,0,0,0,0,0,0,0
venezuela,1035kissfm.iheart.com,com,GLOBAL,GLOBAL,GLOBAL,PLATFORM,0,0,0,0,0,0,0
venezuela,103weup.com,com,GLOBAL,GLOBAL,GLOBAL,PLATFORM,0,0,0,0,0,0,0
venezuela,1049thebeat.com,com,GLOBAL,GLOBAL,GLOBAL,PLATFORM,0,0,0,0,0,0,0
venezuela,1057thex.com,com,GLOBAL,GLOBAL,GLOBAL,PLATFORM,0,0,0,0,0,0,0
venezuela,1190kex.iheart.com,com,GLOBAL,GLOBAL,GLOBAL,PLATFORM,0,0,0,0,0,0,0
venezuela,1190talkradio.iheart.com,com,GLOBAL,GLOBAL,GLOBAL,PLATFORM,0,0,0,0,0,0,0
venezuela,11alive.com,com,GLOBAL,GLOBAL,GLOBAL,PLATFORM,0,0,0,0,0,0,0
venezuela,3aw.com.au,au,AU,East Asia & Pacific,OTHER,PLATFORM,0,0,0,0,0,0,0
venezuela,8newsnow.com,com,GLOBAL,GLOBAL,GLOBAL,PLATFORM,0,0,0,0,0,0,0
venezuela,92qnashville.com,com,GLOBAL,GLOBAL,GLOBAL,PLATFORM,0,0,0,0,0,0,0
venezuela,947-star.com,com,GLOBAL,GLOBAL,GLOBAL,PLATFORM,0,0,0,0,0,0,0
venezuela,961jamz.com,com,GLOBAL,GLOBAL,GLOBAL,PLATFORM,0,0,0,0,0,0,0
venezuela,972mag.com,com,GLOBAL,GLOBAL,GLOBAL,PLATFORM,0,0,0,0,0,0,0
venezuela,980waav.com,com,GLOBAL,GLOBAL,GLOBAL,PLATFORM,0,0,0,0,0,0,0
venezuela,98rockme.iheart.com,com,GLOBAL,GLOBAL,GLOBAL,PLATFORM,0,0,0,0,0,0,0
venezuela,999ktdy.com,com,GLOBAL,GLOBAL,GLOBAL,PLATFORM,0,0,0,0,0,0,0
venezuela,999thepoint.com,com,GLOBAL,GLOBAL,GLOBAL,PLATFORM,0,0,0,0,0,0,0
venezuela,9news.com.au,au,AU,East Asia & Pacific,OTHER,PLATFORM,0,0,0,0,0,0,0
venezuela,abajournal.com,com,GLOBAL,GLOBAL,GLOBAL,PLATFORM,0,0,0,0,0,0,0
venezuela,abc3340.com,com,GLOBAL,GLOBAL,GLOBAL,PLATFORM,0,0,0,0,0,0,0
venezuela,abc6onyourside.com,com,GLOBAL,GLOBAL,GLOBAL,PLATFORM,0,0,0,0,0,0,0
venezuela,abc7.com,com,GLOBAL,GLOBAL,GLOBAL,PLATFORM,0,0,0,0,0,0,0
venezuela,abc7ny.com,com,GLOBAL,GLOBAL,GLOBAL,PLATFORM,0,0,0,0,0,0,0
venezuela,abovethelaw.com,com,GLOBAL,GLOBAL,GLOBAL,PLATFORM,0,0,0,0,0,0,0
venezuela,acainternational.org,org,GLOBAL,GLOBAL,GLOBAL,PLATFORM,0,0,0,0,0,0,0
venezuela,accountantsdaily.com.au,au,AU,East Asia & Pacific,OTHER,PLATFORM,0,0,0,0,0,0,0
venezuela,agcnews.eu,eu,NA,NA,OTHER,PLATFORM,0,0,0,0,0,0,0
venezuela,agweb.com,com,GLOBAL,GLOBAL,GLOBAL,PLATFORM,0,0,0,0,0,0,0
venezuela,annistonstar.com,com,GLOBAL,GLOBAL,GLOBAL,PLATFORM,0,0,0,0,0,0,0
venezuela,archaeology.org,org,GLOBAL,GLOBAL,GLOBAL,PLATFORM,0,0,0,0,0,0,0
venezuela,arrowheadpride.com,com,GLOBAL,GLOBAL,GLOBAL,PLATFORM,0,0,0,0,0,0,0
venezuela,auckland.scoop.co.nz,nz,NZ,East Asia & Pacific,OTHER,PLATFORM,0,0,0,0,0,0,0
venezuela,austin.culturemap.com,com,GLOBAL,GLOBAL,GLOBAL,PLATFORM,0,0,0,0,0,0,0
venezuela,awdf.org,org,GLOBAL,GLOBAL,GLOBAL,PLATFORM,0,0,0,0,0,0,0
venezuela,baltimoresun.com,com,GLOBAL,GLOBAL,GLOBAL,PLATFORM,0,0,0,0,0,0,0
venezuela,bankingday.com,com,GLOBAL,GLOBAL,GLOBAL,PLATFORM,0,0,0,0,0,0,0
venezuela,bdcnetwork.com,com,GLOBAL,GLOBAL,GLOBAL,PLATFORM,0,0,0,0,0,0,0
venezuela,big1047.iheart.com,com,GLOBAL,GLOBAL,GLOBAL,PLATFORM,0,0,0,0,0,0,0
venezuela,blackhillsfox.com,com,GLOBAL,GLOBAL,GLOBAL,PLATFORM,0,0,0,0,0,0,0
venezuela,bocanewsnow.com,com,GLOBAL,GLOBAL,GLOBAL,PLATFORM,0,0,0,0,0,0,0
venezuela,boisestatepublicradio.org,org,GLOBAL,GLOBAL,GLOBAL,PLATFORM,0,0,0,0,0,0,0
venezuela,borneobulletin.com.bn,bn,NA,NA,OTHER,PLATFORM,0,0,0,0,0,0,0
venezuela,breakingdefense.com,com,GLOBAL,GLOBAL,GLOBAL,PLATFORM,0,0,0,0,0,0,0
venezuela,brisbanetimes.com.au,au,AU,East Asia & Pacific,OTHER,PLATFORM,0,0,0,0,0,0,0
venezuela,carmagazine.co.uk:443,NA,NA,NA,OTHER,PLATFORM,0,0,0,0,0,0,0
venezuela,cbc.ca,ca,CA,North America,OTHER,PLATFORM,0,0,0,0,0,0,0
venezuela,cbr.com,com,GLOBAL,GLOBAL,GLOBAL,PLATFORM,0,0,0,0,0,0,0
venezuela,cbs2iowa.com,com,GLOBAL,GLOBAL,GLOBAL,PLATFORM,0,0,0,0,0,0,0
venezuela,chilecomparte.cl,cl,CL,Latin America & Caribbean,OTHER,PLATFORM,0,0,0,0,0,0,0
venezuela,chroniclelive.co.uk,uk,GB,Europe & Central Asia,OTHER,PLATFORM,0,0,0,0,0,0,0
venezuela,citymag.indaily.com.au,au,AU,East Asia & Pacific,OTHER,PLATFORM,0,0,0,0,0,0,0
venezuela,cjlo.com,com,GLOBAL,GLOBAL,GLOBAL,PLATFORM,0,0,0,0,0,0,0
venezuela,clclt.com,com,GLOBAL,GLOBAL,GLOBAL,PLATFORM,0,0,0,0,0,0,0
venezuela,cleantechnica.com,com,GLOBAL,GLOBAL,GLOBAL,PLATFORM,0,0,0,0,0,0,0
venezuela,couriermail.com.au,au,AU,East Asia & Pacific,OTHER,PLATFORM,0,0,0,0,0,0,0
venezuela,dailydot.com,com,GLOBAL,GLOBAL,GLOBAL,PLATFORM,0,0,0,0,0,0,0
venezuela,dailykos.com:443,NA,NA,NA,OTHER,PLATFORM,0,0,0,0,0,0,0
venezuela,dailyliberal.com.au,au,AU,East Asia & Pacific,OTHER,PLATFORM,0,0,0,0,0,0,0
venezuela,dailylocal.com,com,GLOBAL,GLOBAL,GLOBAL,PLATFORM,0,0,0,0,0,0,0
venezuela,dailyvoice.com,com,GLOBAL,GLOBAL,GLOBAL,PLATFORM,0,0,0,0,0,0,0
venezuela,dairyherd.com,com,GLOBAL,GLOBAL,GLOBAL,PLATFORM,0,0,0,0,0,0,0
venezuela,dakotawarcollege.com,com,GLOBAL,GLOBAL,GLOBAL,PLATFORM,0,0,0,0,0,0,0
venezuela,dayton.binnews.com,com,GLOBAL,GLOBAL,GLOBAL,PLATFORM,0,0,0,0,0,0,0
venezuela,delawarepublic.org,org,GLOBAL,GLOBAL,GLOBAL,PLATFORM,0,0,0,0,0,0,0
venezuela,delta-optimist.com,com,GLOBAL,GLOBAL,GLOBAL,PLATFORM,0,0,0,0,0,0,0
venezuela,detroitlions.com,com,GLOBAL,GLOBAL,GLOBAL,PLATFORM,0,0,0,0,0,0,0
venezuela,developingtelecoms.com,com,GLOBAL,GLOBAL,GLOBAL,PLATFORM,0,0,0,0,0,0,0
venezuela,dominicantoday.com,com,GLOBAL,GLOBAL,GLOBAL,PLATFORM,0,0,0,0,0,0,0
venezuela,dorksideoftheforce.com,com,GLOBAL,GLOBAL,GLOBAL,PLATFORM,0,0,0,0,0,0,0
venezuela,duke.fm,fm,NA,NA,OTHER,PLATFORM,0,0,0,0,0,0,0
venezuela,elkodaily.com,com,GLOBAL,GLOBAL,GLOBAL,PLATFORM,0,0,0,0,0,0,0
venezuela,english.elpais.com,com,GLOBAL,GLOBAL,GLOBAL,PLATFORM,0,0,0,0,0,0,0
venezuela,eou.edu,edu,NA,NA,OTHER,PLATFORM,0,0,0,0,0,0,0
venezuela,eveshamjournal.co.uk,uk,GB,Europe & Central Asia,OTHER,PLATFORM,0,0,0,0,0,0,0
venezuela,extratime.com,com,GLOBAL,GLOBAL,GLOBAL,PLATFORM,0,0,0,0,0,0,0
venezuela,fauquiernow.com,com,GLOBAL,GLOBAL,GLOBAL,PLATFORM,0,0,0,0,0,0,0
venezuela,fbherald.com,com,GLOBAL,GLOBAL,GLOBAL,PLATFORM,0,0,0,0,0,0,0
venezuela,financecolombia.com,com,GLOBAL,GLOBAL,GLOBAL,PLATFORM,0,0,0,0,0,0,0
venezuela,finanznachrichten.de,de,DE,Europe & Central Asia,OTHER,PLATFORM,0,0,0,0,0,0,0
venezuela,ford-trucks.com,com,GLOBAL,GLOBAL,GLOBAL,PLATFORM,0,0,0,0,0,0,0
venezuela,fortbendstar.com,com,GLOBAL,GLOBAL,GLOBAL,PLATFORM,0,0,0,0,0,0,0
venezuela,fox26houston.com,com,GLOBAL,GLOBAL,GLOBAL,PLATFORM,0,0,0,0,0,0,0
venezuela,fox2detroit.com,com,GLOBAL,GLOBAL,GLOBAL,PLATFORM,0,0,0,0,0,0,0
venezuela,fox8.com,com,GLOBAL,GLOBAL,GLOBAL,PLATFORM,0,0,0,0,0,0,0
venezuela,foxbaltimore.com,com,GLOBAL,GLOBAL,GLOBAL,PLATFORM,0,0,0,0,0,0,0
venezuela,foxsports1450.iheart.com,com,GLOBAL,GLOBAL,GLOBAL,PLATFORM,0,0,0,0,0,0,0
venezuela,foxwilmington.com,com,GLOBAL,GLOBAL,GLOBAL,PLATFORM,0,0,0,0,0,0,0
venezuela,fxempire.com,com,GLOBAL,GLOBAL,GLOBAL,PLATFORM,0,0,0,0,0,0,0
venezuela,gaming.net,net,GLOBAL,GLOBAL,GLOBAL,PLATFORM,0,0,0,0,0,0,0
venezuela,gcrmag.com,com,GLOBAL,GLOBAL,GLOBAL,PLATFORM,0,0,0,0,0,0,0
venezuela,globenewswire.com,com,GLOBAL,GLOBAL,GLOBAL,PLATFORM,0,0,0,0,0,0,0
venezuela,gloucesteradvocate.com.au,au,AU,East Asia & Pacific,OTHER,PLATFORM,0,0,0,0,0,0,0
venezuela,govtech.com,com,GLOBAL,GLOBAL,GLOBAL,PLATFORM,0,0,0,0,0,0,0
venezuela,hackneygazette.co.uk,uk,GB,Europe & Central Asia,OTHER,PLATFORM,0,0,0,0,0,0,0
venezuela,hauraki.co.nz,nz,NZ,East Asia & Pacific,OTHER,PLATFORM,0,0,0,0,0,0,0
venezuela,hcplive.com,com,GLOBAL,GLOBAL,GLOBAL,PLATFORM,0,0,0,0,0,0,0
venezuela,herald-zeitung.com,com,GLOBAL,GLOBAL,GLOBAL,PLATFORM,0,0,0,0,0,0,0
venezuela,heraldgoa.in,in,IN,South Asia,OTHER,PLATFORM,0,0,0,0,0,0,0
venezuela,heraldstaronline.com,com,GLOBAL,GLOBAL,GLOBAL,PLATFORM,0,0,0,0,0,0,0
venezuela,highlandstoday.com,com,GLOBAL,GLOBAL,GLOBAL,PLATFORM,0,0,0,0,0,0,0
venezuela,hits973.com,com,GLOBAL,GLOBAL,GLOBAL,PLATFORM,0,0,0,0,0,0,0
venezuela,hot105fm.com,com,GLOBAL,GLOBAL,GLOBAL,PLATFORM,0,0,0,0,0,0,0
venezuela,hot967fm.com,com,GLOBAL,GLOBAL,GLOBAL,PLATFORM,0,0,0,0,0,0,0
venezuela,hothardware.com,com,GLOBAL,GLOBAL,GLOBAL,PLATFORM,0,0,0,0,0,0,0
venezuela,hudsonstarobserver.com,com,GLOBAL,GLOBAL,GLOBAL,PLATFORM,0,0,0,0,0,0,0
venezuela,hulldailymail.co.uk,uk,GB,Europe & Central Asia,OTHER,PLATFORM,0,0,0,0,0,0,0
venezuela,i95rocks.com,com,GLOBAL,GLOBAL,GLOBAL,PLATFORM,0,0,0,0,0,0,0
venezuela,interest.co.nz,nz,NZ,East Asia & Pacific,OTHER,PLATFORM,0,0,0,0,0,0,0
venezuela,interior-news.com,com,GLOBAL,GLOBAL,GLOBAL,PLATFORM,0,0,0,0,0,0,0
venezuela,irishamerica.com,com,GLOBAL,GLOBAL,GLOBAL,PLATFORM,0,0,0,0,0,0,0
venezuela,jamaica-gleaner.com,com,GLOBAL,GLOBAL,GLOBAL,PLATFORM,0,0,0,0,0,0,0
venezuela,jamaicantimes.com,com,GLOBAL,GLOBAL,GLOBAL,PLATFORM,0,0,0,0,0,0,0
venezuela,jamaicaobserver.com,com,GLOBAL,GLOBAL,GLOBAL,PLATFORM,0,0,0,0,0,0,0
venezuela,jdsupra.com,com,GLOBAL,GLOBAL,GLOBAL,PLATFORM,0,0,0,0,0,0,0
venezuela,johnsoncitypress.com,com,GLOBAL,GLOBAL,GLOBAL,PLATFORM,0,0,0,0,0,0,0
venezuela,jubileeusa.org,org,GLOBAL,GLOBAL,GLOBAL,PLATFORM,0,0,0,0,0,0,0
venezuela,juneesoutherncross.com.au,au,AU,East Asia & Pacific,OTHER,PLATFORM,0,0,0,0,0,0,0
venezuela,kalx.berkeley.edu,edu,NA,NA,OTHER,PLATFORM,0,0,0,0,0,0,0
venezuela,kaok.com,com,GLOBAL,GLOBAL,GLOBAL,PLATFORM,0,0,0,0,0,0,0
venezuela,kclr96fm.com,com,GLOBAL,GLOBAL,GLOBAL,PLATFORM,0,0,0,0,0,0,0
venezuela,kcur.org,org,GLOBAL,GLOBAL,GLOBAL,PLATFORM,0,0,0,0,0,0,0
venezuela,kdux.com,com,GLOBAL,GLOBAL,GLOBAL,PLATFORM,0,0,0,0,0,0,0
venezuela,kduz.com,com,GLOBAL,GLOBAL,GLOBAL,PLATFORM,0,0,0,0,0,0,0
venezuela,keprtv.com,com,GLOBAL,GLOBAL,GLOBAL,PLATFORM,0,0,0,0,0,0,0
venezuela,keyw.com,com,GLOBAL,GLOBAL,GLOBAL,PLATFORM,0,0,0,0,0,0,0
venezuela,kfor.com,com,GLOBAL,GLOBAL,GLOBAL,PLATFORM,0,0,0,0,0,0,0
venezuela,kfvs12.com,com,GLOBAL,GLOBAL,GLOBAL,PLATFORM,0,0,0,0,0,0,0
venezuela,kiss-1031.com,com,GLOBAL,GLOBAL,GLOBAL,PLATFORM,0,0,0,0,0,0,0
venezuela,kissfm969.com,com,GLOBAL,GLOBAL,GLOBAL,PLATFORM,0,0,0,0,0,0,0
venezuela,kitv.com,com,GLOBAL,GLOBAL,GLOBAL,PLATFORM,0,0,0,0,0,0,0
venezuela,klbjfm.com,com,GLOBAL,GLOBAL,GLOBAL,PLATFORM,0,0,0,0,0,0,0
venezuela,koamnewsnow.com,com,GLOBAL,GLOBAL,GLOBAL,PLATFORM,0,0,0,0,0,0,0
venezuela,kost1035.iheart.com,com,GLOBAL,GLOBAL,GLOBAL,PLATFORM,0,0,0,0,0,0,0
venezuela,kpel965.com,com,GLOBAL,GLOBAL,GLOBAL,PLATFORM,0,0,0,0,0,0,0
venezuela,ksdk.com,com,GLOBAL,GLOBAL,GLOBAL,PLATFORM,0,0,0,0,0,0,0
venezuela,ktvu.com,com,GLOBAL,GLOBAL,GLOBAL,PLATFORM,0,0,0,0,0,0,0
venezuela,kube933.iheart.com,com,GLOBAL,GLOBAL,GLOBAL,PLATFORM,0,0,0,0,0,0,0
venezuela,kvrr.com,com,GLOBAL,GLOBAL,GLOBAL,PLATFORM,0,0,0,0,0,0,0
venezuela,kzrx921.iheart.com,com,GLOBAL,GLOBAL,GLOBAL,PLATFORM,0,0,0,0,0,0,0
venezuela,lakeexpo.com,com,GLOBAL,GLOBAL,GLOBAL,PLATFORM,0,0,0,0,0,0,0
venezuela,lite96.com,com,GLOBAL,GLOBAL,GLOBAL,PLATFORM,0,0,0,0,0,0,0
venezuela,magic989fm.iheart.com,com,GLOBAL,GLOBAL,GLOBAL,PLATFORM,0,0,0,0,0,0,0
venezuela,malaymail.com,com,GLOBAL,GLOBAL,GLOBAL,PLATFORM,0,0,0,0,0,0,0
venezuela,marinelink.com,com,GLOBAL,GLOBAL,GLOBAL,PLATFORM,0,0,0,0,0,0,0
venezuela,masslive.com,com,GLOBAL,GLOBAL,GLOBAL,PLATFORM,0,0,0,0,0,0,0
venezuela,mercurynews.com,com,GLOBAL,GLOBAL,GLOBAL,PLATFORM,0,0,0,0,0,0,0
venezuela,midmichigannow.com,com,GLOBAL,GLOBAL,GLOBAL,PLATFORM,0,0,0,0,0,0,0
venezuela,midnorthmonitor.com:443,NA,NA,NA,OTHER,PLATFORM,0,0,0,0,0,0,0
venezuela,mininggazette.com,com,GLOBAL,GLOBAL,GLOBAL,PLATFORM,0,0,0,0,0,0,0
venezuela,missoulian.com,com,GLOBAL,GLOBAL,GLOBAL,PLATFORM,0,0,0,0,0,0,0
venezuela,mixx993.com,com,GLOBAL,GLOBAL,GLOBAL,PLATFORM,0,0,0,0,0,0,0
venezuela,mlb.com,com,GLOBAL,GLOBAL,GLOBAL,PLATFORM,0,0,0,0,0,0,0
venezuela,montanarightnow.com,com,GLOBAL,GLOBAL,GLOBAL,PLATFORM,0,0,0,0,0,0,0
venezuela,msf.org.au,au,AU,East Asia & Pacific,OTHER,PLATFORM,0,0,0,0,0,0,0
venezuela,mudgeeguardian.com.au,au,AU,East Asia & Pacific,OTHER,PLATFORM,0,0,0,0,0,0,0
venezuela,myb106.com,com,GLOBAL,GLOBAL,GLOBAL,PLATFORM,0,0,0,0,0,0,0
venezuela,mypanhandle.com,com,GLOBAL,GLOBAL,GLOBAL,PLATFORM,0,0,0,0,0,0,0
venezuela,myspiritfm.com,com,GLOBAL,GLOBAL,GLOBAL,PLATFORM,0,0,0,0,0,0,0
venezuela,mysuncoast.com,com,GLOBAL,GLOBAL,GLOBAL,PLATFORM,0,0,0,0,0,0,0
venezuela,news.sky.com,com,GLOBAL,GLOBAL,GLOBAL,PLATFORM,0,0,0,0,0,0,0
venezuela,news.wfsu.org,org,GLOBAL,GLOBAL,GLOBAL,PLATFORM,0,0,0,0,0,0,0
venezuela,news.wosu.org,org,GLOBAL,GLOBAL,GLOBAL,PLATFORM,0,0,0,0,0,0,0
venezuela,newsantaana.com,com,GLOBAL,GLOBAL,GLOBAL,PLATFORM,0,0,0,0,0,0,0
venezuela,newsnationnow.com,com,GLOBAL,GLOBAL,GLOBAL,PLATFORM,0,0,0,0,0,0,0
venezuela,newsobserver.com,com,GLOBAL,GLOBAL,GLOBAL,PLATFORM,0,0,0,0,0,0,0
venezuela,northamptonchron.co.uk,uk,GB,Europe & Central Asia,OTHER,PLATFORM,0,0,0,0,0,0,0
venezuela,northqueenslandregister.com.au,au,AU,East Asia & Pacific,OTHER,PLATFORM,0,0,0,0,0,0,0
venezuela,nwadventists.com,com,GLOBAL,GLOBAL,GLOBAL,PLATFORM,0,0,0,0,0,0,0
venezuela,nwemail.co.uk,uk,GB,Europe & Central Asia,OTHER,PLATFORM,0,0,0,0,0,0,0
venezuela,nyasatimes.com,com,GLOBAL,GLOBAL,GLOBAL,PLATFORM,0,0,0,0,0,0,0
venezuela,nytimes.com,com,GLOBAL,GLOBAL,GLOBAL,PLATFORM,0,0,0,0,0,0,0
venezuela,obituaries.richmondregister.com,com,GLOBAL,GLOBAL,GLOBAL,PLATFORM,0,0,0,0,0,0,0
venezuela,offalyexpress.ie,ie,NA,NA,OTHER,PLATFORM,0,0,0,0,0,0,0
venezuela,pakistantelegraph.com,com,GLOBAL,GLOBAL,GLOBAL,PLATFORM,0,0,0,0,0,0,0
venezuela,pbs.org,org,GLOBAL,GLOBAL,GLOBAL,PLATFORM,0,0,0,0,0,0,0
venezuela,politicsweb.co.za,za,ZA,Sub-Saharan Africa,AFRICA,PLATFORM,0,0,0,0,0,0,0
venezuela,prnewswire.com,com,GLOBAL,GLOBAL,GLOBAL,PLATFORM,0,0,0,0,0,0,0
venezuela,proactiveinvestors.com.au,au,AU,East Asia & Pacific,OTHER,PLATFORM,0,0,0,0,0,0,0
venezuela,pulitzercenter.org,org,GLOBAL,GLOBAL,GLOBAL,PLATFORM,0,0,0,0,0,0,0
venezuela,qctimes.com,com,GLOBAL,GLOBAL,GLOBAL,PLATFORM,0,0,0,0,0,0,0
venezuela,rfi.fr,fr,FR,Europe & Central Asia,OTHER,PLATFORM,0,0,0,0,0,0,0
venezuela,river105.com,com,GLOBAL,GLOBAL,GLOBAL,PLATFORM,0,0,0,0,0,0,0
venezuela,rnz.co.nz,nz,NZ,East Asia & Pacific,OTHER,PLATFORM,0,0,0,0,0,0,0
venezuela,roadandtrack.com,com,GLOBAL,GLOBAL,GLOBAL,PLATFORM,0,0,0,0,0,0,0
venezuela,royalcentral.co.uk,uk,GB,Europe & Central Asia,OTHER,PLATFORM,0,0,0,0,0,0,0
venezuela,rttnews.com,com,GLOBAL,GLOBAL,GLOBAL,PLATFORM,0,0,0,0,0,0,0
venezuela,scotsman.com,com,GLOBAL,GLOBAL,GLOBAL,PLATFORM,0,0,0,0,0,0,0
venezuela,scrippsnews.com,com,GLOBAL,GLOBAL,GLOBAL,PLATFORM,0,0,0,0,0,0,0
venezuela,seattletimes.com,com,GLOBAL,GLOBAL,GLOBAL,PLATFORM,0,0,0,0,0,0,0
venezuela,sippican.theweektoday.com,com,GLOBAL,GLOBAL,GLOBAL,PLATFORM,0,0,0,0,0,0,0
venezuela,slate.com,com,GLOBAL,GLOBAL,GLOBAL,PLATFORM,0,0,0,0,0,0,0
venezuela,southpeacenews.com,com,GLOBAL,GLOBAL,GLOBAL,PLATFORM,0,0,0,0,0,0,0
venezuela,stalbansreview.co.uk,uk,GB,Europe & Central Asia,OTHER,PLATFORM,0,0,0,0,0,0,0
venezuela,starcasm.net,net,GLOBAL,GLOBAL,GLOBAL,PLATFORM,0,0,0,0,0,0,0
venezuela,stawelltimes.com.au,au,AU,East Asia & Pacific,OTHER,PLATFORM,0,0,0,0,0,0,0
venezuela,stevivor.com,com,GLOBAL,GLOBAL,GLOBAL,PLATFORM,0,0,0,0,0,0,0
venezuela,sunny95.com,com,GLOBAL,GLOBAL,GLOBAL,PLATFORM,0,0,0,0,0,0,0
venezuela,t102.iheart.com,com,GLOBAL,GLOBAL,GLOBAL,PLATFORM,0,0,0,0,0,0,0
venezuela,tech.slashdot.org,org,GLOBAL,GLOBAL,GLOBAL,PLATFORM,0,0,0,0,0,0,0
venezuela,theaustralian.com.au,au,AU,East Asia & Pacific,OTHER,PLATFORM,0,0,0,0,0,0,0
venezuela,thecatholicspirit.com,com,GLOBAL,GLOBAL,GLOBAL,PLATFORM,0,0,0,0,0,0,0
venezuela,thedailycitizen.com,com,GLOBAL,GLOBAL,GLOBAL,PLATFORM,0,0,0,0,0,0,0
venezuela,thefranchiseok.com,com,GLOBAL,GLOBAL,GLOBAL,PLATFORM,0,0,0,0,0,0,0
venezuela,thefranklinnewspost.com,com,GLOBAL,GLOBAL,GLOBAL,PLATFORM,0,0,0,0,0,0,0
venezuela,thegame730am.com,com,GLOBAL,GLOBAL,GLOBAL,PLATFORM,0,0,0,0,0,0,0
venezuela,thehardtackle.com,com,GLOBAL,GLOBAL,GLOBAL,PLATFORM,0,0,0,0,0,0,0
venezuela,theintercept.com,com,GLOBAL,GLOBAL,GLOBAL,PLATFORM,0,0,0,0,0,0,0
venezuela,thejakartapost.com,com,GLOBAL,GLOBAL,GLOBAL,PLATFORM,0,0,0,0,0,0,0
venezuela,thekansan.com,com,GLOBAL,GLOBAL,GLOBAL,PLATFORM,0,0,0,0,0,0,0
venezuela,thelincolnite.co.uk,uk,GB,Europe & Central Asia,OTHER,PLATFORM,0,0,0,0,0,0,0
venezuela,themalaysianinsight.com,com,GLOBAL,GLOBAL,GLOBAL,PLATFORM,0,0,0,0,0,0,0
venezuela,themarketsdaily.com,com,GLOBAL,GLOBAL,GLOBAL,PLATFORM,0,0,0,0,0,0,0
venezuela,themoscowtimes.com,com,GLOBAL,GLOBAL,GLOBAL,PLATFORM,0,0,0,0,0,0,0
venezuela,thenewsleaders.com,com,GLOBAL,GLOBAL,GLOBAL,PLATFORM,0,0,0,0,0,0,0
venezuela,thepacket.ca,ca,CA,North America,OTHER,PLATFORM,0,0,0,0,0,0,0
venezuela,thesangaiexpress.com,com,GLOBAL,GLOBAL,GLOBAL,PLATFORM,0,0,0,0,0,0,0
venezuela,thesierraleonetelegraph.com,com,GLOBAL,GLOBAL,GLOBAL,PLATFORM,0,0,0,0,0,0,0
venezuela,thesource.com,com,GLOBAL,GLOBAL,GLOBAL,PLATFORM,0,0,0,0,0,0,0
venezuela,thesouthafrican.com,com,GLOBAL,GLOBAL,GLOBAL,PLATFORM,0,0,0,0,0,0,0
venezuela,thestranger.com,com,GLOBAL,GLOBAL,GLOBAL,PLATFORM,0,0,0,0,0,0,0
venezuela,thesuntimes.com,com,GLOBAL,GLOBAL,GLOBAL,PLATFORM,0,0,0,0,0,0,0
venezuela,timescall.com,com,GLOBAL,GLOBAL,GLOBAL,PLATFORM,0,0,0,0,0,0,0
venezuela,timesherald.com,com,GLOBAL,GLOBAL,GLOBAL,PLATFORM,0,0,0,0,0,0,0
venezuela,tmcnet.com,com,GLOBAL,GLOBAL,GLOBAL,PLATFORM,0,0,0,0,0,0,0
venezuela,townandcountrymag.com,com,GLOBAL,GLOBAL,GLOBAL,PLATFORM,0,0,0,0,0,0,0
venezuela,townhall.com,com,GLOBAL,GLOBAL,GLOBAL,PLATFORM,0,0,0,0,0,0,0
venezuela,trinidadtimes.com,com,GLOBAL,GLOBAL,GLOBAL,PLATFORM,0,0,0,0,0,0,0
venezuela,universe.byu.edu,edu,NA,NA,OTHER,PLATFORM,0,0,0,0,0,0,0
venezuela,upi.com,com,GLOBAL,GLOBAL,GLOBAL,PLATFORM,0,0,0,0,0,0,0
venezuela,upstreamonline.com,com,GLOBAL,GLOBAL,GLOBAL,PLATFORM,0,0,0,0,0,0,0
venezuela,voazimbabwe.com,com,GLOBAL,GLOBAL,GLOBAL,PLATFORM,0,0,0,0,0,0,0
venezuela,vogue.com,com,GLOBAL,GLOBAL,GLOBAL,PLATFORM,0,0,0,0,0,0,0
venezuela,voicenews.com,com,GLOBAL,GLOBAL,GLOBAL,PLATFORM,0,0,0,0,0,0,0
venezuela,vtdigger.org,org,GLOBAL,GLOBAL,GLOBAL,PLATFORM,0,0,0,0,0,0,0
venezuela,wabx.net,net,GLOBAL,GLOBAL,GLOBAL,PLATFORM,0,0,0,0,0,0,0
venezuela,wahpetondailynews.com,com,GLOBAL,GLOBAL,GLOBAL,PLATFORM,0,0,0,0,0,0,0
venezuela,warsawvoice.pl,pl,PL,Europe & Central Asia,OTHER,PLATFORM,0,0,0,0,0,0,0
venezuela,washtimesherald.com,com,GLOBAL,GLOBAL,GLOBAL,PLATFORM,0,0,0,0,0,0,0
venezuela,wbiw.com,com,GLOBAL,GLOBAL,GLOBAL,PLATFORM,0,0,0,0,0,0,0
venezuela,wchstv.com,com,GLOBAL,GLOBAL,GLOBAL,PLATFORM,0,0,0,0,0,0,0
venezuela,wcjb.com,com,GLOBAL,GLOBAL,GLOBAL,PLATFORM,0,0,0,0,0,0,0
venezuela,wearegreenbay.com,com,GLOBAL,GLOBAL,GLOBAL,PLATFORM,0,0,0,0,0,0,0
venezuela,westernslopenow.com,com,GLOBAL,GLOBAL,GLOBAL,PLATFORM,0,0,0,0,0,0,0
venezuela,wfhb.org,org,GLOBAL,GLOBAL,GLOBAL,PLATFORM,0,0,0,0,0,0,0
venezuela,wgme.com,com,GLOBAL,GLOBAL,GLOBAL,PLATFORM,0,0,0,0,0,0,0
venezuela,wgno.com,com,GLOBAL,GLOBAL,GLOBAL,PLATFORM,0,0,0,0,0,0,0
venezuela,whas11.com,com,GLOBAL,GLOBAL,GLOBAL,PLATFORM,0,0,0,0,0,0,0
venezuela,whatsupnewp.com,com,GLOBAL,GLOBAL,GLOBAL,PLATFORM,0,0,0,0,0,0,0
venezuela,wiba.iheart.com,com,GLOBAL,GLOBAL,GLOBAL,PLATFORM,0,0,0,0,0,0,0
venezuela,wild953.com,com,GLOBAL,GLOBAL,GLOBAL,PLATFORM,0,0,0,0,0,0,0
venezuela,wild955.iheart.com,com,GLOBAL,GLOBAL,GLOBAL,PLATFORM,0,0,0,0,0,0,0
venezuela,wistv.com,com,GLOBAL,GLOBAL,GLOBAL,PLATFORM,0,0,0,0,0,0,0
venezuela,wjbc.com,com,GLOBAL,GLOBAL,GLOBAL,PLATFORM,0,0,0,0,0,0,0
venezuela,wjiz.iheart.com,com,GLOBAL,GLOBAL,GLOBAL,PLATFORM,0,0,0,0,0,0,0
venezuela,wkzo.com,com,GLOBAL,GLOBAL,GLOBAL,PLATFORM,0,0,0,0,0,0,0
venezuela,wnewsj.com,com,GLOBAL,GLOBAL,GLOBAL,PLATFORM,0,0,0,0,0,0,0
venezuela,workers.org,org,GLOBAL,GLOBAL,GLOBAL,PLATFORM,0,0,0,0,0,0,0
venezuela,wowt.com,com,GLOBAL,GLOBAL,GLOBAL,PLATFORM,0,0,0,0,0,0,0
venezuela,wpri.com,com,GLOBAL,GLOBAL,GLOBAL,PLATFORM,0,0,0,0,0,0,0
venezuela,wrif.com,com,GLOBAL,GLOBAL,GLOBAL,PLATFORM,0,0,0,0,0,0,0
venezuela,wunc.org,org,GLOBAL,GLOBAL,GLOBAL,PLATFORM,0,0,0,0,0,0,0
venezuela,wvnstv.com,com,GLOBAL,GLOBAL,GLOBAL,PLATFORM,0,0,0,0,0,0,0
venezuela,wwltv.com,com,GLOBAL,GLOBAL,GLOBAL,PLATFORM,0,0,0,0,0,0,0
venezuela,wyomingnewsnow.tv,tv,NA,NA,OTHER,PLATFORM,0,0,0,0,0,0,0
venezuela,y100florida.iheart.com,com,GLOBAL,GLOBAL,GLOBAL,PLATFORM,0,0,0,0,0,0,0
venezuela,y1025.iheart.com,com,GLOBAL,GLOBAL,GLOBAL,PLATFORM,0,0,0,0,0,0,0
venezuela,yachtingmagazine.com,com,GLOBAL,GLOBAL,GLOBAL,PLATFORM,0,0,0,0,0,0,0
venezuela,yourerie.com,com,GLOBAL,GLOBAL,GLOBAL,PLATFORM,0,0,0,0,0,0,0
venezuela,z100portland.iheart.com,com,GLOBAL,GLOBAL,GLOBAL,PLATFORM,0,0,0,0,0,0,0
venezuela,z106.iheart.com,com,GLOBAL,GLOBAL,GLOBAL,PLATFORM,0,0,0,0,0,0,0
venezuela,z94.com,com,GLOBAL,GLOBAL,GLOBAL,PLATFORM,0,0,0,0,0,0,0
venezuela,1059thebrew.iheart.com,com,GLOBAL,GLOBAL,GLOBAL,PLATFORM,0,0,0,0,0,0,0
venezuela,14news.com,com,GLOBAL,GLOBAL,GLOBAL,PLATFORM,0,0,0,0,0,0,0
venezuela,21stcenturywire.com,com,GLOBAL,GLOBAL,GLOBAL,PLATFORM,0,0,0,0,0,0,0
venezuela,941thebeat.iheart.com,com,GLOBAL,GLOBAL,GLOBAL,PLATFORM,0,0,0,0,0,0,0
venezuela,953thescore.com,com,GLOBAL,GLOBAL,GLOBAL,PLATFORM,0,0,0,0,0,0,0
venezuela,960weli.iheart.com,com,GLOBAL,GLOBAL,GLOBAL,PLATFORM,0,0,0,0,0,0,0
venezuela,961kiss.iheart.com,com,GLOBAL,GLOBAL,GLOBAL,PLATFORM,0,0,0,0,0,0,0
venezuela,963kissfm.iheart.com,com,GLOBAL,GLOBAL,GLOBAL,PLATFORM,0,0,0,0,0,0,0
venezuela,971doubleq.iheart.com,com,GLOBAL,GLOBAL,GLOBAL,PLATFORM,0,0,0,0,0,0,0
venezuela,995qyk.com,com,GLOBAL,GLOBAL,GLOBAL,PLATFORM,0,0,0,0,0,0,0
venezuela,995thefox.iheart.com,com,GLOBAL,GLOBAL,GLOBAL,PLATFORM,0,0,0,0,0,0,0
venezuela,aardvark.co.nz,nz,NZ,East Asia & Pacific,OTHER,PLATFORM,0,0,0,0,0,0,0
venezuela,abc17news.com,com,GLOBAL,GLOBAL,GLOBAL,PLATFORM,0,0,0,0,0,0,0
venezuela,abcnews4.com,com,GLOBAL,GLOBAL,GLOBAL,PLATFORM,0,0,0,0,0,0,0
venezuela,agri-pulse.com,com,GLOBAL,GLOBAL,GLOBAL,PLATFORM,0,0,0,0,0,0,0
venezuela,airdriecityview.com,com,GLOBAL,GLOBAL,GLOBAL,PLATFORM,0,0,0,0,0,0,0
venezuela,androidpolice.com,com,GLOBAL,GLOBAL,GLOBAL,PLATFORM,0,0,0,0,0,0,0
venezuela,appenmedia.com,com,GLOBAL,GLOBAL,GLOBAL,PLATFORM,0,0,0,0,0,0,0
venezuela,arkansasonline.com,com,GLOBAL,GLOBAL,GLOBAL,PLATFORM,0,0,0,0,0,0,0
venezuela,arkansasrazorbacks.com,com,GLOBAL,GLOBAL,GLOBAL,PLATFORM,0,0,0,0,0,0,0
venezuela,as-coa.org,org,GLOBAL,GLOBAL,GLOBAL,PLATFORM,0,0,0,0,0,0,0
venezuela,athensnews.com,com,GLOBAL,GLOBAL,GLOBAL,PLATFORM,0,0,0,0,0,0,0
venezuela,azdailysun.com,com,GLOBAL,GLOBAL,GLOBAL,PLATFORM,0,0,0,0,0,0,0
venezuela,babalublog.com,com,GLOBAL,GLOBAL,GLOBAL,PLATFORM,0,0,0,0,0,0,0
venezuela,bandt.com.au,au,AU,East Asia & Pacific,OTHER,PLATFORM,0,0,0,0,0,0,0
venezuela,baystatebanner.com,com,GLOBAL,GLOBAL,GLOBAL,PLATFORM,0,0,0,0,0,0,0
venezuela,beckersasc.com,com,GLOBAL,GLOBAL,GLOBAL,PLATFORM,0,0,0,0,0,0,0
venezuela,bgdailynews.com,com,GLOBAL,GLOBAL,GLOBAL,PLATFORM,0,0,0,0,0,0,0
venezuela,bhpioneer.com,com,GLOBAL,GLOBAL,GLOBAL,PLATFORM,0,0,0,0,0,0,0
venezuela,biodieselmagazine.com,com,GLOBAL,GLOBAL,GLOBAL,PLATFORM,0,0,0,0,0,0,0
venezuela,bismarcktribune.com,com,GLOBAL,GLOBAL,GLOBAL,PLATFORM,0,0,0,0,0,0,0
venezuela,bob949.iheart.com,com,GLOBAL,GLOBAL,GLOBAL,PLATFORM,0,0,0,0,0,0,0
venezuela,boston25news.com,com,GLOBAL,GLOBAL,GLOBAL,PLATFORM,0,0,0,0,0,0,0
venezuela,boxingnews24.com,com,GLOBAL,GLOBAL,GLOBAL,PLATFORM,0,0,0,0,0,0,0
venezuela,bracknellnews.co.uk,uk,GB,Europe & Central Asia,OTHER,PLATFORM,0,0,0,0,0,0,0
venezuela,bravotv.com,com,GLOBAL,GLOBAL,GLOBAL,PLATFORM,0,0,0,0,0,0,0
venezuela,broadwayworld.com,com,GLOBAL,GLOBAL,GLOBAL,PLATFORM,0,0,0,0,0,0,0
venezuela,browardpalmbeach.com,com,GLOBAL,GLOBAL,GLOBAL,PLATFORM,0,0,0,0,0,0,0
venezuela,buffalobills.com,com,GLOBAL,GLOBAL,GLOBAL,PLATFORM,0,0,0,0,0,0,0
venezuela,burnabynow.com,com,GLOBAL,GLOBAL,GLOBAL,PLATFORM,0,0,0,0,0,0,0
venezuela,businessden.com,com,GLOBAL,GLOBAL,GLOBAL,PLATFORM,0,0,0,0,0,0,0
venezuela,campaignbrief.com,com,GLOBAL,GLOBAL,GLOBAL,PLATFORM,0,0,0,0,0,0,0
venezuela,cantechletter.com,com,GLOBAL,GLOBAL,GLOBAL,PLATFORM,0,0,0,0,0,0,0
venezuela,cbs6albany.com,com,GLOBAL,GLOBAL,GLOBAL,PLATFORM,0,0,0,0,0,0,0
venezuela,centralmoinfo.com,com,GLOBAL,GLOBAL,GLOBAL,PLATFORM,0,0,0,0,0,0,0
venezuela,cfnrfm.ca,ca,CA,North America,OTHER,PLATFORM,0,0,0,0,0,0,0
venezuela,cfru.ca,ca,CA,North America,OTHER,PLATFORM,0,0,0,0,0,0,0
venezuela,channelnewsasia.com,com,GLOBAL,GLOBAL,GLOBAL,PLATFORM,0,0,0,0,0,0,0
venezuela,charlottejewishnews.org,org,GLOBAL,GLOBAL,GLOBAL,PLATFORM,0,0,0,0,0,0,0
venezuela,chinadaily.com.cn,cn,CN,East Asia & Pacific,OTHER,PLATFORM,0,0,1,0,0,0,1
venezuela,chipleybugle.com,com,GLOBAL,GLOBAL,GLOBAL,PLATFORM,0,0,0,0,0,0,0
venezuela,click2houston.com,com,GLOBAL,GLOBAL,GLOBAL,PLATFORM,0,0,0,0,0,0,0
venezuela,cn2.com,com,GLOBAL,GLOBAL,GLOBAL,PLATFORM,0,0,0,0,0,0,0
venezuela,cnalifestyle.channelnewsasia.com,com,GLOBAL,GLOBAL,GLOBAL,PLATFORM,0,0,0,0,0,0,0
venezuela,coldlakesun.com:443,NA,NA,NA,OTHER,PLATFORM,0,0,0,0,0,0,0
venezuela,consumerelectronicsnet.com,com,GLOBAL,GLOBAL,GLOBAL,PLATFORM,0,0,0,0,0,0,0
venezuela,country105.com,com,GLOBAL,GLOBAL,GLOBAL,PLATFORM,0,0,0,0,0,0,0
venezuela,country959.com,com,GLOBAL,GLOBAL,GLOBAL,PLATFORM,0,0,0,0,0,0,0
venezuela,countyweeklynews.ca:443,NA,NA,NA,OTHER,PLATFORM,0,0,0,0,0,0,0
venezuela,crimeonline.com,com,GLOBAL,GLOBAL,GLOBAL,PLATFORM,0,0,0,0,0,0,0
venezuela,crisisgroup.org,org,GLOBAL,GLOBAL,GLOBAL,PLATFORM,0,0,0,0,0,0,0
venezuela,ctpublic.org,org,GLOBAL,GLOBAL,GLOBAL,PLATFORM,0,0,0,0,0,0,0
venezuela,current.org,org,GLOBAL,GLOBAL,GLOBAL,PLATFORM,0,0,0,0,0,0,0
venezuela,dailygazette.com,com,GLOBAL,GLOBAL,GLOBAL,PLATFORM,0,0,0,0,0,0,0
venezuela,dailynews.com,com,GLOBAL,GLOBAL,GLOBAL,PLATFORM,0,0,0,0,0,0,0
venezuela,dailythepatriot.com,com,GLOBAL,GLOBAL,GLOBAL,PLATFORM,0,0,0,0,0,0,0
venezuela,dailywire.com,com,GLOBAL,GLOBAL,GLOBAL,PLATFORM,0,0,0,0,0,0,0
venezuela,dallas.culturemap.com,com,GLOBAL,GLOBAL,GLOBAL,PLATFORM,0,0,0,0,0,0,0
venezuela,dealstreetasia.com,com,GLOBAL,GLOBAL,GLOBAL,PLATFORM,0,0,0,0,0,0,0
venezuela,discoverestevan.com,com,GLOBAL,GLOBAL,GLOBAL,PLATFORM,0,0,0,0,0,0,0
venezuela,dw.com,com,GLOBAL,GLOBAL,GLOBAL,PLATFORM,0,0,0,0,0,0,0
venezuela,dynamicbusiness.com,com,GLOBAL,GLOBAL,GLOBAL,PLATFORM,0,0,0,0,0,0,0
venezuela,easy93.com,com,GLOBAL,GLOBAL,GLOBAL,PLATFORM,0,0,0,0,0,0,0
venezuela,economiccollapsenews.com,com,GLOBAL,GLOBAL,GLOBAL,PLATFORM,0,0,0,0,0,0,0
venezuela,efe.com,com,GLOBAL,GLOBAL,GLOBAL,PLATFORM,0,0,0,0,0,0,0
venezuela,eff.org,org,GLOBAL,GLOBAL,GLOBAL,PLATFORM,0,0,0,0,0,0,0
venezuela,emmetsburgnews.com,com,GLOBAL,GLOBAL,GLOBAL,PLATFORM,0,0,0,0,0,0,0
venezuela,eturbonews.com,com,GLOBAL,GLOBAL,GLOBAL,PLATFORM,0,0,0,0,0,0,0
venezuela,eurekalert.org,org,GLOBAL,GLOBAL,GLOBAL,PLATFORM,0,0,0,0,0,0,0
venezuela,evanstonnow.com,com,GLOBAL,GLOBAL,GLOBAL,PLATFORM,0,0,0,0,0,0,0
venezuela,ew.com,com,GLOBAL,GLOBAL,GLOBAL,PLATFORM,0,0,0,0,0,0,0
venezuela,expressng.com,com,GLOBAL,GLOBAL,GLOBAL,PLATFORM,0,0,0,0,0,0,0
venezuela,falkirkherald.co.uk,uk,GB,Europe & Central Asia,OTHER,PLATFORM,0,0,0,0,0,0,0
venezuela,falmouthpacket.co.uk,uk,GB,Europe & Central Asia,OTHER,PLATFORM,0,0,0,0,0,0,0
venezuela,filmibeat.com,com,GLOBAL,GLOBAL,GLOBAL,PLATFORM,0,0,0,0,0,0,0
venezuela,financialexpress.com,com,GLOBAL,GLOBAL,GLOBAL,PLATFORM,0,0,0,0,0,0,0
venezuela,finextra.com,com,GLOBAL,GLOBAL,GLOBAL,PLATFORM,0,0,0,0,0,0,0
venezuela,fingerlakes1.com,com,GLOBAL,GLOBAL,GLOBAL,PLATFORM,0,0,0,0,0,0,0
venezuela,floridanewswire.com,com,GLOBAL,GLOBAL,GLOBAL,PLATFORM,0,0,0,0,0,0,0
venezuela,forextv.com,com,GLOBAL,GLOBAL,GLOBAL,PLATFORM,0,0,0,0,0,0,0
venezuela,fox13memphis.com,com,GLOBAL,GLOBAL,GLOBAL,PLATFORM,0,0,0,0,0,0,0
venezuela,fox21news.com,com,GLOBAL,GLOBAL,GLOBAL,PLATFORM,0,0,0,0,0,0,0
venezuela,fox56.com,com,GLOBAL,GLOBAL,GLOBAL,PLATFORM,0,0,0,0,0,0,0
venezuela,fox6now.com,com,GLOBAL,GLOBAL,GLOBAL,PLATFORM,0,0,0,0,0,0,0
venezuela,foxbusiness.com,com,GLOBAL,GLOBAL,GLOBAL,PLATFORM,0,0,0,0,0,0,0
venezuela,franklinfavorite.com,com,GLOBAL,GLOBAL,GLOBAL,PLATFORM,0,0,0,0,0,0,0
venezuela,fromtherumbleseat.com,com,GLOBAL,GLOBAL,GLOBAL,PLATFORM,0,0,0,0,0,0,0
venezuela,gbtribune.com,com,GLOBAL,GLOBAL,GLOBAL,PLATFORM,0,0,0,0,0,0,0
venezuela,gizchina.com,com,GLOBAL,GLOBAL,GLOBAL,PLATFORM,0,0,0,0,0,0,0
venezuela,globalcapital.com,com,GLOBAL,GLOBAL,GLOBAL,PLATFORM,0,0,0,0,0,0,0
venezuela,greatbendpost.com,com,GLOBAL,GLOBAL,GLOBAL,PLATFORM,0,0,0,0,0,0,0
venezuela,greekcitytimes.com,com,GLOBAL,GLOBAL,GLOBAL,PLATFORM,0,0,0,0,0,0,0
venezuela,groove993.com,com,GLOBAL,GLOBAL,GLOBAL,PLATFORM,0,0,0,0,0,0,0
venezuela,hackaday.com,com,GLOBAL,GLOBAL,GLOBAL,PLATFORM,0,0,0,0,0,0,0
venezuela,hayspost.com,com,GLOBAL,GLOBAL,GLOBAL,PLATFORM,0,0,0,0,0,0,0
venezuela,hillsborofreepress.com,com,GLOBAL,GLOBAL,GLOBAL,PLATFORM,0,0,0,0,0,0,0
venezuela,hiphopwired.com,com,GLOBAL,GLOBAL,GLOBAL,PLATFORM,0,0,0,0,0,0,0
venezuela,hmbreview.com,com,GLOBAL,GLOBAL,GLOBAL,PLATFORM,0,0,0,0,0,0,0
venezuela,hngnews.com,com,GLOBAL,GLOBAL,GLOBAL,PLATFORM,0,0,0,0,0,0,0
venezuela,homeaccentstoday.com,com,GLOBAL,GLOBAL,GLOBAL,PLATFORM,0,0,0,0,0,0,0
venezuela,hometownregister.com,com,GLOBAL,GLOBAL,GLOBAL,PLATFORM,0,0,0,0,0,0,0
venezuela,hometownsource.com,com,GLOBAL,GLOBAL,GLOBAL,PLATFORM,0,0,0,0,0,0,0
venezuela,hot969boston.com,com,GLOBAL,GLOBAL,GLOBAL,PLATFORM,0,0,0,0,0,0,0
venezuela,idahoednews.org,org,GLOBAL,GLOBAL,GLOBAL,PLATFORM,0,0,0,0,0,0,0
venezuela,illawarramercury.com.au,au,AU,East Asia & Pacific,OTHER,PLATFORM,0,0,0,0,0,0,0
venezuela,independent.ie,ie,NA,NA,OTHER,PLATFORM,0,0,0,0,0,0,0
venezuela,indianexpress.com,com,GLOBAL,GLOBAL,GLOBAL,PLATFORM,0,0,0,0,0,0,0
venezuela,indianweekender.co.nz,nz,NZ,East Asia & Pacific,OTHER,PLATFORM,0,0,0,0,0,0,0
venezuela,institutionalinvestor.com,com,GLOBAL,GLOBAL,GLOBAL,PLATFORM,0,0,0,0,0,0,0
venezuela,isthmus.com,com,GLOBAL,GLOBAL,GLOBAL,PLATFORM,0,0,0,0,0,0,0
venezuela,itwire.com,com,GLOBAL,GLOBAL,GLOBAL,PLATFORM,0,0,0,0,0,0,0
venezuela,jacksonprogress-argus.com,com,GLOBAL,GLOBAL,GLOBAL,PLATFORM,0,0,0,0,0,0,0
venezuela,japantoday.com,com,GLOBAL,GLOBAL,GLOBAL,PLATFORM,0,0,0,0,0,0,0
venezuela,jaxdailyrecord.com,com,GLOBAL,GLOBAL,GLOBAL,PLATFORM,0,0,0,0,0,0,0
venezuela,jewishinsider.com,com,GLOBAL,GLOBAL,GLOBAL,PLATFORM,0,0,0,0,0,0,0
venezuela,jowhar.com,com,GLOBAL,GLOBAL,GLOBAL,PLATFORM,0,0,0,0,0,0,0
venezuela,jpost.com,com,GLOBAL,GLOBAL,GLOBAL,PLATFORM,0,0,0,0,0,0,0
venezuela,k99country.iheart.com,com,GLOBAL,GLOBAL,GLOBAL,PLATFORM,0,0,0,0,0,0,0
venezuela,kanw.com,com,GLOBAL,GLOBAL,GLOBAL,PLATFORM,0,0,0,0,0,0,0
venezuela,kashmirreader.com,com,GLOBAL,GLOBAL,GLOBAL,PLATFORM,0,0,0,0,0,0,0
venezuela,kiiitv.com,com,GLOBAL,GLOBAL,GLOBAL,PLATFORM,0,0,0,0,0,0,0
venezuela,kiisfm.iheart.com,com,GLOBAL,GLOBAL,GLOBAL,PLATFORM,0,0,0,0,0,0,0
venezuela,kion546.com,com,GLOBAL,GLOBAL,GLOBAL,PLATFORM,0,0,0,0,0,0,0
venezuela,kiplinger.com,com,GLOBAL,GLOBAL,GLOBAL,PLATFORM,0,0,0,0,0,0,0
venezuela,kiss983.iheart.com,com,GLOBAL,GLOBAL,GLOBAL,PLATFORM,0,0,0,0,0,0,0
venezuela,kkrq.iheart.com,com,GLOBAL,GLOBAL,GLOBAL,PLATFORM,0,0,0,0,0,0,0
venezuela,klfy.com,com,GLOBAL,GLOBAL,GLOBAL,PLATFORM,0,0,0,0,0,0,0
venezuela,kmvt.com,com,GLOBAL,GLOBAL,GLOBAL,PLATFORM,0,0,0,0,0,0,0
venezuela,kniakrls.com,com,GLOBAL,GLOBAL,GLOBAL,PLATFORM,0,0,0,0,0,0,0
venezuela,knoe.com,com,GLOBAL,GLOBAL,GLOBAL,PLATFORM,0,0,0,0,0,0,0
venezuela,koacolorado.iheart.com,com,GLOBAL,GLOBAL,GLOBAL,PLATFORM,0,0,0,0,0,0,0
venezuela,komando.com,com,GLOBAL,GLOBAL,GLOBAL,PLATFORM,0,0,0,0,0,0,0
venezuela,kpax.com,com,GLOBAL,GLOBAL,GLOBAL,PLATFORM,0,0,0,0,0,0,0
venezuela,kpcnews.com,com,GLOBAL,GLOBAL,GLOBAL,PLATFORM,0,0,0,0,0,0,0
venezuela,kpig.com,com,GLOBAL,GLOBAL,GLOBAL,PLATFORM,0,0,0,0,0,0,0
venezuela,kpla.com,com,GLOBAL,GLOBAL,GLOBAL,PLATFORM,0,0,0,0,0,0,0
venezuela,krem.com,com,GLOBAL,GLOBAL,GLOBAL,PLATFORM,0,0,0,0,0,0,0
venezuela,krny.com,com,GLOBAL,GLOBAL,GLOBAL,PLATFORM,0,0,0,0,0,0,0
venezuela,kscj.com,com,GLOBAL,GLOBAL,GLOBAL,PLATFORM,0,0,0,0,0,0,0
venezuela,ksl.com,com,GLOBAL,GLOBAL,GLOBAL,PLATFORM,0,0,0,0,0,0,0
venezuela,ksmu.org,org,GLOBAL,GLOBAL,GLOBAL,PLATFORM,0,0,0,0,0,0,0
venezuela,kssn.iheart.com,com,GLOBAL,GLOBAL,GLOBAL,PLATFORM,0,0,0,0,0,0,0
venezuela,ktar.com,com,GLOBAL,GLOBAL,GLOBAL,PLATFORM,0,0,0,0,0,0,0
venezuela,ktop1490.com,com,GLOBAL,GLOBAL,GLOBAL,PLATFORM,0,0,0,0,0,0,0
venezuela,ktul.com,com,GLOBAL,GLOBAL,GLOBAL,PLATFORM,0,0,0,0,0,0,0
venezuela,kulr8.com,com,GLOBAL,GLOBAL,GLOBAL,PLATFORM,0,0,0,0,0,0,0
venezuela,kuvo.org,org,GLOBAL,GLOBAL,GLOBAL,PLATFORM,0,0,0,0,0,0,0
venezuela,laosnews.net,net,GLOBAL,GLOBAL,GLOBAL,PLATFORM,0,0,0,0,0,0,0
venezuela,lasvegassun.com,com,GLOBAL,GLOBAL,GLOBAL,PLATFORM,0,0,0,0,0,0,0
venezuela,lelezard.com,com,GLOBAL,GLOBAL,GLOBAL,PLATFORM,0,0,0,0,0,0,0
venezuela,longisland.com,com,GLOBAL,GLOBAL,GLOBAL,PLATFORM,0,0,0,0,0,0,0
venezuela,loscerritosnews.net,net,GLOBAL,GLOBAL,GLOBAL,PLATFORM,0,0,0,0,0,0,0
venezuela,lvb.com,com,GLOBAL,GLOBAL,GLOBAL,PLATFORM,0,0,0,0,0,0,0
venezuela,m.baidu.com,com,GLOBAL,GLOBAL,GLOBAL,PLATFORM,0,0,0,0,0,0,0
venezuela,malibutimes.com,com,GLOBAL,GLOBAL,GLOBAL,PLATFORM,0,0,0,0,0,0,0
venezuela,manchesterjournal.com,com,GLOBAL,GLOBAL,GLOBAL,PLATFORM,0,0,0,0,0,0,0
venezuela,mauinews.com,com,GLOBAL,GLOBAL,GLOBAL,PLATFORM,0,0,0,0,0,0,0
venezuela,mcall.com,com,GLOBAL,GLOBAL,GLOBAL,PLATFORM,0,0,0,0,0,0,0
venezuela,mckinsey.com,com,GLOBAL,GLOBAL,GLOBAL,PLATFORM,0,0,0,0,0,0,0
venezuela,medindia.net,net,GLOBAL,GLOBAL,GLOBAL,PLATFORM,0,0,0,0,0,0,0
venezuela,meridian.mi.us,us,US,North America,OTHER,PLATFORM,0,0,0,0,0,0,0
venezuela,metroweekly.com,com,GLOBAL,GLOBAL,GLOBAL,PLATFORM,0,0,0,0,0,0,0
venezuela,miragenews.com,com,GLOBAL,GLOBAL,GLOBAL,PLATFORM,0,0,0,0,0,0,0
venezuela,mitchelladvocate.com:443,NA,NA,NA,OTHER,PLATFORM,0,0,0,0,0,0,0
venezuela,mix929.com,com,GLOBAL,GLOBAL,GLOBAL,PLATFORM,0,0,0,0,0,0,0
venezuela,mix931fm.com,com,GLOBAL,GLOBAL,GLOBAL,PLATFORM,0,0,0,0,0,0,0
venezuela,mixmaine.com,com,GLOBAL,GLOBAL,GLOBAL,PLATFORM,0,0,0,0,0,0,0
venezuela,montereycountyweekly.com,com,GLOBAL,GLOBAL,GLOBAL,PLATFORM,0,0,0,0,0,0,0
venezuela,mooseradio.com,com,GLOBAL,GLOBAL,GLOBAL,PLATFORM,0,0,0,0,0,0,0
venezuela,muslimnews.co.uk,uk,GB,Europe & Central Asia,OTHER,PLATFORM,0,0,0,0,0,0,0
venezuela,myparrysoundnow.com,com,GLOBAL,GLOBAL,GLOBAL,PLATFORM,0,0,0,0,0,0,0
venezuela,namibian.com.na,na,NA,NA,OTHER,PLATFORM,0,0,0,0,0,0,0
venezuela,nationalinterest.org,org,GLOBAL,GLOBAL,GLOBAL,PLATFORM,0,0,0,0,0,0,0
venezuela,nbc12.com,com,GLOBAL,GLOBAL,GLOBAL,PLATFORM,0,0,0,0,0,0,0
venezuela,nbcconnecticut.com,com,GLOBAL,GLOBAL,GLOBAL,PLATFORM,0,0,0,0,0,0,0
venezuela,neowin.net,net,GLOBAL,GLOBAL,GLOBAL,PLATFORM,0,0,0,0,0,0,0
venezuela,newcountry1039fm.iheart.com,com,GLOBAL,GLOBAL,GLOBAL,PLATFORM,0,0,0,0,0,0,0
venezuela,newjerseytelegraph.com,com,GLOBAL,GLOBAL,GLOBAL,PLATFORM,0,0,0,0,0,0,0
venezuela,news-medical.net,net,GLOBAL,GLOBAL,GLOBAL,PLATFORM,0,0,0,0,0,0,0
venezuela,news-star.com,com,GLOBAL,GLOBAL,GLOBAL,PLATFORM,0,0,0,0,0,0,0
venezuela,news.mit.edu,edu,NA,NA,OTHER,PLATFORM,0,0,0,0,0,0,0
venezuela,news.rediff.com,com,GLOBAL,GLOBAL,GLOBAL,PLATFORM,0,0,0,0,0,0,0
venezuela,news.ucsc.edu,edu,NA,NA,OTHER,PLATFORM,0,0,0,0,0,0,0
venezuela,news4jax.com,com,GLOBAL,GLOBAL,GLOBAL,PLATFORM,0,0,0,0,0,0,0
venezuela,newsinfo.inquirer.net,net,GLOBAL,GLOBAL,GLOBAL,PLATFORM,0,0,0,0,0,0,0
venezuela,newstalkkit.com,com,GLOBAL,GLOBAL,GLOBAL,PLATFORM,0,0,0,0,0,0,0
venezuela,newworldwriting.net,net,GLOBAL,GLOBAL,GLOBAL,PLATFORM,0,0,0,0,0,0,0
venezuela,niagarafallsreview.ca,ca,CA,North America,OTHER,PLATFORM,0,0,0,0,0,0,0
venezuela,northernminer.com,com,GLOBAL,GLOBAL,GLOBAL,PLATFORM,0,0,0,0,0,0,0
venezuela,northplattebulletin.com,com,GLOBAL,GLOBAL,GLOBAL,PLATFORM,0,0,0,0,0,0,0
venezuela,nysun.com,com,GLOBAL,GLOBAL,GLOBAL,PLATFORM,0,0,0,0,0,0,0
venezuela,nzcatholic.org.nz,nz,NZ,East Asia & Pacific,OTHER,PLATFORM,0,0,0,0,0,0,0
venezuela,oaklandside.org,org,GLOBAL,GLOBAL,GLOBAL,PLATFORM,0,0,0,0,0,0,0
venezuela,opb.org,org,GLOBAL,GLOBAL,GLOBAL,PLATFORM,0,0,0,0,0,0,0
venezuela,oregonlive.com,com,GLOBAL,GLOBAL,GLOBAL,PLATFORM,0,0,0,0,0,0,0
venezuela,oxygen.com,com,GLOBAL,GLOBAL,GLOBAL,PLATFORM,0,0,0,0,0,0,0
venezuela,pagesix.com,com,GLOBAL,GLOBAL,GLOBAL,PLATFORM,0,0,0,0,0,0,0
venezuela,panow.com,com,GLOBAL,GLOBAL,GLOBAL,PLATFORM,0,0,0,0,0,0,0
venezuela,pembinavalleyonline.com,com,GLOBAL,GLOBAL,GLOBAL,PLATFORM,0,0,0,0,0,0,0
venezuela,perezhilton.com,com,GLOBAL,GLOBAL,GLOBAL,PLATFORM,0,0,0,0,0,0,0
venezuela,pharmacytimes.com,com,GLOBAL,GLOBAL,GLOBAL,PLATFORM,0,0,0,0,0,0,0
venezuela,philstar.com,com,GLOBAL,GLOBAL,GLOBAL,PLATFORM,0,0,0,0,0,0,0
venezuela,phys.org,org,GLOBAL,GLOBAL,GLOBAL,PLATFORM,0,0,0,0,0,0,0
venezuela,pineandlakes.com,com,GLOBAL,GLOBAL,GLOBAL,PLATFORM,0,0,0,0,0,0,0
venezuela,poetryfoundation.org,org,GLOBAL,GLOBAL,GLOBAL,PLATFORM,0,0,0,0,0,0,0
venezuela,popularmechanics.com,com,GLOBAL,GLOBAL,GLOBAL,PLATFORM,0,0,0,0,0,0,0
venezuela,portageonline.com,com,GLOBAL,GLOBAL,GLOBAL,PLATFORM,0,0,0,0,0,0,0
venezuela,portnews.com.au,au,AU,East Asia & Pacific,OTHER,PLATFORM,0,0,0,0,0,0,0
venezuela,portsmouth.co.uk,uk,GB,Europe & Central Asia,OTHER,PLATFORM,0,0,0,0,0,0,0
venezuela,pressherald.com,com,GLOBAL,GLOBAL,GLOBAL,PLATFORM,0,0,0,0,0,0,0
venezuela,punknews.org,org,GLOBAL,GLOBAL,GLOBAL,PLATFORM,0,0,0,0,0,0,0
venezuela,questmag.com,com,GLOBAL,GLOBAL,GLOBAL,PLATFORM,0,0,0,0,0,0,0
venezuela,radiosunny.iheart.com,com,GLOBAL,GLOBAL,GLOBAL,PLATFORM,0,0,0,0,0,0,0
venezuela,rbth.com,com,GLOBAL,GLOBAL,GLOBAL,PLATFORM,0,0,0,0,0,0,0
venezuela,realestate.com.au,au,AU,East Asia & Pacific,OTHER,PLATFORM,0,0,0,0,0,0,0
venezuela,rentonreporter.com,com,GLOBAL,GLOBAL,GLOBAL,PLATFORM,0,0,0,0,0,0,0
venezuela,road.cc,cc,NA,NA,OTHER,PLATFORM,0,0,0,0,0,0,0
venezuela,sanpedrosun.com,com,GLOBAL,GLOBAL,GLOBAL,PLATFORM,0,0,0,0,0,0,0
venezuela,sciencedaily.com,com,GLOBAL,GLOBAL,GLOBAL,PLATFORM,0,0,0,0,0,0,0
venezuela,seapowermagazine.org,org,GLOBAL,GLOBAL,GLOBAL,PLATFORM,0,0,0,0,0,0,0
venezuela,serbiananimalsvoice.com,com,GLOBAL,GLOBAL,GLOBAL,PLATFORM,0,0,0,0,0,0,0
venezuela,sidneyherald.com,com,GLOBAL,GLOBAL,GLOBAL,PLATFORM,0,0,0,0,0,0,0
venezuela,siliconangle.com,com,GLOBAL,GLOBAL,GLOBAL,PLATFORM,0,0,0,0,0,0,0
venezuela,siouxcityjournal.com,com,GLOBAL,GLOBAL,GLOBAL,PLATFORM,0,0,0,0,0,0,0
venezuela,smn-news.com,com,GLOBAL,GLOBAL,GLOBAL,PLATFORM,0,0,0,0,0,0,0
venezuela,squamishchief.com,com,GLOBAL,GLOBAL,GLOBAL,PLATFORM,0,0,0,0,0,0,0
venezuela,starlocalmedia.com,com,GLOBAL,GLOBAL,GLOBAL,PLATFORM,0,0,0,0,0,0,0
venezuela,storystudio.wlwt.com,com,GLOBAL,GLOBAL,GLOBAL,PLATFORM,0,0,0,0,0,0,0
venezuela,surreycomet.co.uk,uk,GB,Europe & Central Asia,OTHER,PLATFORM,0,0,0,0,0,0,0
venezuela,taosnews.com,com,GLOBAL,GLOBAL,GLOBAL,PLATFORM,0,0,0,0,0,0,0
venezuela,tcbmag.com,com,GLOBAL,GLOBAL,GLOBAL,PLATFORM,0,0,0,0,0,0,0
venezuela,temple-news.com,com,GLOBAL,GLOBAL,GLOBAL,PLATFORM,0,0,0,0,0,0,0
venezuela,texomashomepage.com,com,GLOBAL,GLOBAL,GLOBAL,PLATFORM,0,0,0,0,0,0,0
venezuela,theath.ca,ca,CA,North America,OTHER,PLATFORM,0,0,0,0,0,0,0
venezuela,thecatfm.iheart.com,com,GLOBAL,GLOBAL,GLOBAL,PLATFORM,0,0,0,0,0,0,0
venezuela,theleader.com.au,au,AU,East Asia & Pacific,OTHER,PLATFORM,0,0,0,0,0,0,0
venezuela,themorningsun.com,com,GLOBAL,GLOBAL,GLOBAL,PLATFORM,0,0,0,0,0,0,0
venezuela,thenewsherald.com,com,GLOBAL,GLOBAL,GLOBAL,PLATFORM,0,0,0,0,0,0,0
venezuela,theonion.com,com,GLOBAL,GLOBAL,GLOBAL,PLATFORM,0,0,0,0,0,0,0
venezuela,thesouthernreporter.co.uk,uk,GB,Europe & Central Asia,OTHER,PLATFORM,0,0,0,0,0,0,0
venezuela,thestandard.org.nz,nz,NZ,East Asia & Pacific,OTHER,PLATFORM,0,0,0,0,0,0,0
venezuela,un.org,org,GLOBAL,GLOBAL,GLOBAL,PLATFORM,0,0,0,0,0,0,0
venezuela,us1035.iheart.com,com,GLOBAL,GLOBAL,GLOBAL,PLATFORM,0,0,0,0,0,0,0
venezuela,v100.iheart.com,com,GLOBAL,GLOBAL,GLOBAL,PLATFORM,0,0,0,0,0,0,0
venezuela,venturebeat.com,com,GLOBAL,GLOBAL,GLOBAL,PLATFORM,0,0,0,0,0,0,0
venezuela,vision.org.au,au,AU,East Asia & Pacific,OTHER,PLATFORM,0,0,0,0,0,0,0
venezuela,volanteonline.com,com,GLOBAL,GLOBAL,GLOBAL,PLATFORM,0,0,0,0,0,0,0
venezuela,voxy.co.nz,nz,NZ,East Asia & Pacific,OTHER,PLATFORM,0,0,0,0,0,0,0
venezuela,warm98.com,com,GLOBAL,GLOBAL,GLOBAL,PLATFORM,0,0,0,0,0,0,0
venezuela,washingtonblade.com,com,GLOBAL,GLOBAL,GLOBAL,PLATFORM,0,0,0,0,0,0,0
venezuela,wbap.com,com,GLOBAL,GLOBAL,GLOBAL,PLATFORM,0,0,0,0,0,0,0
venezuela,wcsy.com,com,GLOBAL,GLOBAL,GLOBAL,PLATFORM,0,0,0,0,0,0,0
venezuela,wctv.tv,tv,NA,NA,OTHER,PLATFORM,0,0,0,0,0,0,0
venezuela,wdvx.com,com,GLOBAL,GLOBAL,GLOBAL,PLATFORM,0,0,0,0,0,0,0
venezuela,weaintgotnohistory.sbnation.com,com,GLOBAL,GLOBAL,GLOBAL,PLATFORM,0,0,0,0,0,0,0
venezuela,westernweekender.com.au,au,AU,East Asia & Pacific,OTHER,PLATFORM,0,0,0,0,0,0,0
venezuela,wflafm.iheart.com,com,GLOBAL,GLOBAL,GLOBAL,PLATFORM,0,0,0,0,0,0,0
venezuela,whsv.com,com,GLOBAL,GLOBAL,GLOBAL,PLATFORM,0,0,0,0,0,0,0
venezuela,wiscassetnewspaper.com,com,GLOBAL,GLOBAL,GLOBAL,PLATFORM,0,0,0,0,0,0,0
venezuela,wjjz.iheart.com,com,GLOBAL,GLOBAL,GLOBAL,PLATFORM,0,0,0,0,0,0,0
venezuela,wkkj.iheart.com,com,GLOBAL,GLOBAL,GLOBAL,PLATFORM,0,0,0,0,0,0,0
venezuela,wltx.com,com,GLOBAL,GLOBAL,GLOBAL,PLATFORM,0,0,0,0,0,0,0
venezuela,wmra.org,org,GLOBAL,GLOBAL,GLOBAL,PLATFORM,0,0,0,0,0,0,0
venezuela,wordpress.com,com,GLOBAL,GLOBAL,GLOBAL,PLATFORM,0,0,0,0,0,0,0
venezuela,world.kbs.co.kr,kr,KR,East Asia & Pacific,OTHER,PLATFORM,0,0,0,0,0,0,0
venezuela,wrfi.org,org,GLOBAL,GLOBAL,GLOBAL,PLATFORM,0,0,0,0,0,0,0
venezuela,wsj.com,com,GLOBAL,GLOBAL,GLOBAL,PLATFORM,1,0,0,0,0,0,1
venezuela,wsvaonline.com,com,GLOBAL,GLOBAL,GLOBAL,PLATFORM,0,0,0,0,0,0,0
venezuela,wthr.com,com,GLOBAL,GLOBAL,GLOBAL,PLATFORM,0,0,0,0,0,0,0
venezuela,wuwm.com,com,GLOBAL,GLOBAL,GLOBAL,PLATFORM,0,0,0,0,0,0,0
venezuela,wzpl.com,com,GLOBAL,GLOBAL,GLOBAL,PLATFORM,0,0,0,0,0,0,0
venezuela,y969.iheart.com,com,GLOBAL,GLOBAL,GLOBAL,PLATFORM,0,0,0,0,0,0,0
venezuela,yorkpress.co.uk,uk,GB,Europe & Central Asia,OTHER,PLATFORM,0,0,0,0,0,0,0
venezuela,z103.fm,fm,NA,NA,OTHER,PLATFORM,0,0,0,0,0,0,0
venezuela,zerohedge.com,com,GLOBAL,GLOBAL,GLOBAL,PLATFORM,0,0,0,0,0,0,0
venezuela,znsbahamas.com,com,GLOBAL,GLOBAL,GLOBAL,PLATFORM,0,0,0,0,0,0,0
venezuela,1045theteam.com,com,GLOBAL,GLOBAL,GLOBAL,PLATFORM,0,0,0,0,0,0,0
venezuela,1049foxsports.iheart.com,com,GLOBAL,GLOBAL,GLOBAL,PLATFORM,0,0,0,0,0,0,0
venezuela,1057thehawk.com,com,GLOBAL,GLOBAL,GLOBAL,PLATFORM,0,0,0,0,0,0,0
venezuela,1075thebigbuck.iheart.com,com,GLOBAL,GLOBAL,GLOBAL,PLATFORM,0,0,0,0,0,0,0
venezuela,1360kktx.iheart.com,com,GLOBAL,GLOBAL,GLOBAL,PLATFORM,0,0,0,0,0,0,0
venezuela,13abc.com,com,GLOBAL,GLOBAL,GLOBAL,PLATFORM,0,0,0,0,0,0,0
venezuela,6abc.com,com,GLOBAL,GLOBAL,GLOBAL,PLATFORM,0,0,0,0,0,0,0
venezuela,710keel.com,com,GLOBAL,GLOBAL,GLOBAL,PLATFORM,0,0,0,0,0,0,0
venezuela,90min.com,com,GLOBAL,GLOBAL,GLOBAL,PLATFORM,0,0,0,0,0,0,0
venezuela,915thebeat.com,com,GLOBAL,GLOBAL,GLOBAL,PLATFORM,0,0,0,0,0,0,0
venezuela,997wtn.com,com,GLOBAL,GLOBAL,GLOBAL,PLATFORM,0,0,0,0,0,0,0
venezuela,actionnewsjax.com,com,GLOBAL,GLOBAL,GLOBAL,PLATFORM,0,0,0,0,0,0,0
venezuela,airlinegeeks.com,com,GLOBAL,GLOBAL,GLOBAL,PLATFORM,0,0,0,0,0,0,0
venezuela,allblacks.com,com,GLOBAL,GLOBAL,GLOBAL,PLATFORM,0,0,0,0,0,0,0
venezuela,article.wn.com,com,GLOBAL,GLOBAL,GLOBAL,PLATFORM,0,0,0,0,0,0,0
venezuela,austinchronicle.com,com,GLOBAL,GLOBAL,GLOBAL,PLATFORM,0,0,0,0,0,0,0
venezuela,autobodynews.com,com,GLOBAL,GLOBAL,GLOBAL,PLATFORM,0,0,0,0,0,0,0
venezuela,avenuemail.in,in,IN,South Asia,OTHER,PLATFORM,0,0,0,0,0,0,0
venezuela,azcapitoltimes.com,com,GLOBAL,GLOBAL,GLOBAL,PLATFORM,0,0,0,0,0,0,0
venezuela,b1027.com,com,GLOBAL,GLOBAL,GLOBAL,PLATFORM,0,0,0,0,0,0,0
venezuela,b1075country.iheart.com,com,GLOBAL,GLOBAL,GLOBAL,PLATFORM,0,0,0,0,0,0,0
venezuela,ballstatedaily.com,com,GLOBAL,GLOBAL,GLOBAL,PLATFORM,0,0,0,0,0,0,0
venezuela,bangordailynews.com,com,GLOBAL,GLOBAL,GLOBAL,PLATFORM,0,0,0,0,0,0,0
venezuela,beach951.com,com,GLOBAL,GLOBAL,GLOBAL,PLATFORM,0,0,0,0,0,0,0
venezuela,biometricupdate.com,com,GLOBAL,GLOBAL,GLOBAL,PLATFORM,0,0,0,0,0,0,0
venezuela,blayneychronicle.com.au,au,AU,East Asia & Pacific,OTHER,PLATFORM,0,0,0,0,0,0,0
venezuela,bnd.com,com,GLOBAL,GLOBAL,GLOBAL,PLATFORM,0,0,0,0,0,0,0
venezuela,bobbybones.iheart.com,com,GLOBAL,GLOBAL,GLOBAL,PLATFORM,0,0,0,0,0,0,0
venezuela,brazilbusiness.einnews.com,com,GLOBAL,GLOBAL,GLOBAL,PLATFORM,0,0,0,0,0,0,0
venezuela,broomfieldenterprise.com,com,GLOBAL,GLOBAL,GLOBAL,PLATFORM,0,0,0,0,0,0,0
venezuela,campusreform.org,org,GLOBAL,GLOBAL,GLOBAL,PLATFORM,0,0,0,0,0,0,0
venezuela,canadiancattlemen.ca,ca,CA,North America,OTHER,PLATFORM,0,0,0,0,0,0,0
venezuela,canberratimes.com.au,au,AU,East Asia & Pacific,OTHER,PLATFORM,0,0,0,0,0,0,0
venezuela,capitalpress.com,com,GLOBAL,GLOBAL,GLOBAL,PLATFORM,0,0,0,0,0,0,0
venezuela,carloarg02.medium.com,com,GLOBAL,GLOBAL,GLOBAL,PLATFORM,0,0,0,0,0,0,0
venezuela,castanet.net,net,GLOBAL,GLOBAL,GLOBAL,PLATFORM,0,0,0,0,0,0,0
venezuela,cebudailynews.inquirer.net,net,GLOBAL,GLOBAL,GLOBAL,PLATFORM,0,0,0,0,0,0,0
venezuela,cfrc.ca,ca,CA,North America,OTHER,PLATFORM,0,0,0,0,0,0,0
venezuela,cheatsheet.com,com,GLOBAL,GLOBAL,GLOBAL,PLATFORM,0,0,0,0,0,0,0
venezuela,china.org.cn,cn,CN,East Asia & Pacific,OTHER,PLATFORM,0,0,0,0,0,0,0
venezuela,chroniclejournal.com,com,GLOBAL,GLOBAL,GLOBAL,PLATFORM,0,0,0,0,0,0,0
venezuela,cineuropa.org,org,GLOBAL,GLOBAL,GLOBAL,PLATFORM,0,0,0,0,0,0,0
venezuela,cio.com,com,GLOBAL,GLOBAL,GLOBAL,PLATFORM,0,0,0,0,0,0,0
venezuela,ckuw.ca,ca,CA,North America,OTHER,PLATFORM,0,0,0,0,0,0,0
venezuela,classichits1390.iheart.com,com,GLOBAL,GLOBAL,GLOBAL,PLATFORM,0,0,0,0,0,0,0
venezuela,cnaluxury.channelnewsasia.com,com,GLOBAL,GLOBAL,GLOBAL,PLATFORM,0,0,0,0,0,0,0
venezuela,cnnphilippines.com,com,GLOBAL,GLOBAL,GLOBAL,PLATFORM,0,0,0,0,0,0,0
venezuela,coindesk.com,com,GLOBAL,GLOBAL,GLOBAL,PLATFORM,0,0,0,0,0,0,0
venezuela,columbian.com,com,GLOBAL,GLOBAL,GLOBAL,PLATFORM,0,0,0,0,0,0,0
venezuela,connecticut.news12.com,com,GLOBAL,GLOBAL,GLOBAL,PLATFORM,0,0,0,0,0,0,0
venezuela,courthousenews.com,com,GLOBAL,GLOBAL,GLOBAL,PLATFORM,0,0,0,0,0,0,0
venezuela,cranbrooktownsman.com,com,GLOBAL,GLOBAL,GLOBAL,PLATFORM,0,0,0,0,0,0,0
venezuela,cumnockchronicle.com,com,GLOBAL,GLOBAL,GLOBAL,PLATFORM,0,0,0,0,0,0,0
venezuela,dailybreeze.com,com,GLOBAL,GLOBAL,GLOBAL,PLATFORM,0,0,0,0,0,0,0
venezuela,dailycardinal.com,com,GLOBAL,GLOBAL,GLOBAL,PLATFORM,0,0,0,0,0,0,0
venezuela,dailyfinland.fi,fi,NA,NA,OTHER,PLATFORM,0,0,0,0,0,0,0
venezuela,dailyrecord.co.uk,uk,GB,Europe & Central Asia,OTHER,PLATFORM,0,0,0,0,0,0,0
venezuela,darlingtonandstocktontimes.co.uk,uk,GB,Europe & Central Asia,OTHER,PLATFORM,0,0,0,0,0,0,0
venezuela,davidpakman.com,com,GLOBAL,GLOBAL,GLOBAL,PLATFORM,0,0,0,0,0,0,0
venezuela,deadline.com,com,GLOBAL,GLOBAL,GLOBAL,PLATFORM,0,0,0,0,0,0,0
venezuela,decider.com,com,GLOBAL,GLOBAL,GLOBAL,PLATFORM,0,0,0,0,0,0,0
venezuela,derrynow.com,com,GLOBAL,GLOBAL,GLOBAL,PLATFORM,0,0,0,0,0,0,0
venezuela,digbycourier.ca,ca,CA,North America,OTHER,PLATFORM,0,0,0,0,0,0,0
venezuela,drumhellermail.com,com,GLOBAL,GLOBAL,GLOBAL,PLATFORM,0,0,0,0,0,0,0
venezuela,duvarenglish.com,com,GLOBAL,GLOBAL,GLOBAL,PLATFORM,0,0,0,0,0,0,0
venezuela,eagletribune.com,com,GLOBAL,GLOBAL,GLOBAL,PLATFORM,0,0,0,0,0,0,0
venezuela,earth.com,com,GLOBAL,GLOBAL,GLOBAL,PLATFORM,0,0,0,0,0,0,0
venezuela,economictimes.indiatimes.com,com,GLOBAL,GLOBAL,GLOBAL,PLATFORM,0,0,0,0,0,0,0
venezuela,edition.cnn.com,com,GLOBAL,GLOBAL,GLOBAL,PLATFORM,0,0,0,0,0,0,0
venezuela,effinghamherald.net,net,GLOBAL,GLOBAL,GLOBAL,PLATFORM,0,0,0,0,0,0,0
venezuela,en.shafaqna.com,com,GLOBAL,GLOBAL,GLOBAL,PLATFORM,0,0,0,0,0,0,0
venezuela,eonline.com,com,GLOBAL,GLOBAL,GLOBAL,PLATFORM,0,0,0,0,0,0,0
venezuela,eppingforestguardian.co.uk,uk,GB,Europe & Central Asia,OTHER,PLATFORM,0,0,0,0,0,0,0
venezuela,erienewsnow.com,com,GLOBAL,GLOBAL,GLOBAL,PLATFORM,0,0,0,0,0,0,0
venezuela,etfdailynews.com,com,GLOBAL,GLOBAL,GLOBAL,PLATFORM,0,0,0,0,0,0,0
venezuela,europesun.com,com,GLOBAL,GLOBAL,GLOBAL,PLATFORM,0,0,0,0,0,0,0
venezuela,eveningnews24.co.uk,uk,GB,Europe & Central Asia,OTHER,PLATFORM,0,0,0,0,0,0,0
venezuela,evwind.es,es,ES,Europe & Central Asia,OTHER,PLATFORM,0,0,0,0,0,0,0
venezuela,exclaim.ca,ca,CA,North America,OTHER,PLATFORM,0,0,0,0,0,0,0
venezuela,express.co.uk,uk,GB,Europe & Central Asia,OTHER,PLATFORM,0,0,0,0,0,0,0
venezuela,fandompost.com,com,GLOBAL,GLOBAL,GLOBAL,PLATFORM,0,0,0,0,0,0,0
venezuela,fbcnews.com.fj,fj,NA,NA,OTHER,PLATFORM,0,0,0,0,0,0,0
venezuela,fijisun.com.fj,fj,NA,NA,OTHER,PLATFORM,0,0,0,0,0,0,0
venezuela,fijivillage.com,com,GLOBAL,GLOBAL,GLOBAL,PLATFORM,0,0,0,0,0,0,0
venezuela,foreignaffairs.co.nz,nz,NZ,East Asia & Pacific,OTHER,PLATFORM,0,0,0,0,0,0,0
venezuela,fourstateshomepage.com,com,GLOBAL,GLOBAL,GLOBAL,PLATFORM,0,0,0,0,0,0,0
venezuela,fox2now.com,com,GLOBAL,GLOBAL,GLOBAL,PLATFORM,0,0,0,0,0,0,0
venezuela,fox34.com,com,GLOBAL,GLOBAL,GLOBAL,PLATFORM,0,0,0,0,0,0,0
venezuela,fox4kc.com,com,GLOBAL,GLOBAL,GLOBAL,PLATFORM,0,0,0,0,0,0,0
venezuela,fox61.com,com,GLOBAL,GLOBAL,GLOBAL,PLATFORM,0,0,0,0,0,0,0
venezuela,fox9.com,com,GLOBAL,GLOBAL,GLOBAL,PLATFORM,0,0,0,0,0,0,0
venezuela,france24.com,com,GLOBAL,GLOBAL,GLOBAL,PLATFORM,0,0,0,0,0,0,0
venezuela,fresnobee.com,com,GLOBAL,GLOBAL,GLOBAL,PLATFORM,0,0,0,0,0,0,0
venezuela,frontline.thehindu.com,com,GLOBAL,GLOBAL,GLOBAL,PLATFORM,0,0,0,0,0,0,0
venezuela,futurecar.com,com,GLOBAL,GLOBAL,GLOBAL,PLATFORM,0,0,0,0,0,0,0
venezuela,gamespot.com,com,GLOBAL,GLOBAL,GLOBAL,PLATFORM,0,0,0,0,0,0,0
venezuela,giants.com,com,GLOBAL,GLOBAL,GLOBAL,PLATFORM,0,0,0,0,0,0,0
venezuela,globalhappenings.com,com,GLOBAL,GLOBAL,GLOBAL,PLATFORM,0,0,0,0,0,0,0
venezuela,globalnation.inquirer.net,net,GLOBAL,GLOBAL,GLOBAL,PLATFORM,0,0,0,0,0,0,0
venezuela,governing.com,com,GLOBAL,GLOBAL,GLOBAL,PLATFORM,0,0,0,0,0,0,0
venezuela,gulf104.com,com,GLOBAL,GLOBAL,GLOBAL,PLATFORM,0,0,0,0,0,0,0
venezuela,gvnews.com,com,GLOBAL,GLOBAL,GLOBAL,PLATFORM,0,0,0,0,0,0,0
venezuela,halsteadgazette.co.uk,uk,GB,Europe & Central Asia,OTHER,PLATFORM,0,0,0,0,0,0,0
venezuela,helenair.com,com,GLOBAL,GLOBAL,GLOBAL,PLATFORM,0,0,0,0,0,0,0
venezuela,herald.co.zw,zw,NA,NA,OTHER,PLATFORM,0,0,0,0,0,0,0
venezuela,historiccity.com,com,GLOBAL,GLOBAL,GLOBAL,PLATFORM,0,0,0,0,0,0,0
venezuela,historytoday.com,com,GLOBAL,GLOBAL,GLOBAL,PLATFORM,0,0,0,0,0,0,0
venezuela,hngn.com,com,GLOBAL,GLOBAL,GLOBAL,PLATFORM,0,0,0,0,0,0,0
venezuela,homernews.com,com,GLOBAL,GLOBAL,GLOBAL,PLATFORM,0,0,0,0,0,0,0
venezuela,hub-4.com,com,GLOBAL,GLOBAL,GLOBAL,PLATFORM,0,0,0,0,0,0,0
venezuela,ign.com,com,GLOBAL,GLOBAL,GLOBAL,PLATFORM,0,0,0,0,0,0,0
venezuela,independent.co.uk,uk,GB,Europe & Central Asia,OTHER,PLATFORM,0,0,0,0,0,0,0
venezuela,indiankanoon.org,org,GLOBAL,GLOBAL,GLOBAL,PLATFORM,0,0,0,0,0,0,0
venezuela,indiatimes.com,com,GLOBAL,GLOBAL,GLOBAL,PLATFORM,0,0,0,0,0,0,0
venezuela,indybay.org,org,GLOBAL,GLOBAL,GLOBAL,PLATFORM,0,0,0,0,0,0,0
venezuela,infiniteunknown.net,net,GLOBAL,GLOBAL,GLOBAL,PLATFORM,0,0,0,0,0,0,0
venezuela,info.scoop.co.nz,nz,NZ,East Asia & Pacific,OTHER,PLATFORM,0,0,0,0,0,0,0
venezuela,insider.com,com,GLOBAL,GLOBAL,GLOBAL,PLATFORM,0,0,0,0,0,0,0
venezuela,insidethegames.biz,biz,GLOBAL,GLOBAL,GLOBAL,PLATFORM,0,0,0,0,0,0,0
venezuela,insightcrime.org,org,GLOBAL,GLOBAL,GLOBAL,PLATFORM,0,0,0,0,0,0,0
venezuela,instinctmagazine.com,com,GLOBAL,GLOBAL,GLOBAL,PLATFORM,0,0,0,0,0,0,0
venezuela,insurancebusinessmag.com,com,GLOBAL,GLOBAL,GLOBAL,PLATFORM,0,0,0,0,0,0,0
venezuela,inverness-courier.co.uk,uk,GB,Europe & Central Asia,OTHER,PLATFORM,0,0,0,0,0,0,0
venezuela,ipcs.org,org,GLOBAL,GLOBAL,GLOBAL,PLATFORM,0,0,0,0,0,0,0
venezuela,ipowerrichmond.com,com,GLOBAL,GLOBAL,GLOBAL,PLATFORM,0,0,0,0,0,0,0
venezuela,irishcentral.com,com,GLOBAL,GLOBAL,GLOBAL,PLATFORM,0,0,0,0,0,0,0
venezuela,islandpacket.com,com,GLOBAL,GLOBAL,GLOBAL,PLATFORM,0,0,0,0,0,0,0
venezuela,islandsbusiness.com,com,GLOBAL,GLOBAL,GLOBAL,PLATFORM,0,0,0,0,0,0,0
venezuela,isustudentmedia.com,com,GLOBAL,GLOBAL,GLOBAL,PLATFORM,0,0,0,0,0,0,0
venezuela,itv.com,com,GLOBAL,GLOBAL,GLOBAL,PLATFORM,0,0,0,0,0,0,0
venezuela,johnogroat-journal.co.uk,uk,GB,Europe & Central Asia,OTHER,PLATFORM,0,0,0,0,0,0,0
venezuela,journalrecord.com,com,GLOBAL,GLOBAL,GLOBAL,PLATFORM,0,0,0,0,0,0,0
venezuela,jurist.org,org,GLOBAL,GLOBAL,GLOBAL,PLATFORM,0,0,0,0,0,0,0
venezuela,kamloopsthisweek.com,com,GLOBAL,GLOBAL,GLOBAL,PLATFORM,0,0,0,0,0,0,0
venezuela,katc.com,com,GLOBAL,GLOBAL,GLOBAL,PLATFORM,0,0,0,0,0,0,0
venezuela,katsfm.com,com,GLOBAL,GLOBAL,GLOBAL,PLATFORM,0,0,0,0,0,0,0
venezuela,kelofm.com,com,GLOBAL,GLOBAL,GLOBAL,PLATFORM,0,0,0,0,0,0,0
venezuela,khar590.com,com,GLOBAL,GLOBAL,GLOBAL,PLATFORM,0,0,0,0,0,0,0
venezuela,kicdam.com,com,GLOBAL,GLOBAL,GLOBAL,PLATFORM,0,0,0,0,0,0,0
venezuela,kiow.com,com,GLOBAL,GLOBAL,GLOBAL,PLATFORM,0,0,0,0,0,0,0
venezuela,kiro7.com,com,GLOBAL,GLOBAL,GLOBAL,PLATFORM,0,0,0,0,0,0,0
venezuela,kisscincinnati.iheart.com,com,GLOBAL,GLOBAL,GLOBAL,PLATFORM,0,0,0,0,0,0,0
venezuela,kjct8.com,com,GLOBAL,GLOBAL,GLOBAL,PLATFORM,0,0,0,0,0,0,0
venezuela,kkyx.com,com,GLOBAL,GLOBAL,GLOBAL,PLATFORM,0,0,0,0,0,0,0
venezuela,knox.villagesoup.com,com,GLOBAL,GLOBAL,GLOBAL,PLATFORM,0,0,0,0,0,0,0
venezuela,koin.com,com,GLOBAL,GLOBAL,GLOBAL,PLATFORM,0,0,0,0,0,0,0
venezuela,kolotv.com,com,GLOBAL,GLOBAL,GLOBAL,PLATFORM,0,0,0,0,0,0,0
venezuela,koreatimes.co.kr,kr,KR,East Asia & Pacific,OTHER,PLATFORM,0,0,0,0,0,0,0
venezuela,kptv.com,com,GLOBAL,GLOBAL,GLOBAL,PLATFORM,0,0,0,0,0,0,0
venezuela,krmg.com,com,GLOBAL,GLOBAL,GLOBAL,PLATFORM,0,0,0,0,0,0,0
venezuela,krocnews.com,com,GLOBAL,GLOBAL,GLOBAL,PLATFORM,0,0,0,0,0,0,0
venezuela,krro.com,com,GLOBAL,GLOBAL,GLOBAL,PLATFORM,0,0,0,0,0,0,0
venezuela,ksisradio.com,com,GLOBAL,GLOBAL,GLOBAL,PLATFORM,0,0,0,0,0,0,0
venezuela,kswo.com,com,GLOBAL,GLOBAL,GLOBAL,PLATFORM,0,0,0,0,0,0,0
venezuela,kten.com,com,GLOBAL,GLOBAL,GLOBAL,PLATFORM,0,0,0,0,0,0,0
venezuela,kuaf.com,com,GLOBAL,GLOBAL,GLOBAL,PLATFORM,0,0,0,0,0,0,0
venezuela,kuna.net.kw,kw,NA,NA,OTHER,PLATFORM,0,0,0,0,0,0,0
venezuela,kwin.com,com,GLOBAL,GLOBAL,GLOBAL,PLATFORM,0,0,0,0,0,0,0
venezuela,kxt.org,org,GLOBAL,GLOBAL,GLOBAL,PLATFORM,0,0,0,0,0,0,0
venezuela,ky3.com,com,GLOBAL,GLOBAL,GLOBAL,PLATFORM,0,0,0,0,0,0,0
venezuela,legallyindia.com,com,GLOBAL,GLOBAL,GLOBAL,PLATFORM,0,0,0,0,0,0,0
venezuela,legit.ng,ng,NG,Sub-Saharan Africa,AFRICA,PLATFORM,0,0,0,0,0,0,0
venezuela,leinsterleader.ie,ie,NA,NA,OTHER,PLATFORM,0,0,0,0,0,0,0
venezuela,lemonde.fr,fr,FR,Europe & Central Asia,OTHER,PLATFORM,0,0,0,0,0,0,0
venezuela,lep.co.uk,uk,GB,Europe & Central Asia,OTHER,PLATFORM,0,0,0,0,0,0,0
venezuela,liberty.edu,edu,NA,NA,OTHER,PLATFORM,0,0,0,0,0,0,0
venezuela,liverpoolecho.co.uk,uk,GB,Europe & Central Asia,OTHER,PLATFORM,0,0,0,0,0,0,0
venezuela,local12.com,com,GLOBAL,GLOBAL,GLOBAL,PLATFORM,0,0,0,0,0,0,0
venezuela,londonmercury.com,com,GLOBAL,GLOBAL,GLOBAL,PLATFORM,0,0,0,0,0,0,0
venezuela,lostcoastoutpost.com,com,GLOBAL,GLOBAL,GLOBAL,PLATFORM,0,0,0,0,0,0,0
venezuela,lowellsun.com,com,GLOBAL,GLOBAL,GLOBAL,PLATFORM,0,0,0,0,0,0,0
venezuela,lowkickmma.com,com,GLOBAL,GLOBAL,GLOBAL,PLATFORM,0,0,0,0,0,0,0
venezuela,m.lasvegassun.com,com,GLOBAL,GLOBAL,GLOBAL,PLATFORM,0,0,0,0,0,0,0
venezuela,maryvilleforum.com,com,GLOBAL,GLOBAL,GLOBAL,PLATFORM,0,0,0,0,0,0,0
venezuela,mcalesternews.com,com,GLOBAL,GLOBAL,GLOBAL,PLATFORM,0,0,0,0,0,0,0
venezuela,metro-magazine.com,com,GLOBAL,GLOBAL,GLOBAL,PLATFORM,0,0,0,0,0,0,0
venezuela,miningjournal.net,net,GLOBAL,GLOBAL,GLOBAL,PLATFORM,0,0,0,0,0,0,0
venezuela,mix97.com,com,GLOBAL,GLOBAL,GLOBAL,PLATFORM,0,0,0,0,0,0,0
venezuela,mix999fm.iheart.com,com,GLOBAL,GLOBAL,GLOBAL,PLATFORM,0,0,0,0,0,0,0
venezuela,mlive.com,com,GLOBAL,GLOBAL,GLOBAL,PLATFORM,0,0,0,0,0,0,0
venezuela,modernghana.com,com,GLOBAL,GLOBAL,GLOBAL,PLATFORM,0,0,0,0,0,0,0
venezuela,money.usnews.com,com,GLOBAL,GLOBAL,GLOBAL,PLATFORM,0,0,0,0,0,0,0
venezuela,morrowcountysentinel.com,com,GLOBAL,GLOBAL,GLOBAL,PLATFORM,0,0,0,0,0,0,0
venezuela,mountaintimes.info,info,GLOBAL,GLOBAL,GLOBAL,PLATFORM,0,0,0,0,0,0,0
venezuela,muscatinejournal.com,com,GLOBAL,GLOBAL,GLOBAL,PLATFORM,0,0,0,0,0,0,0
venezuela,myanmarnews.net,net,GLOBAL,GLOBAL,GLOBAL,PLATFORM,0,0,0,0,0,0,0
venezuela,myk104.com,com,GLOBAL,GLOBAL,GLOBAL,PLATFORM,0,0,0,0,0,0,0
venezuela,mykiss951.iheart.com,com,GLOBAL,GLOBAL,GLOBAL,PLATFORM,0,0,0,0,0,0,0
venezuela,mylakelandnow.com,com,GLOBAL,GLOBAL,GLOBAL,PLATFORM,0,0,0,0,0,0,0
venezuela,mylondon.news,news,NA,NA,OTHER,PLATFORM,0,0,0,0,0,0,0
venezuela,nationaltribune.com.au,au,AU,East Asia & Pacific,OTHER,PLATFORM,0,0,0,0,0,0,0
venezuela,navytimes.com,com,GLOBAL,GLOBAL,GLOBAL,PLATFORM,0,0,0,0,0,0,0
venezuela,nbclosangeles.com,com,GLOBAL,GLOBAL,GLOBAL,PLATFORM,0,0,0,0,0,0,0
venezuela,ndtv.com,com,GLOBAL,GLOBAL,GLOBAL,PLATFORM,0,0,0,0,0,0,0
venezuela,nevadabusiness.com,com,GLOBAL,GLOBAL,GLOBAL,PLATFORM,0,0,0,0,0,0,0
venezuela,newhot997.com,com,GLOBAL,GLOBAL,GLOBAL,PLATFORM,0,0,0,0,0,0,0
venezuela,newindianexpress.com,com,GLOBAL,GLOBAL,GLOBAL,PLATFORM,0,0,0,0,0,0,0
venezuela,news-gazette.com,com,GLOBAL,GLOBAL,GLOBAL,PLATFORM,0,0,0,0,0,0,0
venezuela,news.az,az,NA,NA,OTHER,PLATFORM,0,0,0,0,0,0,0
venezuela,newser.com,com,GLOBAL,GLOBAL,GLOBAL,PLATFORM,0,0,0,0,0,0,0
venezuela,newsincyprus.com,com,GLOBAL,GLOBAL,GLOBAL,PLATFORM,0,0,0,0,0,0,0
venezuela,newsletter.blogs.wesleyan.edu,edu,NA,NA,OTHER,PLATFORM,0,0,0,0,0,0,0
venezuela,newstalkkzrg.com,com,GLOBAL,GLOBAL,GLOBAL,PLATFORM,0,0,0,0,0,0,0
venezuela,newswest9.com,com,GLOBAL,GLOBAL,GLOBAL,PLATFORM,0,0,0,0,0,0,0
venezuela,njbiz.com,com,GLOBAL,GLOBAL,GLOBAL,PLATFORM,0,0,0,0,0,0,0
venezuela,nme.com,com,GLOBAL,GLOBAL,GLOBAL,PLATFORM,0,0,0,0,0,0,0
venezuela,northernnews.ca:443,NA,NA,NA,OTHER,PLATFORM,0,0,0,0,0,0,0
venezuela,npr.org,org,GLOBAL,GLOBAL,GLOBAL,PLATFORM,0,0,0,0,0,0,0
venezuela,nrvnews.com,com,GLOBAL,GLOBAL,GLOBAL,PLATFORM,0,0,0,0,0,0,0
venezuela,nz.news.yahoo.com,com,GLOBAL,GLOBAL,GLOBAL,PLATFORM,0,0,0,0,0,0,0
venezuela,oas.org,org,GLOBAL,GLOBAL,GLOBAL,PLATFORM,0,0,0,0,0,0,0
venezuela,ohscanada.com,com,GLOBAL,GLOBAL,GLOBAL,PLATFORM,0,0,0,0,0,0,0
venezuela,oit.edu,edu,NA,NA,OTHER,PLATFORM,0,0,0,0,0,0,0
venezuela,onlineopinion.com.au,au,AU,East Asia & Pacific,OTHER,PLATFORM,0,0,0,0,0,0,0
venezuela,orthospinenews.com,com,GLOBAL,GLOBAL,GLOBAL,PLATFORM,0,0,0,0,0,0,0
venezuela,peacefmonline.com,com,GLOBAL,GLOBAL,GLOBAL,PLATFORM,0,0,0,0,0,0,0
venezuela,petapixel.com,com,GLOBAL,GLOBAL,GLOBAL,PLATFORM,0,0,0,0,0,0,0
venezuela,phillytrib.com,com,GLOBAL,GLOBAL,GLOBAL,PLATFORM,0,0,0,0,0,0,0
venezuela,pmnewsnigeria.com,com,GLOBAL,GLOBAL,GLOBAL,PLATFORM,0,0,0,0,0,0,0
venezuela,power98fm.com,com,GLOBAL,GLOBAL,GLOBAL,PLATFORM,0,0,0,0,0,0,0
venezuela,pressreleasepoint.com,com,GLOBAL,GLOBAL,GLOBAL,PLATFORM,0,0,0,0,0,0,0
venezuela,psu.com,com,GLOBAL,GLOBAL,GLOBAL,PLATFORM,0,0,0,0,0,0,0
venezuela,quadcitiesdaily.com,com,GLOBAL,GLOBAL,GLOBAL,PLATFORM,0,0,0,0,0,0,0
venezuela,realradio.iheart.com,com,GLOBAL,GLOBAL,GLOBAL,PLATFORM,0,0,0,0,0,0,0
venezuela,redwatch.org.au,au,AU,East Asia & Pacific,OTHER,PLATFORM,0,0,0,0,0,0,0
venezuela,republic-online.com,com,GLOBAL,GLOBAL,GLOBAL,PLATFORM,0,0,0,0,0,0,0
venezuela,republikein.com.na,na,NA,NA,OTHER,PLATFORM,0,0,0,0,0,0,0
venezuela,revengeofthebirds.com,com,GLOBAL,GLOBAL,GLOBAL,PLATFORM,0,0,0,0,0,0,0
venezuela,ringtv.com,com,GLOBAL,GLOBAL,GLOBAL,PLATFORM,0,0,0,0,0,0,0
venezuela,robbreport.com,com,GLOBAL,GLOBAL,GLOBAL,PLATFORM,0,0,0,0,0,0,0
venezuela,rollcall.com,com,GLOBAL,GLOBAL,GLOBAL,PLATFORM,0,0,0,0,0,0,0
venezuela,russianmachineneverbreaks.com,com,GLOBAL,GLOBAL,GLOBAL,PLATFORM,0,0,0,0,0,0,0
venezuela,rustonleader.com,com,GLOBAL,GLOBAL,GLOBAL,PLATFORM,0,0,0,0,0,0,0
venezuela,sahanjournal.com,com,GLOBAL,GLOBAL,GLOBAL,PLATFORM,0,0,0,0,0,0,0
venezuela,sailingscuttlebutt.com,com,GLOBAL,GLOBAL,GLOBAL,PLATFORM,0,0,0,0,0,0,0
venezuela,scoop.co.nz,nz,NZ,East Asia & Pacific,OTHER,PLATFORM,0,0,0,0,0,0,0
venezuela,seekingalpha.com,com,GLOBAL,GLOBAL,GLOBAL,PLATFORM,1,0,0,0,0,0,1
venezuela,seneweb.com,com,GLOBAL,GLOBAL,GLOBAL,PLATFORM,0,0,0,0,0,0,0
venezuela,silive.com,com,GLOBAL,GLOBAL,GLOBAL,PLATFORM,0,0,0,0,0,0,0
venezuela,somersetcountygazette.co.uk,uk,GB,Europe & Central Asia,OTHER,PLATFORM,0,0,0,0,0,0,0
venezuela,southcarolinapublicradio.org,org,GLOBAL,GLOBAL,GLOBAL,PLATFORM,0,0,0,0,0,0,0
venezuela,southwalesguardian.co.uk,uk,GB,Europe & Central Asia,OTHER,PLATFORM,0,0,0,0,0,0,0
venezuela,spectator.co.uk,uk,GB,Europe & Central Asia,OTHER,PLATFORM,0,0,0,0,0,0,0
venezuela,spokesman.com,com,GLOBAL,GLOBAL,GLOBAL,PLATFORM,0,0,0,0,0,0,0
venezuela,steelersnow.com,com,GLOBAL,GLOBAL,GLOBAL,PLATFORM,0,0,0,0,0,0,0
venezuela,stokesentinel.co.uk,uk,GB,Europe & Central Asia,OTHER,PLATFORM,0,0,0,0,0,0,0
venezuela,store.ign.com,com,GLOBAL,GLOBAL,GLOBAL,PLATFORM,0,0,0,0,0,0,0
venezuela,sunherald.com,com,GLOBAL,GLOBAL,GLOBAL,PLATFORM,0,0,0,0,0,0,0
venezuela,sunjournal.com,com,GLOBAL,GLOBAL,GLOBAL,PLATFORM,0,0,0,0,0,0,0
venezuela,sunny985.iheart.com,com,GLOBAL,GLOBAL,GLOBAL,PLATFORM,0,0,0,0,0,0,0
venezuela,swnews4u.com,com,GLOBAL,GLOBAL,GLOBAL,PLATFORM,0,0,0,0,0,0,0
venezuela,talkvietnam.com,com,GLOBAL,GLOBAL,GLOBAL,PLATFORM,0,0,0,0,0,0,0
venezuela,tampabaysmix.iheart.com,com,GLOBAL,GLOBAL,GLOBAL,PLATFORM,0,0,0,0,0,0,0
venezuela,tbnewswatch.com,com,GLOBAL,GLOBAL,GLOBAL,PLATFORM,0,0,0,0,0,0,0
venezuela,theadanews.com,com,GLOBAL,GLOBAL,GLOBAL,PLATFORM,0,0,0,0,0,0,0
venezuela,theadvocate.com.au,au,AU,East Asia & Pacific,OTHER,PLATFORM,0,0,0,0,0,0,0
venezuela,thearabdailynews.com,com,GLOBAL,GLOBAL,GLOBAL,PLATFORM,0,0,0,0,0,0,0
venezuela,theartnewspaper.com,com,GLOBAL,GLOBAL,GLOBAL,PLATFORM,0,0,0,0,0,0,0
venezuela,thebeatcolumbia.iheart.com,com,GLOBAL,GLOBAL,GLOBAL,PLATFORM,0,0,0,0,0,0,0
venezuela,theblast.com,com,GLOBAL,GLOBAL,GLOBAL,PLATFORM,0,0,0,0,0,0,0
venezuela,theblaze.com,com,GLOBAL,GLOBAL,GLOBAL,PLATFORM,0,0,0,0,0,0,0
venezuela,thebridgenewsng.com,com,GLOBAL,GLOBAL,GLOBAL,PLATFORM,0,0,0,0,0,0,0
venezuela,thebuckeyeflame.com,com,GLOBAL,GLOBAL,GLOBAL,PLATFORM,0,0,0,0,0,0,0
venezuela,thecherokeean.com,com,GLOBAL,GLOBAL,GLOBAL,PLATFORM,0,0,0,0,0,0,0
venezuela,thechronicle-online.com:443,NA,NA,NA,OTHER,PLATFORM,0,0,0,0,0,0,0
venezuela,thedailystar.net,net,GLOBAL,GLOBAL,GLOBAL,PLATFORM,0,0,0,0,0,0,0
venezuela,thefutoncritic.com,com,GLOBAL,GLOBAL,GLOBAL,PLATFORM,0,0,0,0,0,0,0
venezuela,thegazette.com,com,GLOBAL,GLOBAL,GLOBAL,PLATFORM,0,0,0,0,0,0,0
venezuela,thenewsmarket.com,com,GLOBAL,GLOBAL,GLOBAL,PLATFORM,0,0,0,0,0,0,0
venezuela,theolympian.com,com,GLOBAL,GLOBAL,GLOBAL,PLATFORM,0,0,0,0,0,0,0
venezuela,theroanokestar.com,com,GLOBAL,GLOBAL,GLOBAL,PLATFORM,0,0,0,0,0,0,0
venezuela,thestatesman.com,com,GLOBAL,GLOBAL,GLOBAL,PLATFORM,0,0,0,0,0,0,0
venezuela,thewhiskeywash.com,com,GLOBAL,GLOBAL,GLOBAL,PLATFORM,0,0,0,0,0,0,0
venezuela,ticket760.iheart.com,com,GLOBAL,GLOBAL,GLOBAL,PLATFORM,0,0,0,0,0,0,0
venezuela,tide1009.com,com,GLOBAL,GLOBAL,GLOBAL,PLATFORM,0,0,0,0,0,0,0
venezuela,time.com,com,GLOBAL,GLOBAL,GLOBAL,PLATFORM,0,0,0,0,0,0,0
venezuela,timesgazette.com,com,GLOBAL,GLOBAL,GLOBAL,PLATFORM,0,0,0,0,0,0,0
venezuela,timesofisrael.com,com,GLOBAL,GLOBAL,GLOBAL,PLATFORM,0,0,0,0,0,0,0
venezuela,tmj4.com,com,GLOBAL,GLOBAL,GLOBAL,PLATFORM,0,0,0,0,0,0,0
venezuela,toucharcade.com,com,GLOBAL,GLOBAL,GLOBAL,PLATFORM,0,0,0,0,0,0,0
venezuela,travelnoire.com,com,GLOBAL,GLOBAL,GLOBAL,PLATFORM,0,0,0,0,0,0,0
venezuela,travelpulse.com,com,GLOBAL,GLOBAL,GLOBAL,PLATFORM,0,0,0,0,0,0,0
venezuela,ualrpublicradio.org,org,GLOBAL,GLOBAL,GLOBAL,PLATFORM,0,0,0,0,0,0,0
venezuela,ucmo.edu,edu,NA,NA,OTHER,PLATFORM,0,0,0,0,0,0,0
venezuela,undp.org,org,GLOBAL,GLOBAL,GLOBAL,PLATFORM,0,0,0,0,0,0,0
venezuela,upnorthlive.com,com,GLOBAL,GLOBAL,GLOBAL,PLATFORM,0,0,0,0,0,0,0
venezuela,uppermichiganssource.com,com,GLOBAL,GLOBAL,GLOBAL,PLATFORM,0,0,0,0,0,0,0
venezuela,usa.inquirer.net,net,GLOBAL,GLOBAL,GLOBAL,PLATFORM,0,0,0,0,0,0,0
venezuela,utahindependent.com,com,GLOBAL,GLOBAL,GLOBAL,PLATFORM,0,0,0,0,0,0,0
venezuela,v1019.com,com,GLOBAL,GLOBAL,GLOBAL,PLATFORM,0,0,0,0,0,0,0
venezuela,vegnews.com,com,GLOBAL,GLOBAL,GLOBAL,PLATFORM,0,0,0,0,0,0,0
venezuela,vervetimes.com,com,GLOBAL,GLOBAL,GLOBAL,PLATFORM,0,0,0,0,0,0,0
venezuela,von.gov.ng,ng,NG,Sub-Saharan Africa,AFRICA,PLATFORM,0,0,0,0,0,0,0
venezuela,wafb.com,com,GLOBAL,GLOBAL,GLOBAL,PLATFORM,0,0,0,0,0,0,0
venezuela,washingtonexaminer.com,com,GLOBAL,GLOBAL,GLOBAL,PLATFORM,0,0,0,0,0,0,0
venezuela,wbko.com,com,GLOBAL,GLOBAL,GLOBAL,PLATFORM,0,0,0,0,0,0,0
venezuela,wbtw.com,com,GLOBAL,GLOBAL,GLOBAL,PLATFORM,0,0,0,0,0,0,0
venezuela,wbur.org,org,GLOBAL,GLOBAL,GLOBAL,PLATFORM,0,0,0,0,0,0,0
venezuela,wbwn.com,com,GLOBAL,GLOBAL,GLOBAL,PLATFORM,0,0,0,0,0,0,0
venezuela,wcbi.com,com,GLOBAL,GLOBAL,GLOBAL,PLATFORM,0,0,0,0,0,0,0
venezuela,wcjmthebull.iheart.com,com,GLOBAL,GLOBAL,GLOBAL,PLATFORM,0,0,0,0,0,0,0
venezuela,wfin.com,com,GLOBAL,GLOBAL,GLOBAL,PLATFORM,0,0,0,0,0,0,0
venezuela,wfyi.org,org,GLOBAL,GLOBAL,GLOBAL,PLATFORM,0,0,0,0,0,0,0
venezuela,wgclradio.com,com,GLOBAL,GLOBAL,GLOBAL,PLATFORM,0,0,0,0,0,0,0
venezuela,whatsnew2day.com,com,GLOBAL,GLOBAL,GLOBAL,PLATFORM,0,0,0,0,0,0,0
venezuela,wifr.com,com,GLOBAL,GLOBAL,GLOBAL,PLATFORM,0,0,0,0,0,0,0
venezuela,wildrivers.lostcoastoutpost.com,com,GLOBAL,GLOBAL,GLOBAL,PLATFORM,0,0,0,0,0,0,0
venezuela,wisn.com,com,GLOBAL,GLOBAL,GLOBAL,PLATFORM,0,0,0,0,0,0,0
venezuela,wispolitics.com,com,GLOBAL,GLOBAL,GLOBAL,PLATFORM,0,0,0,0,0,0,0
venezuela,wixx.com,com,GLOBAL,GLOBAL,GLOBAL,PLATFORM,0,0,0,0,0,0,0
venezuela,wjla.com,com,GLOBAL,GLOBAL,GLOBAL,PLATFORM,0,0,0,0,0,0,0
venezuela,wkbn.com,com,GLOBAL,GLOBAL,GLOBAL,PLATFORM,0,0,0,0,0,0,0
venezuela,wkrb13.com,com,GLOBAL,GLOBAL,GLOBAL,PLATFORM,0,0,0,0,0,0,0
venezuela,wksn.com,com,GLOBAL,GLOBAL,GLOBAL,PLATFORM,0,0,0,0,0,0,0
venezuela,wmmbam.iheart.com,com,GLOBAL,GLOBAL,GLOBAL,PLATFORM,0,0,0,0,0,0,0
venezuela,wnct.com,com,GLOBAL,GLOBAL,GLOBAL,PLATFORM,0,0,0,0,0,0,0
venezuela,wnky.com,com,GLOBAL,GLOBAL,GLOBAL,PLATFORM,0,0,0,0,0,0,0
venezuela,wobm.com,com,GLOBAL,GLOBAL,GLOBAL,PLATFORM,0,0,0,0,0,0,0
venezuela,wohfradio.com,com,GLOBAL,GLOBAL,GLOBAL,PLATFORM,0,0,0,0,0,0,0
venezuela,wokq.com,com,GLOBAL,GLOBAL,GLOBAL,PLATFORM,0,0,0,0,0,0,0
venezuela,woodstocksentinelreview.com:443,NA,NA,NA,OTHER,PLATFORM,0,0,0,0,0,0,0
venezuela,worldcrunch.com,com,GLOBAL,GLOBAL,GLOBAL,PLATFORM,0,0,0,0,0,0,0
venezuela,wpoc.iheart.com,com,GLOBAL,GLOBAL,GLOBAL,PLATFORM,0,0,0,0,0,0,0
venezuela,wsbradio.com,com,GLOBAL,GLOBAL,GLOBAL,PLATFORM,0,0,0,0,0,0,0
venezuela,wset.com,com,GLOBAL,GLOBAL,GLOBAL,PLATFORM,0,0,0,0,0,0,0
venezuela,wspa.com,com,GLOBAL,GLOBAL,GLOBAL,PLATFORM,0,0,0,0,0,0,0
venezuela,wsyr.iheart.com,com,GLOBAL,GLOBAL,GLOBAL,PLATFORM,0,0,0,0,0,0,0
venezuela,wwnytv.com,com,GLOBAL,GLOBAL,GLOBAL,PLATFORM,0,0,0,0,0,0,0
venezuela,www3.nhk.or.jp,jp,JP,East Asia & Pacific,OTHER,PLATFORM,0,0,0,0,0,0,0
venezuela,y105fm.com,com,GLOBAL,GLOBAL,GLOBAL,PLATFORM,0,0,0,0,0,0,0
venezuela,youngwitness.com.au,au,AU,East Asia & Pacific,OTHER,PLATFORM,0,0,0,0,0,0,0
venezuela,yoursourceone.com,com,GLOBAL,GLOBAL,GLOBAL,PLATFORM,0,0,0,0,0,0,0
venezuela,z1035.com,com,GLOBAL,GLOBAL,GLOBAL,PLATFORM,0,0,0,0,0,0,0
venezuela,1003thepeak.iheart.com,com,GLOBAL,GLOBAL,GLOBAL,PLATFORM,0,0,0,0,0,0,0
venezuela,1027kord.com,com,GLOBAL,GLOBAL,GLOBAL,PLATFORM,0,0,0,0,0,0,0
venezuela,1045latinohits.iheart.com,com,GLOBAL,GLOBAL,GLOBAL,PLATFORM,0,0,0,0,0,0,0
venezuela,1073rocks.iheart.com,com,GLOBAL,GLOBAL,GLOBAL,PLATFORM,0,0,0,0,0,0,0
venezuela,107mus.iheart.com,com,GLOBAL,GLOBAL,GLOBAL,PLATFORM,0,0,0,0,0,0,0
venezuela,1350kman.com,com,GLOBAL,GLOBAL,GLOBAL,PLATFORM,0,0,0,0,0,0,0
venezuela,13newsnow.com,com,GLOBAL,GLOBAL,GLOBAL,PLATFORM,0,0,0,0,0,0,0
venezuela,2lt.com.au,au,AU,East Asia & Pacific,OTHER,PLATFORM,0,0,0,0,0,0,0
venezuela,4bc.com.au,au,AU,East Asia & Pacific,OTHER,PLATFORM,0,0,0,0,0,0,0
venezuela,590kqnt.iheart.com,com,GLOBAL,GLOBAL,GLOBAL,PLATFORM,0,0,0,0,0,0,0
venezuela,650keni.iheart.com,com,GLOBAL,GLOBAL,GLOBAL,PLATFORM,0,0,0,0,0,0,0
venezuela,931freshradio.ca,ca,CA,North America,OTHER,PLATFORM,0,0,0,0,0,0,0
venezuela,937thebull.iheart.com,com,GLOBAL,GLOBAL,GLOBAL,PLATFORM,0,0,0,0,0,0,0
venezuela,94rock.iheart.com,com,GLOBAL,GLOBAL,GLOBAL,PLATFORM,0,0,0,0,0,0,0
venezuela,97zokonline.com,com,GLOBAL,GLOBAL,GLOBAL,PLATFORM,0,0,0,0,0,0,0
venezuela,983thesnake.com,com,GLOBAL,GLOBAL,GLOBAL,PLATFORM,0,0,0,0,0,0,0
venezuela,985thecat.iheart.com,com,GLOBAL,GLOBAL,GLOBAL,PLATFORM,0,0,0,0,0,0,0
venezuela,abc10up.com,com,GLOBAL,GLOBAL,GLOBAL,PLATFORM,0,0,0,0,0,0,0
venezuela,abc11.com,com,GLOBAL,GLOBAL,GLOBAL,PLATFORM,0,0,0,0,0,0,0
venezuela,afr.com,com,GLOBAL,GLOBAL,GLOBAL,PLATFORM,0,0,0,0,0,0,0
venezuela,agweek.com,com,GLOBAL,GLOBAL,GLOBAL,PLATFORM,0,0,0,0,0,0,0
venezuela,alabamawx.com,com,GLOBAL,GLOBAL,GLOBAL,PLATFORM,0,0,0,0,0,0,0
venezuela,albanyherald.com,com,GLOBAL,GLOBAL,GLOBAL,PLATFORM,0,0,0,0,0,0,0
venezuela,alice1077.com,com,GLOBAL,GLOBAL,GLOBAL,PLATFORM,0,0,0,0,0,0,0
venezuela,aliran.com,com,GLOBAL,GLOBAL,GLOBAL,PLATFORM,0,0,0,0,0,0,0
venezuela,amarujala.com,com,GLOBAL,GLOBAL,GLOBAL,PLATFORM,0,0,0,0,0,0,0
venezuela,americanpress.com,com,GLOBAL,GLOBAL,GLOBAL,PLATFORM,0,0,0,0,0,0,0
venezuela,americansongwriter.com,com,GLOBAL,GLOBAL,GLOBAL,PLATFORM,0,0,0,0,0,0,0
venezuela,argentinastar.com,com,GLOBAL,GLOBAL,GLOBAL,PLATFORM,0,0,0,0,0,0,0
venezuela,arlnow.com,com,GLOBAL,GLOBAL,GLOBAL,PLATFORM,0,0,0,0,0,0,0
venezuela,armytimes.com,com,GLOBAL,GLOBAL,GLOBAL,PLATFORM,0,0,0,0,0,0,0
venezuela,arstechnica.com,com,GLOBAL,GLOBAL,GLOBAL,PLATFORM,0,0,0,0,0,0,0
venezuela,artnews.com,com,GLOBAL,GLOBAL,GLOBAL,PLATFORM,0,0,0,0,0,0,0
venezuela,aspenpublicradio.org,org,GLOBAL,GLOBAL,GLOBAL,PLATFORM,0,0,0,0,0,0,0
venezuela,atvtoday.co.uk,uk,GB,Europe & Central Asia,OTHER,PLATFORM,0,0,0,0,0,0,0
venezuela,b100wobb.iheart.com,com,GLOBAL,GLOBAL,GLOBAL,PLATFORM,0,0,0,0,0,0,0
venezuela,b97fm.iheart.com,com,GLOBAL,GLOBAL,GLOBAL,PLATFORM,0,0,0,0,0,0,0
venezuela,baconsrebellion.com,com,GLOBAL,GLOBAL,GLOBAL,PLATFORM,0,0,0,0,0,0,0
venezuela,beijingbulletin.com,com,GLOBAL,GLOBAL,GLOBAL,PLATFORM,0,0,0,0,0,0,0
venezuela,bicesteradvertiser.net,net,GLOBAL,GLOBAL,GLOBAL,PLATFORM,0,0,0,0,0,0,0
venezuela,blackoutdallas.com,com,GLOBAL,GLOBAL,GLOBAL,PLATFORM,0,0,0,0,0,0,0
venezuela,blog.hootsuite.com,com,GLOBAL,GLOBAL,GLOBAL,PLATFORM,0,0,0,0,0,0,0
venezuela,blogs.timesofisrael.com,com,GLOBAL,GLOBAL,GLOBAL,PLATFORM,0,0,0,0,0,0,0
venezuela,bostonmagazine.com,com,GLOBAL,GLOBAL,GLOBAL,PLATFORM,0,0,0,0,0,0,0
venezuela,brookingsregister.com,com,GLOBAL,GLOBAL,GLOBAL,PLATFORM,0,0,0,0,0,0,0
venezuela,brushnewstribune.com,com,GLOBAL,GLOBAL,GLOBAL,PLATFORM,0,0,0,0,0,0,0
venezuela,businessinsider.com,com,GLOBAL,GLOBAL,GLOBAL,PLATFORM,1,0,0,0,0,0,1
venezuela,cachevalleydaily.com,com,GLOBAL,GLOBAL,GLOBAL,PLATFORM,0,0,0,0,0,0,0
venezuela,cadillacnews.com,com,GLOBAL,GLOBAL,GLOBAL,PLATFORM,0,0,0,0,0,0,0
venezuela,caledonianrecord.com,com,GLOBAL,GLOBAL,GLOBAL,PLATFORM,0,0,0,0,0,0,0
venezuela,calgary.ctvnews.ca,ca,CA,North America,OTHER,PLATFORM,0,0,0,0,0,0,0
venezuela,campaignasia.com:443,NA,NA,NA,OTHER,PLATFORM,0,0,0,0,0,0,0
venezuela,capecod.com,com,GLOBAL,GLOBAL,GLOBAL,PLATFORM,0,0,0,0,0,0,0
venezuela,capitolfax.com,com,GLOBAL,GLOBAL,GLOBAL,PLATFORM,0,0,0,0,0,0,0
venezuela,cartermatt.com,com,GLOBAL,GLOBAL,GLOBAL,PLATFORM,0,0,0,0,0,0,0
venezuela,celtsarehere.com,com,GLOBAL,GLOBAL,GLOBAL,PLATFORM,0,0,0,0,0,0,0
venezuela,centralmaine.com,com,GLOBAL,GLOBAL,GLOBAL,PLATFORM,0,0,0,0,0,0,0
venezuela,charlescitypress.com,com,GLOBAL,GLOBAL,GLOBAL,PLATFORM,0,0,0,0,0,0,0
venezuela,chesterstandard.co.uk,uk,GB,Europe & Central Asia,OTHER,PLATFORM,0,0,0,0,0,0,0
venezuela,chronicle.co.zw,zw,NA,NA,OTHER,PLATFORM,0,0,0,0,0,0,0
venezuela,cinemablend.com,com,GLOBAL,GLOBAL,GLOBAL,PLATFORM,0,0,0,0,0,0,0
venezuela,circleid.com,com,GLOBAL,GLOBAL,GLOBAL,PLATFORM,0,0,0,0,0,0,0
venezuela,cnbc.com,com,GLOBAL,GLOBAL,GLOBAL,PLATFORM,1,0,0,0,0,0,1
venezuela,cnet.com,com,GLOBAL,GLOBAL,GLOBAL,PLATFORM,0,0,0,0,0,0,0
venezuela,columbiamissourian.com,com,GLOBAL,GLOBAL,GLOBAL,PLATFORM,0,0,0,0,0,0,0
venezuela,communitynewspapergroup.com,com,GLOBAL,GLOBAL,GLOBAL,PLATFORM,0,0,0,0,0,0,0
venezuela,corsicanadailysun.com,com,GLOBAL,GLOBAL,GLOBAL,PLATFORM,0,0,0,0,0,0,0
venezuela,country925.iheart.com,com,GLOBAL,GLOBAL,GLOBAL,PLATFORM,0,0,0,0,0,0,0
venezuela,cronkitenews.azpbs.org,org,GLOBAL,GLOBAL,GLOBAL,PLATFORM,0,0,0,0,0,0,0
venezuela,ctvnews.ca,ca,CA,North America,OTHER,PLATFORM,0,0,0,0,0,0,0
venezuela,cuinsight.com,com,GLOBAL,GLOBAL,GLOBAL,PLATFORM,0,0,0,0,0,0,0
venezuela,dailyiowan.com,com,GLOBAL,GLOBAL,GLOBAL,PLATFORM,0,0,0,0,0,0,0
venezuela,dailysabah.com,com,GLOBAL,GLOBAL,GLOBAL,PLATFORM,0,0,0,0,0,0,0
venezuela,danspapers.com,com,GLOBAL,GLOBAL,GLOBAL,PLATFORM,0,0,0,0,0,0,0
venezuela,decaturdaily.com,com,GLOBAL,GLOBAL,GLOBAL,PLATFORM,0,0,0,0,0,0,0
venezuela,designnews.com,com,GLOBAL,GLOBAL,GLOBAL,PLATFORM,0,0,0,0,0,0,0
venezuela,djournal.com,com,GLOBAL,GLOBAL,GLOBAL,PLATFORM,0,0,0,0,0,0,0
venezuela,e-know.ca,ca,CA,North America,OTHER,PLATFORM,0,0,0,0,0,0,0
venezuela,earthlingorgeous.com,com,GLOBAL,GLOBAL,GLOBAL,PLATFORM,0,0,0,0,0,0,0
venezuela,elperiodiquito.com,com,GLOBAL,GLOBAL,GLOBAL,PLATFORM,0,0,0,0,0,0,0
venezuela,en.ammonnews.net,net,GLOBAL,GLOBAL,GLOBAL,PLATFORM,0,0,0,0,0,0,0
venezuela,en.chessbase.com,com,GLOBAL,GLOBAL,GLOBAL,PLATFORM,0,0,0,0,0,0,0
venezuela,enfieldindependent.co.uk,uk,GB,Europe & Central Asia,OTHER,PLATFORM,0,0,0,0,0,0,0
venezuela,everything2.com:443,NA,NA,NA,OTHER,PLATFORM,0,0,0,0,0,0,0
venezuela,eyeonannapolis.net,net,GLOBAL,GLOBAL,GLOBAL,PLATFORM,0,0,0,0,0,0,0
venezuela,fda.gov,gov,NA,NA,OTHER,PLATFORM,0,0,0,1,0,0,1
venezuela,fiercebiotech.com,com,GLOBAL,GLOBAL,GLOBAL,PLATFORM,0,0,0,0,0,0,0
venezuela,flightglobal.com,com,GLOBAL,GLOBAL,GLOBAL,PLATFORM,0,0,0,0,0,0,0
venezuela,floridapolitics.com,com,GLOBAL,GLOBAL,GLOBAL,PLATFORM,0,0,0,0,0,0,0
venezuela,forcechange.com,com,GLOBAL,GLOBAL,GLOBAL,PLATFORM,0,0,0,0,0,0,0
venezuela,fortmcmurraytoday.com:443,NA,NA,NA,OTHER,PLATFORM,0,0,0,0,0,0,0
venezuela,fortune.com,com,GLOBAL,GLOBAL,GLOBAL,PLATFORM,1,0,0,0,0,0,1
venezuela,fox5dc.com,com,GLOBAL,GLOBAL,GLOBAL,PLATFORM,0,0,0,0,0,0,0
venezuela,foxbangor.com,com,GLOBAL,GLOBAL,GLOBAL,PLATFORM,0,0,0,0,0,0,0
venezuela,foxy99.com,com,GLOBAL,GLOBAL,GLOBAL,PLATFORM,0,0,0,0,0,0,0
venezuela,fredericknewspost.com,com,GLOBAL,GLOBAL,GLOBAL,PLATFORM,0,0,0,0,0,0,0
venezuela,fudzilla.com,com,GLOBAL,GLOBAL,GLOBAL,PLATFORM,0,0,0,0,0,0,0
venezuela,geograph.org.uk,uk,GB,Europe & Central Asia,OTHER,PLATFORM,0,0,0,0,0,0,0
venezuela,ghanavibes.com,com,GLOBAL,GLOBAL,GLOBAL,PLATFORM,0,0,0,0,0,0,0
venezuela,guardian.co.tt,tt,NA,NA,OTHER,PLATFORM,0,0,0,0,0,0,0
venezuela,gulfcoastmedia.com,com,GLOBAL,GLOBAL,GLOBAL,PLATFORM,0,0,0,0,0,0,0
venezuela,gulte.com,com,GLOBAL,GLOBAL,GLOBAL,PLATFORM,0,0,0,0,0,0,0
venezuela,haidagwaiiobserver.com,com,GLOBAL,GLOBAL,GLOBAL,PLATFORM,0,0,0,0,0,0,0
venezuela,halesowennews.co.uk,uk,GB,Europe & Central Asia,OTHER,PLATFORM,0,0,0,0,0,0,0
venezuela,hardcoregamer.com,com,GLOBAL,GLOBAL,GLOBAL,PLATFORM,0,0,0,0,0,0,0
venezuela,hawaiinewsnow.com,com,GLOBAL,GLOBAL,GLOBAL,PLATFORM,0,0,0,0,0,0,0
venezuela,hawaiipublicradio.org,org,GLOBAL,GLOBAL,GLOBAL,PLATFORM,0,0,0,0,0,0,0
venezuela,healthcarefinancenews.com,com,GLOBAL,GLOBAL,GLOBAL,PLATFORM,0,0,0,0,0,0,0
venezuela,hitscarolina.iheart.com,com,GLOBAL,GLOBAL,GLOBAL,PLATFORM,0,0,0,0,0,0,0
venezuela,hollywoodreporter.com,com,GLOBAL,GLOBAL,GLOBAL,PLATFORM,0,0,0,0,0,0,0
venezuela,houston.culturemap.com,com,GLOBAL,GLOBAL,GLOBAL,PLATFORM,0,0,0,0,0,0,0
venezuela,hubcityradio.com,com,GLOBAL,GLOBAL,GLOBAL,PLATFORM,0,0,0,0,0,0,0
venezuela,hyperallergic.com,com,GLOBAL,GLOBAL,GLOBAL,PLATFORM,0,0,0,0,0,0,0
venezuela,i98fm.com.au,au,AU,East Asia & Pacific,OTHER,PLATFORM,0,0,0,0,0,0,0
venezuela,ijnet.org,org,GLOBAL,GLOBAL,GLOBAL,PLATFORM,0,0,0,0,0,0,0
venezuela,insidetheiggles.com,com,GLOBAL,GLOBAL,GLOBAL,PLATFORM,0,0,0,0,0,0,0
venezuela,inverelltimes.com.au,au,AU,East Asia & Pacific,OTHER,PLATFORM,0,0,0,0,0,0,0
venezuela,investors.com,com,GLOBAL,GLOBAL,GLOBAL,PLATFORM,0,0,0,0,0,0,0
venezuela,irishecho.com,com,GLOBAL,GLOBAL,GLOBAL,PLATFORM,0,0,0,0,0,0,0
venezuela,irishtimes.com,com,GLOBAL,GLOBAL,GLOBAL,PLATFORM,0,0,0,0,0,0,0
venezuela,itnewsonline.com,com,GLOBAL,GLOBAL,GLOBAL,PLATFORM,0,0,0,0,0,0,0
venezuela,jamaica-star.com,com,GLOBAL,GLOBAL,GLOBAL,PLATFORM,0,0,0,0,0,0,0
venezuela,jewishtimes.com,com,GLOBAL,GLOBAL,GLOBAL,PLATFORM,0,0,0,0,0,0,0
venezuela,joe.co.uk,uk,GB,Europe & Central Asia,OTHER,PLATFORM,0,0,0,0,0,0,0
venezuela,kachwanya.com,com,GLOBAL,GLOBAL,GLOBAL,PLATFORM,0,0,0,0,0,0,0
venezuela,kark.com,com,GLOBAL,GLOBAL,GLOBAL,PLATFORM,0,0,0,0,0,0,0
venezuela,katu.com,com,GLOBAL,GLOBAL,GLOBAL,PLATFORM,0,0,0,0,0,0,0
venezuela,kawowo.com,com,GLOBAL,GLOBAL,GLOBAL,PLATFORM,0,0,0,0,0,0,0
venezuela,kbco.iheart.com,com,GLOBAL,GLOBAL,GLOBAL,PLATFORM,0,0,0,0,0,0,0
venezuela,kbia.org,org,GLOBAL,GLOBAL,GLOBAL,PLATFORM,0,0,0,0,0,0,0
venezuela,kbmr.iheart.com,com,GLOBAL,GLOBAL,GLOBAL,PLATFORM,0,0,0,0,0,0,0
venezuela,kdhlradio.com,com,GLOBAL,GLOBAL,GLOBAL,PLATFORM,0,0,0,0,0,0,0
venezuela,kezj.com,com,GLOBAL,GLOBAL,GLOBAL,PLATFORM,0,0,0,0,0,0,0
venezuela,kfgo.com,com,GLOBAL,GLOBAL,GLOBAL,PLATFORM,0,0,0,0,0,0,0
venezuela,kgns.tv,tv,NA,NA,OTHER,PLATFORM,0,0,0,0,0,0,0
venezuela,khey1380.iheart.com,com,GLOBAL,GLOBAL,GLOBAL,PLATFORM,0,0,0,0,0,0,0
venezuela,kix106.com,com,GLOBAL,GLOBAL,GLOBAL,PLATFORM,0,0,0,0,0,0,0
venezuela,kktv.com,com,GLOBAL,GLOBAL,GLOBAL,PLATFORM,0,0,0,0,0,0,0
venezuela,klake.com,com,GLOBAL,GLOBAL,GLOBAL,PLATFORM,0,0,0,0,0,0,0
venezuela,kono1011.com,com,GLOBAL,GLOBAL,GLOBAL,PLATFORM,0,0,0,0,0,0,0
venezuela,kpht955.iheart.com,com,GLOBAL,GLOBAL,GLOBAL,PLATFORM,0,0,0,0,0,0,0
venezuela,krcgtv.com,com,GLOBAL,GLOBAL,GLOBAL,PLATFORM,0,0,0,0,0,0,0
venezuela,krgv.com,com,GLOBAL,GLOBAL,GLOBAL,PLATFORM,0,0,0,0,0,0,0
venezuela,kristv.com,com,GLOBAL,GLOBAL,GLOBAL,PLATFORM,0,0,0,0,0,0,0
venezuela,krnb.com,com,GLOBAL,GLOBAL,GLOBAL,PLATFORM,0,0,0,0,0,0,0
venezuela,krwg.org,org,GLOBAL,GLOBAL,GLOBAL,PLATFORM,0,0,0,0,0,0,0
venezuela,kstatecollegian.com,com,GLOBAL,GLOBAL,GLOBAL,PLATFORM,0,0,0,0,0,0,0
venezuela,kstp.com,com,GLOBAL,GLOBAL,GLOBAL,PLATFORM,0,0,0,0,0,0,0
venezuela,ktre.com,com,GLOBAL,GLOBAL,GLOBAL,PLATFORM,0,0,0,0,0,0,0
venezuela,ktsa.com,com,GLOBAL,GLOBAL,GLOBAL,PLATFORM,0,0,0,0,0,0,0
venezuela,ktvz.com,com,GLOBAL,GLOBAL,GLOBAL,PLATFORM,0,0,0,0,0,0,0
venezuela,kvoa.com,com,GLOBAL,GLOBAL,GLOBAL,PLATFORM,0,0,0,0,0,0,0
venezuela,kykr.iheart.com,com,GLOBAL,GLOBAL,GLOBAL,PLATFORM,0,0,0,0,0,0,0
venezuela,lakeshoreadvance.com:443,NA,NA,NA,OTHER,PLATFORM,0,0,0,0,0,0,0
venezuela,lamarledger.com,com,GLOBAL,GLOBAL,GLOBAL,PLATFORM,0,0,0,0,0,0,0
venezuela,littleapplepost.com,com,GLOBAL,GLOBAL,GLOBAL,PLATFORM,0,0,0,0,0,0,0
venezuela,live959.com,com,GLOBAL,GLOBAL,GLOBAL,PLATFORM,0,0,0,0,0,0,0
venezuela,livingstonenterprise.com,com,GLOBAL,GLOBAL,GLOBAL,PLATFORM,0,0,0,0,0,0,0
venezuela,loudwire.com,com,GLOBAL,GLOBAL,GLOBAL,PLATFORM,0,0,0,0,0,0,0
venezuela,malverngazette.co.uk,uk,GB,Europe & Central Asia,OTHER,PLATFORM,0,0,0,0,0,0,0
venezuela,marinecorpstimes.com,com,GLOBAL,GLOBAL,GLOBAL,PLATFORM,0,0,0,0,0,0,0
venezuela,marylandreporter.com,com,GLOBAL,GLOBAL,GLOBAL,PLATFORM,0,0,0,0,0,0,0
venezuela,meathchronicle.ie,ie,NA,NA,OTHER,PLATFORM,0,0,0,0,0,0,0
venezuela,mentalfloss.com,com,GLOBAL,GLOBAL,GLOBAL,PLATFORM,0,0,0,0,0,0,0
venezuela,mexiconewsdaily.com,com,GLOBAL,GLOBAL,GLOBAL,PLATFORM,0,0,0,0,0,0,0
venezuela,mhflsentinel.com,com,GLOBAL,GLOBAL,GLOBAL,PLATFORM,0,0,0,0,0,0,0
venezuela,middleeasteye.net,net,GLOBAL,GLOBAL,GLOBAL,PLATFORM,0,0,0,0,0,0,0
venezuela,mix957.net,net,GLOBAL,GLOBAL,GLOBAL,PLATFORM,0,0,0,0,0,0,0
venezuela,montgomery-herald.com,com,GLOBAL,GLOBAL,GLOBAL,PLATFORM,0,0,0,0,0,0,0
venezuela,morningstaronline.co.uk,uk,GB,Europe & Central Asia,OTHER,PLATFORM,0,0,0,0,0,0,0
venezuela,mromagazine.com,com,GLOBAL,GLOBAL,GLOBAL,PLATFORM,0,0,0,0,0,0,0
venezuela,mymagic101.iheart.com,com,GLOBAL,GLOBAL,GLOBAL,PLATFORM,0,0,0,0,0,0,0
venezuela,mymoinfo.com,com,GLOBAL,GLOBAL,GLOBAL,PLATFORM,0,0,0,0,0,0,0
venezuela,myradioplace.com,com,GLOBAL,GLOBAL,GLOBAL,PLATFORM,0,0,0,0,0,0,0
venezuela,mystateline.com,com,GLOBAL,GLOBAL,GLOBAL,PLATFORM,0,0,0,0,0,0,0
venezuela,nasdaq.com,com,GLOBAL,GLOBAL,GLOBAL,PLATFORM,0,0,0,0,0,0,0
venezuela,nashfm100.com,com,GLOBAL,GLOBAL,GLOBAL,PLATFORM,0,0,0,0,0,0,0
venezuela,nashfm937.com,com,GLOBAL,GLOBAL,GLOBAL,PLATFORM,0,0,0,0,0,0,0
venezuela,newkerala.com,com,GLOBAL,GLOBAL,GLOBAL,PLATFORM,0,0,0,0,0,0,0
venezuela,news.slashdot.org,org,GLOBAL,GLOBAL,GLOBAL,PLATFORM,0,0,0,0,0,0,0
venezuela,norfolkandtillsonburgnews.com,com,GLOBAL,GLOBAL,GLOBAL,PLATFORM,0,0,0,0,0,0,0
venezuela,northfortmyersneighbor.com,com,GLOBAL,GLOBAL,GLOBAL,PLATFORM,0,0,0,0,0,0,0
venezuela,nowthisnews.com,com,GLOBAL,GLOBAL,GLOBAL,PLATFORM,0,0,0,0,0,0,0
venezuela,nwahomepage.com,com,GLOBAL,GLOBAL,GLOBAL,PLATFORM,0,0,0,0,0,0,0
venezuela,obituaries.montgomery-herald.com,com,GLOBAL,GLOBAL,GLOBAL,PLATFORM,0,0,0,0,0,0,0
venezuela,observertoday.com,com,GLOBAL,GLOBAL,GLOBAL,PLATFORM,0,0,0,0,0,0,0
venezuela,opinion.inquirer.net,net,GLOBAL,GLOBAL,GLOBAL,PLATFORM,0,0,0,0,0,0,0
venezuela,oregoncapitalchronicle.com,com,GLOBAL,GLOBAL,GLOBAL,PLATFORM,0,0,0,0,0,0,0
venezuela,originalfm.com,com,GLOBAL,GLOBAL,GLOBAL,PLATFORM,0,0,0,0,0,0,0
venezuela,ottawa.ctvnews.ca,ca,CA,North America,OTHER,PLATFORM,0,0,0,0,0,0,0
venezuela,outinperth.com,com,GLOBAL,GLOBAL,GLOBAL,PLATFORM,0,0,0,0,0,0,0
venezuela,parabolicarc.com,com,GLOBAL,GLOBAL,GLOBAL,PLATFORM,0,0,0,0,0,0,0
venezuela,patch.com,com,GLOBAL,GLOBAL,GLOBAL,PLATFORM,0,0,0,0,0,0,0
venezuela,peoplesdispatch.org,org,GLOBAL,GLOBAL,GLOBAL,PLATFORM,0,0,0,0,0,0,0
venezuela,petroleumnews.com,com,GLOBAL,GLOBAL,GLOBAL,PLATFORM,0,0,0,0,0,0,0
venezuela,phoenixherald.com,com,GLOBAL,GLOBAL,GLOBAL,PLATFORM,0,0,0,0,0,0,0
venezuela,pittsburghstar.com,com,GLOBAL,GLOBAL,GLOBAL,PLATFORM,0,0,0,0,0,0,0
venezuela,planetf1.com,com,GLOBAL,GLOBAL,GLOBAL,PLATFORM,0,0,0,0,0,0,0
venezuela,plansponsor.com,com,GLOBAL,GLOBAL,GLOBAL,PLATFORM,0,0,0,0,0,0,0
venezuela,poncacitynews.com,com,GLOBAL,GLOBAL,GLOBAL,PLATFORM,0,0,0,0,0,0,0
venezuela,portlandtribune.com,com,GLOBAL,GLOBAL,GLOBAL,PLATFORM,0,0,0,0,0,0,0
venezuela,postregister.com,com,GLOBAL,GLOBAL,GLOBAL,PLATFORM,0,0,0,0,0,0,0
venezuela,producer.com,com,GLOBAL,GLOBAL,GLOBAL,PLATFORM,0,0,0,0,0,0,0
venezuela,q1077.com,com,GLOBAL,GLOBAL,GLOBAL,PLATFORM,0,0,0,0,0,0,0
venezuela,queerty.com,com,GLOBAL,GLOBAL,GLOBAL,PLATFORM,0,0,0,0,0,0,0
venezuela,qvc.com,com,GLOBAL,GLOBAL,GLOBAL,PLATFORM,0,0,0,0,0,0,0
venezuela,radio.foxnews.com,com,GLOBAL,GLOBAL,GLOBAL,PLATFORM,0,0,0,0,0,0,0
venezuela,raisingzona.com,com,GLOBAL,GLOBAL,GLOBAL,PLATFORM,0,0,0,0,0,0,0
venezuela,rand.org,org,GLOBAL,GLOBAL,GLOBAL,PLATFORM,0,0,0,0,0,0,0
venezuela,record-eagle.com,com,GLOBAL,GLOBAL,GLOBAL,PLATFORM,0,0,0,0,0,0,0
venezuela,restaurantnews.com,com,GLOBAL,GLOBAL,GLOBAL,PLATFORM,0,0,0,0,0,0,0
venezuela,riotimesonline.com,com,GLOBAL,GLOBAL,GLOBAL,PLATFORM,0,0,0,0,0,0,0
venezuela,rock94.com,com,GLOBAL,GLOBAL,GLOBAL,PLATFORM,0,0,0,0,0,0,0
venezuela,rockpapershotgun.com,com,GLOBAL,GLOBAL,GLOBAL,PLATFORM,0,0,0,0,0,0,0
venezuela,sactownmag.com,com,GLOBAL,GLOBAL,GLOBAL,PLATFORM,0,0,0,0,0,0,0
venezuela,sanantoniopost.com,com,GLOBAL,GLOBAL,GLOBAL,PLATFORM,0,0,0,0,0,0,0
venezuela,scnow.com,com,GLOBAL,GLOBAL,GLOBAL,PLATFORM,0,0,0,0,0,0,0
venezuela,shorelinemedia.net,net,GLOBAL,GLOBAL,GLOBAL,PLATFORM,0,0,0,0,0,0,0
venezuela,sleepreviewmag.com,com,GLOBAL,GLOBAL,GLOBAL,PLATFORM,0,0,0,0,0,0,0
venezuela,sott.net,net,GLOBAL,GLOBAL,GLOBAL,PLATFORM,0,0,0,0,0,0,0
venezuela,sounderatheart.com,com,GLOBAL,GLOBAL,GLOBAL,PLATFORM,0,0,0,0,0,0,0
venezuela,spaceref.com,com,GLOBAL,GLOBAL,GLOBAL,PLATFORM,0,0,0,0,0,0,0
venezuela,spirit1053.com,com,GLOBAL,GLOBAL,GLOBAL,PLATFORM,0,0,0,0,0,0,0
venezuela,star967.net,net,GLOBAL,GLOBAL,GLOBAL,PLATFORM,0,0,0,0,0,0,0
venezuela,stlouisstar.com,com,GLOBAL,GLOBAL,GLOBAL,PLATFORM,0,0,0,0,0,0,0
venezuela,taskandpurpose.com,com,GLOBAL,GLOBAL,GLOBAL,PLATFORM,0,0,0,0,0,0,0
venezuela,tctmd.com,com,GLOBAL,GLOBAL,GLOBAL,PLATFORM,0,0,0,0,0,0,0
venezuela,teamtalk.com,com,GLOBAL,GLOBAL,GLOBAL,PLATFORM,0,0,0,0,0,0,0
venezuela,techspot.com,com,GLOBAL,GLOBAL,GLOBAL,PLATFORM,0,0,0,0,0,0,0
venezuela,techxplore.com,com,GLOBAL,GLOBAL,GLOBAL,PLATFORM,0,0,0,0,0,0,0
venezuela,telegraph.co.uk,uk,GB,Europe & Central Asia,OTHER,PLATFORM,0,0,0,0,0,0,0
venezuela,thebeatatx.iheart.com,com,GLOBAL,GLOBAL,GLOBAL,PLATFORM,0,0,0,0,0,0,0
venezuela,thebeatofthecapital.com,com,GLOBAL,GLOBAL,GLOBAL,PLATFORM,0,0,0,0,0,0,0
venezuela,theblacksheartimes.com,com,GLOBAL,GLOBAL,GLOBAL,PLATFORM,0,0,0,0,0,0,0
venezuela,thebrunswicknews.com,com,GLOBAL,GLOBAL,GLOBAL,PLATFORM,0,0,0,0,0,0,0
venezuela,thecaribbeancamera.com,com,GLOBAL,GLOBAL,GLOBAL,PLATFORM,0,0,0,0,0,0,0
venezuela,thecourierexpress.com,com,GLOBAL,GLOBAL,GLOBAL,PLATFORM,0,0,0,0,0,0,0
venezuela,theelectricgf.com,com,GLOBAL,GLOBAL,GLOBAL,PLATFORM,0,0,0,0,0,0,0
venezuela,themountainpress.com,com,GLOBAL,GLOBAL,GLOBAL,PLATFORM,0,0,0,0,0,0,0
venezuela,thenews.coop,coop,NA,NA,OTHER,PLATFORM,0,0,0,0,0,0,0
venezuela,thepointsguy.com,com,GLOBAL,GLOBAL,GLOBAL,PLATFORM,0,0,0,0,0,0,0
venezuela,theroot.com,com,GLOBAL,GLOBAL,GLOBAL,PLATFORM,0,0,0,0,0,0,0
venezuela,thesandb.com,com,GLOBAL,GLOBAL,GLOBAL,PLATFORM,0,0,0,0,0,0,0
venezuela,thestkittsnevisobserver.com,com,GLOBAL,GLOBAL,GLOBAL,PLATFORM,0,0,0,0,0,0,0
venezuela,thetrucker.com,com,GLOBAL,GLOBAL,GLOBAL,PLATFORM,0,0,0,0,0,0,0
venezuela,theweekender.com,com,GLOBAL,GLOBAL,GLOBAL,PLATFORM,0,0,0,0,0,0,0
venezuela,thewestmorlandgazette.co.uk,uk,GB,Europe & Central Asia,OTHER,PLATFORM,0,0,0,0,0,0,0
venezuela,thisdaylive.com,com,GLOBAL,GLOBAL,GLOBAL,PLATFORM,0,0,0,0,0,0,0
venezuela,thisdaylive.com:443,NA,NA,NA,OTHER,PLATFORM,0,0,0,0,0,0,0
venezuela,thisisanfield.com,com,GLOBAL,GLOBAL,GLOBAL,PLATFORM,0,0,0,0,0,0,0
venezuela,timesfreepress.com,com,GLOBAL,GLOBAL,GLOBAL,PLATFORM,0,0,0,0,0,0,0
venezuela,today.com,com,GLOBAL,GLOBAL,GLOBAL,PLATFORM,0,0,0,0,0,0,0
venezuela,tricitynews.com,com,GLOBAL,GLOBAL,GLOBAL,PLATFORM,0,0,0,0,0,0,0
venezuela,ttnews.com,com,GLOBAL,GLOBAL,GLOBAL,PLATFORM,0,0,0,0,0,0,0
venezuela,tucsonweekly.com,com,GLOBAL,GLOBAL,GLOBAL,PLATFORM,0,0,0,0,0,0,0
venezuela,tylerpaper.com,com,GLOBAL,GLOBAL,GLOBAL,PLATFORM,0,0,0,0,0,0,0
venezuela,undertheradarmag.com,com,GLOBAL,GLOBAL,GLOBAL,PLATFORM,0,0,0,0,0,0,0
venezuela,universityofcalifornia.edu,edu,NA,NA,OTHER,PLATFORM,0,0,0,0,0,0,0
venezuela,usmagazine.com,com,GLOBAL,GLOBAL,GLOBAL,PLATFORM,0,0,0,0,0,0,0
venezuela,vermontbiz.com,com,GLOBAL,GLOBAL,GLOBAL,PLATFORM,0,0,0,0,0,0,0
venezuela,vladtv.com,com,GLOBAL,GLOBAL,GLOBAL,PLATFORM,0,0,0,0,0,0,0
venezuela,vtcng.com,com,GLOBAL,GLOBAL,GLOBAL,PLATFORM,0,0,0,0,0,0,0
venezuela,wagmtv.com,com,GLOBAL,GLOBAL,GLOBAL,PLATFORM,0,0,0,0,0,0,0
venezuela,wandsworthguardian.co.uk,uk,GB,Europe & Central Asia,OTHER,PLATFORM,0,0,0,0,0,0,0
venezuela,waterford-news.ie,ie,NA,NA,OTHER,PLATFORM,0,0,0,0,0,0,0
venezuela,wbt.com,com,GLOBAL,GLOBAL,GLOBAL,PLATFORM,0,0,0,0,0,0,0
venezuela,wcpo.com,com,GLOBAL,GLOBAL,GLOBAL,PLATFORM,0,0,0,0,0,0,0
venezuela,wcsx.com,com,GLOBAL,GLOBAL,GLOBAL,PLATFORM,0,0,0,0,0,0,0
venezuela,wctrib.com,com,GLOBAL,GLOBAL,GLOBAL,PLATFORM,0,0,0,0,0,0,0
venezuela,wcyy.com,com,GLOBAL,GLOBAL,GLOBAL,PLATFORM,0,0,0,0,0,0,0
venezuela,wect.com,com,GLOBAL,GLOBAL,GLOBAL,PLATFORM,0,0,0,0,0,0,0
venezuela,westcentralsbest.com,com,GLOBAL,GLOBAL,GLOBAL,PLATFORM,0,0,0,0,0,0,0
venezuela,westernbulldogs.com.au,au,AU,East Asia & Pacific,OTHER,PLATFORM,0,0,0,0,0,0,0
venezuela,wfmynews2.com,com,GLOBAL,GLOBAL,GLOBAL,PLATFORM,0,0,0,0,0,0,0
venezuela,wgauradio.com,com,GLOBAL,GLOBAL,GLOBAL,PLATFORM,0,0,0,0,0,0,0
venezuela,wgntv.com,com,GLOBAL,GLOBAL,GLOBAL,PLATFORM,0,0,0,0,0,0,0
venezuela,whli.com,com,GLOBAL,GLOBAL,GLOBAL,PLATFORM,0,0,0,0,0,0,0
venezuela,winonadailynews.com,com,GLOBAL,GLOBAL,GLOBAL,PLATFORM,0,0,0,0,0,0,0
venezuela,wmanfm.iheart.com,com,GLOBAL,GLOBAL,GLOBAL,PLATFORM,0,0,0,0,0,0,0
venezuela,wmay.com,com,GLOBAL,GLOBAL,GLOBAL,PLATFORM,0,0,0,0,0,0,0
venezuela,wmnf.org,org,GLOBAL,GLOBAL,GLOBAL,PLATFORM,0,0,0,0,0,0,0
venezuela,wmur.com,com,GLOBAL,GLOBAL,GLOBAL,PLATFORM,0,0,0,0,0,0,0
venezuela,wndu.com,com,GLOBAL,GLOBAL,GLOBAL,PLATFORM,0,0,0,0,0,0,0
venezuela,wnyc.org,org,GLOBAL,GLOBAL,GLOBAL,PLATFORM,0,0,0,0,0,0,0
venezuela,woc1420.iheart.com,com,GLOBAL,GLOBAL,GLOBAL,PLATFORM,0,0,0,0,0,0,0
venezuela,woodwardnews.net,net,GLOBAL,GLOBAL,GLOBAL,PLATFORM,0,0,0,0,0,0,0
venezuela,wreg.com,com,GLOBAL,GLOBAL,GLOBAL,PLATFORM,0,0,0,0,0,0,0
venezuela,wsls.com,com,GLOBAL,GLOBAL,GLOBAL,PLATFORM,0,0,0,0,0,0,0
venezuela,wsws.org,org,GLOBAL,GLOBAL,GLOBAL,PLATFORM,0,0,0,0,0,0,0
venezuela,wvasfm.org,org,GLOBAL,GLOBAL,GLOBAL,PLATFORM,0,0,0,0,0,0,0
venezuela,www2.cbn.com,com,GLOBAL,GLOBAL,GLOBAL,PLATFORM,0,0,0,0,0,0,0
venezuela,y101hits.com,com,GLOBAL,GLOBAL,GLOBAL,PLATFORM,0,0,0,0,0,0,0
venezuela,yogonet.com,com,GLOBAL,GLOBAL,GLOBAL,PLATFORM,0,0,0,0,0,0,0
venezuela,z90.com,com,GLOBAL,GLOBAL,GLOBAL,PLATFORM,0,0,0,0,0,0,0
venezuela,1015theriver.iheart.com,com,GLOBAL,GLOBAL,GLOBAL,PLATFORM,0,0,0,0,0,0,0
venezuela,1027thewolf.iheart.com,com,GLOBAL,GLOBAL,GLOBAL,PLATFORM,0,0,0,0,0,0,0
venezuela,1035kissfmboise.com,com,GLOBAL,GLOBAL,GLOBAL,PLATFORM,0,0,0,0,0,0,0
venezuela,1620thezone.com,com,GLOBAL,GLOBAL,GLOBAL,PLATFORM,0,0,0,0,0,0,0
venezuela,4029tv.com,com,GLOBAL,GLOBAL,GLOBAL,PLATFORM,0,0,0,0,0,0,0
venezuela,921wrou.com,com,GLOBAL,GLOBAL,GLOBAL,PLATFORM,0,0,0,0,0,0,0
venezuela,929tomfm.iheart.com,com,GLOBAL,GLOBAL,GLOBAL,PLATFORM,0,0,0,0,0,0,0
venezuela,931theborder.ca,ca,CA,North America,OTHER,PLATFORM,0,0,0,0,0,0,0
venezuela,937now.iheart.com,com,GLOBAL,GLOBAL,GLOBAL,PLATFORM,0,0,0,0,0,0,0
venezuela,967kissfm.iheart.com,com,GLOBAL,GLOBAL,GLOBAL,PLATFORM,0,0,0,0,0,0,0
venezuela,969thekat.iheart.com,com,GLOBAL,GLOBAL,GLOBAL,PLATFORM,0,0,0,0,0,0,0
venezuela,981thehawk.com,com,GLOBAL,GLOBAL,GLOBAL,PLATFORM,0,0,0,0,0,0,0
venezuela,abc27.com,com,GLOBAL,GLOBAL,GLOBAL,PLATFORM,0,0,0,0,0,0,0
venezuela,accesswdun.com,com,GLOBAL,GLOBAL,GLOBAL,PLATFORM,0,0,0,0,0,0,0
venezuela,advocateanddemocrat.com,com,GLOBAL,GLOBAL,GLOBAL,PLATFORM,0,0,0,0,0,0,0
venezuela,africaleader.com,com,GLOBAL,GLOBAL,GLOBAL,PLATFORM,0,0,0,0,0,0,0
venezuela,agriland.ie,ie,NA,NA,OTHER,PLATFORM,0,0,0,0,0,0,0
venezuela,allkpop.com,com,GLOBAL,GLOBAL,GLOBAL,PLATFORM,0,0,0,0,0,0,0
venezuela,am1300thezone.iheart.com,com,GLOBAL,GLOBAL,GLOBAL,PLATFORM,0,0,0,0,0,0,0
venezuela,apartmenttherapy.com,com,GLOBAL,GLOBAL,GLOBAL,PLATFORM,0,0,0,0,0,0,0
venezuela,arabtimesonline.com,com,GLOBAL,GLOBAL,GLOBAL,PLATFORM,0,0,0,0,0,0,0
venezuela,araratadvertiser.com.au,au,AU,East Asia & Pacific,OTHER,PLATFORM,0,0,0,0,0,0,0
venezuela,asiabulletin.com,com,GLOBAL,GLOBAL,GLOBAL,PLATFORM,0,0,0,0,0,0,0
venezuela,auburnvillager.com,com,GLOBAL,GLOBAL,GLOBAL,PLATFORM,0,0,0,0,0,0,0
venezuela,battlefordsnow.com,com,GLOBAL,GLOBAL,GLOBAL,PLATFORM,0,0,0,0,0,0,0
venezuela,bikeportland.org,org,GLOBAL,GLOBAL,GLOBAL,PLATFORM,0,0,0,0,0,0,0
venezuela,bioprepwatch.com,com,GLOBAL,GLOBAL,GLOBAL,PLATFORM,0,0,0,0,0,0,0
venezuela,bmwblog.com,com,GLOBAL,GLOBAL,GLOBAL,PLATFORM,0,0,0,0,0,0,0
venezuela,brainerddispatch.com,com,GLOBAL,GLOBAL,GLOBAL,PLATFORM,0,0,0,0,0,0,0
venezuela,braintreeandwithamtimes.co.uk,uk,GB,Europe & Central Asia,OTHER,PLATFORM,0,0,0,0,0,0,0
venezuela,bullfrag.com,com,GLOBAL,GLOBAL,GLOBAL,PLATFORM,0,0,0,0,0,0,0
venezuela,caledoniacourier.com,com,GLOBAL,GLOBAL,GLOBAL,PLATFORM,0,0,0,0,0,0,0
venezuela,calgaryherald.com:443,NA,NA,NA,OTHER,PLATFORM,0,0,0,0,0,0,0
venezuela,caribbeanherald.com,com,GLOBAL,GLOBAL,GLOBAL,PLATFORM,0,0,0,0,0,0,0
venezuela,castlegarsource.com,com,GLOBAL,GLOBAL,GLOBAL,PLATFORM,0,0,0,0,0,0,0
venezuela,chathamdailynews.ca,ca,CA,North America,OTHER,PLATFORM,0,0,0,0,0,0,0
venezuela,chennaionline.com,com,GLOBAL,GLOBAL,GLOBAL,PLATFORM,0,0,0,0,0,0,0
venezuela,chiangraitimes.com,com,GLOBAL,GLOBAL,GLOBAL,PLATFORM,0,0,0,0,0,0,0
venezuela,chicagobears.com,com,GLOBAL,GLOBAL,GLOBAL,PLATFORM,0,0,0,0,0,0,0
venezuela,chippewa.com,com,GLOBAL,GLOBAL,GLOBAL,PLATFORM,0,0,0,0,0,0,0
venezuela,chortle.co.uk,uk,GB,Europe & Central Asia,OTHER,PLATFORM,0,0,0,0,0,0,0
venezuela,christianitydaily.com:443,NA,NA,NA,OTHER,PLATFORM,0,0,0,0,0,0,0
venezuela,clickorlando.com,com,GLOBAL,GLOBAL,GLOBAL,PLATFORM,0,0,0,0,0,0,0
venezuela,clinicaladvisor.com,com,GLOBAL,GLOBAL,GLOBAL,PLATFORM,0,0,0,0,0,0,0
venezuela,coloradopeakpolitics.com,com,GLOBAL,GLOBAL,GLOBAL,PLATFORM,0,0,0,0,0,0,0
venezuela,communitypress.ca:443,NA,NA,NA,OTHER,PLATFORM,0,0,0,0,0,0,0
venezuela,cool987fm.com,com,GLOBAL,GLOBAL,GLOBAL,PLATFORM,0,0,0,0,0,0,0
venezuela,crosscut.com,com,GLOBAL,GLOBAL,GLOBAL,PLATFORM,0,0,0,0,0,0,0
venezuela,crowdfundinsider.com,com,GLOBAL,GLOBAL,GLOBAL,PLATFORM,0,0,0,0,0,0,0
venezuela,cryptonews.com,com,GLOBAL,GLOBAL,GLOBAL,PLATFORM,0,0,0,0,0,0,0
venezuela,dailycal.org,org,GLOBAL,GLOBAL,GLOBAL,PLATFORM,0,0,0,0,0,0,0
venezuela,dailyinterlake.com,com,GLOBAL,GLOBAL,GLOBAL,PLATFORM,0,0,0,0,0,0,0
venezuela,daylightng.com,com,GLOBAL,GLOBAL,GLOBAL,PLATFORM,0,0,0,0,0,0,0
venezuela,deseret.com,com,GLOBAL,GLOBAL,GLOBAL,PLATFORM,0,0,0,0,0,0,0
venezuela,dexerto.com,com,GLOBAL,GLOBAL,GLOBAL,PLATFORM,0,0,0,0,0,0,0
venezuela,dreadcentral.com,com,GLOBAL,GLOBAL,GLOBAL,PLATFORM,0,0,0,0,0,0,0
venezuela,drovers.com:443,NA,NA,NA,OTHER,PLATFORM,0,0,0,0,0,0,0
venezuela,dundalkdemocrat.ie,ie,NA,NA,OTHER,PLATFORM,0,0,0,0,0,0,0
venezuela,eagletimes.com,com,GLOBAL,GLOBAL,GLOBAL,PLATFORM,0,0,0,0,0,0,0
venezuela,echopress.com,com,GLOBAL,GLOBAL,GLOBAL,PLATFORM,0,0,0,0,0,0,0
venezuela,elitedaily.com,com,GLOBAL,GLOBAL,GLOBAL,PLATFORM,0,0,0,0,0,0,0
venezuela,energy.einnews.com,com,GLOBAL,GLOBAL,GLOBAL,PLATFORM,0,0,0,0,0,0,0
venezuela,energy953.com,com,GLOBAL,GLOBAL,GLOBAL,PLATFORM,0,0,0,0,0,0,0
venezuela,enewscourier.com,com,GLOBAL,GLOBAL,GLOBAL,PLATFORM,0,0,0,0,0,0,0
venezuela,events.qns.com,com,GLOBAL,GLOBAL,GLOBAL,PLATFORM,0,0,0,0,0,0,0
venezuela,fairmontsentinel.com,com,GLOBAL,GLOBAL,GLOBAL,PLATFORM,0,0,0,0,0,0,0
venezuela,fansided.com,com,GLOBAL,GLOBAL,GLOBAL,PLATFORM,0,0,0,0,0,0,0
venezuela,femina.in,in,IN,South Asia,OTHER,PLATFORM,0,0,0,0,0,0,0
venezuela,financialpost.com,com,GLOBAL,GLOBAL,GLOBAL,PLATFORM,0,0,0,0,0,0,0
venezuela,firerescue1.com,com,GLOBAL,GLOBAL,GLOBAL,PLATFORM,0,0,0,0,0,0,0
venezuela,firerescue1.com:443,NA,NA,NA,OTHER,PLATFORM,0,0,0,0,0,0,0
venezuela,fool.com,com,GLOBAL,GLOBAL,GLOBAL,PLATFORM,0,0,0,0,0,0,0
venezuela,fox23maine.com,com,GLOBAL,GLOBAL,GLOBAL,PLATFORM,0,0,0,0,0,0,0
venezuela,fox29.com,com,GLOBAL,GLOBAL,GLOBAL,PLATFORM,0,0,0,0,0,0,0
venezuela,foxradiook.com,com,GLOBAL,GLOBAL,GLOBAL,PLATFORM,0,0,0,0,0,0,0
venezuela,gazettelive.co.uk,uk,GB,Europe & Central Asia,OTHER,PLATFORM,0,0,0,0,0,0,0
venezuela,gizmodo.com,com,GLOBAL,GLOBAL,GLOBAL,PLATFORM,0,0,0,0,0,0,0
venezuela,goldrushcam.com,com,GLOBAL,GLOBAL,GLOBAL,PLATFORM,0,0,0,0,0,0,0
venezuela,gpb.org,org,GLOBAL,GLOBAL,GLOBAL,PLATFORM,0,0,0,0,0,0,0
venezuela,haaretzdaily.com,com,GLOBAL,GLOBAL,GLOBAL,PLATFORM,0,0,0,0,0,0,0
venezuela,hampshirechronicle.co.uk,uk,GB,Europe & Central Asia,OTHER,PLATFORM,0,0,0,0,0,0,0
venezuela,hartfordcitynewstimes.com,com,GLOBAL,GLOBAL,GLOBAL,PLATFORM,0,0,0,0,0,0,0
venezuela,hcamag.com,com,GLOBAL,GLOBAL,GLOBAL,PLATFORM,0,0,0,0,0,0,0
venezuela,hertsad.co.uk,uk,GB,Europe & Central Asia,OTHER,PLATFORM,0,0,0,0,0,0,0
venezuela,hiddenremote.com,com,GLOBAL,GLOBAL,GLOBAL,PLATFORM,0,0,0,0,0,0,0
venezuela,hits961.iheart.com,com,GLOBAL,GLOBAL,GLOBAL,PLATFORM,0,0,0,0,0,0,0
venezuela,home.howstuffworks.com,com,GLOBAL,GLOBAL,GLOBAL,PLATFORM,0,0,0,0,0,0,0
venezuela,hopestandard.com,com,GLOBAL,GLOBAL,GLOBAL,PLATFORM,0,0,0,0,0,0,0
venezuela,horseedmedia.net,net,GLOBAL,GLOBAL,GLOBAL,PLATFORM,0,0,0,0,0,0,0
venezuela,hotelnewsresource.com,com,GLOBAL,GLOBAL,GLOBAL,PLATFORM,0,0,0,0,0,0,0
venezuela,ifex.org,org,GLOBAL,GLOBAL,GLOBAL,PLATFORM,0,0,0,0,0,0,0
venezuela,indepthnh.org,org,GLOBAL,GLOBAL,GLOBAL,PLATFORM,0,0,0,0,0,0,0
venezuela,inforum.com,com,GLOBAL,GLOBAL,GLOBAL,PLATFORM,0,0,0,0,0,0,0
venezuela,intelligencer.ca:443,NA,NA,NA,OTHER,PLATFORM,0,0,0,0,0,0,0
venezuela,irishmirror.ie,ie,NA,NA,OTHER,PLATFORM,0,0,0,0,0,0,0
venezuela,itbusinessnet.com,com,GLOBAL,GLOBAL,GLOBAL,PLATFORM,0,0,0,0,0,0,0
venezuela,japanherald.com,com,GLOBAL,GLOBAL,GLOBAL,PLATFORM,0,0,0,0,0,0,0
venezuela,jcpost.com,com,GLOBAL,GLOBAL,GLOBAL,PLATFORM,0,0,0,0,0,0,0
venezuela,joannenova.com.au,au,AU,East Asia & Pacific,OTHER,PLATFORM,0,0,0,0,0,0,0
venezuela,journalgazette.net,net,GLOBAL,GLOBAL,GLOBAL,PLATFORM,0,0,0,0,0,0,0
venezuela,journalstar.com,com,GLOBAL,GLOBAL,GLOBAL,PLATFORM,0,0,0,0,0,0,0
venezuela,kansas.com,com,GLOBAL,GLOBAL,GLOBAL,PLATFORM,0,0,0,0,0,0,0
venezuela,katv.com,com,GLOBAL,GLOBAL,GLOBAL,PLATFORM,0,0,0,0,0,0,0
venezuela,kcentv.com,com,GLOBAL,GLOBAL,GLOBAL,PLATFORM,0,0,0,0,0,0,0
venezuela,kctv5.com,com,GLOBAL,GLOBAL,GLOBAL,PLATFORM,0,0,0,0,0,0,0
venezuela,kesq.com,com,GLOBAL,GLOBAL,GLOBAL,PLATFORM,0,0,0,0,0,0,0
venezuela,keyt.com,com,GLOBAL,GLOBAL,GLOBAL,PLATFORM,0,0,0,0,0,0,0
venezuela,kfyi.iheart.com,com,GLOBAL,GLOBAL,GLOBAL,PLATFORM,0,0,0,0,0,0,0
venezuela,kfyr.iheart.com,com,GLOBAL,GLOBAL,GLOBAL,PLATFORM,0,0,0,0,0,0,0
venezuela,kgmo.com,com,GLOBAL,GLOBAL,GLOBAL,PLATFORM,0,0,0,0,0,0,0
venezuela,kiiz.iheart.com,com,GLOBAL,GLOBAL,GLOBAL,PLATFORM,0,0,0,0,0,0,0
venezuela,kiss957.iheart.com,com,GLOBAL,GLOBAL,GLOBAL,PLATFORM,0,0,0,0,0,0,0
venezuela,kiss981.iheart.com,com,GLOBAL,GLOBAL,GLOBAL,PLATFORM,0,0,0,0,0,0,0
venezuela,kissrocks.com,com,GLOBAL,GLOBAL,GLOBAL,PLATFORM,0,0,0,0,0,0,0
venezuela,klkntv.com,com,GLOBAL,GLOBAL,GLOBAL,PLATFORM,0,0,0,0,0,0,0
venezuela,klove.com,com,GLOBAL,GLOBAL,GLOBAL,PLATFORM,0,0,0,0,0,0,0
venezuela,kmxs.com,com,GLOBAL,GLOBAL,GLOBAL,PLATFORM,0,0,0,0,0,0,0
venezuela,kpbs.org,org,GLOBAL,GLOBAL,GLOBAL,PLATFORM,0,0,0,0,0,0,0
venezuela,ksnblocal4.com,com,GLOBAL,GLOBAL,GLOBAL,PLATFORM,0,0,0,0,0,0,0
venezuela,kuow.org,org,GLOBAL,GLOBAL,GLOBAL,PLATFORM,0,0,0,0,0,0,0
venezuela,kusi.com,com,GLOBAL,GLOBAL,GLOBAL,PLATFORM,0,0,0,0,0,0,0
venezuela,kxkx.com,com,GLOBAL,GLOBAL,GLOBAL,PLATFORM,0,0,0,0,0,0,0
venezuela,labmate-online.com,com,GLOBAL,GLOBAL,GLOBAL,PLATFORM,0,0,0,0,0,0,0
venezuela,lavalnews.ca,ca,CA,North America,OTHER,PLATFORM,0,0,0,0,0,0,0
venezuela,live955.com,com,GLOBAL,GLOBAL,GLOBAL,PLATFORM,0,0,0,0,0,0,0
venezuela,lonestar995fm.com,com,GLOBAL,GLOBAL,GLOBAL,PLATFORM,0,0,0,0,0,0,0
venezuela,longbeachstar.com,com,GLOBAL,GLOBAL,GLOBAL,PLATFORM,0,0,0,0,0,0,0
venezuela,m.aliran.com,com,GLOBAL,GLOBAL,GLOBAL,PLATFORM,0,0,0,0,0,0,0
venezuela,marietta.edu,edu,NA,NA,OTHER,PLATFORM,0,0,0,0,0,0,0
venezuela,marketplace.org,org,GLOBAL,GLOBAL,GLOBAL,PLATFORM,0,0,0,0,0,0,0
venezuela,miamiherald.com,com,GLOBAL,GLOBAL,GLOBAL,PLATFORM,0,0,0,0,0,0,0
venezuela,mississippivalleypublishing.com,com,GLOBAL,GLOBAL,GLOBAL,PLATFORM,0,0,0,0,0,0,0
venezuela,mitchellrepublic.com,com,GLOBAL,GLOBAL,GLOBAL,PLATFORM,0,0,0,0,0,0,0
venezuela,mix1065.iheart.com,com,GLOBAL,GLOBAL,GLOBAL,PLATFORM,0,0,0,0,0,0,0
venezuela,mmafighting.com,com,GLOBAL,GLOBAL,GLOBAL,PLATFORM,0,0,0,0,0,0,0
venezuela,mtairynews.com,com,GLOBAL,GLOBAL,GLOBAL,PLATFORM,0,0,0,0,0,0,0
venezuela,my995fm.iheart.com,com,GLOBAL,GLOBAL,GLOBAL,PLATFORM,0,0,0,0,0,0,0
venezuela,myeaglecountry.com,com,GLOBAL,GLOBAL,GLOBAL,PLATFORM,0,0,0,0,0,0,0
venezuela,mykxlg.com,com,GLOBAL,GLOBAL,GLOBAL,PLATFORM,0,0,0,0,0,0,0
venezuela,myrtlebeachonline.com,com,GLOBAL,GLOBAL,GLOBAL,PLATFORM,0,0,0,0,0,0,0
venezuela,mywdia.iheart.com,com,GLOBAL,GLOBAL,GLOBAL,PLATFORM,0,0,0,0,0,0,0
venezuela,nationalgeographic.com,com,GLOBAL,GLOBAL,GLOBAL,PLATFORM,0,0,0,0,0,0,0
venezuela,nationalparkstraveler.org,org,GLOBAL,GLOBAL,GLOBAL,PLATFORM,0,0,0,0,0,0,0
venezuela,nature.com,com,GLOBAL,GLOBAL,GLOBAL,PLATFORM,0,0,0,0,0,0,0
venezuela,nbcsandiego.com,com,GLOBAL,GLOBAL,GLOBAL,PLATFORM,0,0,0,0,0,0,0
venezuela,news.maritime-network.com,com,GLOBAL,GLOBAL,GLOBAL,PLATFORM,0,0,0,0,0,0,0
venezuela,news8000.com,com,GLOBAL,GLOBAL,GLOBAL,PLATFORM,0,0,0,0,0,0,0
venezuela,newsradiowkcy.iheart.com,com,GLOBAL,GLOBAL,GLOBAL,PLATFORM,0,0,0,0,0,0,0
venezuela,nigeriasun.com,com,GLOBAL,GLOBAL,GLOBAL,PLATFORM,0,0,0,0,0,0,0
venezuela,northernirelandnews.com,com,GLOBAL,GLOBAL,GLOBAL,PLATFORM,0,0,0,0,0,0,0
venezuela,nsnews.com,com,GLOBAL,GLOBAL,GLOBAL,PLATFORM,0,0,0,0,0,0,0
venezuela,nynganobserver.com.au,au,AU,East Asia & Pacific,OTHER,PLATFORM,0,0,0,0,0,0,0
venezuela,obituaries.chickashanews.com,com,GLOBAL,GLOBAL,GLOBAL,PLATFORM,0,0,0,0,0,0,0
venezuela,obituaries.stwnewspress.com,com,GLOBAL,GLOBAL,GLOBAL,PLATFORM,0,0,0,0,0,0,0
venezuela,obituaries.thedailystar.com,com,GLOBAL,GLOBAL,GLOBAL,PLATFORM,0,0,0,0,0,0,0
venezuela,oxfordmail.co.uk,uk,GB,Europe & Central Asia,OTHER,PLATFORM,0,0,0,0,0,0,0
venezuela,penarthtimes.co.uk,uk,GB,Europe & Central Asia,OTHER,PLATFORM,0,0,0,0,0,0,0
venezuela,pokernews.com,com,GLOBAL,GLOBAL,GLOBAL,PLATFORM,0,0,0,0,0,0,0
venezuela,politicalwire.com,com,GLOBAL,GLOBAL,GLOBAL,PLATFORM,0,0,0,0,0,0,0
venezuela,popsugar.com,com,GLOBAL,GLOBAL,GLOBAL,PLATFORM,0,0,0,0,0,0,0
venezuela,prunderground.com,com,GLOBAL,GLOBAL,GLOBAL,PLATFORM,0,0,0,0,0,0,0
venezuela,purplerow.com,com,GLOBAL,GLOBAL,GLOBAL,PLATFORM,0,0,0,0,0,0,0
venezuela,q105fm.iheart.com,com,GLOBAL,GLOBAL,GLOBAL,PLATFORM,0,0,0,0,0,0,0
venezuela,qns.com,com,GLOBAL,GLOBAL,GLOBAL,PLATFORM,0,0,0,0,0,0,0
venezuela,quesnelobserver.com,com,GLOBAL,GLOBAL,GLOBAL,PLATFORM,0,0,0,0,0,0,0
venezuela,radaronline.com,com,GLOBAL,GLOBAL,GLOBAL,PLATFORM,0,0,0,0,0,0,0
venezuela,radionigeria.gov.ng,ng,NG,Sub-Saharan Africa,AFRICA,PLATFORM,0,0,0,0,0,0,0
venezuela,rescue.org,org,GLOBAL,GLOBAL,GLOBAL,PLATFORM,0,0,0,0,0,0,0
venezuela,restaurantnewsrelease.com,com,GLOBAL,GLOBAL,GLOBAL,PLATFORM,0,0,0,0,0,0,0
venezuela,richardcrouse.ca,ca,CA,North America,OTHER,PLATFORM,0,0,0,0,0,0,0
venezuela,rock937online.com,com,GLOBAL,GLOBAL,GLOBAL,PLATFORM,0,0,0,0,0,0,0
venezuela,saltwire.com,com,GLOBAL,GLOBAL,GLOBAL,PLATFORM,0,0,0,0,0,0,0
venezuela,scarlettgatelymoore.dev,dev,NA,NA,OTHER,PLATFORM,0,0,0,0,0,0,0
venezuela,science.howstuffworks.com,com,GLOBAL,GLOBAL,GLOBAL,PLATFORM,0,0,0,0,0,0,0
venezuela,sflcn.com,com,GLOBAL,GLOBAL,GLOBAL,PLATFORM,0,0,0,0,0,0,0
venezuela,sheridanmedia.com,com,GLOBAL,GLOBAL,GLOBAL,PLATFORM,0,0,0,0,0,0,0
venezuela,shorenewsnetwork.com,com,GLOBAL,GLOBAL,GLOBAL,PLATFORM,0,0,0,0,0,0,0
venezuela,singaporestar.com,com,GLOBAL,GLOBAL,GLOBAL,PLATFORM,0,0,0,0,0,0,0
venezuela,sixerswire.usatoday.com,com,GLOBAL,GLOBAL,GLOBAL,PLATFORM,0,0,0,0,0,0,0
venezuela,smh.com.au,au,AU,East Asia & Pacific,OTHER,PLATFORM,0,0,0,0,0,0,0
venezuela,srilankasource.com,com,GLOBAL,GLOBAL,GLOBAL,PLATFORM,0,0,0,0,0,0,0
venezuela,star-telegram.com,com,GLOBAL,GLOBAL,GLOBAL,PLATFORM,0,0,0,0,0,0,0
venezuela,stcatharinesstandard.ca,ca,CA,North America,OTHER,PLATFORM,0,0,0,0,0,0,0
venezuela,stockandland.com.au,au,AU,East Asia & Pacific,OTHER,PLATFORM,0,0,0,0,0,0,0
venezuela,stratfordbeaconherald.com:443,NA,NA,NA,OTHER,PLATFORM,0,0,0,0,0,0,0
venezuela,swishappeal.com,com,GLOBAL,GLOBAL,GLOBAL,PLATFORM,0,0,0,0,0,0,0
venezuela,tass.com,com,GLOBAL,GLOBAL,GLOBAL,PLATFORM,0,0,1,0,0,0,1
venezuela,teletrader.com,com,GLOBAL,GLOBAL,GLOBAL,PLATFORM,0,0,0,0,0,0,0
venezuela,telluridenews.com,com,GLOBAL,GLOBAL,GLOBAL,PLATFORM,0,0,0,0,0,0,0
venezuela,texastribune.org,org,GLOBAL,GLOBAL,GLOBAL,PLATFORM,0,0,0,0,0,0,0
venezuela,the-independent.com,com,GLOBAL,GLOBAL,GLOBAL,PLATFORM,0,0,0,0,0,0,0
venezuela,theartsdesk.com,com,GLOBAL,GLOBAL,GLOBAL,PLATFORM,0,0,0,0,0,0,0
venezuela,thebull1017.iheart.com,com,GLOBAL,GLOBAL,GLOBAL,PLATFORM,0,0,0,0,0,0,0
venezuela,thecourier.co.uk,uk,GB,Europe & Central Asia,OTHER,PLATFORM,0,0,0,0,0,0,0
venezuela,thedailystar.com,com,GLOBAL,GLOBAL,GLOBAL,PLATFORM,0,0,0,0,0,0,0
venezuela,thefan1075.com,com,GLOBAL,GLOBAL,GLOBAL,PLATFORM,0,0,0,0,0,0,0
venezuela,thegamenashville.com,com,GLOBAL,GLOBAL,GLOBAL,PLATFORM,0,0,0,0,0,0,0
venezuela,thejudge13.com,com,GLOBAL,GLOBAL,GLOBAL,PLATFORM,0,0,0,0,0,0,0
venezuela,theleadernews.com,com,GLOBAL,GLOBAL,GLOBAL,PLATFORM,0,0,0,0,0,0,0
venezuela,thenationalnews.com,com,GLOBAL,GLOBAL,GLOBAL,PLATFORM,0,0,0,0,0,0,0
venezuela,thepeninsulaqatar.com,com,GLOBAL,GLOBAL,GLOBAL,PLATFORM,0,0,0,0,0,0,0
venezuela,therepublic.com,com,GLOBAL,GLOBAL,GLOBAL,PLATFORM,0,0,0,0,0,0,0
venezuela,thesubtimes.com,com,GLOBAL,GLOBAL,GLOBAL,PLATFORM,0,0,0,0,0,0,0
venezuela,thetelegraphandargus.co.uk,uk,GB,Europe & Central Asia,OTHER,PLATFORM,0,0,0,0,0,0,0
venezuela,thethaiger.com,com,GLOBAL,GLOBAL,GLOBAL,PLATFORM,0,0,0,0,0,0,0
venezuela,thetruthaboutcars.com,com,GLOBAL,GLOBAL,GLOBAL,PLATFORM,0,0,0,0,0,0,0
venezuela,timesofindia.indiatimes.com,com,GLOBAL,GLOBAL,GLOBAL,PLATFORM,0,0,0,0,0,0,0
venezuela,tk101.iheart.com,com,GLOBAL,GLOBAL,GLOBAL,PLATFORM,0,0,0,0,0,0,0
venezuela,tomshardware.com,com,GLOBAL,GLOBAL,GLOBAL,PLATFORM,0,0,0,0,0,0,0
venezuela,toronto.citynews.ca,ca,CA,North America,OTHER,PLATFORM,0,0,0,0,0,0,0
venezuela,tri-cityherald.com,com,GLOBAL,GLOBAL,GLOBAL,PLATFORM,0,0,0,0,0,0,0
venezuela,tsln.com,com,GLOBAL,GLOBAL,GLOBAL,PLATFORM,0,0,0,0,0,0,0
venezuela,tucsonsentinel.com,com,GLOBAL,GLOBAL,GLOBAL,PLATFORM,0,0,0,0,0,0,0
venezuela,uspolitics.einnews.com,com,GLOBAL,GLOBAL,GLOBAL,PLATFORM,0,0,0,0,0,0,0
venezuela,v1011sacramento.iheart.com,com,GLOBAL,GLOBAL,GLOBAL,PLATFORM,0,0,0,0,0,0,0
venezuela,waco100.iheart.com,com,GLOBAL,GLOBAL,GLOBAL,PLATFORM,0,0,0,0,0,0,0
venezuela,wandtv.com,com,GLOBAL,GLOBAL,GLOBAL,PLATFORM,0,0,0,0,0,0,0
venezuela,wataugademocrat.com,com,GLOBAL,GLOBAL,GLOBAL,PLATFORM,0,0,0,0,0,0,0
venezuela,webmd.com,com,GLOBAL,GLOBAL,GLOBAL,PLATFORM,0,0,0,0,0,0,0
venezuela,wesh.com,com,GLOBAL,GLOBAL,GLOBAL,PLATFORM,0,0,0,0,0,0,0
venezuela,wfaa.com,com,GLOBAL,GLOBAL,GLOBAL,PLATFORM,0,0,0,0,0,0,0
venezuela,wgmd.com,com,GLOBAL,GLOBAL,GLOBAL,PLATFORM,0,0,0,0,0,0,0
venezuela,wgnsradio.com,com,GLOBAL,GLOBAL,GLOBAL,PLATFORM,0,0,0,0,0,0,0
venezuela,wgrd.com,com,GLOBAL,GLOBAL,GLOBAL,PLATFORM,0,0,0,0,0,0,0
venezuela,whig.com,com,GLOBAL,GLOBAL,GLOBAL,PLATFORM,0,0,0,0,0,0,0
venezuela,whyn.iheart.com,com,GLOBAL,GLOBAL,GLOBAL,PLATFORM,0,0,0,0,0,0,0
venezuela,wiartonecho.com:443,NA,NA,NA,OTHER,PLATFORM,0,0,0,0,0,0,0
venezuela,willamette.edu,edu,NA,NA,OTHER,PLATFORM,0,0,0,0,0,0,0
venezuela,wiltshiretimes.co.uk,uk,GB,Europe & Central Asia,OTHER,PLATFORM,0,0,0,0,0,0,0
venezuela,wineandspiritsmagazine.com,com,GLOBAL,GLOBAL,GLOBAL,PLATFORM,0,0,0,0,0,0,0
venezuela,wishtv.com,com,GLOBAL,GLOBAL,GLOBAL,PLATFORM,0,0,0,0,0,0,0
venezuela,wizard106.iheart.com,com,GLOBAL,GLOBAL,GLOBAL,PLATFORM,0,0,0,0,0,0,0
venezuela,wrdw.com,com,GLOBAL,GLOBAL,GLOBAL,PLATFORM,0,0,0,0,0,0,0
venezuela,wrkf.org,org,GLOBAL,GLOBAL,GLOBAL,PLATFORM,0,0,0,0,0,0,0
venezuela,wsoctv.com,com,GLOBAL,GLOBAL,GLOBAL,PLATFORM,0,0,0,0,0,0,0
venezuela,wtvbam.com,com,GLOBAL,GLOBAL,GLOBAL,PLATFORM,0,0,0,0,0,0,0
venezuela,wwd.com,com,GLOBAL,GLOBAL,GLOBAL,PLATFORM,0,0,0,0,0,0,0
venezuela,wyldfm.iheart.com,com,GLOBAL,GLOBAL,GLOBAL,PLATFORM,0,0,0,0,0,0,0
venezuela,youralaskalink.com,com,GLOBAL,GLOBAL,GLOBAL,PLATFORM,0,0,0,0,0,0,0
venezuela,yourfortdodge.com,com,GLOBAL,GLOBAL,GLOBAL,PLATFORM,0,0,0,0,0,0,0
venezuela,zfenglish.com,com,GLOBAL,GLOBAL,GLOBAL,PLATFORM,0,0,0,0,0,0,0
venezuela,zmescience.com,com,GLOBAL,GLOBAL,GLOBAL,PLATFORM,0,0,0,0,0,0,0
venezuela,101magic.iheart.com,com,GLOBAL,GLOBAL,GLOBAL,PLATFORM,0,0,0,0,0,0,0
venezuela,1033wvyb.com,com,GLOBAL,GLOBAL,GLOBAL,PLATFORM,0,0,0,0,0,0,0
venezuela,1045thecat.iheart.com,com,GLOBAL,GLOBAL,GLOBAL,PLATFORM,0,0,0,0,0,0,0
venezuela,10news.com,com,GLOBAL,GLOBAL,GLOBAL,PLATFORM,0,0,0,0,0,0,0
venezuela,1150wima.iheart.com,com,GLOBAL,GLOBAL,GLOBAL,PLATFORM,0,0,0,0,0,0,0
venezuela,12newsnow.com,com,GLOBAL,GLOBAL,GLOBAL,PLATFORM,0,0,0,0,0,0,0
venezuela,790wpic.com,com,GLOBAL,GLOBAL,GLOBAL,PLATFORM,0,0,0,0,0,0,0
venezuela,95rockfm.com,com,GLOBAL,GLOBAL,GLOBAL,PLATFORM,0,0,0,0,0,0,0
venezuela,961srs.iheart.com,com,GLOBAL,GLOBAL,GLOBAL,PLATFORM,0,0,0,0,0,0,0
venezuela,967stevefm.iheart.com,com,GLOBAL,GLOBAL,GLOBAL,PLATFORM,0,0,0,0,0,0,0
venezuela,975now.com,com,GLOBAL,GLOBAL,GLOBAL,PLATFORM,0,0,0,0,0,0,0
venezuela,975wabd.com,com,GLOBAL,GLOBAL,GLOBAL,PLATFORM,0,0,0,0,0,0,0
venezuela,98rocks.fm,fm,NA,NA,OTHER,PLATFORM,0,0,0,0,0,0,0
venezuela,abc13.com,com,GLOBAL,GLOBAL,GLOBAL,PLATFORM,0,0,0,0,0,0,0
venezuela,alligator.org,org,GLOBAL,GLOBAL,GLOBAL,PLATFORM,0,0,0,0,0,0,0
venezuela,arabherald.com,com,GLOBAL,GLOBAL,GLOBAL,PLATFORM,0,0,0,0,0,0,0
venezuela,armidaleexpress.com.au,au,AU,East Asia & Pacific,OTHER,PLATFORM,0,0,0,0,0,0,0
venezuela,aseaofblue.com,com,GLOBAL,GLOBAL,GLOBAL,PLATFORM,0,0,0,0,0,0,0
venezuela,b1073online.iheart.com,com,GLOBAL,GLOBAL,GLOBAL,PLATFORM,0,0,0,0,0,0,0
venezuela,bbs.clutchfans.net,net,GLOBAL,GLOBAL,GLOBAL,PLATFORM,0,0,0,0,0,0,0
venezuela,belfastmedia.com,com,GLOBAL,GLOBAL,GLOBAL,PLATFORM,0,0,0,0,0,0,0
venezuela,bellevuereporter.com,com,GLOBAL,GLOBAL,GLOBAL,PLATFORM,0,0,0,0,0,0,0
venezuela,bgr.com,com,GLOBAL,GLOBAL,GLOBAL,PLATFORM,0,0,0,0,0,0,0
venezuela,bigi1079.iheart.com,com,GLOBAL,GLOBAL,GLOBAL,PLATFORM,0,0,0,0,0,0,0
venezuela,blackheartgoldpants.com,com,GLOBAL,GLOBAL,GLOBAL,PLATFORM,0,0,0,0,0,0,0
venezuela,bloodhorse.com,com,GLOBAL,GLOBAL,GLOBAL,PLATFORM,0,0,0,0,0,0,0
venezuela,brooklyneagle.com,com,GLOBAL,GLOBAL,GLOBAL,PLATFORM,0,0,0,0,0,0,0
venezuela,canowindranews.com.au,au,AU,East Asia & Pacific,OTHER,PLATFORM,0,0,0,0,0,0,0
venezuela,cathstan.org,org,GLOBAL,GLOBAL,GLOBAL,PLATFORM,0,0,0,0,0,0,0
venezuela,centralwesterndaily.com.au,au,AU,East Asia & Pacific,OTHER,PLATFORM,0,0,0,0,0,0,0
venezuela,chardandilminsternews.co.uk,uk,GB,Europe & Central Asia,OTHER,PLATFORM,0,0,0,0,0,0,0
venezuela,chch.com,com,GLOBAL,GLOBAL,GLOBAL,PLATFORM,0,0,0,0,0,0,0
venezuela,classy100.com,com,GLOBAL,GLOBAL,GLOBAL,PLATFORM,0,0,0,0,0,0,0
venezuela,clickondetroit.com,com,GLOBAL,GLOBAL,GLOBAL,PLATFORM,0,0,0,0,0,0,0
venezuela,comingsoon.net,net,GLOBAL,GLOBAL,GLOBAL,PLATFORM,0,0,0,0,0,0,0
venezuela,complex.com,com,GLOBAL,GLOBAL,GLOBAL,PLATFORM,0,0,0,0,0,0,0
venezuela,dailyddt.com,com,GLOBAL,GLOBAL,GLOBAL,PLATFORM,0,0,0,0,0,0,0
venezuela,dailyfx.com,com,GLOBAL,GLOBAL,GLOBAL,PLATFORM,0,0,0,0,0,0,0
venezuela,dailynewsen.com,com,GLOBAL,GLOBAL,GLOBAL,PLATFORM,0,0,0,0,0,0,0
venezuela,dailyprincetonian.com,com,GLOBAL,GLOBAL,GLOBAL,PLATFORM,0,0,0,0,0,0,0
venezuela,dailytrust.com,com,GLOBAL,GLOBAL,GLOBAL,PLATFORM,0,0,0,0,0,0,0
venezuela,dakotanewsnow.com,com,GLOBAL,GLOBAL,GLOBAL,PLATFORM,0,0,0,0,0,0,0
venezuela,deccanherald.com,com,GLOBAL,GLOBAL,GLOBAL,PLATFORM,0,0,0,0,0,0,0
venezuela,digitaljournal.com,com,GLOBAL,GLOBAL,GLOBAL,PLATFORM,0,0,0,0,0,0,0
venezuela,extralunchmoney.com,com,GLOBAL,GLOBAL,GLOBAL,PLATFORM,0,0,0,0,0,0,0
venezuela,fortworthreport.org,org,GLOBAL,GLOBAL,GLOBAL,PLATFORM,0,0,0,0,0,0,0
venezuela,freepressonline.com,com,GLOBAL,GLOBAL,GLOBAL,PLATFORM,0,0,0,0,0,0,0
venezuela,gaeliclife.com,com,GLOBAL,GLOBAL,GLOBAL,PLATFORM,0,0,0,0,0,0,0
venezuela,gainesvilleregister.com,com,GLOBAL,GLOBAL,GLOBAL,PLATFORM,0,0,0,0,0,0,0
venezuela,gettysburgtimes.com,com,GLOBAL,GLOBAL,GLOBAL,PLATFORM,0,0,0,0,0,0,0
venezuela,guernseypress.com,com,GLOBAL,GLOBAL,GLOBAL,PLATFORM,0,0,0,0,0,0,0
venezuela,heraldpalladium.com,com,GLOBAL,GLOBAL,GLOBAL,PLATFORM,0,0,0,0,0,0,0
venezuela,hickoryrecord.com,com,GLOBAL,GLOBAL,GLOBAL,PLATFORM,0,0,0,0,0,0,0
venezuela,hometownstation.com,com,GLOBAL,GLOBAL,GLOBAL,PLATFORM,0,0,0,0,0,0,0
venezuela,in-cumbria.com,com,GLOBAL,GLOBAL,GLOBAL,PLATFORM,0,0,0,0,0,0,0
venezuela,inferse.com,com,GLOBAL,GLOBAL,GLOBAL,PLATFORM,0,0,0,0,0,0,0
venezuela,insurancenewsnet.com,com,GLOBAL,GLOBAL,GLOBAL,PLATFORM,0,0,0,0,0,0,0
venezuela,japan.cnet.com,com,GLOBAL,GLOBAL,GLOBAL,PLATFORM,0,0,0,0,0,0,0
venezuela,kake.com,com,GLOBAL,GLOBAL,GLOBAL,PLATFORM,0,0,0,0,0,0,0
venezuela,kentuckynewera.com,com,GLOBAL,GLOBAL,GLOBAL,PLATFORM,0,0,0,0,0,0,0
venezuela,kez999.iheart.com,com,GLOBAL,GLOBAL,GLOBAL,PLATFORM,0,0,0,0,0,0,0
venezuela,kilgorenewsherald.com,com,GLOBAL,GLOBAL,GLOBAL,PLATFORM,0,0,0,0,0,0,0
venezuela,kmbc.com,com,GLOBAL,GLOBAL,GLOBAL,PLATFORM,0,0,0,0,0,0,0
venezuela,kprr.iheart.com,com,GLOBAL,GLOBAL,GLOBAL,PLATFORM,0,0,0,0,0,0,0
venezuela,kunc.org,org,GLOBAL,GLOBAL,GLOBAL,PLATFORM,0,0,0,0,0,0,0
venezuela,kurv.com,com,GLOBAL,GLOBAL,GLOBAL,PLATFORM,0,0,0,0,0,0,0
venezuela,kwit.org,org,GLOBAL,GLOBAL,GLOBAL,PLATFORM,0,0,0,0,0,0,0
venezuela,letsrun.com,com,GLOBAL,GLOBAL,GLOBAL,PLATFORM,0,0,0,0,0,0,0
venezuela,madison.com,com,GLOBAL,GLOBAL,GLOBAL,PLATFORM,0,0,0,0,0,0,0
venezuela,metrojacksonville.com,com,GLOBAL,GLOBAL,GLOBAL,PLATFORM,0,0,0,0,0,0,0
venezuela,mix1043fm.com,com,GLOBAL,GLOBAL,GLOBAL,PLATFORM,0,0,0,0,0,0,0
venezuela,morningsun.net,net,GLOBAL,GLOBAL,GLOBAL,PLATFORM,0,0,0,0,0,0,0
venezuela,movieweb.com,com,GLOBAL,GLOBAL,GLOBAL,PLATFORM,0,0,0,0,0,0,0
venezuela,nashvillegab.com,com,GLOBAL,GLOBAL,GLOBAL,PLATFORM,0,0,0,0,0,0,0
venezuela,nbcbayarea.com,com,GLOBAL,GLOBAL,GLOBAL,PLATFORM,0,0,0,0,0,0,0
venezuela,news.prairiepublic.org,org,GLOBAL,GLOBAL,GLOBAL,PLATFORM,0,0,0,0,0,0,0
venezuela,news.punchjump.com,com,GLOBAL,GLOBAL,GLOBAL,PLATFORM,0,0,0,0,0,0,0
venezuela,paducahsun.com,com,GLOBAL,GLOBAL,GLOBAL,PLATFORM,0,0,0,0,0,0,0
venezuela,pentictonherald.ca,ca,CA,North America,OTHER,PLATFORM,0,0,0,0,0,0,0
venezuela,pinstripealley.com,com,GLOBAL,GLOBAL,GLOBAL,PLATFORM,0,0,0,0,0,0,0
venezuela,pleasantonweekly.com,com,GLOBAL,GLOBAL,GLOBAL,PLATFORM,0,0,0,0,0,0,0
venezuela,presstv.ir,ir,NA,NA,OTHER,PLATFORM,0,0,1,0,0,0,1
venezuela,psdispatch.com,com,GLOBAL,GLOBAL,GLOBAL,PLATFORM,0,0,0,0,0,0,0
venezuela,q961.com,com,GLOBAL,GLOBAL,GLOBAL,PLATFORM,0,0,0,0,0,0,0
venezuela,roanoke.com,com,GLOBAL,GLOBAL,GLOBAL,PLATFORM,0,0,0,0,0,0,0
venezuela,sbs.com.au,au,AU,East Asia & Pacific,OTHER,PLATFORM,0,0,0,0,0,0,0
venezuela,scitechdaily.com,com,GLOBAL,GLOBAL,GLOBAL,PLATFORM,0,0,0,0,0,0,0
venezuela,southerngazette.ca,ca,CA,North America,OTHER,PLATFORM,0,0,0,0,0,0,0
venezuela,spec.com.au,au,AU,East Asia & Pacific,OTHER,PLATFORM,0,0,0,0,0,0,0
venezuela,steelers.com,com,GLOBAL,GLOBAL,GLOBAL,PLATFORM,0,0,0,0,0,0,0
venezuela,streetinsider.com,com,GLOBAL,GLOBAL,GLOBAL,PLATFORM,0,0,0,0,0,0,0
venezuela,sunny999fm.iheart.com,com,GLOBAL,GLOBAL,GLOBAL,PLATFORM,0,0,0,0,0,0,0
venezuela,superherohype.com,com,GLOBAL,GLOBAL,GLOBAL,PLATFORM,0,0,0,0,0,0,0
venezuela,tdtnews.com,com,GLOBAL,GLOBAL,GLOBAL,PLATFORM,0,0,0,0,0,0,0
venezuela,texarkanagazette.com,com,GLOBAL,GLOBAL,GLOBAL,PLATFORM,0,0,0,0,0,0,0
venezuela,theboltonnews.co.uk,uk,GB,Europe & Central Asia,OTHER,PLATFORM,0,0,0,0,0,0,0
venezuela,thecork.ie,ie,NA,NA,OTHER,PLATFORM,0,0,0,0,0,0,0
venezuela,thecrimson.com,com,GLOBAL,GLOBAL,GLOBAL,PLATFORM,0,0,0,0,0,0,0
venezuela,themaneland.com,com,GLOBAL,GLOBAL,GLOBAL,PLATFORM,0,0,0,0,0,0,0
venezuela,themedialine.org,org,GLOBAL,GLOBAL,GLOBAL,PLATFORM,0,0,0,0,0,0,0
venezuela,thezone1059.com,com,GLOBAL,GLOBAL,GLOBAL,PLATFORM,0,0,0,0,0,0,0
venezuela,timescolonist.com,com,GLOBAL,GLOBAL,GLOBAL,PLATFORM,0,0,0,0,0,0,0
venezuela,timeslive.co.za,za,ZA,Sub-Saharan Africa,AFRICA,PLATFORM,0,0,0,0,0,0,0
venezuela,trentonian.ca:443,NA,NA,NA,OTHER,PLATFORM,0,0,0,0,0,0,0
venezuela,trussvilletribune.com,com,GLOBAL,GLOBAL,GLOBAL,PLATFORM,0,0,0,0,0,0,0
venezuela,uk.style.yahoo.com,com,GLOBAL,GLOBAL,GLOBAL,PLATFORM,0,0,0,0,0,0,0
venezuela,wbaltv.com,com,GLOBAL,GLOBAL,GLOBAL,PLATFORM,0,0,0,0,0,0,0
venezuela,wboc.com,com,GLOBAL,GLOBAL,GLOBAL,PLATFORM,0,0,0,0,0,0,0
venezuela,wboy.com,com,GLOBAL,GLOBAL,GLOBAL,PLATFORM,0,0,0,0,0,0,0
venezuela,wcvb.com,com,GLOBAL,GLOBAL,GLOBAL,PLATFORM,0,0,0,0,0,0,0
venezuela,wgy.iheart.com,com,GLOBAL,GLOBAL,GLOBAL,PLATFORM,0,0,0,0,0,0,0
venezuela,whcuradio.com,com,GLOBAL,GLOBAL,GLOBAL,PLATFORM,0,0,0,0,0,0,0
venezuela,whec.com,com,GLOBAL,GLOBAL,GLOBAL,PLATFORM,0,0,0,0,0,0,0
venezuela,wktv.com,com,GLOBAL,GLOBAL,GLOBAL,PLATFORM,0,0,0,0,0,0,0
venezuela,wmbr.org,org,GLOBAL,GLOBAL,GLOBAL,PLATFORM,0,0,0,0,0,0,0
venezuela,wmtw.com,com,GLOBAL,GLOBAL,GLOBAL,PLATFORM,0,0,0,0,0,0,0
venezuela,wnmufm.org,org,GLOBAL,GLOBAL,GLOBAL,PLATFORM,0,0,0,0,0,0,0
venezuela,wsbtv.com,com,GLOBAL,GLOBAL,GLOBAL,PLATFORM,0,0,0,0,0,0,0
venezuela,wspd.iheart.com,com,GLOBAL,GLOBAL,GLOBAL,PLATFORM,0,0,0,0,0,0,0
venezuela,wvnews.com,com,GLOBAL,GLOBAL,GLOBAL,PLATFORM,0,0,0,0,0,0,0
venezuela,wwqq101.com,com,GLOBAL,GLOBAL,GLOBAL,PLATFORM,0,0,0,0,0,0,0
venezuela,wyomingpublicmedia.org,org,GLOBAL,GLOBAL,GLOBAL,PLATFORM,0,0,0,0,0,0,0
venezuela,wyso.org,org,GLOBAL,GLOBAL,GLOBAL,PLATFORM,0,0,0,0,0,0,0
venezuela,xl1067.iheart.com,com,GLOBAL,GLOBAL,GLOBAL,PLATFORM,0,0,0,0,0,0,0
venezuela,1053hotfm.com,com,GLOBAL,GLOBAL,GLOBAL,PLATFORM,0,0,0,0,0,0,0
venezuela,2nm.com.au,au,AU,East Asia & Pacific,OTHER,PLATFORM,0,0,0,0,0,0,0
venezuela,49erswebzone.com,com,GLOBAL,GLOBAL,GLOBAL,PLATFORM,0,0,0,0,0,0,0
venezuela,550thezone.iheart.com,com,GLOBAL,GLOBAL,GLOBAL,PLATFORM,0,0,0,0,0,0,0
venezuela,927thevan.com,com,GLOBAL,GLOBAL,GLOBAL,PLATFORM,0,0,0,0,0,0,0
venezuela,96krock.com,com,GLOBAL,GLOBAL,GLOBAL,PLATFORM,0,0,0,0,0,0,0
venezuela,ajmc.com,com,GLOBAL,GLOBAL,GLOBAL,PLATFORM,0,0,0,0,0,0,0
venezuela,americanbazaaronline.com,com,GLOBAL,GLOBAL,GLOBAL,PLATFORM,0,0,0,0,0,0,0
venezuela,aol.co.uk,uk,GB,Europe & Central Asia,OTHER,PLATFORM,0,0,0,0,0,0,0
venezuela,app.com.pk,pk,NA,NA,OTHER,PLATFORM,0,0,0,0,0,0,0
venezuela,atlantafalcons.com,com,GLOBAL,GLOBAL,GLOBAL,PLATFORM,0,0,0,0,0,0,0
venezuela,azbigmedia.com,com,GLOBAL,GLOBAL,GLOBAL,PLATFORM,0,0,0,0,0,0,0
venezuela,azertag.az,az,NA,NA,OTHER,PLATFORM,0,0,0,0,0,0,0
venezuela,bangladeshsun.com,com,GLOBAL,GLOBAL,GLOBAL,PLATFORM,0,0,0,0,0,0,0
venezuela,banksnews.gr,gr,NA,NA,OTHER,PLATFORM,0,0,0,0,0,0,0
venezuela,barbadostoday.bb,bb,NA,NA,OTHER,PLATFORM,0,0,0,0,0,0,0
venezuela,bearingarms.com,com,GLOBAL,GLOBAL,GLOBAL,PLATFORM,0,0,0,0,0,0,0
venezuela,betanews.com,com,GLOBAL,GLOBAL,GLOBAL,PLATFORM,0,0,0,0,0,0,0
venezuela,bkreader.com,com,GLOBAL,GLOBAL,GLOBAL,PLATFORM,0,0,0,0,0,0,0
venezuela,bramptonguardian.com,com,GLOBAL,GLOBAL,GLOBAL,PLATFORM,0,0,0,0,0,0,0
venezuela,brightsideofthesun.com,com,GLOBAL,GLOBAL,GLOBAL,PLATFORM,0,0,0,0,0,0,0
venezuela,bristolpost.co.uk,uk,GB,Europe & Central Asia,OTHER,PLATFORM,0,0,0,0,0,0,0
venezuela,brixtonbuzz.com,com,GLOBAL,GLOBAL,GLOBAL,PLATFORM,0,0,0,0,0,0,0
venezuela,burnhamandhighbridgeweeklynews.co.uk,uk,GB,Europe & Central Asia,OTHER,PLATFORM,0,0,0,0,0,0,0
venezuela,business.scoop.co.nz,nz,NZ,East Asia & Pacific,OTHER,PLATFORM,0,0,0,0,0,0,0
venezuela,businessinsider.in,in,IN,South Asia,OTHER,PLATFORM,0,0,0,0,0,0,0
venezuela,caughtoffside.com,com,GLOBAL,GLOBAL,GLOBAL,PLATFORM,0,0,0,0,0,0,0
venezuela,centralchronicle.com,com,GLOBAL,GLOBAL,GLOBAL,PLATFORM,0,0,0,0,0,0,0
venezuela,chinafile.com,com,GLOBAL,GLOBAL,GLOBAL,PLATFORM,0,0,0,0,0,0,0
venezuela,collingwoodfc.com.au,au,AU,East Asia & Pacific,OTHER,PLATFORM,0,0,0,0,0,0,0
venezuela,con-telegraph.ie,ie,NA,NA,OTHER,PLATFORM,0,0,0,0,0,0,0
venezuela,cyprus-mail.com,com,GLOBAL,GLOBAL,GLOBAL,PLATFORM,0,0,0,0,0,0,0
venezuela,delphosherald.com,com,GLOBAL,GLOBAL,GLOBAL,PLATFORM,0,0,0,0,0,0,0
venezuela,digitaltrends.com,com,GLOBAL,GLOBAL,GLOBAL,PLATFORM,0,0,0,0,0,0,0
venezuela,dudleynews.co.uk,uk,GB,Europe & Central Asia,OTHER,PLATFORM,0,0,0,0,0,0,0
venezuela,dunyanews.tv,tv,NA,NA,OTHER,PLATFORM,0,0,0,0,0,0,0
venezuela,ealingtimes.co.uk,uk,GB,Europe & Central Asia,OTHER,PLATFORM,0,0,0,0,0,0,0
venezuela,echo-news.co.uk,uk,GB,Europe & Central Asia,OTHER,PLATFORM,0,0,0,0,0,0,0
venezuela,electric949.com,com,GLOBAL,GLOBAL,GLOBAL,PLATFORM,0,0,0,0,0,0,0
venezuela,femalefirst.co.uk,uk,GB,Europe & Central Asia,OTHER,PLATFORM,0,0,0,0,0,0,0
venezuela,flaglerlive.com,com,GLOBAL,GLOBAL,GLOBAL,PLATFORM,0,0,0,0,0,0,0
venezuela,forum.onlineopinion.com.au,au,AU,East Asia & Pacific,OTHER,PLATFORM,0,0,0,0,0,0,0
venezuela,ft.lk,lk,NA,NA,OTHER,PLATFORM,0,0,0,0,0,0,0
venezuela,gazettenet.com,com,GLOBAL,GLOBAL,GLOBAL,PLATFORM,0,0,0,0,0,0,0
venezuela,genengnews.com,com,GLOBAL,GLOBAL,GLOBAL,PLATFORM,0,0,0,0,0,0,0
venezuela,github.com,com,GLOBAL,GLOBAL,GLOBAL,PLATFORM,0,0,0,0,0,0,0
venezuela,glasgowtimes.co.uk,uk,GB,Europe & Central Asia,OTHER,PLATFORM,0,0,0,0,0,0,0
venezuela,gleninnesexaminer.com.au,au,AU,East Asia & Pacific,OTHER,PLATFORM,0,0,0,0,0,0,0
venezuela,grantcountybeat.com,com,GLOBAL,GLOBAL,GLOBAL,PLATFORM,0,0,0,0,0,0,0
venezuela,greatlakesadvocate.com.au,au,AU,East Asia & Pacific,OTHER,PLATFORM,0,0,0,0,0,0,0
venezuela,greeleytribune.com,com,GLOBAL,GLOBAL,GLOBAL,PLATFORM,0,0,0,0,0,0,0
venezuela,gulfnews.ca,ca,CA,North America,OTHER,PLATFORM,0,0,0,0,0,0,0
venezuela,havasunews.com,com,GLOBAL,GLOBAL,GLOBAL,PLATFORM,0,0,0,0,0,0,0
venezuela,heraldbulletin.com,com,GLOBAL,GLOBAL,GLOBAL,PLATFORM,0,0,0,0,0,0,0
venezuela,hypebeast.com,com,GLOBAL,GLOBAL,GLOBAL,PLATFORM,0,0,0,0,0,0,0
venezuela,impartialreporter.com,com,GLOBAL,GLOBAL,GLOBAL,PLATFORM,0,0,0,0,0,0,0
venezuela,insidebitcoins.com,com,GLOBAL,GLOBAL,GLOBAL,PLATFORM,0,0,0,0,0,0,0
venezuela,iri.org,org,GLOBAL,GLOBAL,GLOBAL,PLATFORM,0,0,0,0,0,0,0
venezuela,irishexaminer.com,com,GLOBAL,GLOBAL,GLOBAL,PLATFORM,0,0,0,0,0,0,0
venezuela,itemlive.com,com,GLOBAL,GLOBAL,GLOBAL,PLATFORM,0,0,0,0,0,0,0
venezuela,k103.iheart.com,com,GLOBAL,GLOBAL,GLOBAL,PLATFORM,0,0,0,0,0,0,0
venezuela,kansascity.com,com,GLOBAL,GLOBAL,GLOBAL,PLATFORM,0,0,0,0,0,0,0
venezuela,katt.com,com,GLOBAL,GLOBAL,GLOBAL,PLATFORM,0,0,0,0,0,0,0
venezuela,kdlg.org,org,GLOBAL,GLOBAL,GLOBAL,PLATFORM,0,0,0,0,0,0,0
venezuela,kenyan-post.com,com,GLOBAL,GLOBAL,GLOBAL,PLATFORM,0,0,0,0,0,0,0
venezuela,kfanplus.iheart.com,com,GLOBAL,GLOBAL,GLOBAL,PLATFORM,0,0,0,0,0,0,0
venezuela,kfm.co.za,za,ZA,Sub-Saharan Africa,AFRICA,PLATFORM,0,0,0,0,0,0,0
venezuela,kfyrtv.com,com,GLOBAL,GLOBAL,GLOBAL,PLATFORM,0,0,0,0,0,0,0
venezuela,kgot.iheart.com,com,GLOBAL,GLOBAL,GLOBAL,PLATFORM,0,0,0,0,0,0,0
venezuela,kkiq.com,com,GLOBAL,GLOBAL,GLOBAL,PLATFORM,0,0,0,0,0,0,0
venezuela,kmuw.org,org,GLOBAL,GLOBAL,GLOBAL,PLATFORM,0,0,0,0,0,0,0
venezuela,kokomoperspective.com,com,GLOBAL,GLOBAL,GLOBAL,PLATFORM,0,0,0,0,0,0,0
venezuela,krrq.com,com,GLOBAL,GLOBAL,GLOBAL,PLATFORM,0,0,0,0,0,0,0
venezuela,kyuk.org,org,GLOBAL,GLOBAL,GLOBAL,PLATFORM,0,0,0,0,0,0,0
venezuela,lancashiretelegraph.co.uk,uk,GB,Europe & Central Asia,OTHER,PLATFORM,0,0,0,0,0,0,0
venezuela,lexch.com,com,GLOBAL,GLOBAL,GLOBAL,PLATFORM,0,0,0,0,0,0,0
venezuela,literock959.com,com,GLOBAL,GLOBAL,GLOBAL,PLATFORM,0,0,0,0,0,0,0
venezuela,localmatters.co.nz,nz,NZ,East Asia & Pacific,OTHER,PLATFORM,0,0,0,0,0,0,0
venezuela,mainebiz.biz,biz,GLOBAL,GLOBAL,GLOBAL,PLATFORM,0,0,0,0,0,0,0
venezuela,manningrivertimes.com.au,au,AU,East Asia & Pacific,OTHER,PLATFORM,0,0,0,0,0,0,0
venezuela,margaretrivermail.com.au,au,AU,East Asia & Pacific,OTHER,PLATFORM,0,0,0,0,0,0,0
venezuela,messenger-inquirer.com,com,GLOBAL,GLOBAL,GLOBAL,PLATFORM,0,0,0,0,0,0,0
venezuela,metro.co.uk,uk,GB,Europe & Central Asia,OTHER,PLATFORM,0,0,0,0,0,0,0
venezuela,miamidolphins.com,com,GLOBAL,GLOBAL,GLOBAL,PLATFORM,0,0,0,0,0,0,0
venezuela,movies.mxdwn.com,com,GLOBAL,GLOBAL,GLOBAL,PLATFORM,0,0,0,0,0,0,0
venezuela,mykisscountry937.com,com,GLOBAL,GLOBAL,GLOBAL,PLATFORM,0,0,0,0,0,0,0
venezuela,news.illinoisstate.edu,edu,NA,NA,OTHER,PLATFORM,0,0,0,0,0,0,0
venezuela,news4sanantonio.com,com,GLOBAL,GLOBAL,GLOBAL,PLATFORM,0,0,0,0,0,0,0
venezuela,nflmocks.com,com,GLOBAL,GLOBAL,GLOBAL,PLATFORM,0,0,0,0,0,0,0
venezuela,northcountrypublicradio.org,org,GLOBAL,GLOBAL,GLOBAL,PLATFORM,0,0,0,0,0,0,0
venezuela,northislandgazette.com,com,GLOBAL,GLOBAL,GLOBAL,PLATFORM,0,0,0,0,0,0,0
venezuela,npmjs.com,com,GLOBAL,GLOBAL,GLOBAL,PLATFORM,0,0,0,0,0,0,0
venezuela,nvi.com.au,au,AU,East Asia & Pacific,OTHER,PLATFORM,0,0,0,0,0,0,0
venezuela,obituaries.heraldbulletin.com,com,GLOBAL,GLOBAL,GLOBAL,PLATFORM,0,0,0,0,0,0,0
venezuela,oldvcr.blogspot.com,com,GLOBAL,GLOBAL,GLOBAL,PLATFORM,0,0,0,0,0,0,0
venezuela,paloaltoonline.com,com,GLOBAL,GLOBAL,GLOBAL,PLATFORM,0,0,0,0,0,0,0
venezuela,purerock96.com,com,GLOBAL,GLOBAL,GLOBAL,PLATFORM,0,0,0,0,0,0,0
venezuela,q102.iheart.com,com,GLOBAL,GLOBAL,GLOBAL,PLATFORM,0,0,0,0,0,0,0
venezuela,q1041.iheart.com,com,GLOBAL,GLOBAL,GLOBAL,PLATFORM,0,0,0,0,0,0,0
venezuela,q93fm.com,com,GLOBAL,GLOBAL,GLOBAL,PLATFORM,0,0,0,0,0,0,0
venezuela,rapidcityjournal.com,com,GLOBAL,GLOBAL,GLOBAL,PLATFORM,0,0,0,0,0,0,0
venezuela,recorderonline.com,com,GLOBAL,GLOBAL,GLOBAL,PLATFORM,0,0,0,0,0,0,0
venezuela,ricochet.com,com,GLOBAL,GLOBAL,GLOBAL,PLATFORM,0,0,0,0,0,0,0
venezuela,sail-world.com,com,GLOBAL,GLOBAL,GLOBAL,PLATFORM,0,0,0,0,0,0,0
venezuela,samaa.tv,tv,NA,NA,OTHER,PLATFORM,0,0,0,0,0,0,0
venezuela,savageandwhitten.com,com,GLOBAL,GLOBAL,GLOBAL,PLATFORM,0,0,0,0,0,0,0
venezuela,sciencealert.com,com,GLOBAL,GLOBAL,GLOBAL,PLATFORM,0,0,0,0,0,0,0
venezuela,sdjewishworld.com,com,GLOBAL,GLOBAL,GLOBAL,PLATFORM,0,0,0,0,0,0,0
venezuela,spartaindependent.com,com,GLOBAL,GLOBAL,GLOBAL,PLATFORM,0,0,0,0,0,0,0
venezuela,squatchrocks.com,com,GLOBAL,GLOBAL,GLOBAL,PLATFORM,0,0,0,0,0,0,0
venezuela,steamboatpilot.com,com,GLOBAL,GLOBAL,GLOBAL,PLATFORM,0,0,0,0,0,0,0
venezuela,stupiddope.com,com,GLOBAL,GLOBAL,GLOBAL,PLATFORM,0,0,0,0,0,0,0
venezuela,sunlive.co.nz,nz,NZ,East Asia & Pacific,OTHER,PLATFORM,0,0,0,0,0,0,0
venezuela,sunny943.com,com,GLOBAL,GLOBAL,GLOBAL,PLATFORM,0,0,0,0,0,0,0
venezuela,syracuse.com,com,GLOBAL,GLOBAL,GLOBAL,PLATFORM,0,0,0,0,0,0,0
venezuela,syrianobserver.com,com,GLOBAL,GLOBAL,GLOBAL,PLATFORM,0,0,0,0,0,0,0
venezuela,tanzanianewsreports.com,com,GLOBAL,GLOBAL,GLOBAL,PLATFORM,0,0,0,0,0,0,0
venezuela,thecomet.net,net,GLOBAL,GLOBAL,GLOBAL,PLATFORM,0,0,0,0,0,0,0
venezuela,thedailyguardian.net,net,GLOBAL,GLOBAL,GLOBAL,PLATFORM,0,0,0,0,0,0,0
venezuela,themandarin.com.au,au,AU,East Asia & Pacific,OTHER,PLATFORM,0,0,0,0,0,0,0
venezuela,thoroughbreddailynews.com,com,GLOBAL,GLOBAL,GLOBAL,PLATFORM,0,0,0,0,0,0,0
venezuela,thv11.com,com,GLOBAL,GLOBAL,GLOBAL,PLATFORM,0,0,0,0,0,0,0
venezuela,tigernet.com,com,GLOBAL,GLOBAL,GLOBAL,PLATFORM,0,0,0,0,0,0,0
venezuela,times.co.nz,nz,NZ,East Asia & Pacific,OTHER,PLATFORM,0,0,0,0,0,0,0
venezuela,timesnews.net,net,GLOBAL,GLOBAL,GLOBAL,PLATFORM,0,0,0,0,0,0,0
venezuela,triblive.com,com,GLOBAL,GLOBAL,GLOBAL,PLATFORM,0,0,0,0,0,0,0
venezuela,tvovermind.com,com,GLOBAL,GLOBAL,GLOBAL,PLATFORM,0,0,0,0,0,0,0
venezuela,ukathletics.com,com,GLOBAL,GLOBAL,GLOBAL,PLATFORM,0,0,0,0,0,0,0
venezuela,unmultimedia.org,org,GLOBAL,GLOBAL,GLOBAL,PLATFORM,0,0,0,0,0,0,0
venezuela,utep.edu,edu,NA,NA,OTHER,PLATFORM,0,0,0,0,0,0,0
venezuela,wbrc.com,com,GLOBAL,GLOBAL,GLOBAL,PLATFORM,0,0,0,0,0,0,0
venezuela,wcrz.com,com,GLOBAL,GLOBAL,GLOBAL,PLATFORM,0,0,0,0,0,0,0
venezuela,weau.com,com,GLOBAL,GLOBAL,GLOBAL,PLATFORM,0,0,0,0,0,0,0
venezuela,wehoville.com,com,GLOBAL,GLOBAL,GLOBAL,PLATFORM,0,0,0,0,0,0,0
venezuela,westernwheel.ca,ca,CA,North America,OTHER,PLATFORM,0,0,0,0,0,0,0
venezuela,winchesterstar.com,com,GLOBAL,GLOBAL,GLOBAL,PLATFORM,0,0,0,0,0,0,0
venezuela,wjbt.iheart.com,com,GLOBAL,GLOBAL,GLOBAL,PLATFORM,0,0,0,0,0,0,0
venezuela,wmrn.iheart.com,com,GLOBAL,GLOBAL,GLOBAL,PLATFORM,0,0,0,0,0,0,0
venezuela,wondradio.com,com,GLOBAL,GLOBAL,GLOBAL,PLATFORM,0,0,0,0,0,0,0
venezuela,wsau.com,com,GLOBAL,GLOBAL,GLOBAL,PLATFORM,0,0,0,0,0,0,0
venezuela,wtvq.com,com,GLOBAL,GLOBAL,GLOBAL,PLATFORM,0,0,0,0,0,0,0
venezuela,wwlp.com,com,GLOBAL,GLOBAL,GLOBAL,PLATFORM,0,0,0,0,0,0,0
venezuela,z1077.iheart.com,com,GLOBAL,GLOBAL,GLOBAL,PLATFORM,0,0,0,0,0,0,0
venezuela,zimbabwestar.com,com,GLOBAL,GLOBAL,GLOBAL,PLATFORM,0,0,0,0,0,0,0
venezuela,1029thelake.iheart.com,com,GLOBAL,GLOBAL,GLOBAL,PLATFORM,0,0,0,0,0,0,0
venezuela,1045thezone.com,com,GLOBAL,GLOBAL,GLOBAL,PLATFORM,0,0,0,0,0,0,0
venezuela,1059thex.iheart.com,com,GLOBAL,GLOBAL,GLOBAL,PLATFORM,0,0,0,0,0,0,0
venezuela,1063thebear.iheart.com,com,GLOBAL,GLOBAL,GLOBAL,PLATFORM,0,0,0,0,0,0,0
venezuela,6pr.com.au,au,AU,East Asia & Pacific,OTHER,PLATFORM,0,0,0,0,0,0,0
venezuela,945themoose.com,com,GLOBAL,GLOBAL,GLOBAL,PLATFORM,0,0,0,0,0,0,0
venezuela,955wtvy.com,com,GLOBAL,GLOBAL,GLOBAL,PLATFORM,0,0,0,0,0,0,0
venezuela,975kgkl.com,com,GLOBAL,GLOBAL,GLOBAL,PLATFORM,0,0,0,0,0,0,0
venezuela,97x.com,com,GLOBAL,GLOBAL,GLOBAL,PLATFORM,0,0,0,0,0,0,0
venezuela,987jack.com,com,GLOBAL,GLOBAL,GLOBAL,PLATFORM,0,0,0,0,0,0,0
venezuela,991kggi.iheart.com,com,GLOBAL,GLOBAL,GLOBAL,PLATFORM,0,0,0,0,0,0,0
venezuela,accessonline.com,com,GLOBAL,GLOBAL,GLOBAL,PLATFORM,0,0,0,0,0,0,0
venezuela,addictedtoquack.com,com,GLOBAL,GLOBAL,GLOBAL,PLATFORM,0,0,0,0,0,0,0
venezuela,adweek.com,com,GLOBAL,GLOBAL,GLOBAL,PLATFORM,0,0,0,0,0,0,0
venezuela,alice955.iheart.com,com,GLOBAL,GLOBAL,GLOBAL,PLATFORM,0,0,0,0,0,0,0
venezuela,allure.com,com,GLOBAL,GLOBAL,GLOBAL,PLATFORM,0,0,0,0,0,0,0
venezuela,am-online.com,com,GLOBAL,GLOBAL,GLOBAL,PLATFORM,0,0,0,0,0,0,0
venezuela,amnestyusa.org,org,GLOBAL,GLOBAL,GLOBAL,PLATFORM,0,0,0,0,0,0,0
venezuela,andina.pe,pe,NA,NA,OTHER,PLATFORM,0,0,0,0,0,0,0
venezuela,apr.org,org,GLOBAL,GLOBAL,GLOBAL,PLATFORM,0,0,0,0,0,0,0
venezuela,arktimes.com,com,GLOBAL,GLOBAL,GLOBAL,PLATFORM,0,0,0,0,0,0,0
venezuela,asiaone.com,com,GLOBAL,GLOBAL,GLOBAL,PLATFORM,0,0,0,0,0,0,0
venezuela,au.lifestyle.yahoo.com,com,GLOBAL,GLOBAL,GLOBAL,PLATFORM,0,0,0,0,0,0,0
venezuela,australianageingagenda.com.au,au,AU,East Asia & Pacific,OTHER,PLATFORM,0,0,0,0,0,0,0
venezuela,autoguide.com,com,GLOBAL,GLOBAL,GLOBAL,PLATFORM,0,0,0,0,0,0,0
venezuela,autoremarketing.com,com,GLOBAL,GLOBAL,GLOBAL,PLATFORM,0,0,0,0,0,0,0
venezuela,autoweek.com,com,GLOBAL,GLOBAL,GLOBAL,PLATFORM,0,0,0,0,0,0,0
venezuela,awesome98.com,com,GLOBAL,GLOBAL,GLOBAL,PLATFORM,0,0,0,0,0,0,0
venezuela,b975.com,com,GLOBAL,GLOBAL,GLOBAL,PLATFORM,0,0,0,0,0,0,0
venezuela,baptiststandard.com,com,GLOBAL,GLOBAL,GLOBAL,PLATFORM,0,0,0,0,0,0,0
venezuela,baysidenews.com.au,au,AU,East Asia & Pacific,OTHER,PLATFORM,0,0,0,0,0,0,0
venezuela,billingsgazette.com,com,GLOBAL,GLOBAL,GLOBAL,PLATFORM,0,0,0,0,0,0,0
venezuela,billionaire.com,com,GLOBAL,GLOBAL,GLOBAL,PLATFORM,0,0,0,0,0,0,0
venezuela,bismarcksmix.iheart.com,com,GLOBAL,GLOBAL,GLOBAL,PLATFORM,0,0,0,0,0,0,0
venezuela,bjreview.com,com,GLOBAL,GLOBAL,GLOBAL,PLATFORM,0,0,0,0,0,0,0
venezuela,bleedinggreennation.com,com,GLOBAL,GLOBAL,GLOBAL,PLATFORM,0,0,0,0,0,0,0
venezuela,bobandsheri.com,com,GLOBAL,GLOBAL,GLOBAL,PLATFORM,0,0,0,0,0,0,0
venezuela,boingboing.net,net,GLOBAL,GLOBAL,GLOBAL,PLATFORM,0,0,0,0,0,0,0
venezuela,bruneinews.net,net,GLOBAL,GLOBAL,GLOBAL,PLATFORM,0,0,0,0,0,0,0
venezuela,buchtelite.com,com,GLOBAL,GLOBAL,GLOBAL,PLATFORM,0,0,0,0,0,0,0
venezuela,buckeyecountry943.iheart.com,com,GLOBAL,GLOBAL,GLOBAL,PLATFORM,0,0,0,0,0,0,0
venezuela,californianewswire.com,com,GLOBAL,GLOBAL,GLOBAL,PLATFORM,0,0,0,0,0,0,0
venezuela,cambridgeday.com,com,GLOBAL,GLOBAL,GLOBAL,PLATFORM,0,0,0,0,0,0,0
venezuela,capradio.org,org,GLOBAL,GLOBAL,GLOBAL,PLATFORM,0,0,0,0,0,0,0
venezuela,caranddriver.com,com,GLOBAL,GLOBAL,GLOBAL,PLATFORM,0,0,0,0,0,0,0
venezuela,carbon-pulse.com,com,GLOBAL,GLOBAL,GLOBAL,PLATFORM,0,0,0,0,0,0,0
venezuela,chatelaine.com,com,GLOBAL,GLOBAL,GLOBAL,PLATFORM,0,0,0,0,0,0,0
venezuela,chinaaid.org,org,GLOBAL,GLOBAL,GLOBAL,PLATFORM,0,0,0,0,0,0,0
venezuela,chri.ca,ca,CA,North America,OTHER,PLATFORM,0,0,0,0,0,0,0
venezuela,chronicle.lu,lu,NA,NA,OTHER,PLATFORM,0,0,0,0,0,0,0
venezuela,chronofhorse.com,com,GLOBAL,GLOBAL,GLOBAL,PLATFORM,0,0,0,0,0,0,0
venezuela,ckxsfm.com,com,GLOBAL,GLOBAL,GLOBAL,PLATFORM,0,0,0,0,0,0,0
venezuela,colombiareports.com,com,GLOBAL,GLOBAL,GLOBAL,PLATFORM,0,0,0,0,0,0,0
venezuela,countytimes.co.uk,uk,GB,Europe & Central Asia,OTHER,PLATFORM,0,0,0,0,0,0,0
venezuela,crossville-chronicle.com,com,GLOBAL,GLOBAL,GLOBAL,PLATFORM,0,0,0,0,0,0,0
venezuela,dailyfreeman.com,com,GLOBAL,GLOBAL,GLOBAL,PLATFORM,0,0,0,0,0,0,0
venezuela,dailyheraldtribune.com:443,NA,NA,NA,OTHER,PLATFORM,0,0,0,0,0,0,0
venezuela,dawindycity.com,com,GLOBAL,GLOBAL,GLOBAL,PLATFORM,0,0,0,0,0,0,0
venezuela,discoverairdrie.com,com,GLOBAL,GLOBAL,GLOBAL,PLATFORM,0,0,0,0,0,0,0
venezuela,dothaneagle.com,com,GLOBAL,GLOBAL,GLOBAL,PLATFORM,0,0,0,0,0,0,0
venezuela,dualshockers.com,com,GLOBAL,GLOBAL,GLOBAL,PLATFORM,0,0,0,0,0,0,0
venezuela,duluthnewstribune.com,com,GLOBAL,GLOBAL,GLOBAL,PLATFORM,0,0,0,0,0,0,0
venezuela,dungogchronicle.com.au,au,AU,East Asia & Pacific,OTHER,PLATFORM,0,0,0,0,0,0,0
venezuela,dve.iheart.com,com,GLOBAL,GLOBAL,GLOBAL,PLATFORM,0,0,0,0,0,0,0
venezuela,economist.com,com,GLOBAL,GLOBAL,GLOBAL,PLATFORM,0,0,0,0,0,0,0
venezuela,elclasificado.com,com,GLOBAL,GLOBAL,GLOBAL,PLATFORM,0,0,0,0,0,0,0
venezuela,elliotlakestandard.ca:443,NA,NA,NA,OTHER,PLATFORM,0,0,0,0,0,0,0
venezuela,ems1.com:443,NA,NA,NA,OTHER,PLATFORM,0,0,0,0,0,0,0
venezuela,ethanolproducer.com,com,GLOBAL,GLOBAL,GLOBAL,PLATFORM,0,0,0,0,0,0,0
venezuela,fashionmagazine.com,com,GLOBAL,GLOBAL,GLOBAL,PLATFORM,0,0,0,0,0,0,0
venezuela,feedstuffs.com,com,GLOBAL,GLOBAL,GLOBAL,PLATFORM,0,0,0,0,0,0,0
venezuela,fiercewireless.com,com,GLOBAL,GLOBAL,GLOBAL,PLATFORM,0,0,0,0,0,0,0
venezuela,file770.com,com,GLOBAL,GLOBAL,GLOBAL,PLATFORM,0,0,0,0,0,0,0
venezuela,findbiometrics.com,com,GLOBAL,GLOBAL,GLOBAL,PLATFORM,0,0,0,0,0,0,0
venezuela,forexlive.com,com,GLOBAL,GLOBAL,GLOBAL,PLATFORM,0,0,0,0,0,0,0
venezuela,fortworthbusiness.com,com,GLOBAL,GLOBAL,GLOBAL,PLATFORM,0,0,0,0,0,0,0
venezuela,fox17online.com,com,GLOBAL,GLOBAL,GLOBAL,PLATFORM,0,0,0,0,0,0,0
venezuela,gameranx.com,com,GLOBAL,GLOBAL,GLOBAL,PLATFORM,0,0,0,0,0,0,0
venezuela,gazetteherald.co.uk,uk,GB,Europe & Central Asia,OTHER,PLATFORM,0,0,0,0,0,0,0
venezuela,gazetteseries.co.uk,uk,GB,Europe & Central Asia,OTHER,PLATFORM,0,0,0,0,0,0,0
venezuela,ghanafa.org,org,GLOBAL,GLOBAL,GLOBAL,PLATFORM,0,0,0,0,0,0,0
venezuela,gov.vc,vc,NA,NA,OTHER,PLATFORM,0,0,0,0,0,0,0
venezuela,grenfellrecord.com.au,au,AU,East Asia & Pacific,OTHER,PLATFORM,0,0,0,0,0,0,0
venezuela,hartenergy.com,com,GLOBAL,GLOBAL,GLOBAL,PLATFORM,0,0,0,0,0,0,0
venezuela,heraldonline.com,com,GLOBAL,GLOBAL,GLOBAL,PLATFORM,0,0,0,0,0,0,0
venezuela,heraldscotland.com,com,GLOBAL,GLOBAL,GLOBAL,PLATFORM,0,0,0,0,0,0,0
venezuela,heraldseries.co.uk,uk,GB,Europe & Central Asia,OTHER,PLATFORM,0,0,0,0,0,0,0
venezuela,horseshoeheroes.com,com,GLOBAL,GLOBAL,GLOBAL,PLATFORM,0,0,0,0,0,0,0
venezuela,hot975fm.com,com,GLOBAL,GLOBAL,GLOBAL,PLATFORM,0,0,0,0,0,0,0
venezuela,hpcwire.com,com,GLOBAL,GLOBAL,GLOBAL,PLATFORM,0,0,0,0,0,0,0
venezuela,humbernews.ca,ca,CA,North America,OTHER,PLATFORM,0,0,0,0,0,0,0
venezuela,idahopress.com,com,GLOBAL,GLOBAL,GLOBAL,PLATFORM,0,0,0,0,0,0,0
venezuela,inquirer.com,com,GLOBAL,GLOBAL,GLOBAL,PLATFORM,0,0,0,0,0,0,0
venezuela,insidehoops.com,com,GLOBAL,GLOBAL,GLOBAL,PLATFORM,0,0,0,0,0,0,0
venezuela,intomore.com,com,GLOBAL,GLOBAL,GLOBAL,PLATFORM,0,0,0,0,0,0,0
venezuela,itemonline.com,com,GLOBAL,GLOBAL,GLOBAL,PLATFORM,0,0,0,0,0,0,0
venezuela,j-14.com,com,GLOBAL,GLOBAL,GLOBAL,PLATFORM,0,0,0,0,0,0,0
venezuela,jamn945.iheart.com,com,GLOBAL,GLOBAL,GLOBAL,PLATFORM,0,0,0,0,0,0,0
venezuela,jdnews.com,com,GLOBAL,GLOBAL,GLOBAL,PLATFORM,0,0,0,0,0,0,0
venezuela,journal-advocate.com,com,GLOBAL,GLOBAL,GLOBAL,PLATFORM,0,0,0,0,0,0,0
venezuela,journalismpakistan.com,com,GLOBAL,GLOBAL,GLOBAL,PLATFORM,0,0,0,0,0,0,0
venezuela,justblogbaby.com,com,GLOBAL,GLOBAL,GLOBAL,PLATFORM,0,0,0,0,0,0,0
venezuela,kcci.com,com,GLOBAL,GLOBAL,GLOBAL,PLATFORM,0,0,0,0,0,0,0
venezuela,kdks.fm,fm,NA,NA,OTHER,PLATFORM,0,0,0,0,0,0,0
venezuela,keanradio.com,com,GLOBAL,GLOBAL,GLOBAL,PLATFORM,0,0,0,0,0,0,0
venezuela,kelownacapnews.com,com,GLOBAL,GLOBAL,GLOBAL,PLATFORM,0,0,0,0,0,0,0
venezuela,kentonline.co.uk,uk,GB,Europe & Central Asia,OTHER,PLATFORM,0,0,0,0,0,0,0
venezuela,kfan.iheart.com,com,GLOBAL,GLOBAL,GLOBAL,PLATFORM,0,0,0,0,0,0,0
venezuela,kicks1063.com,com,GLOBAL,GLOBAL,GLOBAL,PLATFORM,0,0,0,0,0,0,0
venezuela,kiss1023.iheart.com,com,GLOBAL,GLOBAL,GLOBAL,PLATFORM,0,0,0,0,0,0,0
venezuela,kitchener.ctvnews.ca,ca,CA,North America,OTHER,PLATFORM,0,0,0,0,0,0,0
venezuela,kix104.iheart.com,com,GLOBAL,GLOBAL,GLOBAL,PLATFORM,0,0,0,0,0,0,0
venezuela,klin.com,com,GLOBAL,GLOBAL,GLOBAL,PLATFORM,0,0,0,0,0,0,0
venezuela,knuj.net,net,GLOBAL,GLOBAL,GLOBAL,PLATFORM,0,0,0,0,0,0,0
venezuela,kopsource.com,com,GLOBAL,GLOBAL,GLOBAL,PLATFORM,0,0,0,0,0,0,0
venezuela,koreabizwire.com,com,GLOBAL,GLOBAL,GLOBAL,PLATFORM,0,0,0,0,0,0,0
venezuela,kosu.org,org,GLOBAL,GLOBAL,GLOBAL,PLATFORM,0,0,0,0,0,0,0
venezuela,kq2.com,com,GLOBAL,GLOBAL,GLOBAL,PLATFORM,0,0,0,0,0,0,0
venezuela,krbe.com,com,GLOBAL,GLOBAL,GLOBAL,PLATFORM,0,0,0,0,0,0,0
venezuela,ksbw.com,com,GLOBAL,GLOBAL,GLOBAL,PLATFORM,0,0,0,0,0,0,0
venezuela,ksby.com,com,GLOBAL,GLOBAL,GLOBAL,PLATFORM,0,0,0,0,0,0,0
venezuela,ktnv.com,com,GLOBAL,GLOBAL,GLOBAL,PLATFORM,0,0,0,0,0,0,0
venezuela,kuzz.com,com,GLOBAL,GLOBAL,GLOBAL,PLATFORM,0,0,0,0,0,0,0
venezuela,kwcdcountry.com,com,GLOBAL,GLOBAL,GLOBAL,PLATFORM,0,0,0,0,0,0,0
venezuela,kwsn.com,com,GLOBAL,GLOBAL,GLOBAL,PLATFORM,0,0,0,0,0,0,0
venezuela,kzbb.iheart.com,com,GLOBAL,GLOBAL,GLOBAL,PLATFORM,0,0,0,0,0,0,0
venezuela,la.eater.com,com,GLOBAL,GLOBAL,GLOBAL,PLATFORM,0,0,0,0,0,0,0
venezuela,labnews.co.uk,uk,GB,Europe & Central Asia,OTHER,PLATFORM,0,0,0,0,0,0,0
venezuela,lakecowichangazette.com,com,GLOBAL,GLOBAL,GLOBAL,PLATFORM,0,0,0,0,0,0,0
venezuela,latina.com,com,GLOBAL,GLOBAL,GLOBAL,PLATFORM,0,0,0,0,0,0,0
venezuela,latintimes.com,com,GLOBAL,GLOBAL,GLOBAL,PLATFORM,0,0,0,0,0,0,0
venezuela,lgfocus.com.au,au,AU,East Asia & Pacific,OTHER,PLATFORM,0,0,0,0,0,0,0
venezuela,lionsroarnews.com,com,GLOBAL,GLOBAL,GLOBAL,PLATFORM,0,0,0,0,0,0,0
venezuela,live5news.com,com,GLOBAL,GLOBAL,GLOBAL,PLATFORM,0,0,0,0,0,0,0
venezuela,mediaforfreedom.com,com,GLOBAL,GLOBAL,GLOBAL,PLATFORM,0,0,0,0,0,0,0
venezuela,mexicostar.com,com,GLOBAL,GLOBAL,GLOBAL,PLATFORM,0,0,0,0,0,0,0
venezuela,military.com,com,GLOBAL,GLOBAL,GLOBAL,PLATFORM,0,0,0,0,0,0,0
venezuela,mining-journal.com,com,GLOBAL,GLOBAL,GLOBAL,PLATFORM,0,0,0,0,0,0,0
venezuela,minnlawyer.com,com,GLOBAL,GLOBAL,GLOBAL,PLATFORM,0,0,0,0,0,0,0
venezuela,mix1077.iheart.com,com,GLOBAL,GLOBAL,GLOBAL,PLATFORM,0,0,0,0,0,0,0
venezuela,mojo1029.com,com,GLOBAL,GLOBAL,GLOBAL,PLATFORM,0,0,0,0,0,0,0
venezuela,morganhilltimes.com,com,GLOBAL,GLOBAL,GLOBAL,PLATFORM,0,0,0,0,0,0,0
venezuela,mtstandard.com,com,GLOBAL,GLOBAL,GLOBAL,PLATFORM,0,0,0,0,0,0,0
venezuela,myhits106.com,com,GLOBAL,GLOBAL,GLOBAL,PLATFORM,0,0,0,0,0,0,0
venezuela,nasa.gov,gov,NA,NA,OTHER,PLATFORM,0,0,0,1,0,0,1
venezuela,nashfm1025.com,com,GLOBAL,GLOBAL,GLOBAL,PLATFORM,0,0,0,0,0,0,0
venezuela,nationalhogfarmer.com,com,GLOBAL,GLOBAL,GLOBAL,PLATFORM,0,0,0,0,0,0,0
venezuela,nbc11news.com,com,GLOBAL,GLOBAL,GLOBAL,PLATFORM,0,0,0,0,0,0,0
venezuela,nbcmontana.com,com,GLOBAL,GLOBAL,GLOBAL,PLATFORM,0,0,0,0,0,0,0
venezuela,nbcsvg.com,com,GLOBAL,GLOBAL,GLOBAL,PLATFORM,0,0,0,0,0,0,0
venezuela,newstalkkgvo.com,com,GLOBAL,GLOBAL,GLOBAL,PLATFORM,0,0,0,0,0,0,0
venezuela,noise11.com,com,GLOBAL,GLOBAL,GLOBAL,PLATFORM,0,0,0,0,0,0,0
venezuela,northwestmoinfo.com,com,GLOBAL,GLOBAL,GLOBAL,PLATFORM,0,0,0,0,0,0,0
venezuela,novinite.com,com,GLOBAL,GLOBAL,GLOBAL,PLATFORM,0,0,0,0,0,0,0
venezuela,nripress.com,com,GLOBAL,GLOBAL,GLOBAL,PLATFORM,0,0,0,0,0,0,0
venezuela,nwnewsnetwork.org,org,GLOBAL,GLOBAL,GLOBAL,PLATFORM,0,0,0,0,0,0,0
venezuela,obituaries.corsicanadailysun.com,com,GLOBAL,GLOBAL,GLOBAL,PLATFORM,0,0,0,0,0,0,0
venezuela,obituaries.itemonline.com,com,GLOBAL,GLOBAL,GLOBAL,PLATFORM,0,0,0,0,0,0,0
venezuela,obituaries.ncnewsonline.com,com,GLOBAL,GLOBAL,GLOBAL,PLATFORM,0,0,0,0,0,0,0
venezuela,observer-reporter.com,com,GLOBAL,GLOBAL,GLOBAL,PLATFORM,0,0,0,0,0,0,0
venezuela,odnako.org,org,GLOBAL,GLOBAL,GLOBAL,PLATFORM,0,0,0,0,0,0,0
venezuela,odt.co.nz,nz,NZ,East Asia & Pacific,OTHER,PLATFORM,0,0,0,0,0,0,0
venezuela,paherald.sk.ca,ca,CA,North America,OTHER,PLATFORM,0,0,0,0,0,0,0
venezuela,polity.org.za,za,ZA,Sub-Saharan Africa,AFRICA,PLATFORM,0,0,0,0,0,0,0
venezuela,polygon.com,com,GLOBAL,GLOBAL,GLOBAL,PLATFORM,0,0,0,0,0,0,0
venezuela,pridesource.com,com,GLOBAL,GLOBAL,GLOBAL,PLATFORM,0,0,0,0,0,0,0
venezuela,proactiveinvestors.com,com,GLOBAL,GLOBAL,GLOBAL,PLATFORM,0,0,0,0,0,0,0
venezuela,q1043.iheart.com,com,GLOBAL,GLOBAL,GLOBAL,PLATFORM,0,0,0,0,0,0,0
venezuela,qconline.com,com,GLOBAL,GLOBAL,GLOBAL,PLATFORM,0,0,0,0,0,0,0
venezuela,rappler.com,com,GLOBAL,GLOBAL,GLOBAL,PLATFORM,0,0,0,0,0,0,0
venezuela,realgeni.com,com,GLOBAL,GLOBAL,GLOBAL,PLATFORM,0,0,0,0,0,0,0
venezuela,rigzone.com,com,GLOBAL,GLOBAL,GLOBAL,PLATFORM,0,0,0,0,0,0,0
venezuela,rsuradio.com,com,GLOBAL,GLOBAL,GLOBAL,PLATFORM,0,0,0,0,0,0,0
venezuela,runthetrap.com,com,GLOBAL,GLOBAL,GLOBAL,PLATFORM,0,0,0,0,0,0,0
venezuela,salinapost.com,com,GLOBAL,GLOBAL,GLOBAL,PLATFORM,0,0,0,0,0,0,0
venezuela,sanangelolive.com,com,GLOBAL,GLOBAL,GLOBAL,PLATFORM,0,0,0,0,0,0,0
venezuela,sanjuanjournal.com,com,GLOBAL,GLOBAL,GLOBAL,PLATFORM,0,0,0,0,0,0,0
venezuela,sg.style.yahoo.com,com,GLOBAL,GLOBAL,GLOBAL,PLATFORM,0,0,0,0,0,0,0
venezuela,slashfilm.com,com,GLOBAL,GLOBAL,GLOBAL,PLATFORM,0,0,0,0,0,0,0
venezuela,solomonstarnews.com,com,GLOBAL,GLOBAL,GLOBAL,PLATFORM,0,0,0,0,0,0,0
venezuela,south.maine207.org,org,GLOBAL,GLOBAL,GLOBAL,PLATFORM,0,0,0,0,0,0,0
venezuela,southernhighlandnews.com.au,au,AU,East Asia & Pacific,OTHER,PLATFORM,0,0,0,0,0,0,0
venezuela,starherald.com,com,GLOBAL,GLOBAL,GLOBAL,PLATFORM,0,0,0,0,0,0,0
venezuela,statesboroherald.com,com,GLOBAL,GLOBAL,GLOBAL,PLATFORM,0,0,0,0,0,0,0
venezuela,stopthedrugwar.org,org,GLOBAL,GLOBAL,GLOBAL,PLATFORM,0,0,0,0,0,0,0
venezuela,stwnewspress.com,com,GLOBAL,GLOBAL,GLOBAL,PLATFORM,0,0,0,0,0,0,0
venezuela,stylecaster.com,com,GLOBAL,GLOBAL,GLOBAL,PLATFORM,0,0,0,0,0,0,0
venezuela,syfy.com,com,GLOBAL,GLOBAL,GLOBAL,PLATFORM,0,0,0,0,0,0,0
venezuela,tap.info.tn,tn,NA,NA,OTHER,PLATFORM,0,0,0,0,0,0,0
venezuela,tech.hindustantimes.com,com,GLOBAL,GLOBAL,GLOBAL,PLATFORM,0,0,0,0,0,0,0
venezuela,techcrunch.com,com,GLOBAL,GLOBAL,GLOBAL,PLATFORM,0,0,0,0,0,0,0
venezuela,tennesseedaily.com,com,GLOBAL,GLOBAL,GLOBAL,PLATFORM,0,0,0,0,0,0,0
venezuela,thebig98.iheart.com,com,GLOBAL,GLOBAL,GLOBAL,PLATFORM,0,0,0,0,0,0,0
venezuela,thebulltulsa.com,com,GLOBAL,GLOBAL,GLOBAL,PLATFORM,0,0,0,0,0,0,0
venezuela,thecitizen.com,com,GLOBAL,GLOBAL,GLOBAL,PLATFORM,0,0,0,0,0,0,0
venezuela,thedailyreview.com,com,GLOBAL,GLOBAL,GLOBAL,PLATFORM,0,0,0,0,0,0,0
venezuela,thegrio.com,com,GLOBAL,GLOBAL,GLOBAL,PLATFORM,0,0,0,0,0,0,0
venezuela,thelansingjournal.com,com,GLOBAL,GLOBAL,GLOBAL,PLATFORM,0,0,0,0,0,0,0
venezuela,themusic.com.au,au,AU,East Asia & Pacific,OTHER,PLATFORM,0,0,0,0,0,0,0
venezuela,thesourcefm.co.uk,uk,GB,Europe & Central Asia,OTHER,PLATFORM,0,0,0,0,0,0,0
venezuela,thetimesnews.com,com,GLOBAL,GLOBAL,GLOBAL,PLATFORM,0,0,0,0,0,0,0
venezuela,thisisoxfordshire.co.uk,uk,GB,Europe & Central Asia,OTHER,PLATFORM,0,0,0,0,0,0,0
venezuela,timesdaily.com,com,GLOBAL,GLOBAL,GLOBAL,PLATFORM,0,0,0,0,0,0,0
venezuela,timesnewspapers.com,com,GLOBAL,GLOBAL,GLOBAL,PLATFORM,0,0,0,0,0,0,0
venezuela,toffeeweb.com,com,GLOBAL,GLOBAL,GLOBAL,PLATFORM,0,0,0,0,0,0,0
venezuela,tomsguide.com,com,GLOBAL,GLOBAL,GLOBAL,PLATFORM,0,0,0,0,0,0,0
venezuela,torontotelegraph.com,com,GLOBAL,GLOBAL,GLOBAL,PLATFORM,0,0,0,0,0,0,0
venezuela,travelweekly.com.au,au,AU,East Asia & Pacific,OTHER,PLATFORM,0,0,0,0,0,0,0
venezuela,tribune.net.ph,ph,NA,NA,OTHER,PLATFORM,0,0,0,0,0,0,0
venezuela,tribuneindia.com,com,GLOBAL,GLOBAL,GLOBAL,PLATFORM,0,0,0,0,0,0,0
venezuela,tucson.com,com,GLOBAL,GLOBAL,GLOBAL,PLATFORM,0,0,0,0,0,0,0
venezuela,twinsdaily.com,com,GLOBAL,GLOBAL,GLOBAL,PLATFORM,0,0,0,0,0,0,0
venezuela,unhcr.org,org,GLOBAL,GLOBAL,GLOBAL,PLATFORM,0,0,0,0,0,0,0
venezuela,us.cnn.com,com,GLOBAL,GLOBAL,GLOBAL,PLATFORM,0,0,0,0,0,0,0
venezuela,vanguardngr.com,com,GLOBAL,GLOBAL,GLOBAL,PLATFORM,0,0,0,0,0,0,0
venezuela,vice.com,com,GLOBAL,GLOBAL,GLOBAL,PLATFORM,0,0,0,0,0,0,0
venezuela,vicnews.com,com,GLOBAL,GLOBAL,GLOBAL,PLATFORM,0,0,0,0,0,0,0
venezuela,vulture.com,com,GLOBAL,GLOBAL,GLOBAL,PLATFORM,0,0,0,0,0,0,0
venezuela,washingtoninstitute.org,org,GLOBAL,GLOBAL,GLOBAL,PLATFORM,0,0,0,0,0,0,0
venezuela,wccq.com,com,GLOBAL,GLOBAL,GLOBAL,PLATFORM,0,0,0,0,0,0,0
venezuela,wdel.com,com,GLOBAL,GLOBAL,GLOBAL,PLATFORM,0,0,0,0,0,0,0
venezuela,wdrb.com,com,GLOBAL,GLOBAL,GLOBAL,PLATFORM,0,0,0,0,0,0,0
venezuela,westfaironline.com,com,GLOBAL,GLOBAL,GLOBAL,PLATFORM,0,0,0,0,0,0,0
venezuela,whio.com,com,GLOBAL,GLOBAL,GLOBAL,PLATFORM,0,0,0,0,0,0,0
venezuela,whittierdailynews.com,com,GLOBAL,GLOBAL,GLOBAL,PLATFORM,0,0,0,0,0,0,0
venezuela,wiltsglosstandard.co.uk,uk,GB,Europe & Central Asia,OTHER,PLATFORM,0,0,0,0,0,0,0
venezuela,wiod.iheart.com,com,GLOBAL,GLOBAL,GLOBAL,PLATFORM,0,0,0,0,0,0,0
venezuela,wiu.edu,edu,NA,NA,OTHER,PLATFORM,0,0,0,0,0,0,0
venezuela,wjbq.com,com,GLOBAL,GLOBAL,GLOBAL,PLATFORM,0,0,0,0,0,0,0
venezuela,wjlbdetroit.iheart.com,com,GLOBAL,GLOBAL,GLOBAL,PLATFORM,0,0,0,0,0,0,0
venezuela,wlrn.org,org,GLOBAL,GLOBAL,GLOBAL,PLATFORM,0,0,0,0,0,0,0
venezuela,wnci.iheart.com,com,GLOBAL,GLOBAL,GLOBAL,PLATFORM,0,0,0,0,0,0,0
venezuela,wnep.com,com,GLOBAL,GLOBAL,GLOBAL,PLATFORM,0,0,0,0,0,0,0
venezuela,woai.iheart.com,com,GLOBAL,GLOBAL,GLOBAL,PLATFORM,0,0,0,0,0,0,0
venezuela,wrwdcountry.iheart.com,com,GLOBAL,GLOBAL,GLOBAL,PLATFORM,0,0,0,0,0,0,0
venezuela,wshu.org,org,GLOBAL,GLOBAL,GLOBAL,PLATFORM,0,0,0,0,0,0,0
venezuela,wthitv.com,com,GLOBAL,GLOBAL,GLOBAL,PLATFORM,0,0,0,0,0,0,0
venezuela,wtug.com,com,GLOBAL,GLOBAL,GLOBAL,PLATFORM,0,0,0,0,0,0,0
venezuela,www2.fundsforngos.org,org,GLOBAL,GLOBAL,GLOBAL,PLATFORM,0,0,0,0,0,0,0
venezuela,y94.com,com,GLOBAL,GLOBAL,GLOBAL,PLATFORM,0,0,0,0,0,0,0
venezuela,z100missoula.com,com,GLOBAL,GLOBAL,GLOBAL,PLATFORM,0,0,0,0,0,0,0
venezuela,1015thehawk.com,com,GLOBAL,GLOBAL,GLOBAL,PLATFORM,0,0,0,0,0,0,0
venezuela,103gbfrocks.com,com,GLOBAL,GLOBAL,GLOBAL,PLATFORM,0,0,0,0,0,0,0
venezuela,afloat.ie,ie,NA,NA,OTHER,PLATFORM,0,0,0,0,0,0,0
venezuela,africa.chinadaily.com.cn,cn,CN,East Asia & Pacific,OTHER,PLATFORM,0,0,0,0,0,0,0
venezuela,akihabaranews.com,com,GLOBAL,GLOBAL,GLOBAL,PLATFORM,0,0,0,0,0,0,0
venezuela,androidcentral.com,com,GLOBAL,GLOBAL,GLOBAL,PLATFORM,0,0,0,0,0,0,0
venezuela,animenewsnetwork.com,com,GLOBAL,GLOBAL,GLOBAL,PLATFORM,0,0,0,0,0,0,0
venezuela,ansa.it,it,IT,Europe & Central Asia,OTHER,PLATFORM,0,0,0,0,0,0,0
venezuela,asianimage.co.uk,uk,GB,Europe & Central Asia,OTHER,PLATFORM,0,0,0,0,0,0,0
venezuela,atlantablackstar.com,com,GLOBAL,GLOBAL,GLOBAL,PLATFORM,0,0,0,0,0,0,0
venezuela,badgerofhonor.com,com,GLOBAL,GLOBAL,GLOBAL,PLATFORM,0,0,0,0,0,0,0
venezuela,barrie.ctvnews.ca,ca,CA,North America,OTHER,PLATFORM,0,0,0,0,0,0,0
venezuela,bartlesvilleradio.com,com,GLOBAL,GLOBAL,GLOBAL,PLATFORM,0,0,0,0,0,0,0
venezuela,bbc.com,com,GLOBAL,GLOBAL,GLOBAL,PLATFORM,0,0,0,0,0,0,0
venezuela,bcmag.ca,ca,CA,North America,OTHER,PLATFORM,0,0,0,0,0,0,0
venezuela,bengals.com,com,GLOBAL,GLOBAL,GLOBAL,PLATFORM,0,0,0,0,0,0,0
venezuela,borehamwoodtimes.co.uk,uk,GB,Europe & Central Asia,OTHER,PLATFORM,0,0,0,0,0,0,0
venezuela,brandonsun.com,com,GLOBAL,GLOBAL,GLOBAL,PLATFORM,0,0,0,0,0,0,0
venezuela,bransontrilakesnews.com,com,GLOBAL,GLOBAL,GLOBAL,PLATFORM,0,0,0,0,0,0,0
venezuela,briefingwire.com,com,GLOBAL,GLOBAL,GLOBAL,PLATFORM,0,0,0,0,0,0,0
venezuela,bubblear.com,com,GLOBAL,GLOBAL,GLOBAL,PLATFORM,0,0,0,0,0,0,0
venezuela,buffalonews.com,com,GLOBAL,GLOBAL,GLOBAL,PLATFORM,0,0,0,0,0,0,0
venezuela,businessnorth.com,com,GLOBAL,GLOBAL,GLOBAL,PLATFORM,0,0,0,0,0,0,0
venezuela,businesstraveller.com,com,GLOBAL,GLOBAL,GLOBAL,PLATFORM,0,0,0,0,0,0,0
venezuela,canadafreepress.com,com,GLOBAL,GLOBAL,GLOBAL,PLATFORM,0,0,0,0,0,0,0
venezuela,catholicnewsagency.com,com,GLOBAL,GLOBAL,GLOBAL,PLATFORM,0,0,0,0,0,0,0
venezuela,cdapress.com,com,GLOBAL,GLOBAL,GLOBAL,PLATFORM,0,0,0,0,0,0,0
venezuela,celebdirtylaundry.com,com,GLOBAL,GLOBAL,GLOBAL,PLATFORM,0,0,0,0,0,0,0
venezuela,cltampa.com,com,GLOBAL,GLOBAL,GLOBAL,PLATFORM,0,0,0,0,0,0,0
venezuela,cruxnow.com,com,GLOBAL,GLOBAL,GLOBAL,PLATFORM,0,0,0,0,0,0,0
venezuela,dunfermlinepress.com,com,GLOBAL,GLOBAL,GLOBAL,PLATFORM,0,0,0,0,0,0,0
venezuela,earthquakenewstoday.com,com,GLOBAL,GLOBAL,GLOBAL,PLATFORM,0,0,0,0,0,0,0
venezuela,eham.net,net,GLOBAL,GLOBAL,GLOBAL,PLATFORM,0,0,0,0,0,0,0
venezuela,etftrends.com,com,GLOBAL,GLOBAL,GLOBAL,PLATFORM,0,0,0,0,0,0,0
venezuela,fnarena.com,com,GLOBAL,GLOBAL,GLOBAL,PLATFORM,0,0,0,0,0,0,0
venezuela,giornaledibrescia.it,it,IT,Europe & Central Asia,OTHER,PLATFORM,0,0,0,0,0,0,0
venezuela,greensboro.com,com,GLOBAL,GLOBAL,GLOBAL,PLATFORM,0,0,0,0,0,0,0
venezuela,gridleyherald.com,com,GLOBAL,GLOBAL,GLOBAL,PLATFORM,0,0,0,0,0,0,0
venezuela,houstontexans.com,com,GLOBAL,GLOBAL,GLOBAL,PLATFORM,0,0,0,0,0,0,0
venezuela,hpherald.com,com,GLOBAL,GLOBAL,GLOBAL,PLATFORM,0,0,0,0,0,0,0
venezuela,investing.com,com,GLOBAL,GLOBAL,GLOBAL,PLATFORM,0,0,0,0,0,0,0
venezuela,ipswichstar.co.uk,uk,GB,Europe & Central Asia,OTHER,PLATFORM,0,0,0,0,0,0,0
venezuela,jamn1075.iheart.com,com,GLOBAL,GLOBAL,GLOBAL,PLATFORM,0,0,0,0,0,0,0
venezuela,jewishpress.com,com,GLOBAL,GLOBAL,GLOBAL,PLATFORM,0,0,0,0,0,0,0
venezuela,jonathanturley.org,org,GLOBAL,GLOBAL,GLOBAL,PLATFORM,0,0,0,0,0,0,0
venezuela,journal-news.com,com,GLOBAL,GLOBAL,GLOBAL,PLATFORM,0,0,0,0,0,0,0
venezuela,kboo.fm,fm,NA,NA,OTHER,PLATFORM,0,0,0,0,0,0,0
venezuela,keyj.com,com,GLOBAL,GLOBAL,GLOBAL,PLATFORM,0,0,0,0,0,0,0
venezuela,kicnews.org,org,GLOBAL,GLOBAL,GLOBAL,PLATFORM,0,0,0,0,0,0,0
venezuela,kkoh.com,com,GLOBAL,GLOBAL,GLOBAL,PLATFORM,0,0,0,0,0,0,0
venezuela,klewtv.com,com,GLOBAL,GLOBAL,GLOBAL,PLATFORM,0,0,0,0,0,0,0
venezuela,kmaland.com,com,GLOBAL,GLOBAL,GLOBAL,PLATFORM,0,0,0,0,0,0,0
venezuela,kmjnow.com,com,GLOBAL,GLOBAL,GLOBAL,PLATFORM,0,0,0,0,0,0,0
venezuela,krforadio.com,com,GLOBAL,GLOBAL,GLOBAL,PLATFORM,0,0,0,0,0,0,0
venezuela,kugn.com,com,GLOBAL,GLOBAL,GLOBAL,PLATFORM,0,0,0,0,0,0,0
venezuela,leighjournal.co.uk,uk,GB,Europe & Central Asia,OTHER,PLATFORM,0,0,0,0,0,0,0
venezuela,leinsterexpress.ie,ie,NA,NA,OTHER,PLATFORM,0,0,0,0,0,0,0
venezuela,marketrealist.com,com,GLOBAL,GLOBAL,GLOBAL,PLATFORM,0,0,0,0,0,0,0
venezuela,messengernewspapers.co.uk,uk,GB,Europe & Central Asia,OTHER,PLATFORM,0,0,0,0,0,0,0
venezuela,mix965tulsa.com,com,GLOBAL,GLOBAL,GLOBAL,PLATFORM,0,0,0,0,0,0,0
venezuela,moldpres.md,md,NA,NA,OTHER,PLATFORM,0,0,0,0,0,0,0
venezuela,muswellbrookchronicle.com.au,au,AU,East Asia & Pacific,OTHER,PLATFORM,0,0,0,0,0,0,0
venezuela,nbc24.com,com,GLOBAL,GLOBAL,GLOBAL,PLATFORM,0,0,0,0,0,0,0
venezuela,ncr-iran.org,org,GLOBAL,GLOBAL,GLOBAL,PLATFORM,0,0,0,0,0,0,0
venezuela,news.crossmap.com,com,GLOBAL,GLOBAL,GLOBAL,PLATFORM,0,0,0,0,0,0,0
venezuela,newscentermaine.com,com,GLOBAL,GLOBAL,GLOBAL,PLATFORM,0,0,0,0,0,0,0
venezuela,newsday.co.zw,zw,NA,NA,OTHER,PLATFORM,0,0,0,0,0,0,0
venezuela,newsletter.co.uk,uk,GB,Europe & Central Asia,OTHER,PLATFORM,0,0,0,0,0,0,0
venezuela,oilonwhyte.com,com,GLOBAL,GLOBAL,GLOBAL,PLATFORM,0,0,0,0,0,0,0
venezuela,opednews.com,com,GLOBAL,GLOBAL,GLOBAL,PLATFORM,0,0,0,0,0,0,0
venezuela,openpr.com,com,GLOBAL,GLOBAL,GLOBAL,PLATFORM,0,0,0,0,0,0,0
venezuela,philippinetimes.com,com,GLOBAL,GLOBAL,GLOBAL,PLATFORM,0,0,0,0,0,0,0
venezuela,plenglish.com,com,GLOBAL,GLOBAL,GLOBAL,PLATFORM,0,0,0,0,0,0,0
venezuela,portal.rivals.com,com,GLOBAL,GLOBAL,GLOBAL,PLATFORM,0,0,0,0,0,0,0
venezuela,qatar-tribune.com,com,GLOBAL,GLOBAL,GLOBAL,PLATFORM,0,0,0,0,0,0,0
venezuela,radioiowa.com,com,GLOBAL,GLOBAL,GLOBAL,PLATFORM,0,0,0,0,0,0,0
venezuela,raiders.com,com,GLOBAL,GLOBAL,GLOBAL,PLATFORM,0,0,0,0,0,0,0
venezuela,rep-am.com,com,GLOBAL,GLOBAL,GLOBAL,PLATFORM,0,0,0,0,0,0,0
venezuela,rexburgstandardjournal.com,com,GLOBAL,GLOBAL,GLOBAL,PLATFORM,0,0,0,0,0,0,0
venezuela,royalgazette.com,com,GLOBAL,GLOBAL,GLOBAL,PLATFORM,0,0,0,0,0,0,0
venezuela,russianradio7.com,com,GLOBAL,GLOBAL,GLOBAL,PLATFORM,0,0,0,0,0,0,0
venezuela,si.com,com,GLOBAL,GLOBAL,GLOBAL,PLATFORM,0,0,0,0,0,0,0
venezuela,smnewsnet.com,com,GLOBAL,GLOBAL,GLOBAL,PLATFORM,0,0,0,0,0,0,0
venezuela,sprucegroveexaminer.com:443,NA,NA,NA,OTHER,PLATFORM,0,0,0,0,0,0,0
venezuela,steelerswire.usatoday.com,com,GLOBAL,GLOBAL,GLOBAL,PLATFORM,0,0,0,0,0,0,0
venezuela,theboar.org,org,GLOBAL,GLOBAL,GLOBAL,PLATFORM,0,0,0,0,0,0,0
venezuela,theislamicmonthly.com,com,GLOBAL,GLOBAL,GLOBAL,PLATFORM,0,0,0,0,0,0,0
venezuela,themarysue.com,com,GLOBAL,GLOBAL,GLOBAL,PLATFORM,0,0,0,0,0,0,0
venezuela,tvline.com,com,GLOBAL,GLOBAL,GLOBAL,PLATFORM,0,0,0,0,0,0,0
venezuela,ummid.com,com,GLOBAL,GLOBAL,GLOBAL,PLATFORM,0,0,0,0,0,0,0
venezuela,utne.com,com,GLOBAL,GLOBAL,GLOBAL,PLATFORM,0,0,0,0,0,0,0
venezuela,uzmanpara.milliyet.com.tr,tr,TR,Europe & Central Asia,OTHER,PLATFORM,0,0,0,0,0,0,0
venezuela,voaafrique.com,com,GLOBAL,GLOBAL,GLOBAL,PLATFORM,0,0,0,0,0,0,0
venezuela,volcanoes.usgs.gov,gov,NA,NA,OTHER,PLATFORM,0,0,0,1,0,0,1
venezuela,wabi.tv,tv,NA,NA,OTHER,PLATFORM,0,0,0,0,0,0,0
venezuela,wallaceburgcourierpress.com:443,NA,NA,NA,OTHER,PLATFORM,0,0,0,0,0,0,0
venezuela,wallstreetpit.com,com,GLOBAL,GLOBAL,GLOBAL,PLATFORM,0,0,0,0,0,0,0
venezuela,wcbe.org,org,GLOBAL,GLOBAL,GLOBAL,PLATFORM,0,0,0,0,0,0,0
venezuela,westword.com,com,GLOBAL,GLOBAL,GLOBAL,PLATFORM,0,0,0,0,0,0,0
venezuela,wfnc640am.com,com,GLOBAL,GLOBAL,GLOBAL,PLATFORM,0,0,0,0,0,0,0
venezuela,whdh.com,com,GLOBAL,GLOBAL,GLOBAL,PLATFORM,0,0,0,0,0,0,0
venezuela,wild941.com,com,GLOBAL,GLOBAL,GLOBAL,PLATFORM,0,0,0,0,0,0,0
venezuela,wjtn.com,com,GLOBAL,GLOBAL,GLOBAL,PLATFORM,0,0,0,0,0,0,0
venezuela,worthynews.com,com,GLOBAL,GLOBAL,GLOBAL,PLATFORM,0,0,0,0,0,0,0
venezuela,wpdh.com,com,GLOBAL,GLOBAL,GLOBAL,PLATFORM,0,0,0,0,0,0,0
venezuela,wsfa.com,com,GLOBAL,GLOBAL,GLOBAL,PLATFORM,0,0,0,0,0,0,0
venezuela,wtap.com,com,GLOBAL,GLOBAL,GLOBAL,PLATFORM,0,0,0,0,0,0,0
venezuela,wtmj.com,com,GLOBAL,GLOBAL,GLOBAL,PLATFORM,0,0,0,0,0,0,0
venezuela,yardbarker.com,com,GLOBAL,GLOBAL,GLOBAL,PLATFORM,0,0,0,0,0,0,0
venezuela,1035thebeat.iheart.com,com,GLOBAL,GLOBAL,GLOBAL,PLATFORM,0,0,0,0,0,0,0
venezuela,1055thebeat.iheart.com,com,GLOBAL,GLOBAL,GLOBAL,PLATFORM,0,0,0,0,0,0,0
venezuela,1230thegambler.iheart.com,com,GLOBAL,GLOBAL,GLOBAL,PLATFORM,0,0,0,0,0,0,0
venezuela,12news.com,com,GLOBAL,GLOBAL,GLOBAL,PLATFORM,0,0,0,0,0,0,0
venezuela,13wham.com,com,GLOBAL,GLOBAL,GLOBAL,PLATFORM,0,0,0,0,0,0,0
venezuela,969thegame.iheart.com,com,GLOBAL,GLOBAL,GLOBAL,PLATFORM,0,0,0,0,0,0,0
venezuela,abc-7.com,com,GLOBAL,GLOBAL,GLOBAL,PLATFORM,0,0,0,0,0,0,0
venezuela,afriquesenlutte.org,org,GLOBAL,GLOBAL,GLOBAL,PLATFORM,0,0,0,0,0,0,0
venezuela,aninews.in,in,IN,South Asia,OTHER,PLATFORM,0,0,0,0,0,0,0
venezuela,bedfordgazette.com,com,GLOBAL,GLOBAL,GLOBAL,PLATFORM,0,0,0,0,0,0,0
venezuela,bollywoodhungama.com,com,GLOBAL,GLOBAL,GLOBAL,PLATFORM,0,0,0,0,0,0,0
venezuela,boredpanda.com,com,GLOBAL,GLOBAL,GLOBAL,PLATFORM,0,0,0,0,0,0,0
venezuela,businessmirror.com.ph,ph,NA,NA,OTHER,PLATFORM,0,0,0,0,0,0,0
venezuela,cbs4local.com,com,GLOBAL,GLOBAL,GLOBAL,PLATFORM,0,0,0,0,0,0,0
venezuela,chathamthisweek.com:443,NA,NA,NA,OTHER,PLATFORM,0,0,0,0,0,0,0
venezuela,dailyadvertiser.com.au,au,AU,East Asia & Pacific,OTHER,PLATFORM,0,0,0,0,0,0,0
venezuela,dailyecho.co.uk,uk,GB,Europe & Central Asia,OTHER,PLATFORM,0,0,0,0,0,0,0
venezuela,dailyhodl.com,com,GLOBAL,GLOBAL,GLOBAL,PLATFORM,0,0,0,0,0,0,0
venezuela,en.trend.az,az,NA,NA,OTHER,PLATFORM,0,0,0,0,0,0,0
venezuela,europe.chinadaily.com.cn,cn,CN,East Asia & Pacific,OTHER,PLATFORM,0,0,0,0,0,0,0
venezuela,farmersjournal.ie,ie,NA,NA,OTHER,PLATFORM,0,0,0,0,0,0,0
venezuela,fifetoday.co.uk,uk,GB,Europe & Central Asia,OTHER,PLATFORM,0,0,0,0,0,0,0
venezuela,finchannel.com,com,GLOBAL,GLOBAL,GLOBAL,PLATFORM,0,0,0,0,0,0,0
venezuela,firstalert4.com,com,GLOBAL,GLOBAL,GLOBAL,PLATFORM,0,0,0,0,0,0,0
venezuela,galvnews.com,com,GLOBAL,GLOBAL,GLOBAL,PLATFORM,0,0,0,0,0,0,0
venezuela,geo.tv,tv,NA,NA,OTHER,PLATFORM,0,0,0,0,0,0,0
venezuela,getsurrey.co.uk,uk,GB,Europe & Central Asia,OTHER,PLATFORM,0,0,0,0,0,0,0
venezuela,gloucestershirelive.co.uk,uk,GB,Europe & Central Asia,OTHER,PLATFORM,0,0,0,0,0,0,0
venezuela,goulburnpost.com.au,au,AU,East Asia & Pacific,OTHER,PLATFORM,0,0,0,0,0,0,0
venezuela,hepburnadvocate.com.au,au,AU,East Asia & Pacific,OTHER,PLATFORM,0,0,0,0,0,0,0
venezuela,himtimes.com,com,GLOBAL,GLOBAL,GLOBAL,PLATFORM,0,0,0,0,0,0,0
venezuela,interlochenpublicradio.org,org,GLOBAL,GLOBAL,GLOBAL,PLATFORM,0,0,0,0,0,0,0
venezuela,intouchweekly.com,com,GLOBAL,GLOBAL,GLOBAL,PLATFORM,0,0,0,0,0,0,0
venezuela,kjzz.org,org,GLOBAL,GLOBAL,GLOBAL,PLATFORM,0,0,0,0,0,0,0
venezuela,kyivpost.com,com,GLOBAL,GLOBAL,GLOBAL,PLATFORM,0,0,0,0,0,0,0
venezuela,mexicoledger.com,com,GLOBAL,GLOBAL,GLOBAL,PLATFORM,0,0,0,0,0,0,0
venezuela,mpnews.com.au,au,AU,East Asia & Pacific,OTHER,PLATFORM,0,0,0,0,0,0,0
venezuela,mprnews.org,org,GLOBAL,GLOBAL,GLOBAL,PLATFORM,0,0,0,0,0,0,0
venezuela,myedmondsnews.com,com,GLOBAL,GLOBAL,GLOBAL,PLATFORM,0,0,0,0,0,0,0
venezuela,ndsmcobserver.com,com,GLOBAL,GLOBAL,GLOBAL,PLATFORM,0,0,0,0,0,0,0
venezuela,newnigerianpolitics.com,com,GLOBAL,GLOBAL,GLOBAL,PLATFORM,0,0,0,0,0,0,0
venezuela,newstalkzb.co.nz,nz,NZ,East Asia & Pacific,OTHER,PLATFORM,0,0,0,0,0,0,0
venezuela,nfl.com,com,GLOBAL,GLOBAL,GLOBAL,PLATFORM,0,0,0,0,0,0,0
venezuela,oklahomacitysun.com,com,GLOBAL,GLOBAL,GLOBAL,PLATFORM,0,0,0,0,0,0,0
venezuela,peeblesshirenews.com,com,GLOBAL,GLOBAL,GLOBAL,PLATFORM,0,0,0,0,0,0,0
venezuela,performancedrive.com.au,au,AU,East Asia & Pacific,OTHER,PLATFORM,0,0,0,0,0,0,0
venezuela,piquenewsmagazine.com,com,GLOBAL,GLOBAL,GLOBAL,PLATFORM,0,0,0,0,0,0,0
venezuela,primepublishers.com,com,GLOBAL,GLOBAL,GLOBAL,PLATFORM,0,0,0,0,0,0,0
venezuela,rador.ro,ro,NA,NA,OTHER,PLATFORM,0,0,0,0,0,0,0
venezuela,rock967online.com,com,GLOBAL,GLOBAL,GLOBAL,PLATFORM,0,0,0,0,0,0,0
venezuela,semissourian.com,com,GLOBAL,GLOBAL,GLOBAL,PLATFORM,0,0,0,0,0,0,0
venezuela,slguardian.org,org,GLOBAL,GLOBAL,GLOBAL,PLATFORM,0,0,0,0,0,0,0
venezuela,southernminn.com,com,GLOBAL,GLOBAL,GLOBAL,PLATFORM,0,0,0,0,0,0,0
venezuela,southwalesargus.co.uk,uk,GB,Europe & Central Asia,OTHER,PLATFORM,0,0,0,0,0,0,0
venezuela,summitdaily.com,com,GLOBAL,GLOBAL,GLOBAL,PLATFORM,0,0,0,0,0,0,0
venezuela,telegrafi.com,com,GLOBAL,GLOBAL,GLOBAL,PLATFORM,0,0,0,0,0,0,0
venezuela,theportugalnews.com,com,GLOBAL,GLOBAL,GLOBAL,PLATFORM,0,0,0,0,0,0,0
venezuela,thesmokinggun.com,com,GLOBAL,GLOBAL,GLOBAL,PLATFORM,0,0,0,0,0,0,0
venezuela,trentonian.com,com,GLOBAL,GLOBAL,GLOBAL,PLATFORM,0,0,0,0,0,0,0
venezuela,tribune.com.pk,pk,NA,NA,OTHER,PLATFORM,0,0,0,0,0,0,0
venezuela,undeadwalking.com,com,GLOBAL,GLOBAL,GLOBAL,PLATFORM,0,0,0,0,0,0,0
venezuela,usa.chinadaily.com.cn,cn,CN,East Asia & Pacific,OTHER,PLATFORM,0,0,0,0,0,0,0
venezuela,vientianetimes.org.la,la,NA,NA,OTHER,PLATFORM,0,0,0,0,0,0,0
venezuela,volcanodiscovery.com,com,GLOBAL,GLOBAL,GLOBAL,PLATFORM,0,0,0,0,0,0,0
venezuela,waff.com,com,GLOBAL,GLOBAL,GLOBAL,PLATFORM,0,0,0,0,0,0,0
venezuela,wcvu.iheart.com,com,GLOBAL,GLOBAL,GLOBAL,PLATFORM,0,0,0,0,0,0,0
venezuela,wemu.org,org,GLOBAL,GLOBAL,GLOBAL,PLATFORM,0,0,0,0,0,0,0
venezuela,whtimes.co.uk,uk,GB,Europe & Central Asia,OTHER,PLATFORM,0,0,0,0,0,0,0
venezuela,wiscnews.com,com,GLOBAL,GLOBAL,GLOBAL,PLATFORM,0,0,0,0,0,0,0
venezuela,wkms.org,org,GLOBAL,GLOBAL,GLOBAL,PLATFORM,0,0,0,0,0,0,0
venezuela,wknofm.org,org,GLOBAL,GLOBAL,GLOBAL,PLATFORM,0,0,0,0,0,0,0
venezuela,wogx.com,com,GLOBAL,GLOBAL,GLOBAL,PLATFORM,0,0,0,0,0,0,0
venezuela,wvva.com,com,GLOBAL,GLOBAL,GLOBAL,PLATFORM,0,0,0,0,0,0,0
venezuela,wypr.org,org,GLOBAL,GLOBAL,GLOBAL,PLATFORM,0,0,0,0,0,0,0
venezuela,x1015.iheart.com,com,GLOBAL,GLOBAL,GLOBAL,PLATFORM,0,0,0,0,0,0,0
venezuela,yourdemocracy.net,net,GLOBAL,GLOBAL,GLOBAL,PLATFORM,0,0,0,0,0,0,0
venezuela,zehabesha.com,com,GLOBAL,GLOBAL,GLOBAL,PLATFORM,0,0,0,0,0,0,0
venezuela,1015.iheart.com,com,GLOBAL,GLOBAL,GLOBAL,PLATFORM,0,0,0,0,0,0,0
venezuela,1025thelake.iheart.com,com,GLOBAL,GLOBAL,GLOBAL,PLATFORM,0,0,0,0,0,0,0
venezuela,1069thefox.com,com,GLOBAL,GLOBAL,GLOBAL,PLATFORM,0,0,0,0,0,0,0
venezuela,1280wnam.com,com,GLOBAL,GLOBAL,GLOBAL,PLATFORM,0,0,0,0,0,0,0
venezuela,600wmtradio.iheart.com,com,GLOBAL,GLOBAL,GLOBAL,PLATFORM,0,0,0,0,0,0,0
venezuela,937kcountry.com,com,GLOBAL,GLOBAL,GLOBAL,PLATFORM,0,0,0,0,0,0,0
venezuela,961therocket.iheart.com,com,GLOBAL,GLOBAL,GLOBAL,PLATFORM,0,0,0,0,0,0,0
venezuela,abc15.com,com,GLOBAL,GLOBAL,GLOBAL,PLATFORM,0,0,0,0,0,0,0
venezuela,ajc.com,com,GLOBAL,GLOBAL,GLOBAL,PLATFORM,0,0,0,0,0,0,0
venezuela,alaskapublic.org,org,GLOBAL,GLOBAL,GLOBAL,PLATFORM,0,0,0,0,0,0,0
venezuela,alt1073.iheart.com,com,GLOBAL,GLOBAL,GLOBAL,PLATFORM,0,0,0,0,0,0,0
venezuela,aps.dz:443,NA,NA,NA,OTHER,PLATFORM,0,0,0,0,0,0,0
venezuela,areanews.com.au,au,AU,East Asia & Pacific,OTHER,PLATFORM,0,0,0,0,0,0,0
venezuela,b1039.com,com,GLOBAL,GLOBAL,GLOBAL,PLATFORM,0,0,0,0,0,0,0
venezuela,b939country.iheart.com,com,GLOBAL,GLOBAL,GLOBAL,PLATFORM,0,0,0,0,0,0,0
venezuela,b98fm.iheart.com,com,GLOBAL,GLOBAL,GLOBAL,PLATFORM,0,0,0,0,0,0,0
venezuela,banana1015.com,com,GLOBAL,GLOBAL,GLOBAL,PLATFORM,0,0,0,0,0,0,0
venezuela,bear953.com,com,GLOBAL,GLOBAL,GLOBAL,PLATFORM,0,0,0,0,0,0,0
venezuela,belfasttelegraph.co.uk,uk,GB,Europe & Central Asia,OTHER,PLATFORM,0,0,0,0,0,0,0
venezuela,bendigoadvertiser.com.au,au,AU,East Asia & Pacific,OTHER,PLATFORM,0,0,0,0,0,0,0
venezuela,big979.iheart.com,com,GLOBAL,GLOBAL,GLOBAL,PLATFORM,0,0,0,0,0,0,0
venezuela,bigcountry969.com,com,GLOBAL,GLOBAL,GLOBAL,PLATFORM,0,0,0,0,0,0,0
venezuela,blackamericaweb.com,com,GLOBAL,GLOBAL,GLOBAL,PLATFORM,0,0,0,0,0,0,0
venezuela,bordermail.com.au,au,AU,East Asia & Pacific,OTHER,PLATFORM,0,0,0,0,0,0,0
venezuela,breitbart.com,com,GLOBAL,GLOBAL,GLOBAL,PLATFORM,0,0,0,0,0,0,0
venezuela,brobible.com,com,GLOBAL,GLOBAL,GLOBAL,PLATFORM,0,0,0,0,0,0,0
venezuela,brookingsradio.com,com,GLOBAL,GLOBAL,GLOBAL,PLATFORM,0,0,0,0,0,0,0
venezuela,brownfieldagnews.com,com,GLOBAL,GLOBAL,GLOBAL,PLATFORM,0,0,0,0,0,0,0
venezuela,bulgariagazette.com,com,GLOBAL,GLOBAL,GLOBAL,PLATFORM,0,0,0,0,0,0,0
venezuela,chfi.com,com,GLOBAL,GLOBAL,GLOBAL,PLATFORM,0,0,0,0,0,0,0
venezuela,colombogazette.com,com,GLOBAL,GLOBAL,GLOBAL,PLATFORM,0,0,0,0,0,0,0
venezuela,covers.com,com,GLOBAL,GLOBAL,GLOBAL,PLATFORM,0,0,0,0,0,0,0
venezuela,csindy.com,com,GLOBAL,GLOBAL,GLOBAL,PLATFORM,0,0,0,0,0,0,0
venezuela,cubaheadlines.com,com,GLOBAL,GLOBAL,GLOBAL,PLATFORM,0,0,0,0,0,0,0
venezuela,curetoday.com,com,GLOBAL,GLOBAL,GLOBAL,PLATFORM,0,0,0,0,0,0,0
venezuela,dailyprogress.com,com,GLOBAL,GLOBAL,GLOBAL,PLATFORM,0,0,0,0,0,0,0
venezuela,dailysignal.com,com,GLOBAL,GLOBAL,GLOBAL,PLATFORM,0,0,0,0,0,0,0
venezuela,dailytribune.com,com,GLOBAL,GLOBAL,GLOBAL,PLATFORM,0,0,0,0,0,0,0
venezuela,darientimes.com,com,GLOBAL,GLOBAL,GLOBAL,PLATFORM,0,0,0,0,0,0,0
venezuela,demerarawaves.com,com,GLOBAL,GLOBAL,GLOBAL,PLATFORM,0,0,0,0,0,0,0
venezuela,dmnews.com,com,GLOBAL,GLOBAL,GLOBAL,PLATFORM,0,0,0,0,0,0,0
venezuela,duncanbanner.com,com,GLOBAL,GLOBAL,GLOBAL,PLATFORM,0,0,0,0,0,0,0
venezuela,en.acnnewswire.com,com,GLOBAL,GLOBAL,GLOBAL,PLATFORM,0,0,0,0,0,0,0
venezuela,english.aawsat.com,com,GLOBAL,GLOBAL,GLOBAL,PLATFORM,0,0,0,0,0,0,0
venezuela,fortmorgantimes.com,com,GLOBAL,GLOBAL,GLOBAL,PLATFORM,0,0,0,0,0,0,0
venezuela,fox5atlanta.com,com,GLOBAL,GLOBAL,GLOBAL,PLATFORM,0,0,0,0,0,0,0
venezuela,freerepublic.com,com,GLOBAL,GLOBAL,GLOBAL,PLATFORM,0,0,0,0,0,0,0
venezuela,giantbomb.com,com,GLOBAL,GLOBAL,GLOBAL,PLATFORM,0,0,0,0,0,0,0
venezuela,greenleft.org.au,au,AU,East Asia & Pacific,OTHER,PLATFORM,0,0,0,0,0,0,0
venezuela,guampdn.com,com,GLOBAL,GLOBAL,GLOBAL,PLATFORM,0,0,0,0,0,0,0
venezuela,hanfordsentinel.com,com,GLOBAL,GLOBAL,GLOBAL,PLATFORM,0,0,0,0,0,0,0
venezuela,hendersondispatch.com,com,GLOBAL,GLOBAL,GLOBAL,PLATFORM,0,0,0,0,0,0,0
venezuela,hooversun.com,com,GLOBAL,GLOBAL,GLOBAL,PLATFORM,0,0,0,0,0,0,0
venezuela,hurriyetdailynews.com,com,GLOBAL,GLOBAL,GLOBAL,PLATFORM,0,0,0,0,0,0,0
venezuela,jordantimes.com,com,GLOBAL,GLOBAL,GLOBAL,PLATFORM,0,0,0,0,0,0,0
venezuela,kashmirtimes.com,com,GLOBAL,GLOBAL,GLOBAL,PLATFORM,0,0,0,0,0,0,0
venezuela,kawc.org,org,GLOBAL,GLOBAL,GLOBAL,PLATFORM,0,0,0,0,0,0,0
venezuela,kbtx.com,com,GLOBAL,GLOBAL,GLOBAL,PLATFORM,0,0,0,0,0,0,0
venezuela,kevinmd.com,com,GLOBAL,GLOBAL,GLOBAL,PLATFORM,0,0,0,0,0,0,0
venezuela,khmertimeskh.com,com,GLOBAL,GLOBAL,GLOBAL,PLATFORM,0,0,0,0,0,0,0
venezuela,kicksonfire.com,com,GLOBAL,GLOBAL,GLOBAL,PLATFORM,0,0,0,0,0,0,0
venezuela,kmch.com,com,GLOBAL,GLOBAL,GLOBAL,PLATFORM,0,0,0,0,0,0,0
venezuela,kmmsam.com,com,GLOBAL,GLOBAL,GLOBAL,PLATFORM,0,0,0,0,0,0,0
venezuela,koaa.com,com,GLOBAL,GLOBAL,GLOBAL,PLATFORM,0,0,0,0,0,0,0
venezuela,kslx.com,com,GLOBAL,GLOBAL,GLOBAL,PLATFORM,0,0,0,0,0,0,0
venezuela,ladailypost.com,com,GLOBAL,GLOBAL,GLOBAL,PLATFORM,0,0,0,0,0,0,0
venezuela,lebanondemocrat.com,com,GLOBAL,GLOBAL,GLOBAL,PLATFORM,0,0,0,0,0,0,0
venezuela,lockportjournal.com,com,GLOBAL,GLOBAL,GLOBAL,PLATFORM,0,0,0,0,0,0,0
venezuela,mactech.com,com,GLOBAL,GLOBAL,GLOBAL,PLATFORM,0,0,0,0,0,0,0
venezuela,manxradio.com,com,GLOBAL,GLOBAL,GLOBAL,PLATFORM,0,0,0,0,0,0,0
venezuela,mauinow.com,com,GLOBAL,GLOBAL,GLOBAL,PLATFORM,0,0,0,0,0,0,0
venezuela,militarytimes.com,com,GLOBAL,GLOBAL,GLOBAL,PLATFORM,0,0,0,0,0,0,0
venezuela,mix1049.com.au,au,AU,East Asia & Pacific,OTHER,PLATFORM,0,0,0,0,0,0,0
venezuela,mix981fm.iheart.com,com,GLOBAL,GLOBAL,GLOBAL,PLATFORM,0,0,0,0,0,0,0
venezuela,mobihealthnews.com,com,GLOBAL,GLOBAL,GLOBAL,PLATFORM,0,0,0,0,0,0,0
venezuela,myiowainfo.com,com,GLOBAL,GLOBAL,GLOBAL,PLATFORM,0,0,0,0,0,0,0
venezuela,mymagic949.com,com,GLOBAL,GLOBAL,GLOBAL,PLATFORM,0,0,0,0,0,0,0
venezuela,napaneeguide.com:443,NA,NA,NA,OTHER,PLATFORM,0,0,0,0,0,0,0
venezuela,newsbusters.org,org,GLOBAL,GLOBAL,GLOBAL,PLATFORM,0,0,0,0,0,0,0
venezuela,nv1.org,org,GLOBAL,GLOBAL,GLOBAL,PLATFORM,0,0,0,0,0,0,0
venezuela,oldies1320.iheart.com,com,GLOBAL,GLOBAL,GLOBAL,PLATFORM,0,0,0,0,0,0,0
venezuela,oleantimesherald.com,com,GLOBAL,GLOBAL,GLOBAL,PLATFORM,0,0,0,0,0,0,0
venezuela,pastemagazine.com,com,GLOBAL,GLOBAL,GLOBAL,PLATFORM,0,0,0,0,0,0,0
venezuela,phandroid.com,com,GLOBAL,GLOBAL,GLOBAL,PLATFORM,0,0,0,0,0,0,0
venezuela,portstephensexaminer.com.au,au,AU,East Asia & Pacific,OTHER,PLATFORM,0,0,0,0,0,0,0
venezuela,powerorlando.com,com,GLOBAL,GLOBAL,GLOBAL,PLATFORM,0,0,0,0,0,0,0
venezuela,pressdemocrat.com,com,GLOBAL,GLOBAL,GLOBAL,PLATFORM,0,0,0,0,0,0,0
venezuela,pushsquare.com,com,GLOBAL,GLOBAL,GLOBAL,PLATFORM,0,0,0,0,0,0,0
venezuela,reporter.net,net,GLOBAL,GLOBAL,GLOBAL,PLATFORM,0,0,0,0,0,0,0
venezuela,republicanherald.com,com,GLOBAL,GLOBAL,GLOBAL,PLATFORM,0,0,0,0,0,0,0
venezuela,rsn.net.au,au,AU,East Asia & Pacific,OTHER,PLATFORM,0,0,0,0,0,0,0
venezuela,se933.com,com,GLOBAL,GLOBAL,GLOBAL,PLATFORM,0,0,0,0,0,0,0
venezuela,sfchronicle.com,com,GLOBAL,GLOBAL,GLOBAL,PLATFORM,0,0,0,0,0,0,0
venezuela,shark1053.com,com,GLOBAL,GLOBAL,GLOBAL,PLATFORM,0,0,0,0,0,0,0
venezuela,shenandoahcountryq102.iheart.com,com,GLOBAL,GLOBAL,GLOBAL,PLATFORM,0,0,0,0,0,0,0
venezuela,shootonline.com,com,GLOBAL,GLOBAL,GLOBAL,PLATFORM,0,0,0,0,0,0,0
venezuela,siouxlandnews.com,com,GLOBAL,GLOBAL,GLOBAL,PLATFORM,0,0,0,0,0,0,0
venezuela,sknvibes.com,com,GLOBAL,GLOBAL,GLOBAL,PLATFORM,0,0,0,0,0,0,0
venezuela,somersetlive.co.uk,uk,GB,Europe & Central Asia,OTHER,PLATFORM,0,0,0,0,0,0,0
venezuela,southernliving.com,com,GLOBAL,GLOBAL,GLOBAL,PLATFORM,0,0,0,0,0,0,0
venezuela,srpressgazette.com,com,GLOBAL,GLOBAL,GLOBAL,PLATFORM,0,0,0,0,0,0,0
venezuela,star991hawaii.iheart.com,com,GLOBAL,GLOBAL,GLOBAL,PLATFORM,0,0,0,0,0,0,0
venezuela,taiwannews.com.tw,tw,NA,NA,OTHER,PLATFORM,0,0,0,0,0,0,0
venezuela,taylorvilledailynews.com,com,GLOBAL,GLOBAL,GLOBAL,PLATFORM,0,0,0,0,0,0,0
venezuela,techrepublic.com,com,GLOBAL,GLOBAL,GLOBAL,PLATFORM,0,0,0,0,0,0,0
venezuela,thecordovatimes.com,com,GLOBAL,GLOBAL,GLOBAL,PLATFORM,0,0,0,0,0,0,0
venezuela,theenterpriseleader.com,com,GLOBAL,GLOBAL,GLOBAL,PLATFORM,0,0,0,0,0,0,0
venezuela,thenewamerican.com,com,GLOBAL,GLOBAL,GLOBAL,PLATFORM,0,0,0,0,0,0,0
venezuela,thisislocallondon.co.uk,uk,GB,Europe & Central Asia,OTHER,PLATFORM,0,0,0,0,0,0,0
venezuela,timesofoman.com,com,GLOBAL,GLOBAL,GLOBAL,PLATFORM,0,0,0,0,0,0,0
venezuela,tweaktown.com,com,GLOBAL,GLOBAL,GLOBAL,PLATFORM,0,0,0,0,0,0,0
venezuela,union-bulletin.com,com,GLOBAL,GLOBAL,GLOBAL,PLATFORM,0,0,0,0,0,0,0
venezuela,victorharbortimes.com.au,au,AU,East Asia & Pacific,OTHER,PLATFORM,0,0,0,0,0,0,0
venezuela,wallstreet-online.de,de,DE,Europe & Central Asia,OTHER,PLATFORM,0,0,0,0,0,0,0
venezuela,wbckfm.com,com,GLOBAL,GLOBAL,GLOBAL,PLATFORM,0,0,0,0,0,0,0
venezuela,wbsm.com,com,GLOBAL,GLOBAL,GLOBAL,PLATFORM,0,0,0,0,0,0,0
venezuela,wcsg.org,org,GLOBAL,GLOBAL,GLOBAL,PLATFORM,0,0,0,0,0,0,0
venezuela,wgal.com,com,GLOBAL,GLOBAL,GLOBAL,PLATFORM,0,0,0,0,0,0,0
venezuela,wildcatbluenation.com,com,GLOBAL,GLOBAL,GLOBAL,PLATFORM,0,0,0,0,0,0,0
venezuela,wjol.com,com,GLOBAL,GLOBAL,GLOBAL,PLATFORM,0,0,0,0,0,0,0
venezuela,wlos.com,com,GLOBAL,GLOBAL,GLOBAL,PLATFORM,0,0,0,0,0,0,0
venezuela,wmtram.com,com,GLOBAL,GLOBAL,GLOBAL,PLATFORM,0,0,0,0,0,0,0
venezuela,worldtribune.com,com,GLOBAL,GLOBAL,GLOBAL,PLATFORM,0,0,0,0,0,0,0
venezuela,wqmf.iheart.com,com,GLOBAL,GLOBAL,GLOBAL,PLATFORM,0,0,0,0,0,0,0
venezuela,wsaw.com,com,GLOBAL,GLOBAL,GLOBAL,PLATFORM,0,0,0,0,0,0,0
venezuela,wsiu.org,org,GLOBAL,GLOBAL,GLOBAL,PLATFORM,0,0,0,0,0,0,0
venezuela,wsmv.com,com,GLOBAL,GLOBAL,GLOBAL,PLATFORM,0,0,0,0,0,0,0
venezuela,wtju.net,net,GLOBAL,GLOBAL,GLOBAL,PLATFORM,0,0,0,0,0,0,0
venezuela,wtok.com,com,GLOBAL,GLOBAL,GLOBAL,PLATFORM,0,0,0,0,0,0,0
venezuela,wtvy.com,com,GLOBAL,GLOBAL,GLOBAL,PLATFORM,0,0,0,0,0,0,0
venezuela,wxow.com,com,GLOBAL,GLOBAL,GLOBAL,PLATFORM,0,0,0,0,0,0,0
venezuela,xl93.iheart.com,com,GLOBAL,GLOBAL,GLOBAL,PLATFORM,0,0,0,0,0,0,0
venezuela,103xonline.iheart.com,com,GLOBAL,GLOBAL,GLOBAL,PLATFORM,0,0,0,0,0,0,0
venezuela,1061kissfm.iheart.com,com,GLOBAL,GLOBAL,GLOBAL,PLATFORM,0,0,0,0,0,0,0
venezuela,1077thefox.iheart.com,com,GLOBAL,GLOBAL,GLOBAL,PLATFORM,0,0,0,0,0,0,0
venezuela,1290wlby.com,com,GLOBAL,GLOBAL,GLOBAL,PLATFORM,0,0,0,0,0,0,0
venezuela,1360kmjm.iheart.com,com,GLOBAL,GLOBAL,GLOBAL,PLATFORM,0,0,0,0,0,0,0
venezuela,1450wkip.iheart.com,com,GLOBAL,GLOBAL,GLOBAL,PLATFORM,0,0,0,0,0,0,0
venezuela,21alivenews.com,com,GLOBAL,GLOBAL,GLOBAL,PLATFORM,0,0,0,0,0,0,0
venezuela,41nbc.com,com,GLOBAL,GLOBAL,GLOBAL,PLATFORM,0,0,0,0,0,0,0
venezuela,620ckrm.com,com,GLOBAL,GLOBAL,GLOBAL,PLATFORM,0,0,0,0,0,0,0
venezuela,720thevoice.iheart.com,com,GLOBAL,GLOBAL,GLOBAL,PLATFORM,0,0,0,0,0,0,0
venezuela,921theticket.com,com,GLOBAL,GLOBAL,GLOBAL,PLATFORM,0,0,0,0,0,0,0
venezuela,933fmthewolf.iheart.com,com,GLOBAL,GLOBAL,GLOBAL,PLATFORM,0,0,0,0,0,0,0
venezuela,971theeagle.iheart.com,com,GLOBAL,GLOBAL,GLOBAL,PLATFORM,0,0,0,0,0,0,0
venezuela,973thedawg.com,com,GLOBAL,GLOBAL,GLOBAL,PLATFORM,0,0,0,0,0,0,0
venezuela,981kvet.iheart.com,com,GLOBAL,GLOBAL,GLOBAL,PLATFORM,0,0,0,0,0,0,0
venezuela,abbynews.com,com,GLOBAL,GLOBAL,GLOBAL,PLATFORM,0,0,0,0,0,0,0
venezuela,abqjournal.com,com,GLOBAL,GLOBAL,GLOBAL,PLATFORM,0,0,0,0,0,0,0
venezuela,actionforex.com,com,GLOBAL,GLOBAL,GLOBAL,PLATFORM,0,0,0,0,0,0,0
venezuela,advisor.ca,ca,CA,North America,OTHER,PLATFORM,0,0,0,0,0,0,0
venezuela,aggie96.iheart.com,com,GLOBAL,GLOBAL,GLOBAL,PLATFORM,0,0,0,0,0,0,0
venezuela,arnnet.com.au,au,AU,East Asia & Pacific,OTHER,PLATFORM,0,0,0,0,0,0,0
venezuela,blogs.webmd.com,com,GLOBAL,GLOBAL,GLOBAL,PLATFORM,0,0,0,0,0,0,0
venezuela,bmj.com,com,GLOBAL,GLOBAL,GLOBAL,PLATFORM,0,0,0,0,0,0,0
venezuela,bmmagazine.co.uk,uk,GB,Europe & Central Asia,OTHER,PLATFORM,0,0,0,0,0,0,0
venezuela,bravenewcoin.com,com,GLOBAL,GLOBAL,GLOBAL,PLATFORM,0,0,0,0,0,0,0
venezuela,bucksinsider.com,com,GLOBAL,GLOBAL,GLOBAL,PLATFORM,0,0,0,0,0,0,0
venezuela,cagesideseats.com,com,GLOBAL,GLOBAL,GLOBAL,PLATFORM,0,0,0,0,0,0,0
venezuela,camdencourier.com.au,au,AU,East Asia & Pacific,OTHER,PLATFORM,0,0,0,0,0,0,0
venezuela,carolinajournal.com,com,GLOBAL,GLOBAL,GLOBAL,PLATFORM,0,0,0,0,0,0,0
venezuela,chisagocountypress.com,com,GLOBAL,GLOBAL,GLOBAL,PLATFORM,0,0,0,0,0,0,0
venezuela,classichits925.com,com,GLOBAL,GLOBAL,GLOBAL,PLATFORM,0,0,0,0,0,0,0
venezuela,clearwatertimes.com,com,GLOBAL,GLOBAL,GLOBAL,PLATFORM,0,0,0,0,0,0,0
venezuela,comicbook.com,com,GLOBAL,GLOBAL,GLOBAL,PLATFORM,0,0,0,0,0,0,0
venezuela,comicsbeat.com,com,GLOBAL,GLOBAL,GLOBAL,PLATFORM,0,0,0,0,0,0,0
venezuela,concordmonitor.com,com,GLOBAL,GLOBAL,GLOBAL,PLATFORM,0,0,0,0,0,0,0
venezuela,cootamundraherald.com.au,au,AU,East Asia & Pacific,OTHER,PLATFORM,0,0,0,0,0,0,0
venezuela,cowboystatedaily.com,com,GLOBAL,GLOBAL,GLOBAL,PLATFORM,0,0,0,0,0,0,0
venezuela,dawnofthedawg.com,com,GLOBAL,GLOBAL,GLOBAL,PLATFORM,0,0,0,0,0,0,0
venezuela,doorcountydailynews.com,com,GLOBAL,GLOBAL,GLOBAL,PLATFORM,0,0,0,0,0,0,0
venezuela,dose.ca,ca,CA,North America,OTHER,PLATFORM,0,0,0,0,0,0,0
venezuela,drive.com.au,au,AU,East Asia & Pacific,OTHER,PLATFORM,0,0,0,0,0,0,0
venezuela,eastasiaforum.org,org,GLOBAL,GLOBAL,GLOBAL,PLATFORM,0,0,0,0,0,0,0
venezuela,english.kyodonews.net:443,NA,NA,NA,OTHER,PLATFORM,0,0,0,0,0,0,0
venezuela,epthinktank.eu,eu,NA,NA,OTHER,PLATFORM,0,0,0,0,0,0,0
venezuela,fox5vegas.com,com,GLOBAL,GLOBAL,GLOBAL,PLATFORM,0,0,0,0,0,0,0
venezuela,freestonecountytimesonline.com,com,GLOBAL,GLOBAL,GLOBAL,PLATFORM,0,0,0,0,0,0,0
venezuela,georgeherald.com,com,GLOBAL,GLOBAL,GLOBAL,PLATFORM,0,0,0,0,0,0,0
venezuela,grenadachronicle.com,com,GLOBAL,GLOBAL,GLOBAL,PLATFORM,0,0,0,0,0,0,0
venezuela,hiphopnc.com,com,GLOBAL,GLOBAL,GLOBAL,PLATFORM,0,0,0,0,0,0,0
venezuela,ijpr.org,org,GLOBAL,GLOBAL,GLOBAL,PLATFORM,0,0,0,0,0,0,0
venezuela,insurancejournal.com,com,GLOBAL,GLOBAL,GLOBAL,PLATFORM,0,0,0,0,0,0,0
venezuela,jazz.fm,fm,NA,NA,OTHER,PLATFORM,0,0,0,0,0,0,0
venezuela,kfmqrock1061.iheart.com,com,GLOBAL,GLOBAL,GLOBAL,PLATFORM,0,0,0,0,0,0,0
venezuela,kfmx.com,com,GLOBAL,GLOBAL,GLOBAL,PLATFORM,0,0,0,0,0,0,0
venezuela,kjkj.iheart.com,com,GLOBAL,GLOBAL,GLOBAL,PLATFORM,0,0,0,0,0,0,0
venezuela,kkrt.com,com,GLOBAL,GLOBAL,GLOBAL,PLATFORM,0,0,0,0,0,0,0
venezuela,kosi101.com,com,GLOBAL,GLOBAL,GLOBAL,PLATFORM,0,0,0,0,0,0,0
venezuela,kotatv.com,com,GLOBAL,GLOBAL,GLOBAL,PLATFORM,0,0,0,0,0,0,0
venezuela,kowb1290.com,com,GLOBAL,GLOBAL,GLOBAL,PLATFORM,0,0,0,0,0,0,0
venezuela,krone.at,at,NA,NA,OTHER,PLATFORM,0,0,0,0,0,0,0
venezuela,ksyl.com,com,GLOBAL,GLOBAL,GLOBAL,PLATFORM,0,0,0,0,0,0,0
venezuela,ktvo.com,com,GLOBAL,GLOBAL,GLOBAL,PLATFORM,0,0,0,0,0,0,0
venezuela,kuam.com,com,GLOBAL,GLOBAL,GLOBAL,PLATFORM,0,0,0,0,0,0,0
venezuela,kxel.com,com,GLOBAL,GLOBAL,GLOBAL,PLATFORM,0,0,0,0,0,0,0
venezuela,leaderpost.com:443,NA,NA,NA,OTHER,PLATFORM,0,0,0,0,0,0,0
venezuela,leitrimobserver.ie,ie,NA,NA,OTHER,PLATFORM,0,0,0,0,0,0,0
venezuela,localmemphis.com,com,GLOBAL,GLOBAL,GLOBAL,PLATFORM,0,0,0,0,0,0,0
venezuela,locusmag.com,com,GLOBAL,GLOBAL,GLOBAL,PLATFORM,0,0,0,0,0,0,0
venezuela,maizenbrew.com,com,GLOBAL,GLOBAL,GLOBAL,PLATFORM,0,0,0,0,0,0,0
venezuela,makeuseof.com,com,GLOBAL,GLOBAL,GLOBAL,PLATFORM,0,0,0,0,0,0,0
venezuela,mcnews.com.au,au,AU,East Asia & Pacific,OTHER,PLATFORM,0,0,0,0,0,0,0
venezuela,mix106radio.com,com,GLOBAL,GLOBAL,GLOBAL,PLATFORM,0,0,0,0,0,0,0
venezuela,mix969.iheart.com,com,GLOBAL,GLOBAL,GLOBAL,PLATFORM,0,0,0,0,0,0,0
venezuela,mix989.iheart.com,com,GLOBAL,GLOBAL,GLOBAL,PLATFORM,0,0,0,0,0,0,0
venezuela,mixgulfcoast.iheart.com,com,GLOBAL,GLOBAL,GLOBAL,PLATFORM,0,0,0,0,0,0,0
venezuela,news-herald.com,com,GLOBAL,GLOBAL,GLOBAL,PLATFORM,0,0,0,0,0,0,0
venezuela,newscenter1.tv,tv,NA,NA,OTHER,PLATFORM,0,0,0,0,0,0,0
venezuela,newstalk1030.com,com,GLOBAL,GLOBAL,GLOBAL,PLATFORM,0,0,0,0,0,0,0
venezuela,northbaynipissing.com,com,GLOBAL,GLOBAL,GLOBAL,PLATFORM,0,0,0,0,0,0,0
venezuela,oregonbusiness.com,com,GLOBAL,GLOBAL,GLOBAL,PLATFORM,0,0,0,0,0,0,0
venezuela,oregoncatalyst.com,com,GLOBAL,GLOBAL,GLOBAL,PLATFORM,0,0,0,0,0,0,0
venezuela,ottawacitizen.com:443,NA,NA,NA,OTHER,PLATFORM,0,0,0,0,0,0,0
venezuela,popcrush.com,com,GLOBAL,GLOBAL,GLOBAL,PLATFORM,0,0,0,0,0,0,0
venezuela,powerlineblog.com,com,GLOBAL,GLOBAL,GLOBAL,PLATFORM,0,0,0,0,0,0,0
venezuela,presspublications.com,com,GLOBAL,GLOBAL,GLOBAL,PLATFORM,0,0,0,0,0,0,0
venezuela,quintenews.com,com,GLOBAL,GLOBAL,GLOBAL,PLATFORM,0,0,0,0,0,0,0
venezuela,raptorsrapture.com,com,GLOBAL,GLOBAL,GLOBAL,PLATFORM,0,0,0,0,0,0,0
venezuela,redstate.com,com,GLOBAL,GLOBAL,GLOBAL,PLATFORM,0,0,0,0,0,0,0
venezuela,rfdtv.com,com,GLOBAL,GLOBAL,GLOBAL,PLATFORM,0,0,0,0,0,0,0
venezuela,riverheadnewsreview.timesreview.com,com,GLOBAL,GLOBAL,GLOBAL,PLATFORM,0,0,0,0,0,0,0
venezuela,rutland-times.co.uk,uk,GB,Europe & Central Asia,OTHER,PLATFORM,0,0,0,0,0,0,0
venezuela,saharareporters.com,com,GLOBAL,GLOBAL,GLOBAL,PLATFORM,0,0,0,0,0,0,0
venezuela,sedaliademocrat.com,com,GLOBAL,GLOBAL,GLOBAL,PLATFORM,0,0,0,0,0,0,0
venezuela,shannonside.ie,ie,NA,NA,OTHER,PLATFORM,0,0,0,0,0,0,0
venezuela,shtfplan.com,com,GLOBAL,GLOBAL,GLOBAL,PLATFORM,0,0,0,0,0,0,0
venezuela,smartcompany.com.au,au,AU,East Asia & Pacific,OTHER,PLATFORM,0,0,0,0,0,0,0
venezuela,speedhunters.com,com,GLOBAL,GLOBAL,GLOBAL,PLATFORM,0,0,0,0,0,0,0
venezuela,theage.com.au,au,AU,East Asia & Pacific,OTHER,PLATFORM,0,0,0,0,0,0,0
venezuela,thecitizen.co.tz,tz,NA,NA,OTHER,PLATFORM,0,0,0,0,0,0,0
venezuela,thefreepress.ca,ca,CA,North America,OTHER,PLATFORM,0,0,0,0,0,0,0
venezuela,thejetpress.com,com,GLOBAL,GLOBAL,GLOBAL,PLATFORM,0,0,0,0,0,0,0
venezuela,theland.com.au,au,AU,East Asia & Pacific,OTHER,PLATFORM,0,0,0,0,0,0,0
venezuela,theoaklandpress.com,com,GLOBAL,GLOBAL,GLOBAL,PLATFORM,0,0,0,0,0,0,0
venezuela,theurbandaily.com,com,GLOBAL,GLOBAL,GLOBAL,PLATFORM,0,0,0,0,0,0,0
venezuela,throwback963.iheart.com,com,GLOBAL,GLOBAL,GLOBAL,PLATFORM,0,0,0,0,0,0,0
venezuela,ticotimes.net,net,GLOBAL,GLOBAL,GLOBAL,PLATFORM,0,0,0,0,0,0,0
venezuela,trustedreviews.com,com,GLOBAL,GLOBAL,GLOBAL,PLATFORM,0,0,0,0,0,0,0
venezuela,utv44.com,com,GLOBAL,GLOBAL,GLOBAL,PLATFORM,0,0,0,0,0,0,0
venezuela,wateronline.com,com,GLOBAL,GLOBAL,GLOBAL,PLATFORM,0,0,0,0,0,0,0
venezuela,wattsupwiththat.com,com,GLOBAL,GLOBAL,GLOBAL,PLATFORM,0,0,0,0,0,0,0
venezuela,wboi.org,org,GLOBAL,GLOBAL,GLOBAL,PLATFORM,0,0,0,0,0,0,0
venezuela,wdasfm.iheart.com,com,GLOBAL,GLOBAL,GLOBAL,PLATFORM,0,0,0,0,0,0,0
venezuela,wdsd.iheart.com,com,GLOBAL,GLOBAL,GLOBAL,PLATFORM,0,0,0,0,0,0,0
venezuela,webpronews.com,com,GLOBAL,GLOBAL,GLOBAL,PLATFORM,0,0,0,0,0,0,0
venezuela,weirtondailytimes.com,com,GLOBAL,GLOBAL,GLOBAL,PLATFORM,0,0,0,0,0,0,0
venezuela,wenxuecity.com,com,GLOBAL,GLOBAL,GLOBAL,PLATFORM,0,0,0,0,0,0,0
venezuela,westcentralonline.com,com,GLOBAL,GLOBAL,GLOBAL,PLATFORM,0,0,0,0,0,0,0
venezuela,westmeathexaminer.ie,ie,NA,NA,OTHER,PLATFORM,0,0,0,0,0,0,0
venezuela,westmeathindependent.ie,ie,NA,NA,OTHER,PLATFORM,0,0,0,0,0,0,0
venezuela,westmichiganstar.iheart.com,com,GLOBAL,GLOBAL,GLOBAL,PLATFORM,0,0,0,0,0,0,0
venezuela,whro.org,org,GLOBAL,GLOBAL,GLOBAL,PLATFORM,0,0,0,0,0,0,0
venezuela,wimsradio.com,com,GLOBAL,GLOBAL,GLOBAL,PLATFORM,0,0,0,0,0,0,0
venezuela,wlsam.com,com,GLOBAL,GLOBAL,GLOBAL,PLATFORM,0,0,0,0,0,0,0
venezuela,wrtv.com,com,GLOBAL,GLOBAL,GLOBAL,PLATFORM,0,0,0,0,0,0,0
venezuela,wsaz.com,com,GLOBAL,GLOBAL,GLOBAL,PLATFORM,0,0,0,0,0,0,0
venezuela,wvtm13.com,com,GLOBAL,GLOBAL,GLOBAL,PLATFORM,0,0,0,0,0,0,0
venezuela,yorknewstimes.com,com,GLOBAL,GLOBAL,GLOBAL,PLATFORM,0,0,0,0,0,0,0
venezuela,z93hv.iheart.com,com,GLOBAL,GLOBAL,GLOBAL,PLATFORM,0,0,0,0,0,0,0
venezuela,zennie62blog.com,com,GLOBAL,GLOBAL,GLOBAL,PLATFORM,0,0,0,0,0,0,0
venezuela,1039wvbo.com,com,GLOBAL,GLOBAL,GLOBAL,PLATFORM,0,0,0,0,0,0,0
venezuela,2gb.com,com,GLOBAL,GLOBAL,GLOBAL,PLATFORM,0,0,0,0,0,0,0
venezuela,640wxsm.com,com,GLOBAL,GLOBAL,GLOBAL,PLATFORM,0,0,0,0,0,0,0
venezuela,949whom.com,com,GLOBAL,GLOBAL,GLOBAL,PLATFORM,0,0,0,0,0,0,0
venezuela,airdrieecho.com:443,NA,NA,NA,OTHER,PLATFORM,0,0,0,0,0,0,0
venezuela,airliners.net,net,GLOBAL,GLOBAL,GLOBAL,PLATFORM,0,0,0,0,0,0,0
venezuela,arrowheadaddict.com,com,GLOBAL,GLOBAL,GLOBAL,PLATFORM,0,0,0,0,0,0,0
venezuela,awate.com,com,GLOBAL,GLOBAL,GLOBAL,PLATFORM,0,0,0,0,0,0,0
venezuela,awfulannouncing.com,com,GLOBAL,GLOBAL,GLOBAL,PLATFORM,0,0,0,0,0,0,0
venezuela,blueshirtbanter.com,com,GLOBAL,GLOBAL,GLOBAL,PLATFORM,0,0,0,0,0,0,0
venezuela,breakingnews.ie,ie,NA,NA,OTHER,PLATFORM,0,0,0,0,0,0,0
venezuela,brecorder.com,com,GLOBAL,GLOBAL,GLOBAL,PLATFORM,0,0,0,0,0,0,0
venezuela,bssnews.net,net,GLOBAL,GLOBAL,GLOBAL,PLATFORM,0,0,0,0,0,0,0
venezuela,buzztulsa.iheart.com,com,GLOBAL,GLOBAL,GLOBAL,PLATFORM,0,0,0,0,0,0,0
venezuela,calgarysun.com,com,GLOBAL,GLOBAL,GLOBAL,PLATFORM,0,0,0,0,0,0,0
venezuela,catcountry1073.com,com,GLOBAL,GLOBAL,GLOBAL,PLATFORM,0,0,0,0,0,0,0
venezuela,clydebankpost.co.uk,uk,GB,Europe & Central Asia,OTHER,PLATFORM,0,0,0,0,0,0,0
venezuela,cointelegraph.com,com,GLOBAL,GLOBAL,GLOBAL,PLATFORM,0,0,0,0,0,0,0
venezuela,crooksandliars.com,com,GLOBAL,GLOBAL,GLOBAL,PLATFORM,0,0,0,0,0,0,0
venezuela,cubbiescrib.com,com,GLOBAL,GLOBAL,GLOBAL,PLATFORM,0,0,0,0,0,0,0
venezuela,enca.com,com,GLOBAL,GLOBAL,GLOBAL,PLATFORM,0,0,0,0,0,0,0
venezuela,firstalert7.com,com,GLOBAL,GLOBAL,GLOBAL,PLATFORM,0,0,0,0,0,0,0
venezuela,fishshell.com,com,GLOBAL,GLOBAL,GLOBAL,PLATFORM,0,0,0,0,0,0,0
venezuela,gazette-news.co.uk,uk,GB,Europe & Central Asia,OTHER,PLATFORM,0,0,0,0,0,0,0
venezuela,harrisondaily.com,com,GLOBAL,GLOBAL,GLOBAL,PLATFORM,0,0,0,0,0,0,0
venezuela,hazard-herald.com,com,GLOBAL,GLOBAL,GLOBAL,PLATFORM,0,0,0,0,0,0,0
venezuela,henryherald.com,com,GLOBAL,GLOBAL,GLOBAL,PLATFORM,0,0,0,0,0,0,0
venezuela,heraldstandard.com,com,GLOBAL,GLOBAL,GLOBAL,PLATFORM,0,0,0,0,0,0,0
venezuela,hiphopdx.com,com,GLOBAL,GLOBAL,GLOBAL,PLATFORM,0,0,0,0,0,0,0
venezuela,informationng.com,com,GLOBAL,GLOBAL,GLOBAL,PLATFORM,0,0,0,0,0,0,0
venezuela,iowapublicradio.org,org,GLOBAL,GLOBAL,GLOBAL,PLATFORM,0,0,0,0,0,0,0
venezuela,jamz963.com,com,GLOBAL,GLOBAL,GLOBAL,PLATFORM,0,0,0,0,0,0,0
venezuela,jirevwe.github.io,io,NA,NA,OTHER,PLATFORM,0,0,0,0,0,0,0
venezuela,kansaspublicradio.org,org,GLOBAL,GLOBAL,GLOBAL,PLATFORM,0,0,0,0,0,0,0
venezuela,kazu.org,org,GLOBAL,GLOBAL,GLOBAL,PLATFORM,0,0,0,0,0,0,0
venezuela,kfm.co.ug,ug,NA,NA,OTHER,PLATFORM,0,0,0,0,0,0,0
venezuela,khow.iheart.com,com,GLOBAL,GLOBAL,GLOBAL,PLATFORM,0,0,0,0,0,0,0
venezuela,koolam.com,com,GLOBAL,GLOBAL,GLOBAL,PLATFORM,0,0,0,0,0,0,0
venezuela,ktbb.com,com,GLOBAL,GLOBAL,GLOBAL,PLATFORM,0,0,0,0,0,0,0
venezuela,limaohio.com,com,GLOBAL,GLOBAL,GLOBAL,PLATFORM,0,0,0,0,0,0,0
venezuela,madrock1025.com,com,GLOBAL,GLOBAL,GLOBAL,PLATFORM,0,0,0,0,0,0,0
venezuela,maitlandmercury.com.au,au,AU,East Asia & Pacific,OTHER,PLATFORM,0,0,0,0,0,0,0
venezuela,managingmadrid.com,com,GLOBAL,GLOBAL,GLOBAL,PLATFORM,0,0,0,0,0,0,0
venezuela,mdjonline.com,com,GLOBAL,GLOBAL,GLOBAL,PLATFORM,0,0,0,0,0,0,0
venezuela,medium.com,com,GLOBAL,GLOBAL,GLOBAL,PLATFORM,0,0,0,0,0,0,0
venezuela,montereyherald.com,com,GLOBAL,GLOBAL,GLOBAL,PLATFORM,0,0,0,0,0,0,0
venezuela,mymotherlode.com,com,GLOBAL,GLOBAL,GLOBAL,PLATFORM,0,0,0,0,0,0,0
venezuela,nbc-2.com,com,GLOBAL,GLOBAL,GLOBAL,PLATFORM,0,0,0,0,0,0,0
venezuela,newsindiatimes.com,com,GLOBAL,GLOBAL,GLOBAL,PLATFORM,0,0,0,0,0,0,0
venezuela,nichegamer.com,com,GLOBAL,GLOBAL,GLOBAL,PLATFORM,0,0,0,0,0,0,0
venezuela,pakistantoday.com.pk,pk,NA,NA,OTHER,PLATFORM,0,0,0,0,0,0,0
venezuela,palestinechronicle.com,com,GLOBAL,GLOBAL,GLOBAL,PLATFORM,0,0,0,0,0,0,0
venezuela,redlandsdailyfacts.com,com,GLOBAL,GLOBAL,GLOBAL,PLATFORM,0,0,0,0,0,0,0
venezuela,righto.com,com,GLOBAL,GLOBAL,GLOBAL,PLATFORM,0,0,0,0,0,0,0
venezuela,sabareesh.com,com,GLOBAL,GLOBAL,GLOBAL,PLATFORM,0,0,0,0,0,0,0
venezuela,santamariatimes.com,com,GLOBAL,GLOBAL,GLOBAL,PLATFORM,0,0,0,0,0,0,0
venezuela,smmirror.com,com,GLOBAL,GLOBAL,GLOBAL,PLATFORM,0,0,0,0,0,0,0
venezuela,standard.co.uk,uk,GB,Europe & Central Asia,OTHER,PLATFORM,0,0,0,0,0,0,0
venezuela,statepress.com,com,GLOBAL,GLOBAL,GLOBAL,PLATFORM,0,0,0,0,0,0,0
venezuela,takungpao.com,com,GLOBAL,GLOBAL,GLOBAL,PLATFORM,0,0,0,0,0,0,0
venezuela,tbsnews.net,net,GLOBAL,GLOBAL,GLOBAL,PLATFORM,0,0,0,0,0,0,0
venezuela,theborneopost.com,com,GLOBAL,GLOBAL,GLOBAL,PLATFORM,0,0,0,0,0,0,0
venezuela,thecentersquare.com,com,GLOBAL,GLOBAL,GLOBAL,PLATFORM,0,0,0,0,0,0,0
venezuela,theeagle.com,com,GLOBAL,GLOBAL,GLOBAL,PLATFORM,0,0,0,0,0,0,0
venezuela,thepostathens.com,com,GLOBAL,GLOBAL,GLOBAL,PLATFORM,0,0,0,0,0,0,0
venezuela,thesun.ie,ie,NA,NA,OTHER,PLATFORM,0,0,0,0,0,0,0
venezuela,thewhistler.ng,ng,NG,Sub-Saharan Africa,AFRICA,PLATFORM,0,0,0,0,0,0,0
venezuela,toronto.com,com,GLOBAL,GLOBAL,GLOBAL,PLATFORM,0,0,0,0,0,0,0
venezuela,troyrecord.com,com,GLOBAL,GLOBAL,GLOBAL,PLATFORM,0,0,0,0,0,0,0
venezuela,uatrav.com,com,GLOBAL,GLOBAL,GLOBAL,PLATFORM,0,0,0,0,0,0,0
venezuela,wccftech.com,com,GLOBAL,GLOBAL,GLOBAL,PLATFORM,0,0,0,0,0,0,0
venezuela,wflanews.iheart.com,com,GLOBAL,GLOBAL,GLOBAL,PLATFORM,0,0,0,0,0,0,0
venezuela,wgbh.org,org,GLOBAL,GLOBAL,GLOBAL,PLATFORM,0,0,0,0,0,0,0
venezuela,wilsoncountynews.com,com,GLOBAL,GLOBAL,GLOBAL,PLATFORM,0,0,0,0,0,0,0
venezuela,wjcw.com,com,GLOBAL,GLOBAL,GLOBAL,PLATFORM,0,0,0,0,0,0,0
venezuela,worthplaying.com,com,GLOBAL,GLOBAL,GLOBAL,PLATFORM,0,0,0,0,0,0,0
venezuela,wuky.org,org,GLOBAL,GLOBAL,GLOBAL,PLATFORM,0,0,0,0,0,0,0
venezuela,wwmt.com,com,GLOBAL,GLOBAL,GLOBAL,PLATFORM,0,0,0,0,0,0,0
venezuela,10tv.com,com,GLOBAL,GLOBAL,GLOBAL,PLATFORM,0,0,0,0,0,0,0
venezuela,4bu.com.au,au,AU,East Asia & Pacific,OTHER,PLATFORM,0,0,0,0,0,0,0
venezuela,5newsonline.com,com,GLOBAL,GLOBAL,GLOBAL,PLATFORM,0,0,0,0,0,0,0
venezuela,92moose.fm,fm,NA,NA,OTHER,PLATFORM,0,0,0,0,0,0,0
venezuela,abc12.com,com,GLOBAL,GLOBAL,GLOBAL,PLATFORM,0,0,0,0,0,0,0
venezuela,bayshorebroadcasting.ca,ca,CA,North America,OTHER,PLATFORM,0,0,0,0,0,0,0
venezuela,bomboradyo.com,com,GLOBAL,GLOBAL,GLOBAL,PLATFORM,0,0,0,0,0,0,0
venezuela,britannica.com:443,NA,NA,NA,OTHER,PLATFORM,0,0,0,0,0,0,0
venezuela,cardchronicle.com,com,GLOBAL,GLOBAL,GLOBAL,PLATFORM,0,0,0,0,0,0,0
venezuela,caribjournal.com,com,GLOBAL,GLOBAL,GLOBAL,PLATFORM,0,0,0,0,0,0,0
venezuela,charismanews.com,com,GLOBAL,GLOBAL,GLOBAL,PLATFORM,0,0,0,0,0,0,0
venezuela,chickashanews.com,com,GLOBAL,GLOBAL,GLOBAL,PLATFORM,0,0,0,0,0,0,0
venezuela,chvnradio.com,com,GLOBAL,GLOBAL,GLOBAL,PLATFORM,0,0,0,0,0,0,0
venezuela,cnycentral.com,com,GLOBAL,GLOBAL,GLOBAL,PLATFORM,0,0,0,0,0,0,0
venezuela,coincommunity.com,com,GLOBAL,GLOBAL,GLOBAL,PLATFORM,0,0,0,0,0,0,0
venezuela,conservativehq.com,com,GLOBAL,GLOBAL,GLOBAL,PLATFORM,0,0,0,0,0,0,0
venezuela,daily-journal.com,com,GLOBAL,GLOBAL,GLOBAL,PLATFORM,0,0,0,0,0,0,0
venezuela,dailypost.co.uk,uk,GB,Europe & Central Asia,OTHER,PLATFORM,0,0,0,0,0,0,0
venezuela,dglobe.com,com,GLOBAL,GLOBAL,GLOBAL,PLATFORM,0,0,0,0,0,0,0
venezuela,effinghamdailynews.com,com,GLOBAL,GLOBAL,GLOBAL,PLATFORM,0,0,0,0,0,0,0
venezuela,english.republika.mk,mk,NA,NA,OTHER,PLATFORM,0,0,0,0,0,0,0
venezuela,ewrestlingnews.com,com,GLOBAL,GLOBAL,GLOBAL,PLATFORM,0,0,0,0,0,0,0
venezuela,expressnews.com,com,GLOBAL,GLOBAL,GLOBAL,PLATFORM,0,0,0,0,0,0,0
venezuela,fool.com.au,au,AU,East Asia & Pacific,OTHER,PLATFORM,0,0,0,0,0,0,0
venezuela,freedom970.com,com,GLOBAL,GLOBAL,GLOBAL,PLATFORM,0,0,0,0,0,0,0
venezuela,gazettextra.com,com,GLOBAL,GLOBAL,GLOBAL,PLATFORM,0,0,0,0,0,0,0
venezuela,hamhigh.co.uk,uk,GB,Europe & Central Asia,OTHER,PLATFORM,0,0,0,0,0,0,0
venezuela,hltv.org,org,GLOBAL,GLOBAL,GLOBAL,PLATFORM,0,0,0,0,0,0,0
venezuela,homelandsecuritynewswire.com,com,GLOBAL,GLOBAL,GLOBAL,PLATFORM,0,0,0,0,0,0,0
venezuela,iafrica.com,com,GLOBAL,GLOBAL,GLOBAL,PLATFORM,0,0,0,0,0,0,0
venezuela,jaguars.com,com,GLOBAL,GLOBAL,GLOBAL,PLATFORM,0,0,0,0,0,0,0
venezuela,japantimes.co.jp,jp,JP,East Asia & Pacific,OTHER,PLATFORM,0,0,0,0,0,0,0
venezuela,k2radio.com,com,GLOBAL,GLOBAL,GLOBAL,PLATFORM,0,0,0,0,0,0,0
venezuela,keyc.com,com,GLOBAL,GLOBAL,GLOBAL,PLATFORM,0,0,0,0,0,0,0
venezuela,keyzradio.com,com,GLOBAL,GLOBAL,GLOBAL,PLATFORM,0,0,0,0,0,0,0
venezuela,koka.am,am,NA,NA,OTHER,PLATFORM,0,0,0,0,0,0,0
venezuela,kvia.com,com,GLOBAL,GLOBAL,GLOBAL,PLATFORM,0,0,0,0,0,0,0
venezuela,livemint.com,com,GLOBAL,GLOBAL,GLOBAL,PLATFORM,0,0,0,0,0,0,0
venezuela,lufkindailynews.com,com,GLOBAL,GLOBAL,GLOBAL,PLATFORM,0,0,0,0,0,0,0
venezuela,mapleridgenews.com,com,GLOBAL,GLOBAL,GLOBAL,PLATFORM,0,0,0,0,0,0,0
venezuela,maritime-executive.com,com,GLOBAL,GLOBAL,GLOBAL,PLATFORM,0,0,0,0,0,0,0
venezuela,mb.com.ph,ph,NA,NA,OTHER,PLATFORM,0,0,0,0,0,0,0
venezuela,mewc.org,org,GLOBAL,GLOBAL,GLOBAL,PLATFORM,0,0,0,0,0,0,0
venezuela,mountvernonnews.com,com,GLOBAL,GLOBAL,GLOBAL,PLATFORM,0,0,0,0,0,0,0
venezuela,mtdemocrat.com,com,GLOBAL,GLOBAL,GLOBAL,PLATFORM,0,0,0,0,0,0,0
venezuela,mykiss1031.com,com,GLOBAL,GLOBAL,GLOBAL,PLATFORM,0,0,0,0,0,0,0
venezuela,normantranscript.com,com,GLOBAL,GLOBAL,GLOBAL,PLATFORM,0,0,0,0,0,0,0
venezuela,northernpublicradio.org,org,GLOBAL,GLOBAL,GLOBAL,PLATFORM,0,0,0,0,0,0,0
venezuela,panorama.am,am,NA,NA,OTHER,PLATFORM,0,0,0,0,0,0,0
venezuela,pennrecord.com,com,GLOBAL,GLOBAL,GLOBAL,PLATFORM,0,0,0,0,0,0,0
venezuela,phinphanatic.com,com,GLOBAL,GLOBAL,GLOBAL,PLATFORM,0,0,0,0,0,0,0
venezuela,power96radio.com,com,GLOBAL,GLOBAL,GLOBAL,PLATFORM,0,0,0,0,0,0,0
venezuela,progressive-charlestown.com,com,GLOBAL,GLOBAL,GLOBAL,PLATFORM,0,0,0,0,0,0,0
venezuela,progressiverailroading.com,com,GLOBAL,GLOBAL,GLOBAL,PLATFORM,0,0,0,0,0,0,0
venezuela,radiojamaicanewsonline.com,com,GLOBAL,GLOBAL,GLOBAL,PLATFORM,0,0,0,0,0,0,0
venezuela,rivergrandrapids.com,com,GLOBAL,GLOBAL,GLOBAL,PLATFORM,0,0,0,0,0,0,0
venezuela,somerset-kentucky.com,com,GLOBAL,GLOBAL,GLOBAL,PLATFORM,0,0,0,0,0,0,0
venezuela,stalbertgazette.com,com,GLOBAL,GLOBAL,GLOBAL,PLATFORM,0,0,0,0,0,0,0
venezuela,steinbachonline.com,com,GLOBAL,GLOBAL,GLOBAL,PLATFORM,0,0,0,0,0,0,0
venezuela,stripes.com,com,GLOBAL,GLOBAL,GLOBAL,PLATFORM,0,0,0,0,0,0,0
venezuela,sundayworld.com,com,GLOBAL,GLOBAL,GLOBAL,PLATFORM,0,0,0,0,0,0,0
venezuela,sunny1063.com,com,GLOBAL,GLOBAL,GLOBAL,PLATFORM,0,0,0,0,0,0,0
venezuela,swindonadvertiser.co.uk,uk,GB,Europe & Central Asia,OTHER,PLATFORM,0,0,0,0,0,0,0
venezuela,techcabal.com,com,GLOBAL,GLOBAL,GLOBAL,PLATFORM,0,0,0,0,0,0,0
venezuela,thatballsouttahere.com,com,GLOBAL,GLOBAL,GLOBAL,PLATFORM,0,0,0,0,0,0,0
venezuela,thetimes-tribune.com,com,GLOBAL,GLOBAL,GLOBAL,PLATFORM,0,0,0,0,0,0,0
venezuela,times-series.co.uk,uk,GB,Europe & Central Asia,OTHER,PLATFORM,0,0,0,0,0,0,0
venezuela,universetoday.com,com,GLOBAL,GLOBAL,GLOBAL,PLATFORM,0,0,0,0,0,0,0
venezuela,vanityfair.com,com,GLOBAL,GLOBAL,GLOBAL,PLATFORM,0,0,0,0,0,0,0
venezuela,wclk.com,com,GLOBAL,GLOBAL,GLOBAL,PLATFORM,0,0,0,0,0,0,0
venezuela,wdov.iheart.com,com,GLOBAL,GLOBAL,GLOBAL,PLATFORM,0,0,0,0,0,0,0
venezuela,weartv.com,com,GLOBAL,GLOBAL,GLOBAL,PLATFORM,0,0,0,0,0,0,0
venezuela,wellingtontimes.com.au,au,AU,East Asia & Pacific,OTHER,PLATFORM,0,0,0,0,0,0,0
venezuela,westerntelegraph.co.uk,uk,GB,Europe & Central Asia,OTHER,PLATFORM,0,0,0,0,0,0,0
venezuela,westseattleblog.com,com,GLOBAL,GLOBAL,GLOBAL,PLATFORM,0,0,0,0,0,0,0
venezuela,wfnt.com,com,GLOBAL,GLOBAL,GLOBAL,PLATFORM,0,0,0,0,0,0,0
venezuela,winnipegsun.com,com,GLOBAL,GLOBAL,GLOBAL,PLATFORM,0,0,0,0,0,0,0
venezuela,witl.com,com,GLOBAL,GLOBAL,GLOBAL,PLATFORM,0,0,0,0,0,0,0
venezuela,wkuf.fm,fm,NA,NA,OTHER,PLATFORM,0,0,0,0,0,0,0
venezuela,wosu.org,org,GLOBAL,GLOBAL,GLOBAL,PLATFORM,0,0,0,0,0,0,0
venezuela,wowo.com,com,GLOBAL,GLOBAL,GLOBAL,PLATFORM,0,0,0,0,0,0,0
venezuela,wtkr.com,com,GLOBAL,GLOBAL,GLOBAL,PLATFORM,0,0,0,0,0,0,0
venezuela,wzzm13.com,com,GLOBAL,GLOBAL,GLOBAL,PLATFORM,0,0,0,0,0,0,0
venezuela,y100.iheart.com,com,GLOBAL,GLOBAL,GLOBAL,PLATFORM,0,0,0,0,0,0,0
venezuela,yachtsandyachting.com,com,GLOBAL,GLOBAL,GLOBAL,PLATFORM,0,0,0,0,0,0,0
venezuela,1031wndh.iheart.com,com,GLOBAL,GLOBAL,GLOBAL,PLATFORM,0,0,0,0,0,0,0
venezuela,1049bobfm.iheart.com,com,GLOBAL,GLOBAL,GLOBAL,PLATFORM,0,0,0,0,0,0,0
venezuela,1051kocean.iheart.com,com,GLOBAL,GLOBAL,GLOBAL,PLATFORM,0,0,0,0,0,0,0
venezuela,247ureports.com,com,GLOBAL,GLOBAL,GLOBAL,PLATFORM,0,0,0,0,0,0,0
venezuela,55krc.iheart.com,com,GLOBAL,GLOBAL,GLOBAL,PLATFORM,0,0,0,0,0,0,0
venezuela,600kcol.iheart.com,com,GLOBAL,GLOBAL,GLOBAL,PLATFORM,0,0,0,0,0,0,0
venezuela,943thepoint.com,com,GLOBAL,GLOBAL,GLOBAL,PLATFORM,0,0,0,0,0,0,0
venezuela,943wsc.iheart.com,com,GLOBAL,GLOBAL,GLOBAL,PLATFORM,0,0,0,0,0,0,0
venezuela,955themountain.iheart.com,com,GLOBAL,GLOBAL,GLOBAL,PLATFORM,0,0,0,0,0,0,0
venezuela,95ksj.iheart.com,com,GLOBAL,GLOBAL,GLOBAL,PLATFORM,0,0,0,0,0,0,0
venezuela,99kisscountry.iheart.com,com,GLOBAL,GLOBAL,GLOBAL,PLATFORM,0,0,0,0,0,0,0
venezuela,abc7amarillo.com,com,GLOBAL,GLOBAL,GLOBAL,PLATFORM,0,0,0,0,0,0,0
venezuela,abc7news.com,com,GLOBAL,GLOBAL,GLOBAL,PLATFORM,0,0,0,0,0,0,0
venezuela,abcactionnews.com,com,GLOBAL,GLOBAL,GLOBAL,PLATFORM,0,0,0,0,0,0,0
venezuela,accountingtoday.com,com,GLOBAL,GLOBAL,GLOBAL,PLATFORM,0,0,0,0,0,0,0
venezuela,ajot.com,com,GLOBAL,GLOBAL,GLOBAL,PLATFORM,0,0,0,0,0,0,0
venezuela,allafrica.com,com,GLOBAL,GLOBAL,GLOBAL,PLATFORM,0,0,0,0,0,0,0
venezuela,allhiphop.com,com,GLOBAL,GLOBAL,GLOBAL,PLATFORM,0,0,0,0,0,0,0
venezuela,altaz933.com,com,GLOBAL,GLOBAL,GLOBAL,PLATFORM,0,0,0,0,0,0,0
venezuela,appleinsider.com,com,GLOBAL,GLOBAL,GLOBAL,PLATFORM,0,0,0,0,0,0,0
venezuela,applevalleynewsnow.com,com,GLOBAL,GLOBAL,GLOBAL,PLATFORM,0,0,0,0,0,0,0
venezuela,bahamaspress.com,com,GLOBAL,GLOBAL,GLOBAL,PLATFORM,0,0,0,0,0,0,0
venezuela,basingstokegazette.co.uk,uk,GB,Europe & Central Asia,OTHER,PLATFORM,0,0,0,0,0,0,0
venezuela,begadistrictnews.com.au,au,AU,East Asia & Pacific,OTHER,PLATFORM,0,0,0,0,0,0,0
venezuela,bendbulletin.com,com,GLOBAL,GLOBAL,GLOBAL,PLATFORM,0,0,0,0,0,0,0
venezuela,bigcountry995.com,com,GLOBAL,GLOBAL,GLOBAL,PLATFORM,0,0,0,0,0,0,0
venezuela,bull1057.iheart.com,com,GLOBAL,GLOBAL,GLOBAL,PLATFORM,0,0,0,0,0,0,0
venezuela,buzznet.com,com,GLOBAL,GLOBAL,GLOBAL,PLATFORM,0,0,0,0,0,0,0
venezuela,climatechangedispatch.com,com,GLOBAL,GLOBAL,GLOBAL,PLATFORM,0,0,0,0,0,0,0
venezuela,dailysach.in,in,IN,South Asia,OTHER,PLATFORM,0,0,0,0,0,0,0
venezuela,dnyuz.com,com,GLOBAL,GLOBAL,GLOBAL,PLATFORM,0,0,0,0,0,0,0
venezuela,downeys.co.uk,uk,GB,Europe & Central Asia,OTHER,PLATFORM,0,0,0,0,0,0,0
venezuela,durhamregion.com,com,GLOBAL,GLOBAL,GLOBAL,PLATFORM,0,0,0,0,0,0,0
venezuela,eagledayton.com,com,GLOBAL,GLOBAL,GLOBAL,PLATFORM,0,0,0,0,0,0,0
venezuela,elpasoinc.com,com,GLOBAL,GLOBAL,GLOBAL,PLATFORM,0,0,0,0,0,0,0
venezuela,en.apa.az,az,NA,NA,OTHER,PLATFORM,0,0,0,0,0,0,0
venezuela,en.mercopress.com,com,GLOBAL,GLOBAL,GLOBAL,PLATFORM,0,0,0,0,0,0,0
venezuela,en.yna.co.kr,kr,KR,East Asia & Pacific,OTHER,PLATFORM,0,0,0,0,0,0,0
venezuela,erwinrecord.net,net,GLOBAL,GLOBAL,GLOBAL,PLATFORM,0,0,0,0,0,0,0
venezuela,forums.appleinsider.com,com,GLOBAL,GLOBAL,GLOBAL,PLATFORM,0,0,0,0,0,0,0
venezuela,foxie105fm.com,com,GLOBAL,GLOBAL,GLOBAL,PLATFORM,0,0,0,0,0,0,0
venezuela,frontpageafricaonline.com,com,GLOBAL,GLOBAL,GLOBAL,PLATFORM,0,0,0,0,0,0,0
venezuela,gdnonline.com:443,NA,NA,NA,OTHER,PLATFORM,0,0,0,0,0,0,0
venezuela,gillettenewsrecord.com,com,GLOBAL,GLOBAL,GLOBAL,PLATFORM,0,0,0,0,0,0,0
venezuela,gov.uk,uk,GB,Europe & Central Asia,OTHER,PLATFORM,0,0,0,0,0,0,0
venezuela,greystar.co.nz,nz,NZ,East Asia & Pacific,OTHER,PLATFORM,0,0,0,0,0,0,0
venezuela,harrowtimes.co.uk,uk,GB,Europe & Central Asia,OTHER,PLATFORM,0,0,0,0,0,0,0
venezuela,hellenicshippingnews.com,com,GLOBAL,GLOBAL,GLOBAL,PLATFORM,0,0,0,0,0,0,0
venezuela,heraldcourier.com,com,GLOBAL,GLOBAL,GLOBAL,PLATFORM,0,0,0,0,0,0,0
venezuela,hits957.iheart.com,com,GLOBAL,GLOBAL,GLOBAL,PLATFORM,0,0,0,0,0,0,0
venezuela,houstonpress.com,com,GLOBAL,GLOBAL,GLOBAL,PLATFORM,0,0,0,0,0,0,0
venezuela,howtogeek.com,com,GLOBAL,GLOBAL,GLOBAL,PLATFORM,0,0,0,0,0,0,0
venezuela,humanevents.com,com,GLOBAL,GLOBAL,GLOBAL,PLATFORM,0,0,0,0,0,0,0
venezuela,ilcittadinoonline.it,it,IT,Europe & Central Asia,OTHER,PLATFORM,0,0,0,0,0,0,0
venezuela,industrialinfo.com,com,GLOBAL,GLOBAL,GLOBAL,PLATFORM,0,0,0,0,0,0,0
venezuela,investmentexecutive.com,com,GLOBAL,GLOBAL,GLOBAL,PLATFORM,0,0,0,0,0,0,0
venezuela,irrigator.com.au,au,AU,East Asia & Pacific,OTHER,PLATFORM,0,0,0,0,0,0,0
venezuela,jamestownsun.com,com,GLOBAL,GLOBAL,GLOBAL,PLATFORM,0,0,0,0,0,0,0
venezuela,journal-topics.com,com,GLOBAL,GLOBAL,GLOBAL,PLATFORM,0,0,0,0,0,0,0
venezuela,juniorminingnetwork.com,com,GLOBAL,GLOBAL,GLOBAL,PLATFORM,0,0,0,0,0,0,0
venezuela,k101fm.net,net,GLOBAL,GLOBAL,GLOBAL,PLATFORM,0,0,0,0,0,0,0
venezuela,kansascityhomes.com,com,GLOBAL,GLOBAL,GLOBAL,PLATFORM,0,0,0,0,0,0,0
venezuela,kcbd.com,com,GLOBAL,GLOBAL,GLOBAL,PLATFORM,0,0,0,0,0,0,0
venezuela,kcby.com,com,GLOBAL,GLOBAL,GLOBAL,PLATFORM,0,0,0,0,0,0,0
venezuela,kisslima.iheart.com,com,GLOBAL,GLOBAL,GLOBAL,PLATFORM,0,0,0,0,0,0,0
venezuela,knoxvilledailysun.com,com,GLOBAL,GLOBAL,GLOBAL,PLATFORM,0,0,0,0,0,0,0
venezuela,kool965.com,com,GLOBAL,GLOBAL,GLOBAL,PLATFORM,0,0,0,0,0,0,0
venezuela,kool973.com,com,GLOBAL,GLOBAL,GLOBAL,PLATFORM,0,0,0,0,0,0,0
venezuela,ktxs.com,com,GLOBAL,GLOBAL,GLOBAL,PLATFORM,0,0,0,0,0,0,0
venezuela,kxy.iheart.com,com,GLOBAL,GLOBAL,GLOBAL,PLATFORM,0,0,0,0,0,0,0
venezuela,lichfieldlive.co.uk,uk,GB,Europe & Central Asia,OTHER,PLATFORM,0,0,0,0,0,0,0
venezuela,lonestarball.com,com,GLOBAL,GLOBAL,GLOBAL,PLATFORM,0,0,0,0,0,0,0
venezuela,louisianaradionetwork.com,com,GLOBAL,GLOBAL,GLOBAL,PLATFORM,0,0,0,0,0,0,0
venezuela,maciverinstitute.com,com,GLOBAL,GLOBAL,GLOBAL,PLATFORM,0,0,0,0,0,0,0
venezuela,mfa.gov.tr,tr,TR,Europe & Central Asia,OTHER,PLATFORM,0,0,0,0,0,0,0
venezuela,militaryschool.com,com,GLOBAL,GLOBAL,GLOBAL,PLATFORM,0,0,0,0,0,0,0
venezuela,mix941.com,com,GLOBAL,GLOBAL,GLOBAL,PLATFORM,0,0,0,0,0,0,0
venezuela,mobilesyrup.com,com,GLOBAL,GLOBAL,GLOBAL,PLATFORM,0,0,0,0,0,0,0
venezuela,nationalpost.com,com,GLOBAL,GLOBAL,GLOBAL,PLATFORM,0,0,0,0,0,0,0
venezuela,ncregister.com,com,GLOBAL,GLOBAL,GLOBAL,PLATFORM,0,0,0,0,0,0,0
venezuela,nerdist.com,com,GLOBAL,GLOBAL,GLOBAL,PLATFORM,0,0,0,0,0,0,0
venezuela,newschannel6now.com,com,GLOBAL,GLOBAL,GLOBAL,PLATFORM,0,0,0,0,0,0,0
venezuela,nhpbs.org,org,GLOBAL,GLOBAL,GLOBAL,PLATFORM,0,0,0,0,0,0,0
venezuela,nj1015.com,com,GLOBAL,GLOBAL,GLOBAL,PLATFORM,0,0,0,0,0,0,0
venezuela,nny360.com,com,GLOBAL,GLOBAL,GLOBAL,PLATFORM,0,0,0,0,0,0,0
venezuela,northwalespioneer.co.uk,uk,GB,Europe & Central Asia,OTHER,PLATFORM,0,0,0,0,0,0,0
venezuela,obituaries.somerset-kentucky.com,com,GLOBAL,GLOBAL,GLOBAL,PLATFORM,0,0,0,0,0,0,0
venezuela,odditycentral.com,com,GLOBAL,GLOBAL,GLOBAL,PLATFORM,0,0,0,0,0,0,0
venezuela,orangeville.com,com,GLOBAL,GLOBAL,GLOBAL,PLATFORM,0,0,0,0,0,0,0
venezuela,outdoornews.com,com,GLOBAL,GLOBAL,GLOBAL,PLATFORM,0,0,0,0,0,0,0
venezuela,patrickruffini.com,com,GLOBAL,GLOBAL,GLOBAL,PLATFORM,0,0,0,0,0,0,0
venezuela,peterboroughtoday.co.uk,uk,GB,Europe & Central Asia,OTHER,PLATFORM,0,0,0,0,0,0,0
venezuela,pressenza.com,com,GLOBAL,GLOBAL,GLOBAL,PLATFORM,0,0,0,0,0,0,0
venezuela,princegeorgecitizen.com,com,GLOBAL,GLOBAL,GLOBAL,PLATFORM,0,0,0,0,0,0,0
venezuela,ripcityproject.com,com,GLOBAL,GLOBAL,GLOBAL,PLATFORM,0,0,0,0,0,0,0
venezuela,rock921.iheart.com,com,GLOBAL,GLOBAL,GLOBAL,PLATFORM,0,0,0,0,0,0,0
venezuela,sacurrent.com,com,GLOBAL,GLOBAL,GLOBAL,PLATFORM,0,0,0,0,0,0,0
venezuela,sanantoniomag.com,com,GLOBAL,GLOBAL,GLOBAL,PLATFORM,0,0,0,0,0,0,0
venezuela,seaforthhuronexpositor.com:443,NA,NA,NA,OTHER,PLATFORM,0,0,0,0,0,0,0
venezuela,silverandblackpride.com,com,GLOBAL,GLOBAL,GLOBAL,PLATFORM,0,0,0,0,0,0,0
venezuela,simcoe.com,com,GLOBAL,GLOBAL,GLOBAL,PLATFORM,0,0,0,0,0,0,0
venezuela,slashgear.com,com,GLOBAL,GLOBAL,GLOBAL,PLATFORM,0,0,0,0,0,0,0
venezuela,sluggerotoole.com,com,GLOBAL,GLOBAL,GLOBAL,PLATFORM,0,0,0,0,0,0,0
venezuela,smdailyjournal.com,com,GLOBAL,GLOBAL,GLOBAL,PLATFORM,0,0,0,0,0,0,0
venezuela,sookenewsmirror.com,com,GLOBAL,GLOBAL,GLOBAL,PLATFORM,0,0,0,0,0,0,0
venezuela,spacedaily.com,com,GLOBAL,GLOBAL,GLOBAL,PLATFORM,0,0,0,0,0,0,0
venezuela,star945.com,com,GLOBAL,GLOBAL,GLOBAL,PLATFORM,0,0,0,0,0,0,0
venezuela,statejournal.com,com,GLOBAL,GLOBAL,GLOBAL,PLATFORM,0,0,0,0,0,0,0
venezuela,stlamerican.com,com,GLOBAL,GLOBAL,GLOBAL,PLATFORM,0,0,0,0,0,0,0
venezuela,strategypage.com,com,GLOBAL,GLOBAL,GLOBAL,PLATFORM,0,0,0,0,0,0,0
venezuela,swimswam.com,com,GLOBAL,GLOBAL,GLOBAL,PLATFORM,0,0,0,0,0,0,0
venezuela,taftmidwaydriller.com,com,GLOBAL,GLOBAL,GLOBAL,PLATFORM,0,0,0,0,0,0,0
venezuela,tennesseetitans.com,com,GLOBAL,GLOBAL,GLOBAL,PLATFORM,0,0,0,0,0,0,0
venezuela,the-messenger.com,com,GLOBAL,GLOBAL,GLOBAL,PLATFORM,0,0,0,0,0,0,0
venezuela,theeagleonline.com.ng,ng,NG,Sub-Saharan Africa,AFRICA,PLATFORM,0,0,0,0,0,0,0
venezuela,theifp.ca,ca,CA,North America,OTHER,PLATFORM,0,0,0,0,0,0,0
venezuela,thesalemnewsonline.com,com,GLOBAL,GLOBAL,GLOBAL,PLATFORM,0,0,0,0,0,0,0
venezuela,thetidenewsonline.com,com,GLOBAL,GLOBAL,GLOBAL,PLATFORM,0,0,0,0,0,0,0
venezuela,thewave.ca,ca,CA,North America,OTHER,PLATFORM,0,0,0,0,0,0,0
venezuela,timesleader.com,com,GLOBAL,GLOBAL,GLOBAL,PLATFORM,0,0,0,0,0,0,0
venezuela,trinidadexpress.com,com,GLOBAL,GLOBAL,GLOBAL,PLATFORM,0,0,0,0,0,0,0
venezuela,trucknews.com,com,GLOBAL,GLOBAL,GLOBAL,PLATFORM,0,0,0,0,0,0,0
venezuela,ukiahdailyjournal.com,com,GLOBAL,GLOBAL,GLOBAL,PLATFORM,0,0,0,0,0,0,0
venezuela,uproxx.com,com,GLOBAL,GLOBAL,GLOBAL,PLATFORM,0,0,0,0,0,0,0
venezuela,vanderbilthustler.com,com,GLOBAL,GLOBAL,GLOBAL,PLATFORM,0,0,0,0,0,0,0
venezuela,veranda.com,com,GLOBAL,GLOBAL,GLOBAL,PLATFORM,0,0,0,0,0,0,0
venezuela,vernonmorningstar.com,com,GLOBAL,GLOBAL,GLOBAL,PLATFORM,0,0,0,0,0,0,0
venezuela,waaytv.com,com,GLOBAL,GLOBAL,GLOBAL,PLATFORM,0,0,0,0,0,0,0
venezuela,wacotrib.com,com,GLOBAL,GLOBAL,GLOBAL,PLATFORM,0,0,0,0,0,0,0
venezuela,wbaa.org,org,GLOBAL,GLOBAL,GLOBAL,PLATFORM,0,0,0,0,0,0,0
venezuela,wellington.scoop.co.nz,nz,NZ,East Asia & Pacific,OTHER,PLATFORM,0,0,0,0,0,0,0
venezuela,westernnebraskaobserver.net,net,GLOBAL,GLOBAL,GLOBAL,PLATFORM,0,0,0,0,0,0,0
venezuela,wfmj.com,com,GLOBAL,GLOBAL,GLOBAL,PLATFORM,0,0,0,0,0,0,0
venezuela,wftw.com,com,GLOBAL,GLOBAL,GLOBAL,PLATFORM,0,0,0,0,0,0,0
venezuela,wgmz.iheart.com,com,GLOBAL,GLOBAL,GLOBAL,PLATFORM,0,0,0,0,0,0,0
venezuela,whatech.com,com,GLOBAL,GLOBAL,GLOBAL,PLATFORM,0,0,0,0,0,0,0
venezuela,wjactv.com,com,GLOBAL,GLOBAL,GLOBAL,PLATFORM,0,0,0,0,0,0,0
venezuela,wral.com,com,GLOBAL,GLOBAL,GLOBAL,PLATFORM,0,0,0,0,0,0,0
venezuela,xtra99.com,com,GLOBAL,GLOBAL,GLOBAL,PLATFORM,0,0,0,0,0,0,0
venezuela,yakimaherald.com,com,GLOBAL,GLOBAL,GLOBAL,PLATFORM,0,0,0,0,0,0,0
venezuela,ynetnews.com,com,GLOBAL,GLOBAL,GLOBAL,PLATFORM,0,0,0,0,0,0,0
venezuela,yumasun.com,com,GLOBAL,GLOBAL,GLOBAL,PLATFORM,0,0,0,0,0,0,0
venezuela,1015hankfm.com,com,GLOBAL,GLOBAL,GLOBAL,PLATFORM,0,0,0,0,0,0,0
venezuela,103wjod.com,com,GLOBAL,GLOBAL,GLOBAL,PLATFORM,0,0,0,0,0,0,0
venezuela,92q.com,com,GLOBAL,GLOBAL,GLOBAL,PLATFORM,0,0,0,0,0,0,0
venezuela,977theriver.com,com,GLOBAL,GLOBAL,GLOBAL,PLATFORM,0,0,0,0,0,0,0
venezuela,9yan.jose947.com,com,GLOBAL,GLOBAL,GLOBAL,PLATFORM,0,0,0,0,0,0,0
venezuela,archdaily.com,com,GLOBAL,GLOBAL,GLOBAL,PLATFORM,0,0,0,0,0,0,0
venezuela,batemansbaypost.com.au,au,AU,East Asia & Pacific,OTHER,PLATFORM,0,0,0,0,0,0,0
venezuela,bernews.com,com,GLOBAL,GLOBAL,GLOBAL,PLATFORM,0,0,0,0,0,0,0
venezuela,bjpenn.com,com,GLOBAL,GLOBAL,GLOBAL,PLATFORM,0,0,0,0,0,0,0
venezuela,bleedingheartland.com,com,GLOBAL,GLOBAL,GLOBAL,PLATFORM,0,0,0,0,0,0,0
venezuela,bournemouthecho.co.uk,uk,GB,Europe & Central Asia,OTHER,PLATFORM,0,0,0,0,0,0,0
venezuela,bqr.jose947.com,com,GLOBAL,GLOBAL,GLOBAL,PLATFORM,0,0,0,0,0,0,0
venezuela,castanetkamloops.net,net,GLOBAL,GLOBAL,GLOBAL,PLATFORM,0,0,0,0,0,0,0
venezuela,cavalierdaily.com,com,GLOBAL,GLOBAL,GLOBAL,PLATFORM,0,0,0,0,0,0,0
venezuela,caymannewsservice.com,com,GLOBAL,GLOBAL,GLOBAL,PLATFORM,0,0,0,0,0,0,0
venezuela,chinadigitaltimes.net,net,GLOBAL,GLOBAL,GLOBAL,PLATFORM,0,0,0,0,0,0,0
venezuela,clarkesworldmagazine.com,com,GLOBAL,GLOBAL,GLOBAL,PLATFORM,0,0,0,0,0,0,0
venezuela,clevelandbrowns.com,com,GLOBAL,GLOBAL,GLOBAL,PLATFORM,0,0,0,0,0,0,0
venezuela,cnb.cz,cz,NA,NA,OTHER,PLATFORM,0,0,0,0,0,0,0
venezuela,cochranetimes.com:443,NA,NA,NA,OTHER,PLATFORM,0,0,0,0,0,0,0
venezuela,cracked.com,com,GLOBAL,GLOBAL,GLOBAL,PLATFORM,0,0,0,0,0,0,0
venezuela,dailybruin.com,com,GLOBAL,GLOBAL,GLOBAL,PLATFORM,0,0,0,0,0,0,0
venezuela,dailyindependent.com,com,GLOBAL,GLOBAL,GLOBAL,PLATFORM,0,0,0,0,0,0,0
venezuela,davisenterprise.com,com,GLOBAL,GLOBAL,GLOBAL,PLATFORM,0,0,0,0,0,0,0
venezuela,dawsonnews.com,com,GLOBAL,GLOBAL,GLOBAL,PLATFORM,0,0,0,0,0,0,0
venezuela,donegallive.ie,ie,NA,NA,OTHER,PLATFORM,0,0,0,0,0,0,0
venezuela,eshm.jose947.com,com,GLOBAL,GLOBAL,GLOBAL,PLATFORM,0,0,0,0,0,0,0
venezuela,fox10phoenix.com,com,GLOBAL,GLOBAL,GLOBAL,PLATFORM,0,0,0,0,0,0,0
venezuela,fox4news.com,com,GLOBAL,GLOBAL,GLOBAL,PLATFORM,0,0,0,0,0,0,0
venezuela,fox4now.com,com,GLOBAL,GLOBAL,GLOBAL,PLATFORM,0,0,0,0,0,0,0
venezuela,fremonttribune.com,com,GLOBAL,GLOBAL,GLOBAL,PLATFORM,0,0,0,0,0,0,0
venezuela,harwichandmanningtreestandard.co.uk,uk,GB,Europe & Central Asia,OTHER,PLATFORM,0,0,0,0,0,0,0
venezuela,highlandcountypress.com,com,GLOBAL,GLOBAL,GLOBAL,PLATFORM,0,0,0,0,0,0,0
venezuela,hoopshype.com,com,GLOBAL,GLOBAL,GLOBAL,PLATFORM,0,0,0,0,0,0,0
venezuela,hot1079.iheart.com,com,GLOBAL,GLOBAL,GLOBAL,PLATFORM,0,0,0,0,0,0,0
venezuela,hotspotatl.com,com,GLOBAL,GLOBAL,GLOBAL,PLATFORM,0,0,0,0,0,0,0
venezuela,houstonherald.com,com,GLOBAL,GLOBAL,GLOBAL,PLATFORM,0,0,0,0,0,0,0
venezuela,hudsonreporter.com,com,GLOBAL,GLOBAL,GLOBAL,PLATFORM,0,0,0,0,0,0,0
venezuela,i7t4.jose947.com,com,GLOBAL,GLOBAL,GLOBAL,PLATFORM,0,0,0,0,0,0,0
venezuela,insidehalton.com,com,GLOBAL,GLOBAL,GLOBAL,PLATFORM,0,0,0,0,0,0,0
venezuela,jagranjosh.com,com,GLOBAL,GLOBAL,GLOBAL,PLATFORM,0,0,0,0,0,0,0
venezuela,jalopnik.com,com,GLOBAL,GLOBAL,GLOBAL,PLATFORM,0,0,0,0,0,0,0
venezuela,kfilradio.com,com,GLOBAL,GLOBAL,GLOBAL,PLATFORM,0,0,0,0,0,0,0
venezuela,kfoxtv.com,com,GLOBAL,GLOBAL,GLOBAL,PLATFORM,0,0,0,0,0,0,0
venezuela,kink.fm,fm,NA,NA,OTHER,PLATFORM,0,0,0,0,0,0,0
venezuela,kiwaradio.com,com,GLOBAL,GLOBAL,GLOBAL,PLATFORM,0,0,0,0,0,0,0
venezuela,klif.com,com,GLOBAL,GLOBAL,GLOBAL,PLATFORM,0,0,0,0,0,0,0
venezuela,koolfmabilene.com,com,GLOBAL,GLOBAL,GLOBAL,PLATFORM,0,0,0,0,0,0,0
venezuela,kuic.com,com,GLOBAL,GLOBAL,GLOBAL,PLATFORM,0,0,0,0,0,0,0
venezuela,kwiq.com,com,GLOBAL,GLOBAL,GLOBAL,PLATFORM,0,0,0,0,0,0,0
venezuela,kwtx.com,com,GLOBAL,GLOBAL,GLOBAL,PLATFORM,0,0,0,0,0,0,0
venezuela,kygl.com,com,GLOBAL,GLOBAL,GLOBAL,PLATFORM,0,0,0,0,0,0,0
venezuela,lake1023.iheart.com,com,GLOBAL,GLOBAL,GLOBAL,PLATFORM,0,0,0,0,0,0,0
venezuela,landrovercary.com,com,GLOBAL,GLOBAL,GLOBAL,PLATFORM,0,0,0,0,0,0,0
venezuela,livesaildie.com,com,GLOBAL,GLOBAL,GLOBAL,PLATFORM,0,0,0,0,0,0,0
venezuela,local10.com,com,GLOBAL,GLOBAL,GLOBAL,PLATFORM,0,0,0,0,0,0,0
venezuela,massachusettsnewswire.com,com,GLOBAL,GLOBAL,GLOBAL,PLATFORM,0,0,0,0,0,0,0
venezuela,morningjournal.com,com,GLOBAL,GLOBAL,GLOBAL,PLATFORM,0,0,0,0,0,0,0
venezuela,murrayvalleystandard.com.au,au,AU,East Asia & Pacific,OTHER,PLATFORM,0,0,0,0,0,0,0
venezuela,mv-voice.com,com,GLOBAL,GLOBAL,GLOBAL,PLATFORM,0,0,0,0,0,0,0
venezuela,navhindtimes.in,in,IN,South Asia,OTHER,PLATFORM,0,0,0,0,0,0,0
venezuela,ncnewsonline.com,com,GLOBAL,GLOBAL,GLOBAL,PLATFORM,0,0,0,0,0,0,0
venezuela,netflixlife.com,com,GLOBAL,GLOBAL,GLOBAL,PLATFORM,0,0,0,0,0,0,0
venezuela,obituaries.dailyindependent.com,com,GLOBAL,GLOBAL,GLOBAL,PLATFORM,0,0,0,0,0,0,0
venezuela,obituaries.niagara-gazette.com,com,GLOBAL,GLOBAL,GLOBAL,PLATFORM,0,0,0,0,0,0,0
venezuela,ok.co.uk,uk,GB,Europe & Central Asia,OTHER,PLATFORM,0,0,0,0,0,0,0
venezuela,playbill.com,com,GLOBAL,GLOBAL,GLOBAL,PLATFORM,0,0,0,0,0,0,0
venezuela,pluggedin.com,com,GLOBAL,GLOBAL,GLOBAL,PLATFORM,0,0,0,0,0,0,0
venezuela,portal.sina.com.hk,hk,NA,NA,OTHER,PLATFORM,0,0,0,0,0,0,0
venezuela,pressreporter.com,com,GLOBAL,GLOBAL,GLOBAL,PLATFORM,0,0,0,0,0,0,0
venezuela,presstelegram.com,com,GLOBAL,GLOBAL,GLOBAL,PLATFORM,0,0,0,0,0,0,0
venezuela,pymnts.com,com,GLOBAL,GLOBAL,GLOBAL,PLATFORM,0,0,0,0,0,0,0
venezuela,qcsunonline.com,com,GLOBAL,GLOBAL,GLOBAL,PLATFORM,0,0,0,0,0,0,0
venezuela,rollbamaroll.com,com,GLOBAL,GLOBAL,GLOBAL,PLATFORM,0,0,0,0,0,0,0
venezuela,scarletandgame.com,com,GLOBAL,GLOBAL,GLOBAL,PLATFORM,0,0,0,0,0,0,0
venezuela,scotusblog.com,com,GLOBAL,GLOBAL,GLOBAL,PLATFORM,0,0,0,0,0,0,0
venezuela,speedcafe.com,com,GLOBAL,GLOBAL,GLOBAL,PLATFORM,0,0,0,0,0,0,0
venezuela,swiftcurrentonline.com,com,GLOBAL,GLOBAL,GLOBAL,PLATFORM,0,0,0,0,0,0,0
venezuela,thehill.com,com,GLOBAL,GLOBAL,GLOBAL,PLATFORM,0,0,0,0,0,0,0
venezuela,thenewdaily.com.au,au,AU,East Asia & Pacific,OTHER,PLATFORM,0,0,0,0,0,0,0
venezuela,thesudburystar.com:443,NA,NA,NA,OTHER,PLATFORM,0,0,0,0,0,0,0
venezuela,thurrockgazette.co.uk,uk,GB,Europe & Central Asia,OTHER,PLATFORM,0,0,0,0,0,0,0
venezuela,warwickadvertiser.com,com,GLOBAL,GLOBAL,GLOBAL,PLATFORM,0,0,0,0,0,0,0
venezuela,wcfcourier.com,com,GLOBAL,GLOBAL,GLOBAL,PLATFORM,0,0,0,0,0,0,0
venezuela,weatherforddemocrat.com,com,GLOBAL,GLOBAL,GLOBAL,PLATFORM,0,0,0,0,0,0,0
venezuela,windowstorussia.com,com,GLOBAL,GLOBAL,GLOBAL,PLATFORM,0,0,0,0,0,0,0
venezuela,windsorstar.com:443,NA,NA,NA,OTHER,PLATFORM,0,0,0,0,0,0,0
venezuela,wrgc.com,com,GLOBAL,GLOBAL,GLOBAL,PLATFORM,0,0,0,0,0,0,0
venezuela,wsiltv.com,com,GLOBAL,GLOBAL,GLOBAL,PLATFORM,0,0,0,0,0,0,0
venezuela,3ba.com.au,au,AU,East Asia & Pacific,OTHER,PLATFORM,0,0,0,0,0,0,0
venezuela,965kvki.com,com,GLOBAL,GLOBAL,GLOBAL,PLATFORM,0,0,0,0,0,0,0
venezuela,adventistworld.org,org,GLOBAL,GLOBAL,GLOBAL,PLATFORM,0,0,0,0,0,0,0
venezuela,americanthinker.com,com,GLOBAL,GLOBAL,GLOBAL,PLATFORM,0,0,0,0,0,0,0
venezuela,athens-times.com,com,GLOBAL,GLOBAL,GLOBAL,PLATFORM,0,0,0,0,0,0,0
venezuela,atlantanewsfirst.com,com,GLOBAL,GLOBAL,GLOBAL,PLATFORM,0,0,0,0,0,0,0
venezuela,b93.net,net,GLOBAL,GLOBAL,GLOBAL,PLATFORM,0,0,0,0,0,0,0
venezuela,blackandteal.com,com,GLOBAL,GLOBAL,GLOBAL,PLATFORM,0,0,0,0,0,0,0
venezuela,buckys5thquarter.com,com,GLOBAL,GLOBAL,GLOBAL,PLATFORM,0,0,0,0,0,0,0
venezuela,bulawayo24.com,com,GLOBAL,GLOBAL,GLOBAL,PLATFORM,0,0,0,0,0,0,0
venezuela,chathamstartribune.com,com,GLOBAL,GLOBAL,GLOBAL,PLATFORM,0,0,0,0,0,0,0
venezuela,choteauacantha.com,com,GLOBAL,GLOBAL,GLOBAL,PLATFORM,0,0,0,0,0,0,0
venezuela,club937.com,com,GLOBAL,GLOBAL,GLOBAL,PLATFORM,0,0,0,0,0,0,0
venezuela,cochranetimespost.ca:443,NA,NA,NA,OTHER,PLATFORM,0,0,0,0,0,0,0
venezuela,coladaily.com,com,GLOBAL,GLOBAL,GLOBAL,PLATFORM,0,0,0,0,0,0,0
venezuela,countypress.co.uk,uk,GB,Europe & Central Asia,OTHER,PLATFORM,0,0,0,0,0,0,0
venezuela,crookwellgazette.com.au,au,AU,East Asia & Pacific,OTHER,PLATFORM,0,0,0,0,0,0,0
venezuela,dailydemocrat.com,com,GLOBAL,GLOBAL,GLOBAL,PLATFORM,0,0,0,0,0,0,0
venezuela,denbighshirefreepress.co.uk,uk,GB,Europe & Central Asia,OTHER,PLATFORM,0,0,0,0,0,0,0
venezuela,destructoid.com,com,GLOBAL,GLOBAL,GLOBAL,PLATFORM,0,0,0,0,0,0,0
venezuela,dissexpress.co.uk,uk,GB,Europe & Central Asia,OTHER,PLATFORM,0,0,0,0,0,0,0
venezuela,edmontonexaminer.com:443,NA,NA,NA,OTHER,PLATFORM,0,0,0,0,0,0,0
venezuela,edmontonjournal.com:443,NA,NA,NA,OTHER,PLATFORM,0,0,0,0,0,0,0
venezuela,energeticcity.ca,ca,CA,North America,OTHER,PLATFORM,0,0,0,0,0,0,0
venezuela,fenlandcitizen.co.uk,uk,GB,Europe & Central Asia,OTHER,PLATFORM,0,0,0,0,0,0,0
venezuela,fitsnews.com,com,GLOBAL,GLOBAL,GLOBAL,PLATFORM,0,0,0,0,0,0,0
venezuela,foxla.com,com,GLOBAL,GLOBAL,GLOBAL,PLATFORM,0,0,0,0,0,0,0
venezuela,foxrochester.com,com,GLOBAL,GLOBAL,GLOBAL,PLATFORM,0,0,0,0,0,0,0
venezuela,ghanaweb.com,com,GLOBAL,GLOBAL,GLOBAL,PLATFORM,0,0,0,0,0,0,0
venezuela,globalreinsurance.com,com,GLOBAL,GLOBAL,GLOBAL,PLATFORM,0,0,0,0,0,0,0
venezuela,haaretz.com,com,GLOBAL,GLOBAL,GLOBAL,PLATFORM,0,0,0,0,0,0,0
venezuela,harringayonline.com,com,GLOBAL,GLOBAL,GLOBAL,PLATFORM,0,0,0,0,0,0,0
venezuela,health.wusf.usf.edu,edu,NA,NA,OTHER,PLATFORM,0,0,0,0,0,0,0
venezuela,iwradio.co.uk,uk,GB,Europe & Central Asia,OTHER,PLATFORM,0,0,0,0,0,0,0
venezuela,kdrv.com,com,GLOBAL,GLOBAL,GLOBAL,PLATFORM,0,0,0,0,0,0,0
venezuela,kingdomfm.co.uk,uk,GB,Europe & Central Asia,OTHER,PLATFORM,0,0,0,0,0,0,0
venezuela,krock.com.au,au,AU,East Asia & Pacific,OTHER,PLATFORM,0,0,0,0,0,0,0
venezuela,leicestermercury.co.uk,uk,GB,Europe & Central Asia,OTHER,PLATFORM,0,0,0,0,0,0,0
venezuela,liturgy.co.nz,nz,NZ,East Asia & Pacific,OTHER,PLATFORM,0,0,0,0,0,0,0
venezuela,matr.net,net,GLOBAL,GLOBAL,GLOBAL,PLATFORM,0,0,0,0,0,0,0
venezuela,mediapost.com,com,GLOBAL,GLOBAL,GLOBAL,PLATFORM,0,0,0,0,0,0,0
venezuela,naroomanewsonline.com.au,au,AU,East Asia & Pacific,OTHER,PLATFORM,0,0,0,0,0,0,0
venezuela,news-expressky.com,com,GLOBAL,GLOBAL,GLOBAL,PLATFORM,0,0,0,0,0,0,0
venezuela,ninersnation.com,com,GLOBAL,GLOBAL,GLOBAL,PLATFORM,0,0,0,0,0,0,0
venezuela,nipawinjournal.com:443,NA,NA,NA,OTHER,PLATFORM,0,0,0,0,0,0,0
venezuela,ocj.com,com,GLOBAL,GLOBAL,GLOBAL,PLATFORM,0,0,0,0,0,0,0
venezuela,oedigital.com,com,GLOBAL,GLOBAL,GLOBAL,PLATFORM,0,0,0,0,0,0,0
venezuela,ottawasun.com,com,GLOBAL,GLOBAL,GLOBAL,PLATFORM,0,0,0,0,0,0,0
venezuela,owensoundsuntimes.com:443,NA,NA,NA,OTHER,PLATFORM,0,0,0,0,0,0,0
venezuela,prrecordgazette.com:443,NA,NA,NA,OTHER,PLATFORM,0,0,0,0,0,0,0
venezuela,publishersweekly.com:443,NA,NA,NA,OTHER,PLATFORM,0,0,0,0,0,0,0
venezuela,putnamsentinel.com,com,GLOBAL,GLOBAL,GLOBAL,PLATFORM,0,0,0,0,0,0,0
venezuela,qda.jose947.com,com,GLOBAL,GLOBAL,GLOBAL,PLATFORM,0,0,0,0,0,0,0
venezuela,radio945fm.iheart.com,com,GLOBAL,GLOBAL,GLOBAL,PLATFORM,0,0,0,0,0,0,0
venezuela,seattleweekly.com,com,GLOBAL,GLOBAL,GLOBAL,PLATFORM,0,0,0,0,0,0,0
venezuela,sherwoodparknews.com:443,NA,NA,NA,OTHER,PLATFORM,0,0,0,0,0,0,0
venezuela,sojo1049.com,com,GLOBAL,GLOBAL,GLOBAL,PLATFORM,0,0,0,0,0,0,0
venezuela,stategazette.com,com,GLOBAL,GLOBAL,GLOBAL,PLATFORM,0,0,0,0,0,0,0
venezuela,surinametimes.com,com,GLOBAL,GLOBAL,GLOBAL,PLATFORM,0,0,0,0,0,0,0
venezuela,theadviser.com.au,au,AU,East Asia & Pacific,OTHER,PLATFORM,0,0,0,0,0,0,0
venezuela,thefacts.com,com,GLOBAL,GLOBAL,GLOBAL,PLATFORM,0,0,0,0,0,0,0
venezuela,thewestonmercury.co.uk,uk,GB,Europe & Central Asia,OTHER,PLATFORM,0,0,0,0,0,0,0
venezuela,theworldlink.com,com,GLOBAL,GLOBAL,GLOBAL,PLATFORM,0,0,0,0,0,0,0
venezuela,thoibaotaichinhvietnam.vn,vn,NA,NA,OTHER,PLATFORM,0,0,0,0,0,0,0
venezuela,timesleader.net,net,GLOBAL,GLOBAL,GLOBAL,PLATFORM,0,0,0,0,0,0,0
venezuela,tvnewscheck.com,com,GLOBAL,GLOBAL,GLOBAL,PLATFORM,0,0,0,0,0,0,0
venezuela,urbanrealm.com,com,GLOBAL,GLOBAL,GLOBAL,PLATFORM,0,0,0,0,0,0,0
venezuela,visionmp.com,com,GLOBAL,GLOBAL,GLOBAL,PLATFORM,0,0,0,0,0,0,0
venezuela,wdadradio.com,com,GLOBAL,GLOBAL,GLOBAL,PLATFORM,0,0,0,0,0,0,0
venezuela,westernadvocate.com.au,au,AU,East Asia & Pacific,OTHER,PLATFORM,0,0,0,0,0,0,0
venezuela,westernmassnews.com,com,GLOBAL,GLOBAL,GLOBAL,PLATFORM,0,0,0,0,0,0,0
venezuela,wmbfnews.com,com,GLOBAL,GLOBAL,GLOBAL,PLATFORM,0,0,0,0,0,0,0
venezuela,wnd.com,com,GLOBAL,GLOBAL,GLOBAL,PLATFORM,0,0,0,0,0,0,0
venezuela,wnnj.iheart.com,com,GLOBAL,GLOBAL,GLOBAL,PLATFORM,0,0,0,0,0,0,0
venezuela,wrrv.com,com,GLOBAL,GLOBAL,GLOBAL,PLATFORM,0,0,0,0,0,0,0
venezuela,wsjm.com,com,GLOBAL,GLOBAL,GLOBAL,PLATFORM,0,0,0,0,0,0,0
venezuela,wtae.com,com,GLOBAL,GLOBAL,GLOBAL,PLATFORM,0,0,0,0,0,0,0
venezuela,1007wzxl.iheart.com,com,GLOBAL,GLOBAL,GLOBAL,PLATFORM,0,0,0,0,0,0,0
venezuela,1019therock.com,com,GLOBAL,GLOBAL,GLOBAL,PLATFORM,0,0,0,0,0,0,0
venezuela,1025kiss.com,com,GLOBAL,GLOBAL,GLOBAL,PLATFORM,0,0,0,0,0,0,0
venezuela,1047kissfm.iheart.com,com,GLOBAL,GLOBAL,GLOBAL,PLATFORM,0,0,0,0,0,0,0
venezuela,1460kltc.iheart.com,com,GLOBAL,GLOBAL,GLOBAL,PLATFORM,0,0,0,0,0,0,0
venezuela,937kclb.com,com,GLOBAL,GLOBAL,GLOBAL,PLATFORM,0,0,0,0,0,0,0
venezuela,939beat.iheart.com,com,GLOBAL,GLOBAL,GLOBAL,PLATFORM,0,0,0,0,0,0,0
venezuela,94hjy.iheart.com,com,GLOBAL,GLOBAL,GLOBAL,PLATFORM,0,0,0,0,0,0,0
venezuela,963theblaze.com,com,GLOBAL,GLOBAL,GLOBAL,PLATFORM,0,0,0,0,0,0,0
venezuela,969thedogrocks.iheart.com,com,GLOBAL,GLOBAL,GLOBAL,PLATFORM,0,0,0,0,0,0,0
venezuela,afro.com,com,GLOBAL,GLOBAL,GLOBAL,PLATFORM,0,0,0,0,0,0,0
venezuela,aleteia.org,org,GLOBAL,GLOBAL,GLOBAL,PLATFORM,0,0,0,0,0,0,0
venezuela,alipac.us,us,US,North America,OTHER,PLATFORM,0,0,0,0,0,0,0
venezuela,americanbanker.com,com,GLOBAL,GLOBAL,GLOBAL,PLATFORM,0,0,0,0,0,0,0
venezuela,americanmachinist.com,com,GLOBAL,GLOBAL,GLOBAL,PLATFORM,0,0,0,0,0,0,0
venezuela,argusobserver.com,com,GLOBAL,GLOBAL,GLOBAL,PLATFORM,0,0,0,0,0,0,0
venezuela,arkansasbusiness.com,com,GLOBAL,GLOBAL,GLOBAL,PLATFORM,0,0,0,0,0,0,0
venezuela,avherald.com,com,GLOBAL,GLOBAL,GLOBAL,PLATFORM,0,0,0,0,0,0,0
venezuela,b3ta.com,com,GLOBAL,GLOBAL,GLOBAL,PLATFORM,0,0,0,0,0,0,0
venezuela,balls.ie,ie,NA,NA,OTHER,PLATFORM,0,0,0,0,0,0,0
venezuela,betakit.com,com,GLOBAL,GLOBAL,GLOBAL,PLATFORM,0,0,0,0,0,0,0
venezuela,ca.finance.yahoo.com,com,GLOBAL,GLOBAL,GLOBAL,PLATFORM,0,0,0,0,0,0,0
venezuela,canadianmanufacturing.com,com,GLOBAL,GLOBAL,GLOBAL,PLATFORM,0,0,0,0,0,0,0
venezuela,canoncitydailyrecord.com,com,GLOBAL,GLOBAL,GLOBAL,PLATFORM,0,0,0,0,0,0,0
venezuela,canyon-news.com,com,GLOBAL,GLOBAL,GLOBAL,PLATFORM,0,0,0,0,0,0,0
venezuela,channeldayton.iheart.com,com,GLOBAL,GLOBAL,GLOBAL,PLATFORM,0,0,0,0,0,0,0
venezuela,chicagodefender.com,com,GLOBAL,GLOBAL,GLOBAL,PLATFORM,0,0,0,0,0,0,0
venezuela,christiannewswire.com,com,GLOBAL,GLOBAL,GLOBAL,PLATFORM,0,0,0,0,0,0,0
venezuela,clichemag.com,com,GLOBAL,GLOBAL,GLOBAL,PLATFORM,0,0,0,0,0,0,0
venezuela,cloverdalereporter.com,com,GLOBAL,GLOBAL,GLOBAL,PLATFORM,0,0,0,0,0,0,0
venezuela,communitynewspapers.com,com,GLOBAL,GLOBAL,GLOBAL,PLATFORM,0,0,0,0,0,0,0
venezuela,constructionequipmentguide.com,com,GLOBAL,GLOBAL,GLOBAL,PLATFORM,0,0,0,0,0,0,0
venezuela,democracynow.org,org,GLOBAL,GLOBAL,GLOBAL,PLATFORM,0,0,0,0,0,0,0
venezuela,denverbroncos.com,com,GLOBAL,GLOBAL,GLOBAL,PLATFORM,0,0,0,0,0,0,0
venezuela,dutchitchannel.nl,nl,NA,NA,OTHER,PLATFORM,0,0,0,0,0,0,0
venezuela,english.almanar.com.lb,lb,NA,NA,OTHER,PLATFORM,0,0,0,0,0,0,0
venezuela,essexnewsdaily.com,com,GLOBAL,GLOBAL,GLOBAL,PLATFORM,0,0,0,0,0,0,0
venezuela,events.longislandpress.com,com,GLOBAL,GLOBAL,GLOBAL,PLATFORM,0,0,0,0,0,0,0
venezuela,fashiontimes.com,com,GLOBAL,GLOBAL,GLOBAL,PLATFORM,0,0,0,0,0,0,0
venezuela,fierce-network.com,com,GLOBAL,GLOBAL,GLOBAL,PLATFORM,0,0,0,0,0,0,0
venezuela,footwearnews.com,com,GLOBAL,GLOBAL,GLOBAL,PLATFORM,0,0,0,0,0,0,0
venezuela,fortsaskatchewanrecord.com:443,NA,NA,NA,OTHER,PLATFORM,0,0,0,0,0,0,0
venezuela,fox32chicago.com,com,GLOBAL,GLOBAL,GLOBAL,PLATFORM,0,0,0,0,0,0,0
venezuela,foxsanantonio.com,com,GLOBAL,GLOBAL,GLOBAL,PLATFORM,0,0,0,0,0,0,0
venezuela,gmanetwork.com,com,GLOBAL,GLOBAL,GLOBAL,PLATFORM,0,0,0,0,0,0,0
venezuela,goracers.com,com,GLOBAL,GLOBAL,GLOBAL,PLATFORM,0,0,0,0,0,0,0
venezuela,goshennews.com,com,GLOBAL,GLOBAL,GLOBAL,PLATFORM,0,0,0,0,0,0,0
venezuela,govinfosecurity.com,com,GLOBAL,GLOBAL,GLOBAL,PLATFORM,0,0,0,0,0,0,0
venezuela,grmdaily.com,com,GLOBAL,GLOBAL,GLOBAL,PLATFORM,0,0,0,0,0,0,0
venezuela,healio.com,com,GLOBAL,GLOBAL,GLOBAL,PLATFORM,0,0,0,0,0,0,0
venezuela,hellenicnews.com,com,GLOBAL,GLOBAL,GLOBAL,PLATFORM,0,0,0,0,0,0,0
venezuela,horsesdaily.com,com,GLOBAL,GLOBAL,GLOBAL,PLATFORM,0,0,0,0,0,0,0
venezuela,hot931.com,com,GLOBAL,GLOBAL,GLOBAL,PLATFORM,0,0,0,0,0,0,0
venezuela,ibtimes.com,com,GLOBAL,GLOBAL,GLOBAL,PLATFORM,0,0,0,0,0,0,0
venezuela,ibtimes.com.au,au,AU,East Asia & Pacific,OTHER,PLATFORM,0,0,0,0,0,0,0
venezuela,ideastream.org,org,GLOBAL,GLOBAL,GLOBAL,PLATFORM,0,0,0,0,0,0,0
venezuela,industryweek.com,com,GLOBAL,GLOBAL,GLOBAL,PLATFORM,0,0,0,0,0,0,0
venezuela,indy1033.iheart.com,com,GLOBAL,GLOBAL,GLOBAL,PLATFORM,0,0,0,0,0,0,0
venezuela,ipolitics.ca,ca,CA,North America,OTHER,PLATFORM,0,0,0,0,0,0,0
venezuela,jg-tc.com,com,GLOBAL,GLOBAL,GLOBAL,PLATFORM,0,0,0,0,0,0,0
venezuela,kdminer.com,com,GLOBAL,GLOBAL,GLOBAL,PLATFORM,0,0,0,0,0,0,0
venezuela,kfrxfm.com,com,GLOBAL,GLOBAL,GLOBAL,PLATFORM,0,0,0,0,0,0,0
venezuela,kiss108.iheart.com,com,GLOBAL,GLOBAL,GLOBAL,PLATFORM,0,0,0,0,0,0,0
venezuela,kissfmrgv.iheart.com,com,GLOBAL,GLOBAL,GLOBAL,PLATFORM,0,0,0,0,0,0,0
venezuela,klaw.com,com,GLOBAL,GLOBAL,GLOBAL,PLATFORM,0,0,0,0,0,0,0
venezuela,ksla.com,com,GLOBAL,GLOBAL,GLOBAL,PLATFORM,0,0,0,0,0,0,0
venezuela,kunm.org,org,GLOBAL,GLOBAL,GLOBAL,PLATFORM,0,0,0,0,0,0,0
venezuela,kysdc.com,com,GLOBAL,GLOBAL,GLOBAL,PLATFORM,0,0,0,0,0,0,0
venezuela,languagehat.com,com,GLOBAL,GLOBAL,GLOBAL,PLATFORM,0,0,0,0,0,0,0
venezuela,learningenglish.voanews.com,com,GLOBAL,GLOBAL,GLOBAL,PLATFORM,0,0,0,0,0,0,0
venezuela,leightonbuzzardonline.co.uk,uk,GB,Europe & Central Asia,OTHER,PLATFORM,0,0,0,0,0,0,0
venezuela,lfpress.com,com,GLOBAL,GLOBAL,GLOBAL,PLATFORM,0,0,0,0,0,0,0
venezuela,longislandpress.com,com,GLOBAL,GLOBAL,GLOBAL,PLATFORM,0,0,0,0,0,0,0
venezuela,macleayargus.com.au,au,AU,East Asia & Pacific,OTHER,PLATFORM,0,0,0,0,0,0,0
venezuela,malaysiakini.com,com,GLOBAL,GLOBAL,GLOBAL,PLATFORM,0,0,0,0,0,0,0
venezuela,manilatimes.net,net,GLOBAL,GLOBAL,GLOBAL,PLATFORM,0,0,0,0,0,0,0
venezuela,mariettatimes.com,com,GLOBAL,GLOBAL,GLOBAL,PLATFORM,0,0,0,0,0,0,0
venezuela,marshallnews.com,com,GLOBAL,GLOBAL,GLOBAL,PLATFORM,0,0,0,0,0,0,0
venezuela,medicalxpress.com,com,GLOBAL,GLOBAL,GLOBAL,PLATFORM,0,0,0,0,0,0,0
venezuela,megatucson.iheart.com,com,GLOBAL,GLOBAL,GLOBAL,PLATFORM,0,0,0,0,0,0,0
venezuela,midutahradio.com,com,GLOBAL,GLOBAL,GLOBAL,PLATFORM,0,0,0,0,0,0,0
venezuela,miss103.iheart.com,com,GLOBAL,GLOBAL,GLOBAL,PLATFORM,0,0,0,0,0,0,0
venezuela,moderndogmagazine.com,com,GLOBAL,GLOBAL,GLOBAL,PLATFORM,0,0,0,0,0,0,0
venezuela,mondovisione.com,com,GLOBAL,GLOBAL,GLOBAL,PLATFORM,0,0,0,0,0,0,0
venezuela,muskogeephoenix.com,com,GLOBAL,GLOBAL,GLOBAL,PLATFORM,0,0,0,0,0,0,0
venezuela,myaustinminnesota.com,com,GLOBAL,GLOBAL,GLOBAL,PLATFORM,0,0,0,0,0,0,0
venezuela,mycrestonnow.com,com,GLOBAL,GLOBAL,GLOBAL,PLATFORM,0,0,0,0,0,0,0
venezuela,naijanews.com,com,GLOBAL,GLOBAL,GLOBAL,PLATFORM,0,0,0,0,0,0,0
venezuela,navarrepress.com,com,GLOBAL,GLOBAL,GLOBAL,PLATFORM,0,0,0,0,0,0,0
venezuela,newarkadvertiser.co.uk,uk,GB,Europe & Central Asia,OTHER,PLATFORM,0,0,0,0,0,0,0
venezuela,news.northeastern.edu,edu,NA,NA,OTHER,PLATFORM,0,0,0,0,0,0,0
venezuela,newschannel20.com,com,GLOBAL,GLOBAL,GLOBAL,PLATFORM,0,0,0,0,0,0,0
venezuela,newsradio1170.iheart.com,com,GLOBAL,GLOBAL,GLOBAL,PLATFORM,0,0,0,0,0,0,0
venezuela,newsradio1410.iheart.com,com,GLOBAL,GLOBAL,GLOBAL,PLATFORM,0,0,0,0,0,0,0
venezuela,newstalk1049.iheart.com,com,GLOBAL,GLOBAL,GLOBAL,PLATFORM,0,0,0,0,0,0,0
venezuela,newwestrecord.ca,ca,CA,North America,OTHER,PLATFORM,0,0,0,0,0,0,0
venezuela,nrn.com,com,GLOBAL,GLOBAL,GLOBAL,PLATFORM,0,0,0,0,0,0,0
venezuela,ntxe-news.com,com,GLOBAL,GLOBAL,GLOBAL,PLATFORM,0,0,0,0,0,0,0
venezuela,nutraingredients-usa.com,com,GLOBAL,GLOBAL,GLOBAL,PLATFORM,0,0,0,0,0,0,0
venezuela,oberonreview.com.au,au,AU,East Asia & Pacific,OTHER,PLATFORM,0,0,0,0,0,0,0
venezuela,obituaries.goshennews.com,com,GLOBAL,GLOBAL,GLOBAL,PLATFORM,0,0,0,0,0,0,0
venezuela,obituaries.muskogeephoenix.com,com,GLOBAL,GLOBAL,GLOBAL,PLATFORM,0,0,0,0,0,0,0
venezuela,obituaries.reporter.net,net,GLOBAL,GLOBAL,GLOBAL,PLATFORM,0,0,0,0,0,0,0
venezuela,offtackleempire.com,com,GLOBAL,GLOBAL,GLOBAL,PLATFORM,0,0,0,0,0,0,0
venezuela,perhamfocus.com,com,GLOBAL,GLOBAL,GLOBAL,PLATFORM,0,0,0,0,0,0,0
venezuela,postcourier.com.pg,pg,NA,NA,OTHER,PLATFORM,0,0,0,0,0,0,0
venezuela,projectnoah.org,org,GLOBAL,GLOBAL,GLOBAL,PLATFORM,0,0,0,0,0,0,0
venezuela,publicnewsservice.org,org,GLOBAL,GLOBAL,GLOBAL,PLATFORM,0,0,0,0,0,0,0
venezuela,quickcountry.com,com,GLOBAL,GLOBAL,GLOBAL,PLATFORM,0,0,0,0,0,0,0
venezuela,real959.iheart.com,com,GLOBAL,GLOBAL,GLOBAL,PLATFORM,0,0,0,0,0,0,0
venezuela,recoilweb.com,com,GLOBAL,GLOBAL,GLOBAL,PLATFORM,0,0,0,0,0,0,0
venezuela,redlandcitybulletin.com.au,au,AU,East Asia & Pacific,OTHER,PLATFORM,0,0,0,0,0,0,0
venezuela,reliefweb.int:443,NA,NA,NA,OTHER,PLATFORM,0,0,0,0,0,0,0
venezuela,rock1067.iheart.com,com,GLOBAL,GLOBAL,GLOBAL,PLATFORM,0,0,0,0,0,0,0
venezuela,rollingout.com,com,GLOBAL,GLOBAL,GLOBAL,PLATFORM,0,0,0,0,0,0,0
venezuela,sanilacbroadcasting.com,com,GLOBAL,GLOBAL,GLOBAL,PLATFORM,0,0,0,0,0,0,0
venezuela,sitkasentinel.com,com,GLOBAL,GLOBAL,GLOBAL,PLATFORM,0,0,0,0,0,0,0
venezuela,slcdunk.com,com,GLOBAL,GLOBAL,GLOBAL,PLATFORM,0,0,0,0,0,0,0
venezuela,space.com,com,GLOBAL,GLOBAL,GLOBAL,PLATFORM,0,0,0,0,0,0,0
venezuela,spokanepublicradio.org,org,GLOBAL,GLOBAL,GLOBAL,PLATFORM,0,0,0,0,0,0,0
venezuela,star1029.iheart.com,com,GLOBAL,GLOBAL,GLOBAL,PLATFORM,0,0,0,0,0,0,0
venezuela,star105.com,com,GLOBAL,GLOBAL,GLOBAL,PLATFORM,0,0,0,0,0,0,0
venezuela,swiowanewssource.com,com,GLOBAL,GLOBAL,GLOBAL,PLATFORM,0,0,0,0,0,0,0
venezuela,terracestandard.com,com,GLOBAL,GLOBAL,GLOBAL,PLATFORM,0,0,0,0,0,0,0
venezuela,texasstandard.org,org,GLOBAL,GLOBAL,GLOBAL,PLATFORM,0,0,0,0,0,0,0
venezuela,textileworld.com,com,GLOBAL,GLOBAL,GLOBAL,PLATFORM,0,0,0,0,0,0,0
venezuela,theahl.com,com,GLOBAL,GLOBAL,GLOBAL,PLATFORM,0,0,0,0,0,0,0
venezuela,thealabamabaptist.org,org,GLOBAL,GLOBAL,GLOBAL,PLATFORM,0,0,0,0,0,0,0
venezuela,thebulletin.be,be,NA,NA,OTHER,PLATFORM,0,0,0,0,0,0,0
venezuela,thediplomat.ro,ro,NA,NA,OTHER,PLATFORM,0,0,0,0,0,0,0
venezuela,theweathernetwork.com,com,GLOBAL,GLOBAL,GLOBAL,PLATFORM,0,0,0,0,0,0,0
venezuela,tivysideadvertiser.co.uk,uk,GB,Europe & Central Asia,OTHER,PLATFORM,0,0,0,0,0,0,0
venezuela,tribute.ca,ca,CA,North America,OTHER,PLATFORM,0,0,0,0,0,0,0
venezuela,triplicate.com,com,GLOBAL,GLOBAL,GLOBAL,PLATFORM,0,0,0,0,0,0,0
venezuela,ttbook.org,org,GLOBAL,GLOBAL,GLOBAL,PLATFORM,0,0,0,0,0,0,0
venezuela,unilad.com,com,GLOBAL,GLOBAL,GLOBAL,PLATFORM,0,0,0,0,0,0,0
venezuela,vancouverisawesome.com,com,GLOBAL,GLOBAL,GLOBAL,PLATFORM,0,0,0,0,0,0,0
venezuela,vermilionstandard.com:443,NA,NA,NA,OTHER,PLATFORM,0,0,0,0,0,0,0
venezuela,villagevoice.com,com,GLOBAL,GLOBAL,GLOBAL,PLATFORM,0,0,0,0,0,0,0
venezuela,waateanews.com,com,GLOBAL,GLOBAL,GLOBAL,PLATFORM,0,0,0,0,0,0,0
venezuela,wakefieldexpress.co.uk,uk,GB,Europe & Central Asia,OTHER,PLATFORM,0,0,0,0,0,0,0
venezuela,wdtimes.com,com,GLOBAL,GLOBAL,GLOBAL,PLATFORM,0,0,0,0,0,0,0
venezuela,wfls.com,com,GLOBAL,GLOBAL,GLOBAL,PLATFORM,0,0,0,0,0,0,0
venezuela,wfmf.iheart.com,com,GLOBAL,GLOBAL,GLOBAL,PLATFORM,0,0,0,0,0,0,0
venezuela,wheb.iheart.com,com,GLOBAL,GLOBAL,GLOBAL,PLATFORM,0,0,0,0,0,0,0
venezuela,wjno.iheart.com,com,GLOBAL,GLOBAL,GLOBAL,PLATFORM,0,0,0,0,0,0,0
venezuela,wkqq.iheart.com,com,GLOBAL,GLOBAL,GLOBAL,PLATFORM,0,0,0,0,0,0,0
venezuela,wkyt.com,com,GLOBAL,GLOBAL,GLOBAL,PLATFORM,0,0,0,0,0,0,0
venezuela,wsslfm.iheart.com,com,GLOBAL,GLOBAL,GLOBAL,PLATFORM,0,0,0,0,0,0,0
venezuela,wtop.com,com,GLOBAL,GLOBAL,GLOBAL,PLATFORM,0,0,0,0,0,0,0
venezuela,wyrk.com,com,GLOBAL,GLOBAL,GLOBAL,PLATFORM,0,0,0,0,0,0,0
venezuela,yorkregion.com,com,GLOBAL,GLOBAL,GLOBAL,PLATFORM,0,0,0,0,0,0,0
venezuela,1041wdlt.com,com,GLOBAL,GLOBAL,GLOBAL,PLATFORM,0,0,0,0,0,0,0
venezuela,560cfos.ca,ca,CA,North America,OTHER,PLATFORM,0,0,0,0,0,0,0
venezuela,76crimes.com,com,GLOBAL,GLOBAL,GLOBAL,PLATFORM,0,0,0,0,0,0,0
venezuela,965thewalleye.com,com,GLOBAL,GLOBAL,GLOBAL,PLATFORM,0,0,0,0,0,0,0
venezuela,987thebull.com,com,GLOBAL,GLOBAL,GLOBAL,PLATFORM,0,0,0,0,0,0,0
venezuela,989wclz.com,com,GLOBAL,GLOBAL,GLOBAL,PLATFORM,0,0,0,0,0,0,0
venezuela,aero-news.net,net,GLOBAL,GLOBAL,GLOBAL,PLATFORM,0,0,0,0,0,0,0
venezuela,agrinews-pubs.com,com,GLOBAL,GLOBAL,GLOBAL,PLATFORM,0,0,0,0,0,0,0
venezuela,arise.tv,tv,NA,NA,OTHER,PLATFORM,0,0,0,0,0,0,0
venezuela,auburnpub.com,com,GLOBAL,GLOBAL,GLOBAL,PLATFORM,0,0,0,0,0,0,0
venezuela,b95forlife.iheart.com,com,GLOBAL,GLOBAL,GLOBAL,PLATFORM,0,0,0,0,0,0,0
venezuela,bankrate.com,com,GLOBAL,GLOBAL,GLOBAL,PLATFORM,0,0,0,0,0,0,0
venezuela,beat1053.iheart.com,com,GLOBAL,GLOBAL,GLOBAL,PLATFORM,0,0,0,0,0,0,0
venezuela,belgrade-news.com,com,GLOBAL,GLOBAL,GLOBAL,PLATFORM,0,0,0,0,0,0,0
venezuela,bevnet.com,com,GLOBAL,GLOBAL,GLOBAL,PLATFORM,0,0,0,0,0,0,0
venezuela,biztimes.com,com,GLOBAL,GLOBAL,GLOBAL,PLATFORM,0,0,0,0,0,0,0
venezuela,blogherald.com,com,GLOBAL,GLOBAL,GLOBAL,PLATFORM,0,0,0,0,0,0,0
venezuela,bluelinestation.com,com,GLOBAL,GLOBAL,GLOBAL,PLATFORM,0,0,0,0,0,0,0
venezuela,bpnews.net,net,GLOBAL,GLOBAL,GLOBAL,PLATFORM,0,0,0,0,0,0,0
venezuela,brownwoodnews.com,com,GLOBAL,GLOBAL,GLOBAL,PLATFORM,0,0,0,0,0,0,0
venezuela,buckeyecountry1037.iheart.com,com,GLOBAL,GLOBAL,GLOBAL,PLATFORM,0,0,0,0,0,0,0
venezuela,buenosairesherald.com,com,GLOBAL,GLOBAL,GLOBAL,PLATFORM,0,0,0,0,0,0,0
venezuela,bundesliga.com,com,GLOBAL,GLOBAL,GLOBAL,PLATFORM,0,0,0,0,0,0,0
venezuela,capeandislands.org,org,GLOBAL,GLOBAL,GLOBAL,PLATFORM,0,0,0,0,0,0,0
venezuela,catholicsun.org,org,GLOBAL,GLOBAL,GLOBAL,PLATFORM,0,0,0,0,0,0,0
venezuela,ccjdigital.com,com,GLOBAL,GLOBAL,GLOBAL,PLATFORM,0,0,0,0,0,0,0
venezuela,chad.co.uk,uk,GB,Europe & Central Asia,OTHER,PLATFORM,0,0,0,0,0,0,0
venezuela,chapelboro.com,com,GLOBAL,GLOBAL,GLOBAL,PLATFORM,0,0,0,0,0,0,0
venezuela,chargers.com,com,GLOBAL,GLOBAL,GLOBAL,PLATFORM,0,0,0,0,0,0,0
venezuela,classiccountry957.iheart.com,com,GLOBAL,GLOBAL,GLOBAL,PLATFORM,0,0,0,0,0,0,0
venezuela,coastreporter.net,net,GLOBAL,GLOBAL,GLOBAL,PLATFORM,0,0,0,0,0,0,0
venezuela,commercial-news.com,com,GLOBAL,GLOBAL,GLOBAL,PLATFORM,0,0,0,0,0,0,0
venezuela,cosmeticsandtoiletries.com,com,GLOBAL,GLOBAL,GLOBAL,PLATFORM,0,0,0,0,0,0,0
venezuela,deathpenaltyinfo.org,org,GLOBAL,GLOBAL,GLOBAL,PLATFORM,0,0,0,0,0,0,0
venezuela,defensenews.com,com,GLOBAL,GLOBAL,GLOBAL,PLATFORM,0,0,0,0,0,0,0
venezuela,derryjournal.com,com,GLOBAL,GLOBAL,GLOBAL,PLATFORM,0,0,0,0,0,0,0
venezuela,drtvchannel.com,com,GLOBAL,GLOBAL,GLOBAL,PLATFORM,0,0,0,0,0,0,0
venezuela,durangoherald.com,com,GLOBAL,GLOBAL,GLOBAL,PLATFORM,0,0,0,0,0,0,0
venezuela,eastbayri.com,com,GLOBAL,GLOBAL,GLOBAL,PLATFORM,0,0,0,0,0,0,0
venezuela,ecsu.edu,edu,NA,NA,OTHER,PLATFORM,0,0,0,0,0,0,0
venezuela,el-observador.com,com,GLOBAL,GLOBAL,GLOBAL,PLATFORM,0,0,0,0,0,0,0
venezuela,english.mathrubhumi.com,com,GLOBAL,GLOBAL,GLOBAL,PLATFORM,0,0,0,0,0,0,0
venezuela,equibase.com,com,GLOBAL,GLOBAL,GLOBAL,PLATFORM,0,0,0,0,0,0,0
venezuela,film-news.co.uk:443,NA,NA,NA,OTHER,PLATFORM,0,0,0,0,0,0,0
venezuela,filmmakermagazine.com,com,GLOBAL,GLOBAL,GLOBAL,PLATFORM,0,0,0,0,0,0,0
venezuela,financialbuzz.com,com,GLOBAL,GLOBAL,GLOBAL,PLATFORM,0,0,0,0,0,0,0
venezuela,firstcoastnews.com,com,GLOBAL,GLOBAL,GLOBAL,PLATFORM,0,0,0,0,0,0,0
venezuela,foodpoisoningbulletin.com,com,GLOBAL,GLOBAL,GLOBAL,PLATFORM,0,0,0,0,0,0,0
venezuela,foxreno.com,com,GLOBAL,GLOBAL,GLOBAL,PLATFORM,0,0,0,0,0,0,0
venezuela,gananoquereporter.com:443,NA,NA,NA,OTHER,PLATFORM,0,0,0,0,0,0,0
venezuela,gowatertown.net,net,GLOBAL,GLOBAL,GLOBAL,PLATFORM,0,0,0,0,0,0,0
venezuela,grandforksherald.com,com,GLOBAL,GLOBAL,GLOBAL,PLATFORM,0,0,0,0,0,0,0
venezuela,guelphmercury.com,com,GLOBAL,GLOBAL,GLOBAL,PLATFORM,0,0,0,0,0,0,0
venezuela,haitiantimes.com,com,GLOBAL,GLOBAL,GLOBAL,PLATFORM,0,0,0,0,0,0,0
venezuela,heraldextra.com,com,GLOBAL,GLOBAL,GLOBAL,PLATFORM,0,0,0,0,0,0,0
venezuela,hot1025.iheart.com,com,GLOBAL,GLOBAL,GLOBAL,PLATFORM,0,0,0,0,0,0,0
venezuela,hot1047.com,com,GLOBAL,GLOBAL,GLOBAL,PLATFORM,0,0,0,0,0,0,0
venezuela,housebeautiful.com,com,GLOBAL,GLOBAL,GLOBAL,PLATFORM,0,0,0,0,0,0,0
venezuela,independentnews.com,com,GLOBAL,GLOBAL,GLOBAL,PLATFORM,0,0,0,0,0,0,0
venezuela,innovationtoronto.com,com,GLOBAL,GLOBAL,GLOBAL,PLATFORM,0,0,0,0,0,0,0
venezuela,insidenova.com,com,GLOBAL,GLOBAL,GLOBAL,PLATFORM,0,0,0,0,0,0,0
venezuela,jambands.com,com,GLOBAL,GLOBAL,GLOBAL,PLATFORM,0,0,0,0,0,0,0
venezuela,kbnwnews.com,com,GLOBAL,GLOBAL,GLOBAL,PLATFORM,0,0,0,0,0,0,0
venezuela,kix953.com,com,GLOBAL,GLOBAL,GLOBAL,PLATFORM,0,0,0,0,0,0,0
venezuela,koel.com,com,GLOBAL,GLOBAL,GLOBAL,PLATFORM,0,0,0,0,0,0,0
venezuela,kshe95.com,com,GLOBAL,GLOBAL,GLOBAL,PLATFORM,0,0,0,0,0,0,0
venezuela,ksro.com,com,GLOBAL,GLOBAL,GLOBAL,PLATFORM,0,0,0,0,0,0,0
venezuela,kxrb.com,com,GLOBAL,GLOBAL,GLOBAL,PLATFORM,0,0,0,0,0,0,0
venezuela,labelsandlabeling.com:443,NA,NA,NA,OTHER,PLATFORM,0,0,0,0,0,0,0
venezuela,leaderlive.co.uk,uk,GB,Europe & Central Asia,OTHER,PLATFORM,0,0,0,0,0,0,0
venezuela,leamingtonobserver.co.uk,uk,GB,Europe & Central Asia,OTHER,PLATFORM,0,0,0,0,0,0,0
venezuela,legalnewsline.com,com,GLOBAL,GLOBAL,GLOBAL,PLATFORM,0,0,0,0,0,0,0
venezuela,lenews.ch,ch,NA,NA,OTHER,PLATFORM,0,0,0,0,0,0,0
venezuela,magicvalley.com,com,GLOBAL,GLOBAL,GLOBAL,PLATFORM,0,0,0,0,0,0,0
venezuela,miaminewtimes.com,com,GLOBAL,GLOBAL,GLOBAL,PLATFORM,0,0,0,0,0,0,0
venezuela,mtexpress.com,com,GLOBAL,GLOBAL,GLOBAL,PLATFORM,0,0,0,0,0,0,0
venezuela,mycariboonow.com,com,GLOBAL,GLOBAL,GLOBAL,PLATFORM,0,0,0,0,0,0,0
venezuela,myozarksonline.com,com,GLOBAL,GLOBAL,GLOBAL,PLATFORM,0,0,0,0,0,0,0
venezuela,naija247news.com,com,GLOBAL,GLOBAL,GLOBAL,PLATFORM,0,0,0,0,0,0,0
venezuela,nesn.com,com,GLOBAL,GLOBAL,GLOBAL,PLATFORM,0,0,0,0,0,0,0
venezuela,news.delaware.gov,gov,NA,NA,OTHER,PLATFORM,0,0,0,1,0,0,1
venezuela,newsghana.com.gh,gh,NA,NA,OTHER,PLATFORM,0,0,0,0,0,0,0
venezuela,newsminer.com,com,GLOBAL,GLOBAL,GLOBAL,PLATFORM,0,0,0,0,0,0,0
venezuela,newswise.com,com,GLOBAL,GLOBAL,GLOBAL,PLATFORM,0,0,0,0,0,0,0
venezuela,newtownbee.com,com,GLOBAL,GLOBAL,GLOBAL,PLATFORM,0,0,0,0,0,0,0
venezuela,nextbigfuture.com,com,GLOBAL,GLOBAL,GLOBAL,PLATFORM,0,0,0,0,0,0,0
venezuela,obituaries.times-news.com,com,GLOBAL,GLOBAL,GLOBAL,PLATFORM,0,0,0,0,0,0,0
venezuela,opinionnigeria.com,com,GLOBAL,GLOBAL,GLOBAL,PLATFORM,0,0,0,0,0,0,0
venezuela,pantip.com,com,GLOBAL,GLOBAL,GLOBAL,PLATFORM,0,0,0,0,0,0,0
venezuela,pembroketoday.ca,ca,CA,North America,OTHER,PLATFORM,0,0,0,0,0,0,0
venezuela,playstationlifestyle.net,net,GLOBAL,GLOBAL,GLOBAL,PLATFORM,0,0,0,0,0,0,0
venezuela,portlandmercury.com,com,GLOBAL,GLOBAL,GLOBAL,PLATFORM,0,0,0,0,0,0,0
venezuela,pressofatlanticcity.com,com,GLOBAL,GLOBAL,GLOBAL,PLATFORM,0,0,0,0,0,0,0
venezuela,register-herald.com,com,GLOBAL,GLOBAL,GLOBAL,PLATFORM,0,0,0,0,0,0,0
venezuela,richmondandtwickenhamtimes.co.uk,uk,GB,Europe & Central Asia,OTHER,PLATFORM,0,0,0,0,0,0,0
venezuela,ripcityradio.iheart.com,com,GLOBAL,GLOBAL,GLOBAL,PLATFORM,0,0,0,0,0,0,0
venezuela,rrr.org.au,au,AU,East Asia & Pacific,OTHER,PLATFORM,0,0,0,0,0,0,0
venezuela,soundandvision.com,com,GLOBAL,GLOBAL,GLOBAL,PLATFORM,0,0,0,0,0,0,0
venezuela,spotrac.com,com,GLOBAL,GLOBAL,GLOBAL,PLATFORM,0,0,0,0,0,0,0
venezuela,stratford-herald.com,com,GLOBAL,GLOBAL,GLOBAL,PLATFORM,0,0,0,0,0,0,0
venezuela,telecomasia.net,net,GLOBAL,GLOBAL,GLOBAL,PLATFORM,0,0,0,0,0,0,0
venezuela,thecable.ng,ng,NG,Sub-Saharan Africa,AFRICA,PLATFORM,0,0,0,0,0,0,0
venezuela,thedailymeal.com,com,GLOBAL,GLOBAL,GLOBAL,PLATFORM,0,0,0,0,0,0,0
venezuela,theghanareport.com,com,GLOBAL,GLOBAL,GLOBAL,PLATFORM,0,0,0,0,0,0,0
venezuela,theobserver.com,com,GLOBAL,GLOBAL,GLOBAL,PLATFORM,0,0,0,0,0,0,0
venezuela,thephoto-news.com,com,GLOBAL,GLOBAL,GLOBAL,PLATFORM,0,0,0,0,0,0,0
venezuela,thepilot.com,com,GLOBAL,GLOBAL,GLOBAL,PLATFORM,0,0,0,0,0,0,0
venezuela,thepost.on.ca:443,NA,NA,NA,OTHER,PLATFORM,0,0,0,0,0,0,0
venezuela,theridgefieldpress.com,com,GLOBAL,GLOBAL,GLOBAL,PLATFORM,0,0,0,0,0,0,0
venezuela,thestandard.co.zw,zw,NA,NA,OTHER,PLATFORM,0,0,0,0,0,0,0
venezuela,thewesterlysun.com,com,GLOBAL,GLOBAL,GLOBAL,PLATFORM,0,0,0,0,0,0,0
venezuela,thurstontalk.com,com,GLOBAL,GLOBAL,GLOBAL,PLATFORM,0,0,0,0,0,0,0
venezuela,times-news.com,com,GLOBAL,GLOBAL,GLOBAL,PLATFORM,0,0,0,0,0,0,0
venezuela,todayfm.com,com,GLOBAL,GLOBAL,GLOBAL,PLATFORM,0,0,0,0,0,0,0
venezuela,udaipurkiran.com,com,GLOBAL,GLOBAL,GLOBAL,PLATFORM,0,0,0,0,0,0,0
venezuela,uexpress.com,com,GLOBAL,GLOBAL,GLOBAL,PLATFORM,0,0,0,0,0,0,0
venezuela,upr.org,org,GLOBAL,GLOBAL,GLOBAL,PLATFORM,0,0,0,0,0,0,0
venezuela,vikingsterritory.com,com,GLOBAL,GLOBAL,GLOBAL,PLATFORM,0,0,0,0,0,0,0
venezuela,warringtonguardian.co.uk,uk,GB,Europe & Central Asia,OTHER,PLATFORM,0,0,0,0,0,0,0
venezuela,washfm.iheart.com,com,GLOBAL,GLOBAL,GLOBAL,PLATFORM,0,0,0,0,0,0,0
venezuela,washjeff.edu,edu,NA,NA,OTHER,PLATFORM,0,0,0,0,0,0,0
venezuela,wbbq.iheart.com,com,GLOBAL,GLOBAL,GLOBAL,PLATFORM,0,0,0,0,0,0,0
venezuela,wbkb11.com,com,GLOBAL,GLOBAL,GLOBAL,PLATFORM,0,0,0,0,0,0,0
venezuela,wbls.com,com,GLOBAL,GLOBAL,GLOBAL,PLATFORM,0,0,0,0,0,0,0
venezuela,wbng.com,com,GLOBAL,GLOBAL,GLOBAL,PLATFORM,0,0,0,0,0,0,0
venezuela,wbtv.com,com,GLOBAL,GLOBAL,GLOBAL,PLATFORM,0,0,0,0,0,0,0
venezuela,wccfradio.iheart.com,com,GLOBAL,GLOBAL,GLOBAL,PLATFORM,0,0,0,0,0,0,0
venezuela,wham1180.iheart.com,com,GLOBAL,GLOBAL,GLOBAL,PLATFORM,0,0,0,0,0,0,0
venezuela,wibc.com,com,GLOBAL,GLOBAL,GLOBAL,PLATFORM,0,0,0,0,0,0,0
venezuela,wjbo.iheart.com,com,GLOBAL,GLOBAL,GLOBAL,PLATFORM,0,0,0,0,0,0,0
venezuela,wjon.com,com,GLOBAL,GLOBAL,GLOBAL,PLATFORM,0,0,0,0,0,0,0
venezuela,wrestlezone.com,com,GLOBAL,GLOBAL,GLOBAL,PLATFORM,0,0,0,0,0,0,0
venezuela,wrvo.org,org,GLOBAL,GLOBAL,GLOBAL,PLATFORM,0,0,0,0,0,0,0
venezuela,wtsp.com,com,GLOBAL,GLOBAL,GLOBAL,PLATFORM,0,0,0,0,0,0,0
venezuela,wweek.com,com,GLOBAL,GLOBAL,GLOBAL,PLATFORM,0,0,0,0,0,0,0
venezuela,zigwheels.com,com,GLOBAL,GLOBAL,GLOBAL,PLATFORM,0,0,0,0,0,0,0
venezuela,1150kknw.com,com,GLOBAL,GLOBAL,GLOBAL,PLATFORM,0,0,0,0,0,0,0
venezuela,13wmaz.com,com,GLOBAL,GLOBAL,GLOBAL,PLATFORM,0,0,0,0,0,0,0
venezuela,1430kasi.iheart.com,com,GLOBAL,GLOBAL,GLOBAL,PLATFORM,0,0,0,0,0,0,0
venezuela,1470kyyw.com,com,GLOBAL,GLOBAL,GLOBAL,PLATFORM,0,0,0,0,0,0,0
venezuela,1nmi.jose947.com,com,GLOBAL,GLOBAL,GLOBAL,PLATFORM,0,0,0,0,0,0,0
venezuela,6uy.jose947.com,com,GLOBAL,GLOBAL,GLOBAL,PLATFORM,0,0,0,0,0,0,0
venezuela,781h.jose947.com,com,GLOBAL,GLOBAL,GLOBAL,PLATFORM,0,0,0,0,0,0,0
venezuela,945rocks.iheart.com,com,GLOBAL,GLOBAL,GLOBAL,PLATFORM,0,0,0,0,0,0,0
venezuela,athleticsnation.com,com,GLOBAL,GLOBAL,GLOBAL,PLATFORM,0,0,0,0,0,0,0
venezuela,atlantadailyworld.com,com,GLOBAL,GLOBAL,GLOBAL,PLATFORM,0,0,0,0,0,0,0
venezuela,bbs.wenxuecity.com,com,GLOBAL,GLOBAL,GLOBAL,PLATFORM,0,0,0,0,0,0,0
venezuela,bloomsbury.com:443,NA,NA,NA,OTHER,PLATFORM,0,0,0,0,0,0,0
venezuela,boothbayregister.com:443,NA,NA,NA,OTHER,PLATFORM,0,0,0,0,0,0,0
venezuela,buccaneers.com,com,GLOBAL,GLOBAL,GLOBAL,PLATFORM,0,0,0,0,0,0,0
venezuela,chronline.com,com,GLOBAL,GLOBAL,GLOBAL,PLATFORM,0,0,0,0,0,0,0
venezuela,cjme.com,com,GLOBAL,GLOBAL,GLOBAL,PLATFORM,0,0,0,0,0,0,0
venezuela,coinspeaker.com,com,GLOBAL,GLOBAL,GLOBAL,PLATFORM,0,0,0,0,0,0,0
venezuela,connexionfrance.com,com,GLOBAL,GLOBAL,GLOBAL,PLATFORM,0,0,0,0,0,0,0
venezuela,cornwallseawaynews.com,com,GLOBAL,GLOBAL,GLOBAL,PLATFORM,0,0,0,0,0,0,0
venezuela,drbicuspid.com,com,GLOBAL,GLOBAL,GLOBAL,PLATFORM,0,0,0,0,0,0,0
venezuela,dunkingwithwolves.com,com,GLOBAL,GLOBAL,GLOBAL,PLATFORM,0,0,0,0,0,0,0
venezuela,eaglesanantonio.com,com,GLOBAL,GLOBAL,GLOBAL,PLATFORM,0,0,0,0,0,0,0
venezuela,gl8.jose947.com,com,GLOBAL,GLOBAL,GLOBAL,PLATFORM,0,0,0,0,0,0,0
venezuela,gmatclub.com,com,GLOBAL,GLOBAL,GLOBAL,PLATFORM,0,0,0,0,0,0,0
venezuela,houstonchronicle.com,com,GLOBAL,GLOBAL,GLOBAL,PLATFORM,0,0,0,0,0,0,0
venezuela,ibtimes.co.uk,uk,GB,Europe & Central Asia,OTHER,PLATFORM,0,0,0,0,0,0,0
venezuela,independentsentinel.com,com,GLOBAL,GLOBAL,GLOBAL,PLATFORM,0,0,0,0,0,0,0
venezuela,k99.com,com,GLOBAL,GLOBAL,GLOBAL,PLATFORM,0,0,0,0,0,0,0
venezuela,kilkennypeople.ie,ie,NA,NA,OTHER,PLATFORM,0,0,0,0,0,0,0
venezuela,kxlh.com,com,GLOBAL,GLOBAL,GLOBAL,PLATFORM,0,0,0,0,0,0,0
venezuela,lancasterfarming.com,com,GLOBAL,GLOBAL,GLOBAL,PLATFORM,0,0,0,0,0,0,0
venezuela,lethbridgeherald.com,com,GLOBAL,GLOBAL,GLOBAL,PLATFORM,0,0,0,0,0,0,0
venezuela,local21news.com,com,GLOBAL,GLOBAL,GLOBAL,PLATFORM,0,0,0,0,0,0,0
venezuela,local3news.com,com,GLOBAL,GLOBAL,GLOBAL,PLATFORM,0,0,0,0,0,0,0
venezuela,missoulacurrent.com,com,GLOBAL,GLOBAL,GLOBAL,PLATFORM,0,0,0,0,0,0,0
venezuela,monstersandcritics.com,com,GLOBAL,GLOBAL,GLOBAL,PLATFORM,0,0,0,0,0,0,0
venezuela,myq1075.com,com,GLOBAL,GLOBAL,GLOBAL,PLATFORM,0,0,0,0,0,0,0
venezuela,nbcdfw.com,com,GLOBAL,GLOBAL,GLOBAL,PLATFORM,0,0,0,0,0,0,0
venezuela,ottumwacourier.com,com,GLOBAL,GLOBAL,GLOBAL,PLATFORM,0,0,0,0,0,0,0
venezuela,prowrestling.net,net,GLOBAL,GLOBAL,GLOBAL,PLATFORM,0,0,0,0,0,0,0
venezuela,rj59.jose947.com,com,GLOBAL,GLOBAL,GLOBAL,PLATFORM,0,0,0,0,0,0,0
venezuela,rovrocks.iheart.com,com,GLOBAL,GLOBAL,GLOBAL,PLATFORM,0,0,0,0,0,0,0
venezuela,sabrenoise.com,com,GLOBAL,GLOBAL,GLOBAL,PLATFORM,0,0,0,0,0,0,0
venezuela,sandiegosun.com,com,GLOBAL,GLOBAL,GLOBAL,PLATFORM,0,0,0,0,0,0,0
venezuela,sicemdawgs.com,com,GLOBAL,GLOBAL,GLOBAL,PLATFORM,0,0,0,0,0,0,0
venezuela,spoilertv.com,com,GLOBAL,GLOBAL,GLOBAL,PLATFORM,0,0,0,0,0,0,0
venezuela,superiortelegram.com,com,GLOBAL,GLOBAL,GLOBAL,PLATFORM,0,0,0,0,0,0,0
venezuela,theindependent.com,com,GLOBAL,GLOBAL,GLOBAL,PLATFORM,0,0,0,0,0,0,0
venezuela,thelondoner.ca:443,NA,NA,NA,OTHER,PLATFORM,0,0,0,0,0,0,0
venezuela,thetimes.com,com,GLOBAL,GLOBAL,GLOBAL,PLATFORM,0,0,0,0,0,0,0
venezuela,thevermilion.com,com,GLOBAL,GLOBAL,GLOBAL,PLATFORM,0,0,0,0,0,0,0
venezuela,torontosun.com,com,GLOBAL,GLOBAL,GLOBAL,PLATFORM,0,0,0,0,0,0,0
venezuela,tvgrapevine.com,com,GLOBAL,GLOBAL,GLOBAL,PLATFORM,0,0,0,0,0,0,0
venezuela,voiceonline.com,com,GLOBAL,GLOBAL,GLOBAL,PLATFORM,0,0,0,0,0,0,0
venezuela,wakingthered.com,com,GLOBAL,GLOBAL,GLOBAL,PLATFORM,0,0,0,0,0,0,0
venezuela,whyallanewsonline.com.au,au,AU,East Asia & Pacific,OTHER,PLATFORM,0,0,0,0,0,0,0
venezuela,wjcl.com,com,GLOBAL,GLOBAL,GLOBAL,PLATFORM,0,0,0,0,0,0,0
venezuela,wtam.iheart.com,com,GLOBAL,GLOBAL,GLOBAL,PLATFORM,0,0,0,0,0,0,0
venezuela,wtoc.com,com,GLOBAL,GLOBAL,GLOBAL,PLATFORM,0,0,0,0,0,0,0
