event,date,domain,url,category,region,lang
ukraine,2022-02-24,basingstokegazette.co.uk,https://www.basingstokegazette.co.uk/news/19947485.crystal-palace-ease-relegation-fears-convincing-win-struggling-watford/,Print_News,EU,EN
ukraine,2022-02-24,basingstokegazette.co.uk,https://www.basingstokegazette.co.uk/news/19947530.patrick-vieira-hails-wilfried-zahas-best-palace-performance-since-took/,Print_News,EU,EN
ukraine,2022-02-24,basingstokegazette.co.uk,https://www.basingstokegazette.co.uk/news/19947483.ukraines-rebel-leader-ask-russia-military-assistance-kremlin-says/,Print_News,EU,EN
ukraine,2022-02-24,basingstokegazette.co.uk,https://www.basingstokegazette.co.uk/news/19947502.england-star-ben-youngs-enthusiasm-good-blueprint-anyone---ellis-genge/,Print_News,EU,EN
ukraine,2022-02-24,basingstokegazette.co.uk,https://www.basingstokegazette.co.uk/news/national/19947516.starmer-promises-harness-white-heat-technological-change/,Print_News,EU,EN
ukraine,2022-02-24,basingstokegazette.co.uk,https://www.basingstokegazette.co.uk/news/19947518.bruno-lage-always-knew-fearless-fighter-raul-jimenez-lead-frontline/,Print_News,EU,EN
ukraine,2022-02-24,basingstokegazette.co.uk,https://www.basingstokegazette.co.uk/news/19947400.stanley-elliott-trial-defendant-takes-stand/,Print_News,EU,EN
ukraine,2022-02-24,basingstokegazette.co.uk,https://www.basingstokegazette.co.uk/news/19947539.canadas-justin-trudeau-removes-emergency-powers-blockades-ended/,Print_News,EU,EN
ukraine,2022-02-24,basingstokegazette.co.uk,https://www.basingstokegazette.co.uk/news/national/19945620.putin-gone-full-tonto-ukraine-says-defence-secretary/,Print_News,EU,EN
ukraine,2022-02-24,basingstokegazette.co.uk,https://www.basingstokegazette.co.uk/news/19947550.ralf-rangnick-urges-manchester-united-players-try-emulate-anthony-elanga/,Print_News,EU,EN
ukraine,2022-02-24,basingstokegazette.co.uk,https://www.basingstokegazette.co.uk/news/19947543.sir-jeffrey-donaldson-denies-considered-rejoining-ulster-unionists/,Print_News,EU,EN
ukraine,2022-02-24,basingstokegazette.co.uk,https://www.basingstokegazette.co.uk/news/19947548.snow-lightning-warnings-severe-flooding-risks-remain/,Print_News,EU,EN
ukraine,2022-02-24,basingstokegazette.co.uk,https://www.basingstokegazette.co.uk/news/19947513.ukraine-rebel-leaders-ask-russia-fend-off-aggression-kremlin-says/,Print_News,EU,EN
ukraine,2022-02-27,basingstokegazette.co.uk,https://www.basingstokegazette.co.uk/news/19955310.johnson-welcomes-moves-exclude-russia-swift-banking-system/,Print_News,EU,EN
ukraine,2022-02-27,basingstokegazette.co.uk,https://www.basingstokegazette.co.uk/news/national/19955180.protests-continue-ireland-ukraine-invasion/,Print_News,EU,EN
ukraine,2022-02-27,basingstokegazette.co.uk,https://www.basingstokegazette.co.uk/news/19955350.real-madrid-nine-points-clear-karim-benzema-strike-sees-off-rayo-vallecano/,Print_News,EU,EN
ukraine,2022-02-27,basingstokegazette.co.uk,https://www.basingstokegazette.co.uk/news/19955327.youtube-takes-action-rt-twitter-access-restricted-russia/,Print_News,EU,EN
ukraine,2022-02-27,basingstokegazette.co.uk,https://www.basingstokegazette.co.uk/news/19955311.eddie-jones-dismisses-impact-referees-influence-englands-win-wales/,Print_News,EU,EN
ukraine,2022-02-27,basingstokegazette.co.uk,https://www.basingstokegazette.co.uk/news/19955241.phil-foden-goal-takes-manchester-city-six-points-clear-top-premier-league/,Print_News,EU,EN
ukraine,2022-02-27,basingstokegazette.co.uk,https://www.basingstokegazette.co.uk/news/19955303.frank-lampard-blasts-officials-evertons-defeat-manchester-city/,Print_News,EU,EN
ukraine,2022-02-27,basingstokegazette.co.uk,https://www.basingstokegazette.co.uk/news/19955352.make-preventing-violence-women-girls-priority-police-told/,Print_News,EU,EN
ukraine,2022-02-27,basingstokegazette.co.uk,https://www.basingstokegazette.co.uk/news/19955319.wayne-pivac-felt-england-try-not-stood-wales-lose-twickenham/,Print_News,EU,EN
ukraine,2022-02-27,basingstokegazette.co.uk,https://www.basingstokegazette.co.uk/news/19955330.residents-take-cover-ukrainian-capital-russian-troops-approach/,Print_News,EU,EN
ukraine,2022-02-27,basingstokegazette.co.uk,https://www.basingstokegazette.co.uk/news/national/19955356.boris-johnson-says-west-tightening-economic-ligature-around-russia/,Print_News,EU,EN
venezuela,2024-12-31,basingstokegazette.co.uk,https://www.basingstokegazette.co.uk/news/national/24824936.teenage-honours-recipient-urges-peers-get-involved-rewarding-charity/,Print_News,EU,EN
venezuela,2024-12-31,basingstokegazette.co.uk,https://www.basingstokegazette.co.uk/news/national/24824904.met-officer-given-final-warning-joking-setting-fire-womans-house/,Print_News,EU,EN
venezuela,2024-12-31,basingstokegazette.co.uk,https://www.basingstokegazette.co.uk/news/national/24824908.stephen-fry-startled-enchanted-knighthood-new-year-honours/,Print_News,EU,EN
venezuela,2024-12-31,basingstokegazette.co.uk,https://www.basingstokegazette.co.uk/news/24823416.new-years-honours-list-2024-basingstoke-recipients/,Print_News,EU,EN
venezuela,2024-12-31,basingstokegazette.co.uk,https://www.basingstokegazette.co.uk/news/national/24824896.welsh-ambulance-service-declares-critical-incident-increased-demand/,Print_News,EU,EN
venezuela,2024-12-31,basingstokegazette.co.uk,https://www.basingstokegazette.co.uk/news/national/24824872.us-treasury-says-chinese-hackers-remotely-accessed-workstations-documents/,Print_News,EU,EN
venezuela,2024-12-31,basingstokegazette.co.uk,https://www.basingstokegazette.co.uk/news/national/24822831.taliban-letter-tells-ngos-afghanistan-stop-employing-women-face-closure/,Print_News,EU,EN
venezuela,2024-12-31,basingstokegazette.co.uk,https://www.basingstokegazette.co.uk/news/national/24824938.king-honours-medical-staff-personal-service-cancer-treatment/,Print_News,EU,EN
ukraine,2022-02-27,borehamwoodtimes.co.uk,https://www.borehamwoodtimes.co.uk/news/19955350.real-madrid-nine-points-clear-karim-benzema-strike-sees-off-rayo-vallecano/,Print_News,EU,EN
ukraine,2022-02-27,borehamwoodtimes.co.uk,https://www.borehamwoodtimes.co.uk/news/19955303.frank-lampard-blasts-officials-evertons-defeat-manchester-city/,Print_News,EU,EN
ukraine,2022-02-27,borehamwoodtimes.co.uk,https://www.borehamwoodtimes.co.uk/news/19955327.youtube-takes-action-rt-twitter-access-restricted-russia/,Print_News,EU,EN
ukraine,2022-02-27,borehamwoodtimes.co.uk,https://www.borehamwoodtimes.co.uk/news/19953418.peaky-blinders-season-6-get-look-boohooman/,Print_News,EU,EN
ukraine,2022-02-27,borehamwoodtimes.co.uk,https://www.borehamwoodtimes.co.uk/news/19955311.eddie-jones-dismisses-impact-referees-influence-englands-win-wales/,Print_News,EU,EN
ukraine,2022-02-27,borehamwoodtimes.co.uk,https://www.borehamwoodtimes.co.uk/news/19955319.wayne-pivac-felt-england-try-not-stood-wales-lose-twickenham/,Print_News,EU,EN
ukraine,2022-02-27,borehamwoodtimes.co.uk,https://www.borehamwoodtimes.co.uk/news/19955310.johnson-welcomes-moves-exclude-russia-swift-banking-system/,Print_News,EU,EN
ukraine,2022-02-27,borehamwoodtimes.co.uk,https://www.borehamwoodtimes.co.uk/news/19953399.primrose-reveals-7-quick-jobs-get-garden-spring-ready--see-tasks/,Print_News,EU,EN
ukraine,2022-02-27,borehamwoodtimes.co.uk,https://www.borehamwoodtimes.co.uk/news/19953403.world-book-day-childrens-fancy-dress-costumes-aldi/,Print_News,EU,EN
ukraine,2022-02-27,borehamwoodtimes.co.uk,https://www.borehamwoodtimes.co.uk/news/19955352.make-preventing-violence-women-girls-priority-police-told/,Print_News,EU,EN
ukraine,2022-02-27,borehamwoodtimes.co.uk,https://www.borehamwoodtimes.co.uk/news/national/19955356.boris-johnson-says-west-tightening-economic-ligature-around-russia/,Print_News,EU,EN
ukraine,2022-02-27,borehamwoodtimes.co.uk,https://www.borehamwoodtimes.co.uk/news/19955330.residents-take-cover-ukrainian-capital-russian-troops-approach/,Print_News,EU,EN
ukraine,2022-02-27,borehamwoodtimes.co.uk,https://www.borehamwoodtimes.co.uk/news/national/uk-today/19955321.priti-patel-tells-police-prioritise-tackling-violence-women-new-strategy/,Print_News,EU,EN
ukraine,2022-02-28,borehamwoodtimes.co.uk,https://www.borehamwoodtimes.co.uk/news/national/19956259.boris-johnson-criticises-rt-calls-ofcom-review/,Print_News,EU,EN
ukraine,2022-02-28,borehamwoodtimes.co.uk,https://www.borehamwoodtimes.co.uk/news/national/19956235.boris-johnson-dismisses-putins-nuclear-warning-distraction/,Print_News,EU,EN
ukraine,2022-02-28,borehamwoodtimes.co.uk,https://www.borehamwoodtimes.co.uk/news/19956332.pierre-emerick-aubameyang-scores-barcelona-thump-athletic-bilbao/,Print_News,EU,EN
ukraine,2022-02-28,borehamwoodtimes.co.uk,https://www.borehamwoodtimes.co.uk/news/national/uk-today/19956263.peaky-binders-react-heart-wrenching-tribute-helen-mccrory/,Print_News,EU,EN
ukraine,2022-02-28,borehamwoodtimes.co.uk,https://www.borehamwoodtimes.co.uk/news/national/uk-today/19956275.polly-gray-peaky-blinders-die/,Print_News,EU,EN
ukraine,2022-02-28,borehamwoodtimes.co.uk,https://www.borehamwoodtimes.co.uk/news/national/19956228.russian-music-conductor-valery-gergiev-dropped-management-putin-links/,Print_News,EU,EN
ukraine,2022-02-28,borehamwoodtimes.co.uk,https://www.borehamwoodtimes.co.uk/news/19956242.samsung-reveals-new-laptops-mobile-first-generation/,Print_News,EU,EN
ukraine,2022-02-28,borehamwoodtimes.co.uk,https://www.borehamwoodtimes.co.uk/news/19956335.fan-zhengyi-beats-ronnie-osullivan-claim-betvictor-european-masters-title/,Print_News,EU,EN
ukraine,2022-02-28,borehamwoodtimes.co.uk,https://www.borehamwoodtimes.co.uk/news/national/uk-today/19955848.itv-confirms-trigger-point-will-return-second-series-vicky-mcclure/,Print_News,EU,EN
ukraine,2022-02-28,borehamwoodtimes.co.uk,https://www.borehamwoodtimes.co.uk/news/19956310.increased-alert-russian-nuclear-forces-affect-ukraine-crisis/,Print_News,EU,EN
ukraine,2022-02-28,borehamwoodtimes.co.uk,https://www.borehamwoodtimes.co.uk/news/19956311.lawrence-okolie-retains-wbo-cruiserweight-title-victory-michal-cieslak/,Print_News,EU,EN
ukraine,2022-02-28,borehamwoodtimes.co.uk,https://www.borehamwoodtimes.co.uk/news/19956278.eddie-jones-insists-england-dont-fear-anyone-ahead-six-nations-title-fight/,Print_News,EU,EN
ukraine,2022-03-02,borehamwoodtimes.co.uk,https://www.borehamwoodtimes.co.uk/news/national/19960384.jaguar-land-rover-suspends-sales-russia/,Print_News,EU,EN
ukraine,2022-03-02,borehamwoodtimes.co.uk,https://www.borehamwoodtimes.co.uk/news/19962020.novak-djokovic-splits-coach-marian-vajda/,Print_News,EU,EN
ukraine,2022-03-03,borehamwoodtimes.co.uk,https://www.borehamwoodtimes.co.uk/news/19964853.social-economic-impact-pandemic-could-undo-gender-equality-progress/,Print_News,EU,EN
ukraine,2022-03-04,borehamwoodtimes.co.uk,https://www.borehamwoodtimes.co.uk/news/national/19968151.wales-see-removal-legal-covid-measures-end-march/,Print_News,EU,EN
ukraine,2022-03-04,borehamwoodtimes.co.uk,https://www.borehamwoodtimes.co.uk/news/19968148.michael-van-gerwen-routs-peter-wright-final-finding-premier-league-form/,Print_News,EU,EN
ukraine,2022-03-04,borehamwoodtimes.co.uk,https://www.borehamwoodtimes.co.uk/news/19968150.george-ezra-documentary-among-uk-global-screen-fund-award-winners/,Print_News,EU,EN
ukraine,2022-03-04,borehamwoodtimes.co.uk,https://www.borehamwoodtimes.co.uk/news/19968155.boreham-wood-ready-celebrate-cup-run-despite-disappointment-everton-defeat/,Print_News,EU,EN
ukraine,2022-03-04,borehamwoodtimes.co.uk,https://www.borehamwoodtimes.co.uk/news/national/19968112.hundreds-londoners-hold-vigil-sarah-everard-one-year-abduction/,Print_News,EU,EN
ukraine,2022-03-05,borehamwoodtimes.co.uk,https://www.borehamwoodtimes.co.uk/news/19971531.british-journalist-shot-wounded-ambush-near-ukrainian-capital/,Print_News,EU,EN
ukraine,2022-03-05,borehamwoodtimes.co.uk,https://www.borehamwoodtimes.co.uk/news/national/19971509.woman-dies-helicopter-landing-incident/,Print_News,EU,EN
ukraine,2022-03-05,borehamwoodtimes.co.uk,https://www.borehamwoodtimes.co.uk/news/19971532.shane-warne-legend-game-gave-much-time-everyone---ben-stokes/,Print_News,EU,EN
ukraine,2022-03-05,borehamwoodtimes.co.uk,https://www.borehamwoodtimes.co.uk/news/national/19971514.starmer-snp-tories-use-elections-re-run-referendums/,Print_News,EU,EN
venezuela,2024-12-25,borehamwoodtimes.co.uk,https://www.borehamwoodtimes.co.uk/news/national/24818175.farage-willing-work-lord-mandelson-secure-trump-trade-deal/,Print_News,EU,EN
venezuela,2024-12-25,borehamwoodtimes.co.uk,https://www.borehamwoodtimes.co.uk/news/national/24818177.two-dead-gang-attack-journalists-covering-haiti-hospital-reopening/,Print_News,EU,EN
gaza,2023-10-14,braintreeandwithamtimes.co.uk,https://www.braintreeandwithamtimes.co.uk/news/national/23855307.whisky-society-sets-world-record-largest-online-tasting-event/,Print_News,EU,EN
gaza,2023-10-14,braintreeandwithamtimes.co.uk,https://www.braintreeandwithamtimes.co.uk/news/national/uk-today/23855285.itv-big-brother-evicted-big-brother-house/,Print_News,EU,EN
gaza,2023-10-14,braintreeandwithamtimes.co.uk,https://www.braintreeandwithamtimes.co.uk/news/national/23855305.freezing-working-age-benefits-save-4-billion-come-terrible-cost/,Print_News,EU,EN
gaza,2023-10-14,braintreeandwithamtimes.co.uk,https://www.braintreeandwithamtimes.co.uk/news/national/23855304.debate-approach-independence-ends-snp-conference-yousaf-insists/,Print_News,EU,EN
gaza,2023-10-14,braintreeandwithamtimes.co.uk,https://www.braintreeandwithamtimes.co.uk/news/national/uk-today/23852544.wordle-today-wordle-847-october-14-hints-todays-answer/,Print_News,EU,EN
gaza,2023-10-14,braintreeandwithamtimes.co.uk,https://www.braintreeandwithamtimes.co.uk/news/national/uk-today/23855199.set-list-taylor-swifts-eras-tour-film/,Print_News,EU,EN
gaza,2023-10-14,braintreeandwithamtimes.co.uk,https://www.braintreeandwithamtimes.co.uk/news/national/23855306.new-consultation-banning-plastic-wet-wipes-begins/,Print_News,EU,EN
gaza,2023-10-14,braintreeandwithamtimes.co.uk,https://www.braintreeandwithamtimes.co.uk/news/national/23855310.british-jews-worried-sick-weeping-israel-hamas-conflict-family-says/,Print_News,EU,EN
gaza,2023-10-14,braintreeandwithamtimes.co.uk,https://www.braintreeandwithamtimes.co.uk/news/national/23855303.thousands-march-london-pro-palestinian-protest-gaza-expects-invasion/,Print_News,EU,EN
gaza,2023-10-15,braintreeandwithamtimes.co.uk,https://www.braintreeandwithamtimes.co.uk/news/national/uk-today/23856207.wordle-today-wordle-848-october-15-hints-todays-answer/,Print_News,EU,EN
gaza,2023-10-15,braintreeandwithamtimes.co.uk,https://www.braintreeandwithamtimes.co.uk/news/national/uk-today/23855911.strictly-come-dancings-jody-cundy-issues-injury-update/,Print_News,EU,EN
gaza,2023-10-15,braintreeandwithamtimes.co.uk,https://www.braintreeandwithamtimes.co.uk/news/national/23856254.no-snp-seat-safe-labour-warns-murray/,Print_News,EU,EN
gaza,2023-10-15,braintreeandwithamtimes.co.uk,https://www.braintreeandwithamtimes.co.uk/news/national/23856255.first-minister-plans-resume-counselling/,Print_News,EU,EN
gaza,2023-10-15,braintreeandwithamtimes.co.uk,https://www.braintreeandwithamtimes.co.uk/news/national/23856262.temperatures-drop-autumn-chill-hits-uk/,Print_News,EU,EN
gaza,2023-10-15,braintreeandwithamtimes.co.uk,https://www.braintreeandwithamtimes.co.uk/news/national/23856256.snp-asking-scots-put-trust-themselves-flynn-say/,Print_News,EU,EN
gaza,2023-10-15,braintreeandwithamtimes.co.uk,https://www.braintreeandwithamtimes.co.uk/news/national/23856266.snp-conference-begin-most-difficult-period-partys-history/,Print_News,EU,EN
gaza,2023-10-15,braintreeandwithamtimes.co.uk,https://www.braintreeandwithamtimes.co.uk/news/national/uk-today/23856212.itv-reveals-celebrity-teaser-ahead-2023-series/,Print_News,EU,EN
gaza,2023-10-15,braintreeandwithamtimes.co.uk,https://www.braintreeandwithamtimes.co.uk/news/national/23856257.d-day-veterans-encouraged-register-major-80th-anniversary-celebrations/,Print_News,EU,EN
gaza,2023-10-15,braintreeandwithamtimes.co.uk,https://www.braintreeandwithamtimes.co.uk/news/national/uk-today/23856182.strictlys-amy-dowden-will-return-next-year-says-shirley-ballas/,Print_News,EU,EN
gaza,2023-10-15,braintreeandwithamtimes.co.uk,https://www.braintreeandwithamtimes.co.uk/news/national/23856253.sunak-offers-firm-backing-israel-gaza-faces-imminent-offensive/,Print_News,EU,EN
gaza,2023-10-16,braintreeandwithamtimes.co.uk,https://www.braintreeandwithamtimes.co.uk/news/national/uk-today/23856471.600-000-uk-drivers-one-offence-away-disqualification/,Print_News,EU,EN
gaza,2023-10-16,braintreeandwithamtimes.co.uk,https://www.braintreeandwithamtimes.co.uk/news/national/23857017.donald-trump-legal-case-former-mi6-officers-company-start/,Print_News,EU,EN
gaza,2023-10-16,braintreeandwithamtimes.co.uk,https://www.braintreeandwithamtimes.co.uk/news/national/uk-today/23856860.wordle-today-wordle-849-october-16-hints-todays-answer/,Print_News,EU,EN
gaza,2023-10-16,braintreeandwithamtimes.co.uk,https://www.braintreeandwithamtimes.co.uk/news/national/23857002.artist-makes-ink-clone-newtons-apple-tree-fell-storm/,Print_News,EU,EN
gaza,2023-10-16,braintreeandwithamtimes.co.uk,https://www.braintreeandwithamtimes.co.uk/news/national/23857018.sunak-address-mps-israeli-invasion-gaza-looms/,Print_News,EU,EN
gaza,2023-10-16,braintreeandwithamtimes.co.uk,https://www.braintreeandwithamtimes.co.uk/news/national/uk-today/23856944.battersea-name-veterinary-hospital-paul-ogrady/,Print_News,EU,EN
gaza,2023-10-16,braintreeandwithamtimes.co.uk,https://www.braintreeandwithamtimes.co.uk/news/national/uk-today/23856649.left-strictly-come-dancing-jody-cundy-eliminated/,Print_News,EU,EN
gaza,2023-10-16,braintreeandwithamtimes.co.uk,https://www.braintreeandwithamtimes.co.uk/news/national/23857000.autumn-holidays-26-washout-summer/,Print_News,EU,EN
gaza,2023-10-16,braintreeandwithamtimes.co.uk,https://www.braintreeandwithamtimes.co.uk/news/national/23857003.half-women-jailed-serve-sentences-six-months---study/,Print_News,EU,EN
gaza,2023-10-16,braintreeandwithamtimes.co.uk,https://www.braintreeandwithamtimes.co.uk/news/national/uk-today/23856972.higher-tax-bracket-big-brother-housemates-talk-money/,Print_News,EU,EN
gaza,2023-10-16,braintreeandwithamtimes.co.uk,https://www.braintreeandwithamtimes.co.uk/news/national/23857004.charities-urge-sunak-not-abandon-renters-reform-bill/,Print_News,EU,EN
gaza,2023-10-16,braintreeandwithamtimes.co.uk,https://www.braintreeandwithamtimes.co.uk/news/national/23857001.600-000-drivers-face-ban-one-touch-phone/,Print_News,EU,EN
gaza,2023-10-16,braintreeandwithamtimes.co.uk,https://www.braintreeandwithamtimes.co.uk/news/national/uk-today/23856934.strictly-viewers-tears-nikita-vito-dance/,Print_News,EU,EN
gaza,2023-10-07,burytimes.co.uk,https://www.burytimes.co.uk/news/national/uk-today/23821532.wordle-today-wordle-840-october-7-hints-todays-answer/,Print_News,EU,EN
gaza,2023-10-07,burytimes.co.uk,https://www.burytimes.co.uk/news/national/uk-today/23839071.foods-dangerous-give-dogs/,Print_News,EU,EN
gaza,2023-10-07,burytimes.co.uk,https://www.burytimes.co.uk/news/national/23840316.many-charities-full-turn-people-need-away-survey-suggests/,Print_News,EU,EN
gaza,2023-10-07,burytimes.co.uk,https://www.burytimes.co.uk/news/national/uk-today/23834780.not-time-reality-tv-scrapped-long-last/,Print_News,EU,EN
gaza,2023-10-07,burytimes.co.uk,https://www.burytimes.co.uk/news/national/23840314.stark-contrast-north-south-weather-continues-throughout-weekend/,Print_News,EU,EN
gaza,2023-10-07,burytimes.co.uk,https://www.burytimes.co.uk/news/national/uk-today/23838892.royal-mint-rarest-50p-coins-uks-valuable-stamps/,Print_News,EU,EN
gaza,2023-10-07,burytimes.co.uk,https://www.burytimes.co.uk/news/national/23840315.doddie-weirs-son-join-kenny-logan-final-leg-700-mile-mnd-challenge/,Print_News,EU,EN
gaza,2023-10-07,burytimes.co.uk,https://www.burytimes.co.uk/news/national/23840313.labour-vows-double-number-hospital-scanners-get-tough-developers/,Print_News,EU,EN
gaza,2023-10-08,burytimes.co.uk,https://www.burytimes.co.uk/news/23841197.prestwich-car-abandoned-french-bulldog-found/,Print_News,EU,EN
gaza,2023-10-08,burytimes.co.uk,https://www.burytimes.co.uk/news/national/23841210.allowing-children-hospital-play-could-reduce-mental-health-problems/,Print_News,EU,EN
gaza,2023-10-08,burytimes.co.uk,https://www.burytimes.co.uk/news/national/23841209.details-a75-upgrade-funding-not-yet-fleshed-out---alister-jack/,Print_News,EU,EN
gaza,2023-10-08,burytimes.co.uk,https://www.burytimes.co.uk/news/national/23841212.william-tells-young-readers-dream-big-protect-planet/,Print_News,EU,EN
gaza,2023-10-08,burytimes.co.uk,https://www.burytimes.co.uk/news/national/23841211.labour-vows-work-constructively-scottish-government-office/,Print_News,EU,EN
gaza,2023-10-08,burytimes.co.uk,https://www.burytimes.co.uk/news/national/23841208.starmer-tells-sunak-bring-on-labour-conference-gets-way/,Print_News,EU,EN
ukraine,2022-03-03,burytimes.co.uk,https://www.burytimes.co.uk/news/19964817.roman-abramovichs-decision-sell-chelsea-hasnt-sunk-in-thomas-tuchel/,Print_News,EU,EN
ukraine,2022-03-03,burytimes.co.uk,https://www.burytimes.co.uk/news/national/19964825.ministers-urged-unmask-foreign-owners-uk-property-weeks-not-years/,Print_News,EU,EN
ukraine,2022-03-03,burytimes.co.uk,https://www.burytimes.co.uk/news/19964837.war-crimes-investigation-begins-ukraine-uk-pushed-action-putin/,Print_News,EU,EN
ukraine,2022-03-03,burytimes.co.uk,https://www.burytimes.co.uk/news/19964853.social-economic-impact-pandemic-could-undo-gender-equality-progress/,Print_News,EU,EN
ukraine,2022-03-03,burytimes.co.uk,https://www.burytimes.co.uk/news/19964803.romain-perraud-hits-stunning-strike-southampton-see-off-west-ham/,Print_News,EU,EN
ukraine,2022-03-03,burytimes.co.uk,https://www.burytimes.co.uk/news/19964847.ghislaine-maxwell-juror-likely-get-immunity-testimony/,Print_News,EU,EN
ukraine,2022-03-03,burytimes.co.uk,https://www.burytimes.co.uk/news/national/19964784.uk-allies-push-swift-war-crimes-probe-putins-invasion-ukraine/,Print_News,EU,EN
ukraine,2022-03-03,burytimes.co.uk,https://www.burytimes.co.uk/news/19964831.thomas-tuchel-admits-wasnt-easy-chelsea-focus-luton-tie/,Print_News,EU,EN
ukraine,2022-03-03,burytimes.co.uk,https://www.burytimes.co.uk/news/national/19964760.amazon-close-bookstores-us-uk/,Print_News,EU,EN
ukraine,2022-03-03,burytimes.co.uk,https://www.burytimes.co.uk/news/19964840.20m-must-be-won-jackpot-grabs-saturday/,Print_News,EU,EN
ukraine,2022-03-04,burytimes.co.uk,https://www.burytimes.co.uk/news/national/uk-today/19968086.dragons-den-fans-react-25-nett-exfoliator-hit-bbc-show/,Print_News,EU,EN
ukraine,2022-03-04,burytimes.co.uk,https://www.burytimes.co.uk/news/19968148.michael-van-gerwen-routs-peter-wright-final-finding-premier-league-form/,Print_News,EU,EN
ukraine,2022-03-04,burytimes.co.uk,https://www.burytimes.co.uk/news/national/uk-today/19968087.bbcs-apprentice-episode-9-happened-fired/,Print_News,EU,EN
ukraine,2022-03-04,burytimes.co.uk,https://www.burytimes.co.uk/news/19968155.boreham-wood-ready-celebrate-cup-run-despite-disappointment-everton-defeat/,Print_News,EU,EN
ukraine,2022-03-04,burytimes.co.uk,https://www.burytimes.co.uk/news/national/19968084.ex-police-officer-cleared-wanton-endangerment-breonna-taylor-death/,Print_News,EU,EN
ukraine,2022-03-04,burytimes.co.uk,https://www.burytimes.co.uk/news/national/uk-today/19968097.will-kylie-minogue-return-neighbours-final-episode-soap-axed-37-years/,Print_News,EU,EN
ukraine,2022-03-04,burytimes.co.uk,https://www.burytimes.co.uk/news/national/19968151.wales-see-removal-legal-covid-measures-end-march/,Print_News,EU,EN
ukraine,2022-03-04,burytimes.co.uk,https://www.burytimes.co.uk/news/19968113.ollie-robinson-mark-wood-give-england-fitness-worry-ahead-windies-tests/,Print_News,EU,EN
ukraine,2022-03-04,burytimes.co.uk,https://www.burytimes.co.uk/news/19968139.story-schoolboy-imposter-pushes-buttons---cumming/,Print_News,EU,EN
ukraine,2022-03-04,burytimes.co.uk,https://www.burytimes.co.uk/news/19968055.middlesbrough-handed-chelsea-tie-knocking-man-utd-spurs-fa-cup/,Print_News,EU,EN
ukraine,2022-03-04,burytimes.co.uk,https://www.burytimes.co.uk/news/national/19968112.hundreds-londoners-hold-vigil-sarah-everard-one-year-abduction/,Print_News,EU,EN
ukraine,2022-03-04,burytimes.co.uk,https://www.burytimes.co.uk/news/19968133.boreham-woods-fa-cup-run-ended-salomon-rondon-double-sends-everton/,Print_News,EU,EN
ukraine,2022-03-04,burytimes.co.uk,https://www.burytimes.co.uk/news/19968122.polls-close-really-tight-erdington-by-election/,Print_News,EU,EN
ukraine,2022-03-04,burytimes.co.uk,https://www.burytimes.co.uk/news/national/19966663.channel-crossings-continue-migrants-arrive-kent/,Print_News,EU,EN
ukraine,2022-03-04,burytimes.co.uk,https://www.burytimes.co.uk/news/19968123.jamie-george-vital-role-play-england---richard-cockerill/,Print_News,EU,EN
ukraine,2022-03-04,burytimes.co.uk,https://www.burytimes.co.uk/news/19968150.george-ezra-documentary-among-uk-global-screen-fund-award-winners/,Print_News,EU,EN
venezuela,2025-01-01,burytimes.co.uk,https://www.burytimes.co.uk/news/national/24826929.hogmanay-tourists-quickly-find-alternatives-cancelled-fireworks/,Print_News,EU,EN
venezuela,2025-01-01,burytimes.co.uk,https://www.burytimes.co.uk/news/national/24826926.starmer-2025-chance-rediscover-great-nation/,Print_News,EU,EN
venezuela,2025-01-01,burytimes.co.uk,https://www.burytimes.co.uk/news/national/24826920.pupils-will-pay-price-new-tax-private-school-fees-tories-warn-reeves/,Print_News,EU,EN
gaza,2023-10-07,cravenherald.co.uk,https://www.cravenherald.co.uk/news/national/23840284.teenager-arrested-man-stabbed-death-front-shoppers/,Print_News,EU,EN
gaza,2023-10-07,cravenherald.co.uk,https://www.cravenherald.co.uk/news/national/uk-today/23838892.royal-mint-rarest-50p-coins-uks-valuable-stamps/,Print_News,EU,EN
gaza,2023-10-07,cravenherald.co.uk,https://www.cravenherald.co.uk/news/national/23840313.labour-vows-double-number-hospital-scanners-get-tough-developers/,Print_News,EU,EN
gaza,2023-10-07,cravenherald.co.uk,https://www.cravenherald.co.uk/news/national/23840315.doddie-weirs-son-join-kenny-logan-final-leg-700-mile-mnd-challenge/,Print_News,EU,EN
gaza,2023-10-07,cravenherald.co.uk,https://www.cravenherald.co.uk/news/national/23840314.stark-contrast-north-south-weather-continues-throughout-weekend/,Print_News,EU,EN
gaza,2023-10-07,cravenherald.co.uk,https://www.cravenherald.co.uk/news/national/23840288.angela-rayner-open-labour-conference-pledge-make-work-pay/,Print_News,EU,EN
gaza,2023-10-07,cravenherald.co.uk,https://www.cravenherald.co.uk/news/national/uk-today/23839071.foods-dangerous-give-dogs/,Print_News,EU,EN
gaza,2023-10-07,cravenherald.co.uk,https://www.cravenherald.co.uk/news/national/23840316.many-charities-full-turn-people-need-away-survey-suggests/,Print_News,EU,EN
gaza,2023-10-07,cravenherald.co.uk,https://www.cravenherald.co.uk/news/national/uk-today/23821532.wordle-today-wordle-840-october-7-hints-todays-answer/,Print_News,EU,EN
gaza,2023-10-07,cravenherald.co.uk,https://www.cravenherald.co.uk/news/national/uk-today/23834780.not-time-reality-tv-scrapped-long-last/,Print_News,EU,EN
gaza,2023-10-08,cravenherald.co.uk,https://www.cravenherald.co.uk/news/national/23841212.william-tells-young-readers-dream-big-protect-planet/,Print_News,EU,EN
gaza,2023-10-08,cravenherald.co.uk,https://www.cravenherald.co.uk/news/national/23841209.details-a75-upgrade-funding-not-yet-fleshed-out---alister-jack/,Print_News,EU,EN
gaza,2023-10-08,cravenherald.co.uk,https://www.cravenherald.co.uk/news/national/uk-today/23841124.big-brother-2023-first-look-new-house-shared-itv/,Print_News,EU,EN
gaza,2023-10-08,cravenherald.co.uk,https://www.cravenherald.co.uk/news/national/23841211.labour-vows-work-constructively-scottish-government-office/,Print_News,EU,EN
gaza,2023-10-08,cravenherald.co.uk,https://www.cravenherald.co.uk/news/national/23841184.london-police-patrols-increase-people-accused-celebrating-israel-attacks/,Print_News,EU,EN
gaza,2023-10-08,cravenherald.co.uk,https://www.cravenherald.co.uk/news/national/23841210.allowing-children-hospital-play-could-reduce-mental-health-problems/,Print_News,EU,EN
gaza,2023-10-08,cravenherald.co.uk,https://www.cravenherald.co.uk/news/national/23841208.starmer-tells-sunak-bring-on-labour-conference-gets-way/,Print_News,EU,EN
gaza,2023-10-08,cravenherald.co.uk,https://www.cravenherald.co.uk/news/national/23841186.pm-says-uk-full-solidarity-israel-amid-cowardly-depraved-attack/,Print_News,EU,EN
gaza,2023-10-09,cravenherald.co.uk,https://www.cravenherald.co.uk/news/national/23842020.unique-cold-bath-found-bath/,Print_News,EU,EN
gaza,2023-10-09,cravenherald.co.uk,https://www.cravenherald.co.uk/news/national/uk-today/23841990.davina-mccall-reveals-isnt-watching-big-brother/,Print_News,EU,EN
gaza,2023-10-09,cravenherald.co.uk,https://www.cravenherald.co.uk/news/national/23842018.publishing-industry-faces-billions-costs-students-illegally-download-texts/,Print_News,EU,EN
gaza,2023-10-09,cravenherald.co.uk,https://www.cravenherald.co.uk/news/national/23842016.reeves-will-promise-restore-hope-plan-get-britain-building/,Print_News,EU,EN
gaza,2023-10-09,cravenherald.co.uk,https://www.cravenherald.co.uk/news/national/23842015.uk-working-help-families-britons-caught-israel-conflict/,Print_News,EU,EN
gaza,2023-10-09,cravenherald.co.uk,https://www.cravenherald.co.uk/news/national/23842021.coin-hoard-belonging-highland-clan-chief-discovered/,Print_News,EU,EN
gaza,2023-10-09,cravenherald.co.uk,https://www.cravenherald.co.uk/news/national/23842017.widespread-concern-many-higher-education-silenced---free-speech-chief/,Print_News,EU,EN
gaza,2023-10-09,cravenherald.co.uk,https://www.cravenherald.co.uk/news/national/23842019.british-skiing-group-promoting-inclusivity-community-slopes/,Print_News,EU,EN
gaza,2023-10-09,cravenherald.co.uk,https://www.cravenherald.co.uk/news/national/uk-today/23841984.davina-mccall-reveals-isnt-watching-big-brother/,Print_News,EU,EN
gaza,2023-10-09,cravenherald.co.uk,https://www.cravenherald.co.uk/news/national/uk-today/23841928.big-brother-2023-meet-contestants-amid-reboot/,Print_News,EU,EN
gaza,2023-10-10,cravenherald.co.uk,https://www.cravenherald.co.uk/news/national/23844656.humanity-lose-half-future-medicines-plant-extinctions/,Print_News,EU,EN
gaza,2023-10-10,cravenherald.co.uk,https://www.cravenherald.co.uk/news/national/uk-today/23844613.voice-big-brother-meet-marcus-bentley/,Print_News,EU,EN
gaza,2023-10-10,cravenherald.co.uk,https://www.cravenherald.co.uk/news/national/23844653.government-no-evidence-back-nature-recovery-claims-say-campaigners/,Print_News,EU,EN
gaza,2023-10-10,cravenherald.co.uk,https://www.cravenherald.co.uk/news/national/23844655.e-seeing-people-sore-throats-backache-insomnia-coughs/,Print_News,EU,EN
gaza,2023-10-10,cravenherald.co.uk,https://www.cravenherald.co.uk/news/national/uk-today/23844609.jimmy-savile-knighted-lifetime/,Print_News,EU,EN
gaza,2023-10-10,cravenherald.co.uk,https://www.cravenherald.co.uk/news/national/uk-today/23844550.sex-education-producers-create-kane-abel-tv-series/,Print_News,EU,EN
gaza,2023-10-10,cravenherald.co.uk,https://www.cravenherald.co.uk/news/national/23844658.almost-half-consumers-noticed-surge-pricing-busy-times---survey/,Print_News,EU,EN
gaza,2023-10-10,cravenherald.co.uk,https://www.cravenherald.co.uk/news/national/23844659.ultra-processed-foods-labelled-addictive-scientists-suggest/,Print_News,EU,EN
gaza,2023-10-10,cravenherald.co.uk,https://www.cravenherald.co.uk/news/national/23844657.retail-sales-growth-slows-amid-higher-costs-consumers/,Print_News,EU,EN
gaza,2023-10-10,cravenherald.co.uk,https://www.cravenherald.co.uk/news/national/uk-today/23844594.big-brother-hallie-comes-trans-heartwarming-moment/,Print_News,EU,EN
gaza,2023-10-10,cravenherald.co.uk,https://www.cravenherald.co.uk/news/national/23844654.william-kates-foundation-survey-shows-young-peoples-mental-health-struggle/,Print_News,EU,EN
gaza,2023-10-14,cravenherald.co.uk,https://www.cravenherald.co.uk/news/national/uk-today/23852544.wordle-today-wordle-847-october-14-hints-todays-answer/,Print_News,EU,EN
gaza,2023-10-14,cravenherald.co.uk,https://www.cravenherald.co.uk/news/national/23855304.debate-approach-independence-ends-snp-conference-yousaf-insists/,Print_News,EU,EN
gaza,2023-10-14,cravenherald.co.uk,https://www.cravenherald.co.uk/news/national/23855306.new-consultation-banning-plastic-wet-wipes-begins/,Print_News,EU,EN
gaza,2023-10-14,cravenherald.co.uk,https://www.cravenherald.co.uk/news/national/23855310.british-jews-worried-sick-weeping-israel-hamas-conflict-family-says/,Print_News,EU,EN
gaza,2023-10-14,cravenherald.co.uk,https://www.cravenherald.co.uk/news/national/uk-today/23855285.itv-big-brother-evicted-big-brother-house/,Print_News,EU,EN
gaza,2023-10-14,cravenherald.co.uk,https://www.cravenherald.co.uk/news/national/23855305.freezing-working-age-benefits-save-4-billion-come-terrible-cost/,Print_News,EU,EN
gaza,2023-10-14,cravenherald.co.uk,https://www.cravenherald.co.uk/news/national/23855303.thousands-march-london-pro-palestinian-protest-gaza-expects-invasion/,Print_News,EU,EN
gaza,2023-10-14,cravenherald.co.uk,https://www.cravenherald.co.uk/news/national/23855307.whisky-society-sets-world-record-largest-online-tasting-event/,Print_News,EU,EN
gaza,2023-10-16,ealingtimes.co.uk,https://www.ealingtimes.co.uk/news/national/23857003.half-women-jailed-serve-sentences-six-months---study/,Print_News,EU,EN
gaza,2023-10-16,ealingtimes.co.uk,https://www.ealingtimes.co.uk/news/national/uk-today/23856972.higher-tax-bracket-big-brother-housemates-talk-money/,Print_News,EU,EN
gaza,2023-10-16,ealingtimes.co.uk,https://www.ealingtimes.co.uk/news/national/23857018.sunak-address-mps-israeli-invasion-gaza-looms/,Print_News,EU,EN
gaza,2023-10-16,ealingtimes.co.uk,https://www.ealingtimes.co.uk/news/national/23857001.600-000-drivers-face-ban-one-touch-phone/,Print_News,EU,EN
gaza,2023-10-16,ealingtimes.co.uk,https://www.ealingtimes.co.uk/news/national/uk-today/23856934.strictly-viewers-tears-nikita-vito-dance/,Print_News,EU,EN
gaza,2023-10-16,ealingtimes.co.uk,https://www.ealingtimes.co.uk/news/national/23857004.charities-urge-sunak-not-abandon-renters-reform-bill/,Print_News,EU,EN
gaza,2023-10-16,ealingtimes.co.uk,https://www.ealingtimes.co.uk/news/national/23857017.donald-trump-legal-case-former-mi6-officers-company-start/,Print_News,EU,EN
gaza,2023-10-16,ealingtimes.co.uk,https://www.ealingtimes.co.uk/news/national/uk-today/23856471.600-000-uk-drivers-one-offence-away-disqualification/,Print_News,EU,EN
gaza,2023-10-16,ealingtimes.co.uk,https://www.ealingtimes.co.uk/news/national/23857002.artist-makes-ink-clone-newtons-apple-tree-fell-storm/,Print_News,EU,EN
gaza,2023-10-16,ealingtimes.co.uk,https://www.ealingtimes.co.uk/news/national/uk-today/23856944.battersea-name-veterinary-hospital-paul-ogrady/,Print_News,EU,EN
gaza,2023-10-16,ealingtimes.co.uk,https://www.ealingtimes.co.uk/news/national/uk-today/23856860.wordle-today-wordle-849-october-16-hints-todays-answer/,Print_News,EU,EN
gaza,2023-10-16,ealingtimes.co.uk,https://www.ealingtimes.co.uk/news/national/uk-today/23856649.left-strictly-come-dancing-jody-cundy-eliminated/,Print_News,EU,EN
gaza,2023-10-16,ealingtimes.co.uk,https://www.ealingtimes.co.uk/news/national/23857000.autumn-holidays-26-washout-summer/,Print_News,EU,EN
ukraine,2022-02-25,ealingtimes.co.uk,https://www.ealingtimes.co.uk/news/19951012.bradford-chief-reveals-mark-hughes-interest-job-landed-email-junk-folder/,Print_News,EU,EN
ukraine,2022-02-25,ealingtimes.co.uk,https://www.ealingtimes.co.uk/news/19950961.police-scotland-help-hunt-family-infant-missing-wales/,Print_News,EU,EN
ukraine,2022-02-25,ealingtimes.co.uk,https://www.ealingtimes.co.uk/news/19951041.giovanni-van-bronckhorst-hails-rangers-mentality-reach-europa-league-last-16/,Print_News,EU,EN
ukraine,2022-02-25,ealingtimes.co.uk,https://www.ealingtimes.co.uk/news/19951011.satellite-images-show-airfield-damage-eastern-ukraine/,Print_News,EU,EN
ukraine,2022-02-25,ealingtimes.co.uk,https://www.ealingtimes.co.uk/news/19950982.brendan-rodgers-reveals-jamie-vardy-nearing-leicester-return/,Print_News,EU,EN
ukraine,2022-02-25,ealingtimes.co.uk,https://www.ealingtimes.co.uk/news/national/uk-today/19950941.apprentice-episode-8-fired/,Print_News,EU,EN
ukraine,2022-02-25,ealingtimes.co.uk,https://www.ealingtimes.co.uk/news/19950966.irish-photographer-ukraine-lay-bed-shaking-russian-assault-started/,Print_News,EU,EN
ukraine,2022-02-25,ealingtimes.co.uk,https://www.ealingtimes.co.uk/news/19950995.arsenal-maintain-top-four-push-thanks-late-wolves-goal/,Print_News,EU,EN
ukraine,2022-02-25,ealingtimes.co.uk,https://www.ealingtimes.co.uk/news/19951003.former-police-officers-convicted-violating-george-floyds-civil-rights/,Print_News,EU,EN
ukraine,2022-02-25,ealingtimes.co.uk,https://www.ealingtimes.co.uk/news/19951004.james-tavernier-brace-helps-rangers-europa-league-last-16/,Print_News,EU,EN
ukraine,2022-02-25,ealingtimes.co.uk,https://www.ealingtimes.co.uk/news/national/19950945.ukraine-president-orders-full-military-mobilisation/,Print_News,EU,EN
ukraine,2022-02-25,ealingtimes.co.uk,https://www.ealingtimes.co.uk/sport/national/19951048.mikel-arteta-believes-alexandre-lacazette-summed-arsenals-character/,Print_News,EU,EN
ukraine,2022-02-25,ealingtimes.co.uk,https://www.ealingtimes.co.uk/news/national/19950841.peter-gabriel-leads-celebrity-reaction-unfolding-ukraine-crisis/,Print_News,EU,EN
ukraine,2022-02-25,ealingtimes.co.uk,https://www.ealingtimes.co.uk/news/19950988.wayne-pivac-expecting-wales-continue-improvement-england/,Print_News,EU,EN
ukraine,2022-02-25,ealingtimes.co.uk,https://www.ealingtimes.co.uk/news/19951030.uk-can-proud-support-ukraine-pm-tells-ministers/,Print_News,EU,EN
ukraine,2022-02-26,ealingtimes.co.uk,https://www.ealingtimes.co.uk/news/national/19954297.british-airways-running-paper-suffering-major-outage/,Print_News,EU,EN
ukraine,2022-02-26,ealingtimes.co.uk,https://www.ealingtimes.co.uk/news/national/19954302.extinction-rebellion-activists-interrupt-black-tie-dinner-oil-gas-firms/,Print_News,EU,EN
ukraine,2022-02-26,ealingtimes.co.uk,https://www.ealingtimes.co.uk/news/19954339.russia-vetoes-un-resolution-end-ukraine-invasion/,Print_News,EU,EN
ukraine,2022-02-26,ealingtimes.co.uk,https://www.ealingtimes.co.uk/news/national/19954241.irelands-deputy-premier-brands-putin-hitler-21st-century/,Print_News,EU,EN
ukraine,2022-02-26,ealingtimes.co.uk,https://www.ealingtimes.co.uk/news/19954340.dean-smith-rues-under-par-performance-norwich-go-southampton/,Print_News,EU,EN
ukraine,2022-02-26,ealingtimes.co.uk,https://www.ealingtimes.co.uk/news/19954310.royal-opera-house-cancels-bolshoi-ballet-london-tour/,Print_News,EU,EN
ukraine,2022-02-26,ealingtimes.co.uk,https://www.ealingtimes.co.uk/news/national/19954286.hundreds-gather-belfast-denounce-invasion-ukraine/,Print_News,EU,EN
ukraine,2022-02-26,ealingtimes.co.uk,https://www.ealingtimes.co.uk/news/national/19954232.russia-limits-facebook-access-network-restricts-kremlin-backed-media/,Print_News,EU,EN
ukraine,2022-02-28,ealingtimes.co.uk,https://www.ealingtimes.co.uk/news/19956310.increased-alert-russian-nuclear-forces-affect-ukraine-crisis/,Print_News,EU,EN
ukraine,2022-02-28,ealingtimes.co.uk,https://www.ealingtimes.co.uk/news/19956272.old-georgians-deliver-statement-top-6-intent-battling-triumph-wimbledon/,Print_News,EU,EN
ukraine,2022-02-28,ealingtimes.co.uk,https://www.ealingtimes.co.uk/news/national/uk-today/19956239.boris-johnson-brands-putins-nuclear-forces-warning-distraction/,Print_News,EU,EN
ukraine,2022-02-28,ealingtimes.co.uk,https://www.ealingtimes.co.uk/news/national/19956235.boris-johnson-dismisses-putins-nuclear-warning-distraction/,Print_News,EU,EN
ukraine,2022-02-28,ealingtimes.co.uk,https://www.ealingtimes.co.uk/news/19956242.samsung-reveals-new-laptops-mobile-first-generation/,Print_News,EU,EN
ukraine,2022-02-28,ealingtimes.co.uk,https://www.ealingtimes.co.uk/news/19956335.fan-zhengyi-beats-ronnie-osullivan-claim-betvictor-european-masters-title/,Print_News,EU,EN
ukraine,2022-02-28,ealingtimes.co.uk,https://www.ealingtimes.co.uk/news/19956278.eddie-jones-insists-england-dont-fear-anyone-ahead-six-nations-title-fight/,Print_News,EU,EN
ukraine,2022-02-28,ealingtimes.co.uk,https://www.ealingtimes.co.uk/news/national/19956259.boris-johnson-criticises-rt-calls-ofcom-review/,Print_News,EU,EN
ukraine,2022-02-28,ealingtimes.co.uk,https://www.ealingtimes.co.uk/news/19956256.pivac-lauds-cuthbert-impressive-landmark-display/,Print_News,EU,EN
ukraine,2022-02-28,ealingtimes.co.uk,https://www.ealingtimes.co.uk/news/national/19956228.russian-music-conductor-valery-gergiev-dropped-management-putin-links/,Print_News,EU,EN
ukraine,2022-02-28,ealingtimes.co.uk,https://www.ealingtimes.co.uk/news/national/uk-today/19955848.itv-confirms-trigger-point-will-return-second-series-vicky-mcclure/,Print_News,EU,EN
ukraine,2022-02-28,ealingtimes.co.uk,https://www.ealingtimes.co.uk/news/national/uk-today/19956331.president-volodymyr-zelensky-voice-ukrainian-paddington/,Print_News,EU,EN
ukraine,2022-02-28,ealingtimes.co.uk,https://www.ealingtimes.co.uk/news/national/uk-today/19956308.spoiler-alert-itv-trigger-point-finale---sofa-sleuths-react/,Print_News,EU,EN
ukraine,2022-02-28,ealingtimes.co.uk,https://www.ealingtimes.co.uk/news/19956332.pierre-emerick-aubameyang-scores-barcelona-thump-athletic-bilbao/,Print_News,EU,EN
ukraine,2022-02-28,ealingtimes.co.uk,https://www.ealingtimes.co.uk/news/national/uk-today/19956263.peaky-binders-react-heart-wrenching-tribute-helen-mccrory/,Print_News,EU,EN
ukraine,2022-02-28,ealingtimes.co.uk,https://www.ealingtimes.co.uk/news/19956262.jones-young-england-will-learn-lot-wales-victory/,Print_News,EU,EN
ukraine,2022-02-28,ealingtimes.co.uk,https://www.ealingtimes.co.uk/news/19956311.lawrence-okolie-retains-wbo-cruiserweight-title-victory-michal-cieslak/,Print_News,EU,EN
ukraine,2022-02-28,ealingtimes.co.uk,https://www.ealingtimes.co.uk/news/national/uk-today/19956275.polly-gray-peaky-blinders-die/,Print_News,EU,EN
ukraine,2022-03-03,ealingtimes.co.uk,https://www.ealingtimes.co.uk/news/19964803.romain-perraud-hits-stunning-strike-southampton-see-off-west-ham/,Print_News,EU,EN
ukraine,2022-03-03,ealingtimes.co.uk,https://www.ealingtimes.co.uk/news/19964817.roman-abramovichs-decision-sell-chelsea-hasnt-sunk-in-thomas-tuchel/,Print_News,EU,EN
ukraine,2022-03-03,ealingtimes.co.uk,https://www.ealingtimes.co.uk/news/national/19964825.ministers-urged-unmask-foreign-owners-uk-property-weeks-not-years/,Print_News,EU,EN
ukraine,2022-03-03,ealingtimes.co.uk,https://www.ealingtimes.co.uk/news/national/19964784.uk-allies-push-swift-war-crimes-probe-putins-invasion-ukraine/,Print_News,EU,EN
ukraine,2022-03-03,ealingtimes.co.uk,https://www.ealingtimes.co.uk/news/national/19964760.amazon-close-bookstores-us-uk/,Print_News,EU,EN
ukraine,2022-03-03,ealingtimes.co.uk,https://www.ealingtimes.co.uk/news/19964831.thomas-tuchel-admits-wasnt-easy-chelsea-focus-luton-tie/,Print_News,EU,EN
ukraine,2022-03-03,ealingtimes.co.uk,https://www.ealingtimes.co.uk/news/national/uk-today/19963909.sean-bean-stars-new-bbc-drama-marriage-nicola-walker/,Print_News,EU,EN
ukraine,2022-03-03,ealingtimes.co.uk,https://www.ealingtimes.co.uk/news/19964837.war-crimes-investigation-begins-ukraine-uk-pushed-action-putin/,Print_News,EU,EN
ukraine,2022-03-03,ealingtimes.co.uk,https://www.ealingtimes.co.uk/news/19964840.20m-must-be-won-jackpot-grabs-saturday/,Print_News,EU,EN
ukraine,2022-03-03,ealingtimes.co.uk,https://www.ealingtimes.co.uk/news/19964847.ghislaine-maxwell-juror-likely-get-immunity-testimony/,Print_News,EU,EN
ukraine,2022-03-03,ealingtimes.co.uk,https://www.ealingtimes.co.uk/news/19964853.social-economic-impact-pandemic-could-undo-gender-equality-progress/,Print_News,EU,EN
venezuela,2024-12-25,ealingtimes.co.uk,https://www.ealingtimes.co.uk/news/national/24818177.two-dead-gang-attack-journalists-covering-haiti-hospital-reopening/,Print_News,EU,EN
venezuela,2024-12-25,ealingtimes.co.uk,https://www.ealingtimes.co.uk/news/national/24818175.farage-willing-work-lord-mandelson-secure-trump-trade-deal/,Print_News,EU,EN
venezuela,2025-01-01,ealingtimes.co.uk,https://www.ealingtimes.co.uk/news/national/24826887.tory-criticism-knighthood-not-last-will-receive-sir-sadiq-khan-says/,Print_News,EU,EN
venezuela,2025-01-01,ealingtimes.co.uk,https://www.ealingtimes.co.uk/news/national/24826926.starmer-2025-chance-rediscover-great-nation/,Print_News,EU,EN
venezuela,2025-01-01,ealingtimes.co.uk,https://www.ealingtimes.co.uk/news/national/24825781.world-welcomes-2025-fireworks-light-shows/,Print_News,EU,EN
venezuela,2025-01-01,ealingtimes.co.uk,https://www.ealingtimes.co.uk/news/national/24826929.hogmanay-tourists-quickly-find-alternatives-cancelled-fireworks/,Print_News,EU,EN
venezuela,2025-01-01,ealingtimes.co.uk,https://www.ealingtimes.co.uk/news/national/24826920.pupils-will-pay-price-new-tax-private-school-fees-tories-warn-reeves/,Print_News,EU,EN
ukraine,2022-03-03,gazette-news.co.uk,https://www.gazette-news.co.uk/news/19964817.roman-abramovichs-decision-sell-chelsea-hasnt-sunk-in-thomas-tuchel/,Print_News,EU,EN
ukraine,2022-03-03,gazette-news.co.uk,https://www.gazette-news.co.uk/news/national/19964760.amazon-close-bookstores-us-uk/,Print_News,EU,EN
ukraine,2022-03-03,gazette-news.co.uk,https://www.gazette-news.co.uk/news/19964803.romain-perraud-hits-stunning-strike-southampton-see-off-west-ham/,Print_News,EU,EN
ukraine,2022-03-03,gazette-news.co.uk,https://www.gazette-news.co.uk/news/19964837.war-crimes-investigation-begins-ukraine-uk-pushed-action-putin/,Print_News,EU,EN
ukraine,2022-03-03,gazette-news.co.uk,https://www.gazette-news.co.uk/news/national/19964784.uk-allies-push-swift-war-crimes-probe-putins-invasion-ukraine/,Print_News,EU,EN
ukraine,2022-03-03,gazette-news.co.uk,https://www.gazette-news.co.uk/news/19964831.thomas-tuchel-admits-wasnt-easy-chelsea-focus-luton-tie/,Print_News,EU,EN
ukraine,2022-03-03,gazette-news.co.uk,https://www.gazette-news.co.uk/news/19964853.social-economic-impact-pandemic-could-undo-gender-equality-progress/,Print_News,EU,EN
ukraine,2022-03-03,gazette-news.co.uk,https://www.gazette-news.co.uk/news/19964847.ghislaine-maxwell-juror-likely-get-immunity-testimony/,Print_News,EU,EN
ukraine,2022-03-03,gazette-news.co.uk,https://www.gazette-news.co.uk/news/national/19964825.ministers-urged-unmask-foreign-owners-uk-property-weeks-not-years/,Print_News,EU,EN
ukraine,2022-03-03,gazette-news.co.uk,https://www.gazette-news.co.uk/news/19964840.20m-must-be-won-jackpot-grabs-saturday/,Print_News,EU,EN
ukraine,2022-03-05,gazette-news.co.uk,https://www.gazette-news.co.uk/news/19971532.shane-warne-legend-game-gave-much-time-everyone---ben-stokes/,Print_News,EU,EN
ukraine,2022-03-05,gazette-news.co.uk,https://www.gazette-news.co.uk/news/19971478.pence-takes-swipe-trump-apologists-putin/,Print_News,EU,EN
ukraine,2022-03-05,gazette-news.co.uk,https://www.gazette-news.co.uk/news/national/19971450.pm-believes-putin-intends-double-down-ukraine-invasion/,Print_News,EU,EN
ukraine,2022-03-05,gazette-news.co.uk,https://www.gazette-news.co.uk/news/19971531.british-journalist-shot-wounded-ambush-near-ukrainian-capital/,Print_News,EU,EN
ukraine,2022-03-05,gazette-news.co.uk,https://www.gazette-news.co.uk/news/national/19970970.risk-a-new-iron-curtain-will-descend-upon-europe-russias-isolation-grows/,Print_News,EU,EN
ukraine,2022-03-05,gazette-news.co.uk,https://www.gazette-news.co.uk/news/national/19971514.starmer-snp-tories-use-elections-re-run-referendums/,Print_News,EU,EN
ukraine,2022-03-05,gazette-news.co.uk,https://www.gazette-news.co.uk/news/national/19971509.woman-dies-helicopter-landing-incident/,Print_News,EU,EN
ukraine,2022-03-05,gazette-news.co.uk,https://www.gazette-news.co.uk/news/19971495.ollie-robinson-doubt-first-test-mark-wood-ben-stokes-return-action/,Print_News,EU,EN
ukraine,2022-03-05,gazette-news.co.uk,https://www.gazette-news.co.uk/news/national/19971391.zelensky-addresses-protesters-across-europe/,Print_News,EU,EN
venezuela,2024-12-29,gazette-news.co.uk,https://www.gazette-news.co.uk/news/24798332.court-cases-left-colchester-shocked-2024/,Print_News,EU,EN
venezuela,2024-12-29,gazette-news.co.uk,https://www.gazette-news.co.uk/news/national/24821859.man-woman-charged-murder-50-year-old-newtownards/,Print_News,EU,EN
venezuela,2024-12-29,gazette-news.co.uk,https://www.gazette-news.co.uk/news/24813262.brightlingsea-mum-completes-solo-walk-around-british-coast/,Print_News,EU,EN
venezuela,2024-12-29,gazette-news.co.uk,https://www.gazette-news.co.uk/news/24821727.colcheser-couple-stuck-isle-man-due-thick-fog-conditions/,Print_News,EU,EN
venezuela,2024-12-29,gazette-news.co.uk,https://www.gazette-news.co.uk/news/24821177.colchester-united-recruitment-man-simon-bassey-joins-woking/,Print_News,EU,EN
venezuela,2024-12-29,gazette-news.co.uk,https://www.gazette-news.co.uk/news/national/24821845.third-arrest-murder-probe-man-hit-car-christmas-day/,Print_News,EU,EN
venezuela,2024-12-29,gazette-news.co.uk,https://www.gazette-news.co.uk/news/24818086.prime-care-domiciliary-essex-requires-improvement-says-report/,Print_News,EU,EN
venezuela,2024-12-29,gazette-news.co.uk,https://www.gazette-news.co.uk/news/24821708.images-car-found-alight-southend-tesco-car-park/,Print_News,EU,EN
venezuela,2024-12-29,gazette-news.co.uk,https://www.gazette-news.co.uk/news/24817469.colchester-sixth-form-celebrates-year-success/,Print_News,EU,EN
venezuela,2024-12-29,gazette-news.co.uk,https://www.gazette-news.co.uk/news/24817335.three-wise-monkeys-hosting-10th-birthday-event/,Print_News,EU,EN
venezuela,2024-12-29,gazette-news.co.uk,https://www.gazette-news.co.uk/news/24815738.three-wise-monkeys-colchester-celebrates-tenth-anniversary/,Print_News,EU,EN
venezuela,2024-12-29,gazette-news.co.uk,https://www.gazette-news.co.uk/news/24820763.not-put-cv-overused-words/,Print_News,EU,EN
venezuela,2024-12-29,gazette-news.co.uk,https://www.gazette-news.co.uk/news/24821488.colchester-united-assess-extent-arthur-read-injury/,Print_News,EU,EN
venezuela,2024-12-29,gazette-news.co.uk,https://www.gazette-news.co.uk/news/national/24821785.rail-disruption-warning-following-theft-high-voltage-cable-worth-100-000/,Print_News,EU,EN
venezuela,2024-12-29,gazette-news.co.uk,https://www.gazette-news.co.uk/news/24790111.review-headgate-theatres-snow-white---pantomime/,Print_News,EU,EN
venezuela,2024-12-29,gazette-news.co.uk,https://www.gazette-news.co.uk/news/national/24821847.firefighters-passengers-hurt-train-hits-fire-truck-crossing/,Print_News,EU,EN
venezuela,2024-12-29,gazette-news.co.uk,https://www.gazette-news.co.uk/news/24809506.stunning-five-bedroom-home-old-heath-market/,Print_News,EU,EN
venezuela,2024-12-29,gazette-news.co.uk,https://www.gazette-news.co.uk/news/24820932.ten-noticeable-colchester-business-openings/,Print_News,EU,EN
venezuela,2024-12-29,gazette-news.co.uk,https://www.gazette-news.co.uk/news/24817599.daytime-disco-coming-colchester-arts-centre-march-2025/,Print_News,EU,EN
gaza,2023-10-17,gazetteseries.co.uk,https://www.gazetteseries.co.uk/news/national/23859719.teen-sisters-among-britons-missing-israel-gaza-aid-efforts-continue/,Print_News,EU,EN
gaza,2023-10-17,gazetteseries.co.uk,https://www.gazetteseries.co.uk/news/national/23859723.close-ai-confidence-gap-make-powerful-force-good-say-experts/,Print_News,EU,EN
gaza,2023-10-17,gazetteseries.co.uk,https://www.gazetteseries.co.uk/news/national/23859721.humza-yousaf-pledge-300-million-cut-nhs-waiting-lists-scotland/,Print_News,EU,EN
gaza,2023-10-17,gazetteseries.co.uk,https://www.gazetteseries.co.uk/news/national/23859724.social-housing-complaints-probed-ombudsman-hit-record-high/,Print_News,EU,EN
gaza,2023-10-17,gazetteseries.co.uk,https://www.gazetteseries.co.uk/news/national/uk-today/23859678.big-brother-fans-fascinated-jordans-downton-abbey-accent/,Print_News,EU,EN
gaza,2023-10-17,gazetteseries.co.uk,https://www.gazetteseries.co.uk/news/national/uk-today/23859664.rolls-royce-axe-2-500-jobs-bid-save-costs/,Print_News,EU,EN
gaza,2023-10-17,gazetteseries.co.uk,https://www.gazetteseries.co.uk/news/national/23859725.government-must-soon-make-visa-funding-decisions-ukrainians-uk---nao/,Print_News,EU,EN
gaza,2023-10-17,gazetteseries.co.uk,https://www.gazetteseries.co.uk/news/national/23859722.pupils-england-sit-digital-gcse-exams-2026-proposals/,Print_News,EU,EN
gaza,2023-10-17,gazetteseries.co.uk,https://www.gazetteseries.co.uk/news/national/uk-today/23859641.warning-risks-cash-stuffing-budgeting-trend/,Print_News,EU,EN
gaza,2023-10-17,gazetteseries.co.uk,https://www.gazetteseries.co.uk/news/national/23859720.climate-tech-investment-falls-40-amid-economic-uncertainty---report/,Print_News,EU,EN
gaza,2023-10-17,gazetteseries.co.uk,https://www.gazetteseries.co.uk/news/national/uk-today/23856905.wordle-today-wordle-850-october-17-hints-todays-answer/,Print_News,EU,EN
gaza,2023-10-17,gazetteseries.co.uk,https://www.gazetteseries.co.uk/news/national/uk-today/23859631.bobby-brazier-sent-supportive-message-dad-strictly/,Print_News,EU,EN
ukraine,2022-02-25,gazetteseries.co.uk,https://www.gazetteseries.co.uk/news/19951004.james-tavernier-brace-helps-rangers-europa-league-last-16/,Print_News,EU,EN
ukraine,2022-02-25,gazetteseries.co.uk,https://www.gazetteseries.co.uk/news/19951012.bradford-chief-reveals-mark-hughes-interest-job-landed-email-junk-folder/,Print_News,EU,EN
ukraine,2022-02-25,gazetteseries.co.uk,https://www.gazetteseries.co.uk/news/19951011.satellite-images-show-airfield-damage-eastern-ukraine/,Print_News,EU,EN
ukraine,2022-02-25,gazetteseries.co.uk,https://www.gazetteseries.co.uk/news/national/19950945.ukraine-president-orders-full-military-mobilisation/,Print_News,EU,EN
ukraine,2022-02-25,gazetteseries.co.uk,https://www.gazetteseries.co.uk/news/19950988.wayne-pivac-expecting-wales-continue-improvement-england/,Print_News,EU,EN
ukraine,2022-02-25,gazetteseries.co.uk,https://www.gazetteseries.co.uk/news/19951030.uk-can-proud-support-ukraine-pm-tells-ministers/,Print_News,EU,EN
ukraine,2022-02-25,gazetteseries.co.uk,https://www.gazetteseries.co.uk/news/19951048.mikel-arteta-believes-alexandre-lacazette-summed-arsenals-character/,Print_News,EU,EN
ukraine,2022-02-25,gazetteseries.co.uk,https://www.gazetteseries.co.uk/news/national/uk-today/19950941.apprentice-episode-8-fired/,Print_News,EU,EN
ukraine,2022-02-25,gazetteseries.co.uk,https://www.gazetteseries.co.uk/news/19951041.giovanni-van-bronckhorst-hails-rangers-mentality-reach-europa-league-last-16/,Print_News,EU,EN
ukraine,2022-02-25,gazetteseries.co.uk,https://www.gazetteseries.co.uk/news/national/19950841.peter-gabriel-leads-celebrity-reaction-unfolding-ukraine-crisis/,Print_News,EU,EN
ukraine,2022-02-25,gazetteseries.co.uk,https://www.gazetteseries.co.uk/news/19950966.irish-photographer-ukraine-lay-bed-shaking-russian-assault-started/,Print_News,EU,EN
ukraine,2022-02-25,gazetteseries.co.uk,https://www.gazetteseries.co.uk/news/19950995.arsenal-maintain-top-four-push-thanks-late-wolves-goal/,Print_News,EU,EN
ukraine,2022-02-25,gazetteseries.co.uk,https://www.gazetteseries.co.uk/news/19950961.police-scotland-help-hunt-family-infant-missing-wales/,Print_News,EU,EN
ukraine,2022-02-25,gazetteseries.co.uk,https://www.gazetteseries.co.uk/news/19950982.brendan-rodgers-reveals-jamie-vardy-nearing-leicester-return/,Print_News,EU,EN
ukraine,2022-02-25,gazetteseries.co.uk,https://www.gazetteseries.co.uk/news/19951003.former-police-officers-convicted-violating-george-floyds-civil-rights/,Print_News,EU,EN
ukraine,2022-02-26,gazetteseries.co.uk,https://www.gazetteseries.co.uk/news/national/19954232.russia-limits-facebook-access-network-restricts-kremlin-backed-media/,Print_News,EU,EN
ukraine,2022-02-26,gazetteseries.co.uk,https://www.gazetteseries.co.uk/news/19954310.royal-opera-house-cancels-bolshoi-ballet-london-tour/,Print_News,EU,EN
ukraine,2022-02-26,gazetteseries.co.uk,https://www.gazetteseries.co.uk/news/19954340.dean-smith-rues-under-par-performance-norwich-go-southampton/,Print_News,EU,EN
ukraine,2022-02-26,gazetteseries.co.uk,https://www.gazetteseries.co.uk/news/national/19954302.extinction-rebellion-activists-interrupt-black-tie-dinner-oil-gas-firms/,Print_News,EU,EN
ukraine,2022-02-26,gazetteseries.co.uk,https://www.gazetteseries.co.uk/news/national/19954297.british-airways-running-paper-suffering-major-outage/,Print_News,EU,EN
ukraine,2022-02-26,gazetteseries.co.uk,https://www.gazetteseries.co.uk/news/national/19954286.hundreds-gather-belfast-denounce-invasion-ukraine/,Print_News,EU,EN
ukraine,2022-02-26,gazetteseries.co.uk,https://www.gazetteseries.co.uk/news/national/19954241.irelands-deputy-premier-brands-putin-hitler-21st-century/,Print_News,EU,EN
ukraine,2022-02-26,gazetteseries.co.uk,https://www.gazetteseries.co.uk/news/19954339.russia-vetoes-un-resolution-end-ukraine-invasion/,Print_News,EU,EN
venezuela,2024-12-26,gazetteseries.co.uk,https://www.gazetteseries.co.uk/news/national/24818387.gavin-stacey-finale-features-happily-ever/,Print_News,EU,EN
gaza,2023-10-17,heraldseries.co.uk,https://www.heraldseries.co.uk/news/national/uk-today/23859664.rolls-royce-axe-2-500-jobs-bid-save-costs/,Print_News,EU,EN
gaza,2023-10-17,heraldseries.co.uk,https://www.heraldseries.co.uk/news/national/uk-today/23856905.wordle-today-wordle-850-october-17-hints-todays-answer/,Print_News,EU,EN
gaza,2023-10-17,heraldseries.co.uk,https://www.heraldseries.co.uk/news/national/23859725.government-must-soon-make-visa-funding-decisions-ukrainians-uk---nao/,Print_News,EU,EN
gaza,2023-10-17,heraldseries.co.uk,https://www.heraldseries.co.uk/news/national/23859723.close-ai-confidence-gap-make-powerful-force-good-say-experts/,Print_News,EU,EN
gaza,2023-10-17,heraldseries.co.uk,https://www.heraldseries.co.uk/news/national/23859720.climate-tech-investment-falls-40-amid-economic-uncertainty---report/,Print_News,EU,EN
gaza,2023-10-17,heraldseries.co.uk,https://www.heraldseries.co.uk/news/national/uk-today/23859641.warning-risks-cash-stuffing-budgeting-trend/,Print_News,EU,EN
gaza,2023-10-17,heraldseries.co.uk,https://www.heraldseries.co.uk/news/national/uk-today/23859678.big-brother-fans-fascinated-jordans-downton-abbey-accent/,Print_News,EU,EN
gaza,2023-10-17,heraldseries.co.uk,https://www.heraldseries.co.uk/news/national/23859724.social-housing-complaints-probed-ombudsman-hit-record-high/,Print_News,EU,EN
gaza,2023-10-17,heraldseries.co.uk,https://www.heraldseries.co.uk/news/23859685.concerns-growing-missing-man-last-seen-wheatley-asda/,Print_News,EU,EN
gaza,2023-10-17,heraldseries.co.uk,https://www.heraldseries.co.uk/news/national/23859719.teen-sisters-among-britons-missing-israel-gaza-aid-efforts-continue/,Print_News,EU,EN
gaza,2023-10-17,heraldseries.co.uk,https://www.heraldseries.co.uk/news/national/23859722.pupils-england-sit-digital-gcse-exams-2026-proposals/,Print_News,EU,EN
gaza,2023-10-17,heraldseries.co.uk,https://www.heraldseries.co.uk/news/national/23859721.humza-yousaf-pledge-300-million-cut-nhs-waiting-lists-scotland/,Print_News,EU,EN
ukraine,2022-02-25,heraldseries.co.uk,https://www.heraldseries.co.uk/news/19950982.brendan-rodgers-reveals-jamie-vardy-nearing-leicester-return/,Print_News,EU,EN
ukraine,2022-02-25,heraldseries.co.uk,https://www.heraldseries.co.uk/news/19951004.james-tavernier-brace-helps-rangers-europa-league-last-16/,Print_News,EU,EN
ukraine,2022-02-25,heraldseries.co.uk,https://www.heraldseries.co.uk/sport/national/19951041.giovanni-van-bronckhorst-hails-rangers-mentality-reach-europa-league-last-16/,Print_News,EU,EN
ukraine,2022-02-25,heraldseries.co.uk,https://www.heraldseries.co.uk/news/19951003.former-police-officers-convicted-violating-george-floyds-civil-rights/,Print_News,EU,EN
ukraine,2022-02-25,heraldseries.co.uk,https://www.heraldseries.co.uk/news/national/19950841.peter-gabriel-leads-celebrity-reaction-unfolding-ukraine-crisis/,Print_News,EU,EN
ukraine,2022-02-25,heraldseries.co.uk,https://www.heraldseries.co.uk/news/19951048.mikel-arteta-believes-alexandre-lacazette-summed-arsenals-character/,Print_News,EU,EN
ukraine,2022-02-25,heraldseries.co.uk,https://www.heraldseries.co.uk/news/19950961.police-scotland-help-hunt-family-infant-missing-wales/,Print_News,EU,EN
ukraine,2022-02-25,heraldseries.co.uk,https://www.heraldseries.co.uk/news/19951012.bradford-chief-reveals-mark-hughes-interest-job-landed-email-junk-folder/,Print_News,EU,EN
ukraine,2022-02-25,heraldseries.co.uk,https://www.heraldseries.co.uk/news/19951011.satellite-images-show-airfield-damage-eastern-ukraine/,Print_News,EU,EN
ukraine,2022-02-25,heraldseries.co.uk,https://www.heraldseries.co.uk/news/19951030.uk-can-proud-support-ukraine-pm-tells-ministers/,Print_News,EU,EN
ukraine,2022-02-25,heraldseries.co.uk,https://www.heraldseries.co.uk/news/19950995.arsenal-maintain-top-four-push-thanks-late-wolves-goal/,Print_News,EU,EN
ukraine,2022-02-25,heraldseries.co.uk,https://www.heraldseries.co.uk/news/national/uk-today/19950941.apprentice-episode-8-fired/,Print_News,EU,EN
ukraine,2022-02-25,heraldseries.co.uk,https://www.heraldseries.co.uk/news/national/19950945.ukraine-president-orders-full-military-mobilisation/,Print_News,EU,EN
ukraine,2022-02-25,heraldseries.co.uk,https://www.heraldseries.co.uk/news/19950988.wayne-pivac-expecting-wales-continue-improvement-england/,Print_News,EU,EN
ukraine,2022-02-25,heraldseries.co.uk,https://www.heraldseries.co.uk/news/19950966.irish-photographer-ukraine-lay-bed-shaking-russian-assault-started/,Print_News,EU,EN
gaza,2023-10-14,penarthtimes.co.uk,https://www.penarthtimes.co.uk/news/national/23855305.freezing-working-age-benefits-save-4-billion-come-terrible-cost/,Print_News,EU,EN
gaza,2023-10-14,penarthtimes.co.uk,https://www.penarthtimes.co.uk/news/national/23855307.whisky-society-sets-world-record-largest-online-tasting-event/,Print_News,EU,EN
gaza,2023-10-14,penarthtimes.co.uk,https://www.penarthtimes.co.uk/news/national/23855310.british-jews-worried-sick-weeping-israel-hamas-conflict-family-says/,Print_News,EU,EN
gaza,2023-10-14,penarthtimes.co.uk,https://www.penarthtimes.co.uk/news/national/23855304.debate-approach-independence-ends-snp-conference-yousaf-insists/,Print_News,EU,EN
gaza,2023-10-14,penarthtimes.co.uk,https://www.penarthtimes.co.uk/news/national/23855306.new-consultation-banning-plastic-wet-wipes-begins/,Print_News,EU,EN
gaza,2023-10-14,penarthtimes.co.uk,https://www.penarthtimes.co.uk/news/national/23855303.thousands-march-london-pro-palestinian-protest-gaza-expects-invasion/,Print_News,EU,EN
gaza,2023-10-16,penarthtimes.co.uk,https://www.penarthtimes.co.uk/news/national/23857004.charities-urge-sunak-not-abandon-renters-reform-bill/,Print_News,EU,EN
gaza,2023-10-16,penarthtimes.co.uk,https://www.penarthtimes.co.uk/news/national/23857002.artist-makes-ink-clone-newtons-apple-tree-fell-storm/,Print_News,EU,EN
gaza,2023-10-16,penarthtimes.co.uk,https://www.penarthtimes.co.uk/news/national/23857001.600-000-drivers-face-ban-one-touch-phone/,Print_News,EU,EN
gaza,2023-10-16,penarthtimes.co.uk,https://www.penarthtimes.co.uk/news/national/23857003.half-women-jailed-serve-sentences-six-months---study/,Print_News,EU,EN
gaza,2023-10-16,penarthtimes.co.uk,https://www.penarthtimes.co.uk/news/national/23857017.donald-trump-legal-case-former-mi6-officers-company-start/,Print_News,EU,EN
gaza,2023-10-16,penarthtimes.co.uk,https://www.penarthtimes.co.uk/news/national/23857018.sunak-address-mps-israeli-invasion-gaza-looms/,Print_News,EU,EN
gaza,2023-10-16,penarthtimes.co.uk,https://www.penarthtimes.co.uk/news/national/23857000.autumn-holidays-26-washout-summer/,Print_News,EU,EN
ukraine,2022-02-25,penarthtimes.co.uk,https://www.penarthtimes.co.uk/news/19951003.former-police-officers-convicted-violating-george-floyds-civil-rights/,Print_News,EU,EN
ukraine,2022-02-25,penarthtimes.co.uk,https://www.penarthtimes.co.uk/news/19950988.wayne-pivac-expecting-wales-continue-improvement-england/,Print_News,EU,EN
ukraine,2022-02-25,penarthtimes.co.uk,https://www.penarthtimes.co.uk/news/19951030.uk-can-proud-support-ukraine-pm-tells-ministers/,Print_News,EU,EN
ukraine,2022-02-25,penarthtimes.co.uk,https://www.penarthtimes.co.uk/news/19951011.satellite-images-show-airfield-damage-eastern-ukraine/,Print_News,EU,EN
ukraine,2022-02-25,penarthtimes.co.uk,https://www.penarthtimes.co.uk/sport/national/19951048.mikel-arteta-believes-alexandre-lacazette-summed-arsenals-character/,Print_News,EU,EN
ukraine,2022-02-25,penarthtimes.co.uk,https://www.penarthtimes.co.uk/news/national/19950945.ukraine-president-orders-full-military-mobilisation/,Print_News,EU,EN
ukraine,2022-02-25,penarthtimes.co.uk,https://www.penarthtimes.co.uk/sport/national/19951041.giovanni-van-bronckhorst-hails-rangers-mentality-reach-europa-league-last-16/,Print_News,EU,EN
ukraine,2022-02-25,penarthtimes.co.uk,https://www.penarthtimes.co.uk/news/19950966.irish-photographer-ukraine-lay-bed-shaking-russian-assault-started/,Print_News,EU,EN
ukraine,2022-02-25,penarthtimes.co.uk,https://www.penarthtimes.co.uk/news/19950982.brendan-rodgers-reveals-jamie-vardy-nearing-leicester-return/,Print_News,EU,EN
ukraine,2022-02-25,penarthtimes.co.uk,https://www.penarthtimes.co.uk/news/19951004.james-tavernier-brace-helps-rangers-europa-league-last-16/,Print_News,EU,EN
ukraine,2022-02-25,penarthtimes.co.uk,https://www.penarthtimes.co.uk/news/national/19950841.peter-gabriel-leads-celebrity-reaction-unfolding-ukraine-crisis/,Print_News,EU,EN
ukraine,2022-02-25,penarthtimes.co.uk,https://www.penarthtimes.co.uk/news/national/uk-today/19951038.itv-coronation-street-actor-joseph-wandera-dies-aged-27-holiday-costa-rica/,Print_News,EU,EN
ukraine,2022-02-25,penarthtimes.co.uk,https://www.penarthtimes.co.uk/news/19950995.arsenal-maintain-top-four-push-thanks-late-wolves-goal/,Print_News,EU,EN
ukraine,2022-02-25,penarthtimes.co.uk,https://www.penarthtimes.co.uk/news/19951012.bradford-chief-reveals-mark-hughes-interest-job-landed-email-junk-folder/,Print_News,EU,EN
ukraine,2022-02-25,penarthtimes.co.uk,https://www.penarthtimes.co.uk/news/19950961.police-scotland-help-hunt-family-infant-missing-wales/,Print_News,EU,EN
ukraine,2022-02-27,penarthtimes.co.uk,https://www.penarthtimes.co.uk/news/19955330.residents-take-cover-ukrainian-capital-russian-troops-approach/,Print_News,EU,EN
ukraine,2022-02-27,penarthtimes.co.uk,https://www.penarthtimes.co.uk/news/19955319.wayne-pivac-felt-england-try-not-stood-wales-lose-twickenham/,Print_News,EU,EN
ukraine,2022-02-27,penarthtimes.co.uk,https://www.penarthtimes.co.uk/news/19955352.make-preventing-violence-women-girls-priority-police-told/,Print_News,EU,EN
ukraine,2022-02-27,penarthtimes.co.uk,https://www.penarthtimes.co.uk/news/19955327.youtube-takes-action-rt-twitter-access-restricted-russia/,Print_News,EU,EN
ukraine,2022-02-27,penarthtimes.co.uk,https://www.penarthtimes.co.uk/news/national/19955356.boris-johnson-says-west-tightening-economic-ligature-around-russia/,Print_News,EU,EN
ukraine,2022-02-27,penarthtimes.co.uk,https://www.penarthtimes.co.uk/news/19955303.frank-lampard-blasts-officials-evertons-defeat-manchester-city/,Print_News,EU,EN
ukraine,2022-02-27,penarthtimes.co.uk,https://www.penarthtimes.co.uk/news/national/19955180.protests-continue-ireland-ukraine-invasion/,Print_News,EU,EN
ukraine,2022-02-27,penarthtimes.co.uk,https://www.penarthtimes.co.uk/news/19955241.phil-foden-goal-takes-manchester-city-six-points-clear-top-premier-league/,Print_News,EU,EN
ukraine,2022-02-27,penarthtimes.co.uk,https://www.penarthtimes.co.uk/news/19955311.eddie-jones-dismisses-impact-referees-influence-englands-win-wales/,Print_News,EU,EN
ukraine,2022-02-27,penarthtimes.co.uk,https://www.penarthtimes.co.uk/news/19955350.real-madrid-nine-points-clear-karim-benzema-strike-sees-off-rayo-vallecano/,Print_News,EU,EN
ukraine,2022-02-27,penarthtimes.co.uk,https://www.penarthtimes.co.uk/news/19955310.johnson-welcomes-moves-exclude-russia-swift-banking-system/,Print_News,EU,EN
ukraine,2022-03-01,penarthtimes.co.uk,https://www.penarthtimes.co.uk/news/19959088.jack-grealish-told-ignore-statistics-bids-prove-worth-man-city/,Print_News,EU,EN
ukraine,2022-03-01,penarthtimes.co.uk,https://www.penarthtimes.co.uk/news/19959034.louis-tomlinson-scraps-concerts-russia-ukraine-needless-war/,Print_News,EU,EN
ukraine,2022-03-01,penarthtimes.co.uk,https://www.penarthtimes.co.uk/news/19959064.nick-tompkins-says-wales-need-consistency-cant-just-flash-pan/,Print_News,EU,EN
ukraine,2022-03-01,penarthtimes.co.uk,https://www.penarthtimes.co.uk/news/national/19959009.bbc-faces-ban-russia-uk-shuts-rt-liz-truss-warns-mps/,Print_News,EU,EN
ukraine,2022-03-01,penarthtimes.co.uk,https://www.penarthtimes.co.uk/news/19959086.government-moves-bring-licensing-administer-botox-fillers/,Print_News,EU,EN
ukraine,2022-03-01,penarthtimes.co.uk,https://www.penarthtimes.co.uk/news/19959046.trump-appeals-ruling-forcing-testify-ny-probe/,Print_News,EU,EN
ukraine,2022-03-01,penarthtimes.co.uk,https://www.penarthtimes.co.uk/news/19958811.nikita-mazepins-formula-one-future-expected-top-agenda-emergency-meeting/,Print_News,EU,EN
ukraine,2022-03-01,penarthtimes.co.uk,https://www.penarthtimes.co.uk/news/national/19959120.digging-garden-hour-week-can-help-lengthen-life-study-suggests/,Print_News,EU,EN
ukraine,2022-03-01,penarthtimes.co.uk,https://www.penarthtimes.co.uk/news/19958932.uefa-fifa-suspend-russia-competitions/,Print_News,EU,EN
ukraine,2022-03-01,penarthtimes.co.uk,https://www.penarthtimes.co.uk/news/19958907.records-american-bosses-premier-league-jesse-marsch-joins-leeds/,Print_News,EU,EN
ukraine,2022-03-01,penarthtimes.co.uk,https://www.penarthtimes.co.uk/news/19959109.murder-investigation-opened-man-wanted-connection-robberies/,Print_News,EU,EN
ukraine,2022-03-01,penarthtimes.co.uk,https://www.penarthtimes.co.uk/news/19958999.uefa-fifa-suspend-russia-competitions/,Print_News,EU,EN
ukraine,2022-03-01,penarthtimes.co.uk,https://www.penarthtimes.co.uk/news/national/19958943.icc-prosecutor-open-probe-war-crimes-ukraine/,Print_News,EU,EN
ukraine,2022-03-02,penarthtimes.co.uk,https://www.penarthtimes.co.uk/news/national/19960384.jaguar-land-rover-suspends-sales-russia/,Print_News,EU,EN
ukraine,2022-03-02,penarthtimes.co.uk,https://www.penarthtimes.co.uk/news/19962020.novak-djokovic-splits-coach-marian-vajda/,Print_News,EU,EN
ukraine,2022-03-02,penarthtimes.co.uk,https://www.penarthtimes.co.uk/news/national/19961934.teenage-girl-seriously-injured-liverpool-shooting/,Print_News,EU,EN
ukraine,2022-03-03,richmondandtwickenhamtimes.co.uk,https://www.richmondandtwickenhamtimes.co.uk/news/national/19964784.uk-allies-push-swift-war-crimes-probe-putins-invasion-ukraine/,Print_News,EU,EN
ukraine,2022-03-03,richmondandtwickenhamtimes.co.uk,https://www.richmondandtwickenhamtimes.co.uk/news/19964817.roman-abramovichs-decision-sell-chelsea-hasnt-sunk-in-thomas-tuchel/,Print_News,EU,EN
ukraine,2022-03-03,richmondandtwickenhamtimes.co.uk,https://www.richmondandtwickenhamtimes.co.uk/news/19964853.social-economic-impact-pandemic-could-undo-gender-equality-progress/,Print_News,EU,EN
ukraine,2022-03-03,richmondandtwickenhamtimes.co.uk,https://www.richmondandtwickenhamtimes.co.uk/news/national/uk-today/19963909.sean-bean-stars-new-bbc-drama-marriage-nicola-walker/,Print_News,EU,EN
ukraine,2022-03-03,richmondandtwickenhamtimes.co.uk,https://www.richmondandtwickenhamtimes.co.uk/news/national/19964825.ministers-urged-unmask-foreign-owners-uk-property-weeks-not-years/,Print_News,EU,EN
ukraine,2022-03-03,richmondandtwickenhamtimes.co.uk,https://www.richmondandtwickenhamtimes.co.uk/news/19964803.romain-perraud-hits-stunning-strike-southampton-see-off-west-ham/,Print_News,EU,EN
ukraine,2022-03-03,richmondandtwickenhamtimes.co.uk,https://www.richmondandtwickenhamtimes.co.uk/news/national/19964760.amazon-close-bookstores-us-uk/,Print_News,EU,EN
ukraine,2022-03-03,richmondandtwickenhamtimes.co.uk,https://www.richmondandtwickenhamtimes.co.uk/news/19964837.war-crimes-investigation-begins-ukraine-uk-pushed-action-putin/,Print_News,EU,EN
ukraine,2022-03-03,richmondandtwickenhamtimes.co.uk,https://www.richmondandtwickenhamtimes.co.uk/news/national/uk-today/19964684.london-eye-pub-pod-returns-time-st-patricks-day---see-inside/,Print_News,EU,EN
ukraine,2022-03-03,richmondandtwickenhamtimes.co.uk,https://www.richmondandtwickenhamtimes.co.uk/news/19964847.ghislaine-maxwell-juror-likely-get-immunity-testimony/,Print_News,EU,EN
ukraine,2022-03-03,richmondandtwickenhamtimes.co.uk,https://www.richmondandtwickenhamtimes.co.uk/news/19964831.thomas-tuchel-admits-wasnt-easy-chelsea-focus-luton-tie/,Print_News,EU,EN
ukraine,2022-03-03,richmondandtwickenhamtimes.co.uk,https://www.richmondandtwickenhamtimes.co.uk/news/19964840.20m-must-be-won-jackpot-grabs-saturday/,Print_News,EU,EN
ukraine,2022-03-04,richmondandtwickenhamtimes.co.uk,https://www.richmondandtwickenhamtimes.co.uk/news/19968155.boreham-wood-ready-celebrate-cup-run-despite-disappointment-everton-defeat/,Print_News,EU,EN
ukraine,2022-03-04,richmondandtwickenhamtimes.co.uk,https://www.richmondandtwickenhamtimes.co.uk/news/national/uk-today/19967300.crystal-maze-manchester-opens-wedding-venue-2022/,Print_News,EU,EN
ukraine,2022-03-04,richmondandtwickenhamtimes.co.uk,https://www.richmondandtwickenhamtimes.co.uk/news/19968123.jamie-george-vital-role-play-england---richard-cockerill/,Print_News,EU,EN
ukraine,2022-03-04,richmondandtwickenhamtimes.co.uk,https://www.richmondandtwickenhamtimes.co.uk/news/19968133.boreham-woods-fa-cup-run-ended-salomon-rondon-double-sends-everton/,Print_News,EU,EN
ukraine,2022-03-04,richmondandtwickenhamtimes.co.uk,https://www.richmondandtwickenhamtimes.co.uk/news/national/19968084.ex-police-officer-cleared-wanton-endangerment-breonna-taylor-death/,Print_News,EU,EN
ukraine,2022-03-04,richmondandtwickenhamtimes.co.uk,https://www.richmondandtwickenhamtimes.co.uk/news/19968055.middlesbrough-handed-chelsea-tie-knocking-man-utd-spurs-fa-cup/,Print_News,EU,EN
ukraine,2022-03-04,richmondandtwickenhamtimes.co.uk,https://www.richmondandtwickenhamtimes.co.uk/news/19968150.george-ezra-documentary-among-uk-global-screen-fund-award-winners/,Print_News,EU,EN
ukraine,2022-03-04,richmondandtwickenhamtimes.co.uk,https://www.richmondandtwickenhamtimes.co.uk/news/19968113.ollie-robinson-mark-wood-give-england-fitness-worry-ahead-windies-tests/,Print_News,EU,EN
ukraine,2022-03-04,richmondandtwickenhamtimes.co.uk,https://www.richmondandtwickenhamtimes.co.uk/news/national/uk-today/19968097.will-kylie-minogue-return-neighbours-final-episode-soap-axed-37-years/,Print_News,EU,EN
ukraine,2022-03-04,richmondandtwickenhamtimes.co.uk,https://www.richmondandtwickenhamtimes.co.uk/news/19968148.michael-van-gerwen-routs-peter-wright-final-finding-premier-league-form/,Print_News,EU,EN
ukraine,2022-03-04,richmondandtwickenhamtimes.co.uk,https://www.richmondandtwickenhamtimes.co.uk/news/national/19968151.wales-see-removal-legal-covid-measures-end-march/,Print_News,EU,EN
ukraine,2022-03-04,richmondandtwickenhamtimes.co.uk,https://www.richmondandtwickenhamtimes.co.uk/news/national/uk-today/19968087.bbcs-apprentice-episode-9-happened-fired/,Print_News,EU,EN
ukraine,2022-03-04,richmondandtwickenhamtimes.co.uk,https://www.richmondandtwickenhamtimes.co.uk/news/19968139.story-schoolboy-imposter-pushes-buttons---cumming/,Print_News,EU,EN
ukraine,2022-03-04,richmondandtwickenhamtimes.co.uk,https://www.richmondandtwickenhamtimes.co.uk/news/19968122.polls-close-really-tight-erdington-by-election/,Print_News,EU,EN
ukraine,2022-03-04,richmondandtwickenhamtimes.co.uk,https://www.richmondandtwickenhamtimes.co.uk/news/national/19968112.hundreds-londoners-hold-vigil-sarah-everard-one-year-abduction/,Print_News,EU,EN
venezuela,2025-01-04,richmondandtwickenhamtimes.co.uk,https://www.richmondandtwickenhamtimes.co.uk/news/national/uk-today/24832888.bbcs-traitors-see-latest-contestant-banished/,Print_News,EU,EN
venezuela,2025-01-04,richmondandtwickenhamtimes.co.uk,https://www.richmondandtwickenhamtimes.co.uk/news/national/24832896.new-orleans-attacker-suspected-bomb-materials-home-officials-say/,Print_News,EU,EN
venezuela,2025-01-04,richmondandtwickenhamtimes.co.uk,https://www.richmondandtwickenhamtimes.co.uk/news/national/24832883.cornwall-health-services-declare-critical-incident-amid-significant-pressure/,Print_News,EU,EN
venezuela,2025-01-04,richmondandtwickenhamtimes.co.uk,https://www.richmondandtwickenhamtimes.co.uk/news/national/24832874.judge-sets-trumps-sentencing-date-hush-money-case-signals-no-jail-time/,Print_News,EU,EN
venezuela,2025-01-04,richmondandtwickenhamtimes.co.uk,https://www.richmondandtwickenhamtimes.co.uk/news/national/24832819.tommy-robinson-not-need-says-reform-uk-leader-nigel-farage/,Print_News,EU,EN
venezuela,2025-01-04,richmondandtwickenhamtimes.co.uk,https://www.richmondandtwickenhamtimes.co.uk/news/national/24832830.republican-mike-johnson-re-elected-house-speaker-dramatic-floor-vote/,Print_News,EU,EN
venezuela,2025-01-04,richmondandtwickenhamtimes.co.uk,https://www.richmondandtwickenhamtimes.co.uk/news/national/24831873.donald-trump-says-uks-retreat-north-sea-oil-gas-big-mistake/,Print_News,EU,EN
venezuela,2025-01-04,richmondandtwickenhamtimes.co.uk,https://www.richmondandtwickenhamtimes.co.uk/news/national/24832873.gloves-off-reform-uk-sets-sights-badenochs-constituency---farage/,Print_News,EU,EN
venezuela,2025-01-04,richmondandtwickenhamtimes.co.uk,https://www.richmondandtwickenhamtimes.co.uk/news/national/uk-today/24832872.traitors-fans-guess-next-contestant-banished/,Print_News,EU,EN
gaza,2023-10-12,somersetcountygazette.co.uk,https://www.somersetcountygazette.co.uk/news/national/uk-today/23824585.wordle-today-wordle-845-october-12-hints-todays-answer/,Print_News,EU,EN
gaza,2023-10-12,somersetcountygazette.co.uk,https://www.somersetcountygazette.co.uk/news/national/23849941.samples-asteroid-key-secrets-building-blocks-life---nasa/,Print_News,EU,EN
gaza,2023-10-12,somersetcountygazette.co.uk,https://www.somersetcountygazette.co.uk/news/national/23850041.rob-rinder-makes-emotional-plea-kindness-death-israeli-friends/,Print_News,EU,EN
gaza,2023-10-12,somersetcountygazette.co.uk,https://www.somersetcountygazette.co.uk/news/national/23849940.netanyahu-says-israel-will-crush-destroy-hamas/,Print_News,EU,EN
gaza,2023-10-12,somersetcountygazette.co.uk,https://www.somersetcountygazette.co.uk/news/national/uk-today/23849804.euromillions-winner-spent-108m-fortune-renovating-estate/,Print_News,EU,EN
gaza,2023-10-17,somersetcountygazette.co.uk,https://www.somersetcountygazette.co.uk/news/national/23859725.government-must-soon-make-visa-funding-decisions-ukrainians-uk---nao/,Print_News,EU,EN
gaza,2023-10-17,somersetcountygazette.co.uk,https://www.somersetcountygazette.co.uk/news/national/23859722.pupils-england-sit-digital-gcse-exams-2026-proposals/,Print_News,EU,EN
gaza,2023-10-17,somersetcountygazette.co.uk,https://www.somersetcountygazette.co.uk/news/national/23859724.social-housing-complaints-probed-ombudsman-hit-record-high/,Print_News,EU,EN
gaza,2023-10-17,somersetcountygazette.co.uk,https://www.somersetcountygazette.co.uk/news/national/23859720.climate-tech-investment-falls-40-amid-economic-uncertainty---report/,Print_News,EU,EN
gaza,2023-10-17,somersetcountygazette.co.uk,https://www.somersetcountygazette.co.uk/news/national/23859721.humza-yousaf-pledge-300-million-cut-nhs-waiting-lists-scotland/,Print_News,EU,EN
gaza,2023-10-17,somersetcountygazette.co.uk,https://www.somersetcountygazette.co.uk/news/national/uk-today/23856905.wordle-today-wordle-850-october-17-hints-todays-answer/,Print_News,EU,EN
gaza,2023-10-17,somersetcountygazette.co.uk,https://www.somersetcountygazette.co.uk/news/national/23859719.teen-sisters-among-britons-missing-israel-gaza-aid-efforts-continue/,Print_News,EU,EN
gaza,2023-10-17,somersetcountygazette.co.uk,https://www.somersetcountygazette.co.uk/news/national/23859723.close-ai-confidence-gap-make-powerful-force-good-say-experts/,Print_News,EU,EN
gaza,2023-10-17,somersetcountygazette.co.uk,https://www.somersetcountygazette.co.uk/news/national/uk-today/23859641.warning-risks-cash-stuffing-budgeting-trend/,Print_News,EU,EN
ukraine,2022-02-24,somersetcountygazette.co.uk,https://www.somersetcountygazette.co.uk/news/19947513.ukraine-rebel-leaders-ask-russia-fend-off-aggression-kremlin-says/,Print_News,EU,EN
ukraine,2022-02-24,somersetcountygazette.co.uk,https://www.somersetcountygazette.co.uk/news/19947518.bruno-lage-always-knew-fearless-fighter-raul-jimenez-lead-frontline/,Print_News,EU,EN
ukraine,2022-02-24,somersetcountygazette.co.uk,https://www.somersetcountygazette.co.uk/news/19947502.england-star-ben-youngs-enthusiasm-good-blueprint-anyone---ellis-genge/,Print_News,EU,EN
ukraine,2022-02-24,somersetcountygazette.co.uk,https://www.somersetcountygazette.co.uk/news/19947550.ralf-rangnick-urges-manchester-united-players-try-emulate-anthony-elanga/,Print_News,EU,EN
ukraine,2022-02-24,somersetcountygazette.co.uk,https://www.somersetcountygazette.co.uk/news/19947530.patrick-vieira-hails-wilfried-zahas-best-palace-performance-since-took/,Print_News,EU,EN
ukraine,2022-02-24,somersetcountygazette.co.uk,https://www.somersetcountygazette.co.uk/news/19947548.snow-lightning-warnings-severe-flooding-risks-remain/,Print_News,EU,EN
ukraine,2022-02-24,somersetcountygazette.co.uk,https://www.somersetcountygazette.co.uk/news/19947539.canadas-justin-trudeau-removes-emergency-powers-blockades-ended/,Print_News,EU,EN
ukraine,2022-02-24,somersetcountygazette.co.uk,https://www.somersetcountygazette.co.uk/news/19947543.sir-jeffrey-donaldson-denies-considered-rejoining-ulster-unionists/,Print_News,EU,EN
ukraine,2022-02-24,somersetcountygazette.co.uk,https://www.somersetcountygazette.co.uk/news/national/19947516.starmer-promises-harness-white-heat-technological-change/,Print_News,EU,EN
ukraine,2022-03-02,somersetcountygazette.co.uk,https://www.somersetcountygazette.co.uk/news/19961989.uk-sanctions-applied-aiming-degrade-russias-economy/,Print_News,EU,EN
ukraine,2022-03-02,somersetcountygazette.co.uk,https://www.somersetcountygazette.co.uk/news/national/19961957.russian-media-outlet-rt-will-no-longer-available-sky---culture-secretary/,Print_News,EU,EN
ukraine,2022-03-02,somersetcountygazette.co.uk,https://www.somersetcountygazette.co.uk/news/national/19961851.pm-tells-british-troops-deployment-estonia-fundamental-security/,Print_News,EU,EN
ukraine,2022-03-02,somersetcountygazette.co.uk,https://www.somersetcountygazette.co.uk/news/19962009.middlesbrough-sink-tottenham-join-premier-league-duo-fa-cup-quarter-finals/,Print_News,EU,EN
ukraine,2022-03-02,somersetcountygazette.co.uk,https://www.somersetcountygazette.co.uk/news/19962020.novak-djokovic-splits-coach-marian-vajda/,Print_News,EU,EN
ukraine,2022-03-02,somersetcountygazette.co.uk,https://www.somersetcountygazette.co.uk/news/national/19961934.teenage-girl-seriously-injured-liverpool-shooting/,Print_News,EU,EN
ukraine,2022-03-02,somersetcountygazette.co.uk,https://www.somersetcountygazette.co.uk/news/19961945.world-chaos-power-unity-says-delia-smith/,Print_News,EU,EN
ukraine,2022-03-02,somersetcountygazette.co.uk,https://www.somersetcountygazette.co.uk/news/19961997.incredible-impact---jurgen-klopp-hails-neuroscience-experts-record-cup-win/,Print_News,EU,EN
ukraine,2022-03-02,somersetcountygazette.co.uk,https://www.somersetcountygazette.co.uk/news/19961958.jairo-riedewald-unlikely-hero-crystal-palace-see-off-stoke/,Print_News,EU,EN
ukraine,2022-03-02,somersetcountygazette.co.uk,https://www.somersetcountygazette.co.uk/news/national/19960384.jaguar-land-rover-suspends-sales-russia/,Print_News,EU,EN
ukraine,2022-03-02,somersetcountygazette.co.uk,https://www.somersetcountygazette.co.uk/news/19962008.biden-state-union-dictators-must-pay-price/,Print_News,EU,EN
venezuela,2024-12-29,somersetcountygazette.co.uk,https://www.somersetcountygazette.co.uk/news/national/24821847.firefighters-passengers-hurt-train-hits-fire-truck-crossing/,Print_News,EU,EN
venezuela,2024-12-29,somersetcountygazette.co.uk,https://www.somersetcountygazette.co.uk/news/national/24821845.third-arrest-murder-probe-man-hit-car-christmas-day/,Print_News,EU,EN
venezuela,2024-12-29,somersetcountygazette.co.uk,https://www.somersetcountygazette.co.uk/news/national/24821833.pioneering-model-dayle-haddon-dies-suspected-carbon-monoxide-leak/,Print_News,EU,EN
venezuela,2024-12-29,somersetcountygazette.co.uk,https://www.somersetcountygazette.co.uk/news/national/24821819.flight-disruption-thick-fog-expected-sunday/,Print_News,EU,EN
venezuela,2024-12-29,somersetcountygazette.co.uk,https://www.somersetcountygazette.co.uk/news/national/24821842.judi-dench-reveals-tree-honour-maggie-smith-bore-fruit-day-funeral/,Print_News,EU,EN
venezuela,2024-12-29,somersetcountygazette.co.uk,https://www.somersetcountygazette.co.uk/news/national/24821785.rail-disruption-warning-following-theft-high-voltage-cable-worth-100-000/,Print_News,EU,EN
gaza,2023-10-07,thetimes.co.uk,https://www.thetimes.co.uk/article/christopher-potter-83-enthusiastic-headmaster-who-taught-archaeology-w8flnbwxn,Print_News,EU,EN
gaza,2023-10-07,thetimes.co.uk,https://www.thetimes.co.uk/article/scotrail-services-halted-as-heavy-rain-sweeps-in-qzqv63dj7,Print_News,EU,EN
gaza,2023-10-07,thetimes.co.uk,https://www.thetimes.co.uk/article/those-who-shape-our-society-turn-a-blind-eye-to-people-of-faith-dstrjd3mw,Print_News,EU,EN
gaza,2023-10-07,thetimes.co.uk,https://www.thetimes.co.uk/article/the-ukrainian-soldier-using-art-to-process-war-horrors-qp37w85nm,Print_News,EU,EN
gaza,2023-10-07,thetimes.co.uk,https://www.thetimes.co.uk/article/25-of-the-best-hotels-in-the-indian-ocean-6wr0xq67z,Print_News,EU,EN
gaza,2023-10-07,thetimes.co.uk,https://www.thetimes.co.uk/article/insurer-withdraws-cover-for-suppliers-to-barclay-familys-very-group-7xkbl6rs5,Print_News,EU,EN
gaza,2023-10-07,thetimes.co.uk,https://www.thetimes.co.uk/article/the-secret-life-of-john-le-carre-by-adam-sisman-review-ln38520qr,Print_News,EU,EN
gaza,2023-10-07,thetimes.co.uk,https://www.thetimes.co.uk/article/mikel-arteta-is-taking-the-sir-alex-ferguson-path-to-greatness-z0902mbcf,Print_News,EU,EN
gaza,2023-10-07,thetimes.co.uk,https://www.thetimes.co.uk/article/how-stop-shouting-children-kids-discipline-3qqgnbbsh,Print_News,EU,EN
gaza,2023-10-07,thetimes.co.uk,https://www.thetimes.co.uk/article/he-changed-my-mind-about-marriage-cbf6zzmfs,Print_News,EU,EN
gaza,2023-10-07,thetimes.co.uk,https://www.thetimes.co.uk/article/hipgnosis-executive-put-on-leave-after-sex-assault-claim-sdzkm3gjz,Print_News,EU,EN
gaza,2023-10-07,thetimes.co.uk,https://www.thetimes.co.uk/article/among-the-headaches-facing-rishi-sunak-the-row-over-medicines-is-a-big-one-26zlgg0rj,Print_News,EU,EN
gaza,2023-10-07,thetimes.co.uk,https://www.thetimes.co.uk/article/royal-college-of-music-investigating-misconduct-complaints-8nhkp0qx6,Print_News,EU,EN
gaza,2023-10-07,thetimes.co.uk,https://www.thetimes.co.uk/article/4638b118-629c-11ee-aae8-b941e584b333,Print_News,EU,EN
gaza,2023-10-07,thetimes.co.uk,https://www.thetimes.co.uk/article/labour-ready-to-target-40-scottish-seats-at-general-election-2jvbj7pgh,Print_News,EU,EN
gaza,2023-10-07,thetimes.co.uk,https://www.thetimes.co.uk/article/16-best-beauty-multitaskers-autumn-2023-fkfwrqmdm,Print_News,EU,EN
gaza,2023-10-07,thetimes.co.uk,https://www.thetimes.co.uk/article/must-win-international-jack-dempsey-has-been-there-and-got-the-jersey-5nqj8gnff,Print_News,EU,EN
gaza,2023-10-07,thetimes.co.uk,https://www.thetimes.co.uk/article/who-is-banksy-identity-artist-london-dnnx6rrsc,Print_News,EU,EN
gaza,2023-10-07,thetimes.co.uk,https://www.thetimes.co.uk/article/the-week-in-pictures-scotland-856q5fqkv,Print_News,EU,EN
gaza,2023-10-07,thetimes.co.uk,https://www.thetimes.co.uk/article/pension-boost-uk-how-worth-it-age-b0lr9mt38,Print_News,EU,EN
gaza,2023-10-07,thetimes.co.uk,https://www.thetimes.co.uk/article/supermarket-loyalty-card-discount-deals-bad-wallet-money-j3wvhkqft,Print_News,EU,EN
gaza,2023-10-07,thetimes.co.uk,https://www.thetimes.co.uk/article/the-times-diary-uneasy-lies-the-head-hxw5zpltm,Print_News,EU,EN
gaza,2023-10-07,thetimes.co.uk,https://www.thetimes.co.uk/article/chaotic-ferries-make-it-hard-to-paint-my-beloved-scottish-islands-says-artist-jr3857zqd,Print_News,EU,EN
gaza,2023-10-07,thetimes.co.uk,https://www.thetimes.co.uk/article/our-week-the-tory-party-d908tb8sh,Print_News,EU,EN
gaza,2023-10-07,thetimes.co.uk,https://www.thetimes.co.uk/article/bbc-boss-jimmy-savile-cover-up-newsnight-d6mdxjbm7,Print_News,EU,EN
gaza,2023-10-07,thetimes.co.uk,https://www.thetimes.co.uk/article/historic-stirling-clock-tower-pulled-down-overnight-must-be-rebuilt-c7g5t83c6,Print_News,EU,EN
gaza,2023-10-07,thetimes.co.uk,https://www.thetimes.co.uk/article/i-m-a-6-music-dad-and-proud-don-t-laugh-at-me-tw8xrvn9t,Print_News,EU,EN
gaza,2023-10-07,thetimes.co.uk,https://www.thetimes.co.uk/article/sackler-family-oxycontin-opioid-drug-scandal-british-connection-q3wd30s35,Print_News,EU,EN
gaza,2023-10-07,thetimes.co.uk,https://www.thetimes.co.uk/article/mother-pukka-divorce-husband-parenting-family-qwtkbpfrt,Print_News,EU,EN
gaza,2023-10-07,thetimes.co.uk,https://www.thetimes.co.uk/article/inspiral-set-to-give-frankie-dettori-more-glory-in-sun-chariot-cgmtbtbfq,Print_News,EU,EN
gaza,2023-10-07,thetimes.co.uk,https://www.thetimes.co.uk/article/metro-bank-lifted-by-prospect-of-asset-sale-tlltmd2q0,Print_News,EU,EN
gaza,2023-10-07,thetimes.co.uk,https://www.thetimes.co.uk/article/its-been-one-of-the-happiest-years-homes-for-ukraine-scheme-18-months-on-grz9l7zz6,Print_News,EU,EN
gaza,2023-10-07,thetimes.co.uk,https://www.thetimes.co.uk/article/musk-is-sued-to-make-him-testify-over-twitter-deal-rxfbrjc7d,Print_News,EU,EN
gaza,2023-10-07,thetimes.co.uk,https://www.thetimes.co.uk/article/heavy-metal-badger-by-duncan-beedie-review-r278th7sj,Print_News,EU,EN
gaza,2023-10-07,thetimes.co.uk,https://www.thetimes.co.uk/article/directors-at-edinburgh-fund-manager-walter-scott-partners-share-22m-s0fkdbsfl,Print_News,EU,EN
gaza,2023-10-07,thetimes.co.uk,https://www.thetimes.co.uk/article/times-letters-plan-to-replace-a-levels-with-five-subjects-f6g8s8ns2,Print_News,EU,EN
gaza,2023-10-07,thetimes.co.uk,https://www.thetimes.co.uk/article/mhairi-black-threatened-to-quit-as-snp-mp-over-choice-of-successor-mvdsqllb3,Print_News,EU,EN
gaza,2023-10-07,thetimes.co.uk,https://www.thetimes.co.uk/article/middle-aged-men-therapy-mental-health-benefits-hfw6lvnw3,Print_News,EU,EN
gaza,2023-10-07,thetimes.co.uk,https://www.thetimes.co.uk/article/physician-associates-told-they-must-not-call-themselves-doctors-hktnlxkrq,Print_News,EU,EN
gaza,2023-10-07,thetimes.co.uk,https://www.thetimes.co.uk/article/jd-wetherspoon-toasts-return-to-profit-5rcdgt5r3,Print_News,EU,EN
gaza,2023-10-07,thetimes.co.uk,https://www.thetimes.co.uk/article/avo-out-as-diners-get-a-taste-for-peas-on-toast-qrc3z9x7t,Print_News,EU,EN
gaza,2023-10-07,thetimes.co.uk,https://www.thetimes.co.uk/article/ftx-co-founder-tells-court-sam-bankman-fried-lied-to-crypto-exchange-customers-vwsf587bv,Print_News,EU,EN
gaza,2023-10-07,thetimes.co.uk,https://www.thetimes.co.uk/article/millennial-women-cannot-afford-motherhood-babies-c5x8vgds9,Print_News,EU,EN
gaza,2023-10-07,thetimes.co.uk,https://www.thetimes.co.uk/article/invest-diageo-news-share-price-g8r9fq9fd,Print_News,EU,EN
gaza,2023-10-07,thetimes.co.uk,https://www.thetimes.co.uk/article/sleep-apnoea-device-needs-more-tests-philips-told-075tbb56k,Print_News,EU,EN
gaza,2023-10-07,thetimes.co.uk,https://www.thetimes.co.uk/article/suicide-camp-army-military-base-female-soldier-men-girls-3pn2gkhx7,Print_News,EU,EN
gaza,2023-10-07,thetimes.co.uk,https://www.thetimes.co.uk/article/macquarie-offshore-wind-farm-stake-could-be-worth-750m-7dl2v7llp,Print_News,EU,EN
gaza,2023-10-07,thetimes.co.uk,https://www.thetimes.co.uk/article/humza-yousaf-press-pause-scottish-independence-zk9dcxldj,Print_News,EU,EN
gaza,2023-10-07,thetimes.co.uk,https://www.thetimes.co.uk/article/uk-shortage-adhd-medication-tablet-ration-g99jlh87p,Print_News,EU,EN
gaza,2023-10-07,thetimes.co.uk,https://www.thetimes.co.uk/article/the-times-saturday-quiz-october-7-2023-09dbnv7q2,Print_News,EU,EN
gaza,2023-10-07,thetimes.co.uk,https://www.thetimes.co.uk/article/irish-pm-leo-varadkar-accuses-britain-of-disengaging-from-the-world-plqkr3whf,Print_News,EU,EN
gaza,2023-10-07,thetimes.co.uk,https://www.thetimes.co.uk/article/best-places-to-eat-and-drink-in-scotland-this-week-qlntwz8rk,Print_News,EU,EN
gaza,2023-10-07,thetimes.co.uk,https://www.thetimes.co.uk/article/domes-of-corfu-hotel-review-serenity-rules-at-a-family-resort-pw080h7fz,Print_News,EU,EN
gaza,2023-10-07,thetimes.co.uk,https://www.thetimes.co.uk/article/manu-tuilagi-in-right-slot-to-show-powers-against-land-of-birth-6vvzk6tb5,Print_News,EU,EN
gaza,2023-10-07,thetimes.co.uk,https://www.thetimes.co.uk/article/shell-set-to-bounce-back-after-traders-recover-momentum-0rhr97nfq,Print_News,EU,EN
gaza,2023-10-07,thetimes.co.uk,https://www.thetimes.co.uk/article/police-misgender-rapists-in-cps-referrals-62j6bfw2c,Print_News,EU,EN
gaza,2023-10-07,thetimes.co.uk,https://www.thetimes.co.uk/article/purple-shrubs-my-top-picks-for-autumn-9t63v9b3j,Print_News,EU,EN
gaza,2023-10-07,thetimes.co.uk,https://www.thetimes.co.uk/article/dame-sonia-proudman-73-high-court-judge-whose-intellectual-flair-matched-her-dress-sense-5cswsq57r,Print_News,EU,EN
gaza,2023-10-07,thetimes.co.uk,https://www.thetimes.co.uk/article/bezos-fires-warning-to-rival-with-first-space-satellite-launch-89cvlwbhr,Print_News,EU,EN
gaza,2023-10-07,thetimes.co.uk,https://www.thetimes.co.uk/article/balance-sheet-at-de-la-rue-has-a-bit-more-shine-50jm5kqx5,Print_News,EU,EN
gaza,2023-10-07,thetimes.co.uk,https://www.thetimes.co.uk/article/glasgow-gang-who-sold-drugs-on-snapchat-jailed-ffbhjrql6,Print_News,EU,EN
gaza,2023-10-07,thetimes.co.uk,https://www.thetimes.co.uk/article/bbc-blocks-chatgpt-from-using-its-content-358wz5kvj,Print_News,EU,EN
gaza,2023-10-07,thetimes.co.uk,https://www.thetimes.co.uk/article/comedy-wildlife-photography-awards-flight-of-the-leopard-and-more-pdpv0d6d6,Print_News,EU,EN
gaza,2023-10-07,thetimes.co.uk,https://www.thetimes.co.uk/article/remembrance-of-things-past-halts-turbines-in-proust-country-gzs5p58cl,Print_News,EU,EN
gaza,2023-10-07,thetimes.co.uk,https://www.thetimes.co.uk/article/bbc-to-end-top-gear-after-freddie-flintoffs-near-fatal-crash-xdz0ggln8,Print_News,EU,EN
gaza,2023-10-07,thetimes.co.uk,https://www.thetimes.co.uk/article/bavarias-mini-trump-pledges-to-make-it-big-in-the-bundestag-wwzzf8nbd,Print_News,EU,EN
gaza,2023-10-07,thetimes.co.uk,https://www.thetimes.co.uk/article/robert-crampton-childhood-nostalgia-whistling-fake-burps-0dp0cghm6,Print_News,EU,EN
gaza,2023-10-07,thetimes.co.uk,https://www.thetimes.co.uk/article/hs2-land-sale-whitworth-hall-sunak-scrapped-rail-project-w0p8nnldw,Print_News,EU,EN
gaza,2023-10-07,thetimes.co.uk,https://www.thetimes.co.uk/article/the-new-microcamps-that-give-guests-private-access-safaris-hmhqcq9bt,Print_News,EU,EN
gaza,2023-10-07,thetimes.co.uk,https://www.thetimes.co.uk/article/sir-john-ure-obituary-p6zmwhhtq,Print_News,EU,EN
gaza,2023-10-07,thetimes.co.uk,https://www.thetimes.co.uk/article/eruptions-can-raise-global-temperatures-kdzfmp9rq,Print_News,EU,EN
gaza,2023-10-07,thetimes.co.uk,https://www.thetimes.co.uk/article/your-three-minute-digest-ptfwdqmjv,Print_News,EU,EN
gaza,2023-10-07,thetimes.co.uk,https://www.thetimes.co.uk/article/flying-scotsman-back-on-track-after-shunting-crash-5xxcdjbh2,Print_News,EU,EN
gaza,2023-10-07,thetimes.co.uk,https://www.thetimes.co.uk/article/best-savings-rates-ns-and-i-uk-news-fixed-account-wmxz9w00n,Print_News,EU,EN
gaza,2023-10-07,thetimes.co.uk,https://www.thetimes.co.uk/article/labour-retreating-into-miserable-managerialism-says-unite-leader-s9fbdzxpp,Print_News,EU,EN
gaza,2023-10-07,thetimes.co.uk,https://www.thetimes.co.uk/article/snp-juggernaut-comes-off-the-rails-as-labour-mp-gets-a-new-friend-l33tb7m53,Print_News,EU,EN
gaza,2023-10-07,thetimes.co.uk,https://www.thetimes.co.uk/article/sam-tomkins-seals-dragons-path-to-final-to-set-up-chance-of-fairytale-farewell-rlb9wg0sx,Print_News,EU,EN
gaza,2023-10-07,thetimes.co.uk,https://www.thetimes.co.uk/article/melanie-reid-wheelchair-petrol-powered-6bpcrc3fd,Print_News,EU,EN
gaza,2023-10-07,thetimes.co.uk,https://www.thetimes.co.uk/article/paralympians-still-hold-a-flame-for-stoke-mandeville-pioneer-653kbqjx5,Print_News,EU,EN
gaza,2023-10-07,thetimes.co.uk,https://www.thetimes.co.uk/article/parking-app-news-uk-by-phone-ringo-fine-tlzpjlkf2,Print_News,EU,EN
gaza,2023-10-07,thetimes.co.uk,https://www.thetimes.co.uk/article/picasso-and-warhol-paintings-seized-from-terrorism-financier-xhkh09mt0,Print_News,EU,EN
gaza,2023-10-07,thetimes.co.uk,https://www.thetimes.co.uk/article/donald-trump-white-supremacist-migrants-poison-country-us-0ds7b6kbw,Print_News,EU,EN
gaza,2023-10-07,thetimes.co.uk,https://www.thetimes.co.uk/article/unfinished-woman-by-robyn-davidson-review-s7mxhmvdj,Print_News,EU,EN
gaza,2023-10-07,thetimes.co.uk,https://www.thetimes.co.uk/article/my-ultimate-romantic-road-trip-around-the-scottish-highlands-955xnhr9p,Print_News,EU,EN
gaza,2023-10-07,thetimes.co.uk,https://www.thetimes.co.uk/article/giro-champion-primoz-roglic-leaves-jumbo-visma-for-bora-hansgrohe-np7vznjrv,Print_News,EU,EN
gaza,2023-10-07,thetimes.co.uk,https://www.thetimes.co.uk/article/why-this-idyllic-norfolk-village-wants-to-ban-second-homes-8x25d38mb,Print_News,EU,EN
gaza,2023-10-07,thetimes.co.uk,https://www.thetimes.co.uk/article/is-max-verstappen-now-ayrton-sennas-f1-equal-or-is-it-his-car-wxv6d7dnt,Print_News,EU,EN
gaza,2023-10-07,thetimes.co.uk,https://www.thetimes.co.uk/article/jail-for-photographer-who-sexually-assaulted-women-during-shoots-kjdhm6g0s,Print_News,EU,EN
gaza,2023-10-07,thetimes.co.uk,https://www.thetimes.co.uk/article/a-three-hour-flight-to-sicily-turned-into-a-19-hour-nightmare-3ttncpb5l,Print_News,EU,EN
gaza,2023-10-07,thetimes.co.uk,https://www.thetimes.co.uk/article/suella-bravermans-uncle-urges-her-to-be-cautious-with-migrant-language-lf5njrpvb,Print_News,EU,EN
gaza,2023-10-07,thetimes.co.uk,https://www.thetimes.co.uk/article/caitlin-moran-no-man-admits-to-rape-statistics-qz0k0scsv,Print_News,EU,EN
gaza,2023-10-07,thetimes.co.uk,https://www.thetimes.co.uk/article/grant-gilchrist-scotland-are-not-scared-by-history-with-ireland-pnpkfxzcm,Print_News,EU,EN
gaza,2023-10-07,thetimes.co.uk,https://www.thetimes.co.uk/article/josh-warrington-im-petrified-but-not-of-leigh-wood-62ff93xpm,Print_News,EU,EN
gaza,2023-10-07,thetimes.co.uk,https://www.thetimes.co.uk/article/paris-milan-fashion-week-2023-harriet-walker-designer-crocs-nccv7nq7r,Print_News,EU,EN
gaza,2023-10-07,thetimes.co.uk,https://www.thetimes.co.uk/article/former-rangers-star-claudio-caniggia-to-stand-trial-for-sex-assault-sp7fb75cs,Print_News,EU,EN
gaza,2023-10-07,thetimes.co.uk,https://www.thetimes.co.uk/article/danny-boyle-free-your-mind-isn-t-film-it-s-incredible-it-s-like-nothing-i-have-ever-done-before-c6v770w8h,Print_News,EU,EN
gaza,2023-10-07,thetimes.co.uk,https://www.thetimes.co.uk/article/5-things-to-do-in-scotland-this-week-from-drag-race-to-deacon-blues-tour-39zwhtlkj,Print_News,EU,EN
gaza,2023-10-07,thetimes.co.uk,https://www.thetimes.co.uk/article/caitlyn-jenner-denounces-trans-nazis-who-get-angry-over-pronouns-73np99j9r,Print_News,EU,EN
gaza,2023-10-07,thetimes.co.uk,https://www.thetimes.co.uk/article/telling-female-staff-to-wear-make-up-is-sex-harassment-tribunal-rules-bzkv2bk5l,Print_News,EU,EN
gaza,2023-10-07,thetimes.co.uk,https://www.thetimes.co.uk/article/tory-mp-ripped-out-single-mother-tenants-security-camera-vdn0669s7,Print_News,EU,EN
gaza,2023-10-07,thetimes.co.uk,https://www.thetimes.co.uk/article/pep-guardiola-arsenal-will-be-manchester-city-rivals-for-a-long-time-v37xt6kdp,Print_News,EU,EN
gaza,2023-10-07,thetimes.co.uk,https://www.thetimes.co.uk/article/trouble-and-strife-in-the-wild-world-of-metro-man-qrtbn35gh,Print_News,EU,EN
gaza,2023-10-07,thetimes.co.uk,https://www.thetimes.co.uk/article/wayne-mcgregor-royal-ballet-choreographer-dante-project-interview-r5p5j96hb,Print_News,EU,EN
gaza,2023-10-07,thetimes.co.uk,https://www.thetimes.co.uk/article/greek-cheese-recipes-feta-halloumi-mb702qx70,Print_News,EU,EN
gaza,2023-10-07,thetimes.co.uk,https://www.thetimes.co.uk/article/the-reckoning-review-jimmy-savile-bbc-one-drama-tv-2023-zc5qgl88p,Print_News,EU,EN
gaza,2023-10-07,thetimes.co.uk,https://www.thetimes.co.uk/article/credo-dyslexia-is-a-god-given-gift-and-not-a-learning-disability-nw8mdpc7l,Print_News,EU,EN
gaza,2023-10-07,thetimes.co.uk,https://www.thetimes.co.uk/article/light-over-liskeard-by-louis-de-bernieres-review-cvr0tmj3q,Print_News,EU,EN
gaza,2023-10-07,thetimes.co.uk,https://www.thetimes.co.uk/article/new-readers-luna-shelley-and-enya-metcalfe-5dg9l7xhx,Print_News,EU,EN
gaza,2023-10-07,thetimes.co.uk,https://www.thetimes.co.uk/article/news-in-pictures-saturday-october-7-2023-0tphwfzmq,Print_News,EU,EN
gaza,2023-10-07,thetimes.co.uk,https://www.thetimes.co.uk/article/going-infinite-by-michael-lewis-review-0x7lh63z0,Print_News,EU,EN
gaza,2023-10-07,thetimes.co.uk,https://www.thetimes.co.uk/article/we-can-take-next-step-to-stop-chelsea-says-gareth-taylor-c00390k52,Print_News,EU,EN
gaza,2023-10-07,thetimes.co.uk,https://www.thetimes.co.uk/article/spain-makes-a-show-of-dark-past-x7qj3t9k9,Print_News,EU,EN
gaza,2023-10-07,thetimes.co.uk,https://www.thetimes.co.uk/article/ukrainian-novelist-cancelled-because-he-writes-in-russian-32vhp9rgs,Print_News,EU,EN
gaza,2023-10-07,thetimes.co.uk,https://www.thetimes.co.uk/article/joseph-fiennes-gareth-southgate-is-an-unlikely-hero-that-we-can-hang-a-bit-of-hope-on-8s5j8g05r,Print_News,EU,EN
gaza,2023-10-07,thetimes.co.uk,https://www.thetimes.co.uk/article/planning-your-garden-here-s-how-to-frame-a-view-073h308br,Print_News,EU,EN
gaza,2023-10-07,thetimes.co.uk,https://www.thetimes.co.uk/article/peter-dickinson-obituary-dfjpglzkw,Print_News,EU,EN
gaza,2023-10-07,thetimes.co.uk,https://www.thetimes.co.uk/article/a-good-walk-rievaulx-moor-and-helmsley-moor-north-yorkshire-vk30jb6h3,Print_News,EU,EN
gaza,2023-10-07,thetimes.co.uk,https://www.thetimes.co.uk/article/barclays-close-account-news-move-abroad-uk-pq5txjt89,Print_News,EU,EN
gaza,2023-10-07,thetimes.co.uk,https://www.thetimes.co.uk/article/japan-look-to-channel-samurai-spirit-in-must-win-argentina-clash-j0b28cgjx,Print_News,EU,EN
gaza,2023-10-07,thetimes.co.uk,https://www.thetimes.co.uk/article/cloe-lacasses-late-leveller-rescues-point-for-arsenal-after-two-howlers-bl6cqtwdv,Print_News,EU,EN
gaza,2023-10-12,thetimes.co.uk,https://www.thetimes.co.uk/article/lady-chief-justice-toasts-southwark-crown-court-ckggvskb9,Print_News,EU,EN
gaza,2023-10-12,thetimes.co.uk,https://www.thetimes.co.uk/article/new-law-society-president-nick-emmerson-backs-hong-kong-judges-53d6vk276,Print_News,EU,EN
gaza,2023-10-12,thetimes.co.uk,https://www.thetimes.co.uk/article/sam-bankman-fried-caroline-ellison-curious-love-affair-crypto-trial-jxx5dbb0f,Print_News,EU,EN
gaza,2023-10-12,thetimes.co.uk,https://www.thetimes.co.uk/article/walk-of-the-week-to-the-top-of-wether-hill-ochils-b3gkgcg2j,Print_News,EU,EN
gaza,2023-10-12,thetimes.co.uk,https://www.thetimes.co.uk/article/bafta-scotland-awards-2023-nominations-announced-73drtrrln,Print_News,EU,EN
gaza,2023-10-12,thetimes.co.uk,https://www.thetimes.co.uk/article/muslim-councils-statement-on-israel-fell-woefully-short-p29pbm3k0,Print_News,EU,EN
gaza,2023-10-12,thetimes.co.uk,https://www.thetimes.co.uk/article/beko-hotpoint-deal-faces-investigation-h7zhzxzvn,Print_News,EU,EN
gaza,2023-10-12,thetimes.co.uk,https://www.thetimes.co.uk/article/son-defends-ex-rangers-star-claudio-caniggia-over-sex-attack-trial-6vkjq3k56,Print_News,EU,EN
gaza,2023-10-12,thetimes.co.uk,https://www.thetimes.co.uk/article/old-man-of-hoy-gets-a-facelift-with-clean-up-of-climbers-detritus-vllvzswn2,Print_News,EU,EN
gaza,2023-10-12,thetimes.co.uk,https://www.thetimes.co.uk/article/heathrow-flies-away-from-covid-lows-rgghw2mk0,Print_News,EU,EN
gaza,2023-10-12,thetimes.co.uk,https://www.thetimes.co.uk/article/estate-agents-hopes-for-autumn-bounce-fall-flat-30f5r9vmc,Print_News,EU,EN
gaza,2023-10-12,thetimes.co.uk,https://www.thetimes.co.uk/article/jaysley-beck-should-be-the-last-she-wont-be-2pn6bdlcm,Print_News,EU,EN
gaza,2023-10-12,thetimes.co.uk,https://www.thetimes.co.uk/article/fed-says-it-must-tread-carefully-on-interest-rates-l9xc0r389,Print_News,EU,EN
gaza,2023-10-12,thetimes.co.uk,https://www.thetimes.co.uk/article/lawyer-of-the-week-gemma-witherington-acted-for-students-awarded-damages-for-colleges-handling-of-sexual-assault-claims-02t06zxl0,Print_News,EU,EN
gaza,2023-10-12,thetimes.co.uk,https://www.thetimes.co.uk/article/telegraph-bidders-face-barriers-from-regulators-sg8mcvnxr,Print_News,EU,EN
gaza,2023-10-12,thetimes.co.uk,https://www.thetimes.co.uk/article/jaques-testard-meet-the-man-behind-fitzcarraldo-britains-coolest-indie-publisher-rzqdvwtj5,Print_News,EU,EN
gaza,2023-10-12,thetimes.co.uk,https://www.thetimes.co.uk/article/rwanda-plan-home-office-faces-two-month-wait-supreme-court-ruling-immigration-khsh8rzn6,Print_News,EU,EN
gaza,2023-10-12,thetimes.co.uk,https://www.thetimes.co.uk/article/exxonmobil-pioneer-natural-resources-share-price-9czmbkcr5,Print_News,EU,EN
gaza,2023-10-12,thetimes.co.uk,https://www.thetimes.co.uk/article/strong-summer-of-travel-adds-shine-to-firstgroup-dv039vbxh,Print_News,EU,EN
gaza,2023-10-12,thetimes.co.uk,https://www.thetimes.co.uk/article/fixing-the-remaining-gender-pay-gap-hinges-on-job-flexibility-not-sexism-lnkw3730n,Print_News,EU,EN
gaza,2023-10-12,thetimes.co.uk,https://www.thetimes.co.uk/article/alastair-campbell-nigel-farage-gb-news-cheltenham-z79hqqdv5,Print_News,EU,EN
gaza,2023-10-12,thetimes.co.uk,https://www.thetimes.co.uk/article/more-than-a-feline-bavarian-town-honours-cat-7p56qxh8z,Print_News,EU,EN
gaza,2023-10-12,thetimes.co.uk,https://www.thetimes.co.uk/article/david-benedictus-obituary-0jvq7s7sm,Print_News,EU,EN
gaza,2023-10-12,thetimes.co.uk,https://www.thetimes.co.uk/article/republicans-nominate-steve-scalise-to-replace-ousted-house-speaker-7l5qvrx0r,Print_News,EU,EN
gaza,2023-10-12,thetimes.co.uk,https://www.thetimes.co.uk/article/white-pupils-slipped-further-behind-school-education-covid-qhm62mhz0,Print_News,EU,EN
gaza,2023-10-12,thetimes.co.uk,https://www.thetimes.co.uk/article/whats-on-tv-and-radio-tonight-thursday-october-12-lfc0wbwn7,Print_News,EU,EN
gaza,2023-10-12,thetimes.co.uk,https://www.thetimes.co.uk/article/beer-threatened-as-climate-change-hits-europe-s-hops-tcdh58jz5,Print_News,EU,EN
gaza,2023-10-12,thetimes.co.uk,https://www.thetimes.co.uk/article/the-times-view-on-the-joy-of-veg-heaven-in-earth-2sxz77rgj,Print_News,EU,EN
gaza,2023-10-12,thetimes.co.uk,https://www.thetimes.co.uk/article/steve-clarke-positive-mentality-will-seal-euro-2024-spot-d6clw9rz0,Print_News,EU,EN
gaza,2023-10-12,thetimes.co.uk,https://www.thetimes.co.uk/article/metro-bank-clears-hurdle-with-backing-of-bondholders-rzn995mhm,Print_News,EU,EN
gaza,2023-10-12,thetimes.co.uk,https://www.thetimes.co.uk/article/john-lewis-stempel-the-only-crime-you-can-commit-in-rural-france-is-to-come-from-paris-vmjgmt76t,Print_News,EU,EN
gaza,2023-10-12,thetimes.co.uk,https://www.thetimes.co.uk/article/if-only-rishi-and-keir-were-easier-on-the-ear-5bhg3bmz8,Print_News,EU,EN
gaza,2023-10-12,thetimes.co.uk,https://www.thetimes.co.uk/article/shooting-people-requires-trust-zfvsdqs3j,Print_News,EU,EN
gaza,2023-10-12,thetimes.co.uk,https://www.thetimes.co.uk/article/pest-control-busier-than-ever-with-bedbug-calls-your-questions-answered-w6v53wjvw,Print_News,EU,EN
gaza,2023-10-12,thetimes.co.uk,https://www.thetimes.co.uk/article/wife-saw-husband-swept-away-by-river-tay-after-torrential-downpours-25zvhmwc8,Print_News,EU,EN
gaza,2023-10-12,thetimes.co.uk,https://www.thetimes.co.uk/article/israel-gaza-ground-invasion-hamas-netanyahu-2lv5ndzc3,Print_News,EU,EN
gaza,2023-10-12,thetimes.co.uk,https://www.thetimes.co.uk/article/notre-dame-fire-brigade-had-a-difficult-delicate-task-25lg3pl5z,Print_News,EU,EN
gaza,2023-10-12,thetimes.co.uk,https://www.thetimes.co.uk/article/i-thought-that-dealing-with-divorcing-rich-people-was-pointless-t0xn50ngs,Print_News,EU,EN
gaza,2023-10-12,thetimes.co.uk,https://www.thetimes.co.uk/article/would-electronic-wills-do-more-harm-than-good-for-the-vulnerable-n9lkkzxcz,Print_News,EU,EN
gaza,2023-10-12,thetimes.co.uk,https://www.thetimes.co.uk/article/five-march-glasgow-restaurant-review-relaxed-serious-and-effortlessly-cool-cbkkt6zbt,Print_News,EU,EN
gaza,2023-10-12,thetimes.co.uk,https://www.thetimes.co.uk/article/killer-pilot-robert-browns-automatic-release-blocked-5lmg3npbj,Print_News,EU,EN
gaza,2023-10-12,thetimes.co.uk,https://www.thetimes.co.uk/article/notre-dame-fitted-with-2m-firefighting-system-5nw7mvhp0,Print_News,EU,EN
gaza,2023-10-12,thetimes.co.uk,https://www.thetimes.co.uk/article/newsnight-editor-stewart-maclean-quits-before-big-cut-in-budget-9s3sd57th,Print_News,EU,EN
gaza,2023-10-12,thetimes.co.uk,https://www.thetimes.co.uk/article/bankman-fried-hedge-fund-paid-150m-in-bribes-to-chinese-officials-caroline-ellison-tells-fraud-trial-np6klr0hn,Print_News,EU,EN
gaza,2023-10-12,thetimes.co.uk,https://www.thetimes.co.uk/article/what-you-get-for-500000-in-gloucestershire-suffolk-cornwall-east-lothian-and-the-algarve-2xjqp6pw7,Print_News,EU,EN
gaza,2023-10-12,thetimes.co.uk,https://www.thetimes.co.uk/article/starmer-has-left-the-tories-with-little-to-aim-at-r0l06mmns,Print_News,EU,EN
gaza,2023-10-12,thetimes.co.uk,https://www.thetimes.co.uk/article/cummings-whatapp-reveals-frustration-at-civil-service-who-dont-work-weekends-p53xh33t0,Print_News,EU,EN
gaza,2023-10-12,thetimes.co.uk,https://www.thetimes.co.uk/article/contract-wins-and-profit-upgrade-keep-mitie-moving-on-up-9r7bk9nqn,Print_News,EU,EN
gaza,2023-10-12,thetimes.co.uk,https://www.thetimes.co.uk/article/sam-west-interview-dementia-family-2023-m5rdkp9f3,Print_News,EU,EN
gaza,2023-10-12,thetimes.co.uk,https://www.thetimes.co.uk/article/salman-rushdie-new-book-knife-t093vbjpt,Print_News,EU,EN
gaza,2023-10-12,thetimes.co.uk,https://www.thetimes.co.uk/article/births-marriages-and-deaths-october-12-2023-csffcvw03,Print_News,EU,EN
gaza,2023-10-12,thetimes.co.uk,https://www.thetimes.co.uk/article/the-dogs-covered-in-paint-but-im-a-diy-expert-now-k9smgcq66,Print_News,EU,EN
gaza,2023-10-12,thetimes.co.uk,https://www.thetimes.co.uk/article/steve-clarke-eyes-shot-at-glory-at-graveyard-of-scottish-sides-qjhbm9698,Print_News,EU,EN
gaza,2023-10-12,thetimes.co.uk,https://www.thetimes.co.uk/article/return-of-the-smart-set-is-tailor-made-for-jigsaw-b6gvdffcv,Print_News,EU,EN
gaza,2023-10-12,thetimes.co.uk,https://www.thetimes.co.uk/article/gordonstoun-head-departing-to-lead-scotlands-largest-private-school-2hhpbsxp0,Print_News,EU,EN
gaza,2023-10-12,thetimes.co.uk,https://www.thetimes.co.uk/article/ex-taxman-sir-ian-rankin-called-to-accounts-wnbzgrjph,Print_News,EU,EN
gaza,2023-10-12,thetimes.co.uk,https://www.thetimes.co.uk/article/virtual-reality-walking-test-could-help-to-identify-people-with-alzheimers-bhccv9jcl,Print_News,EU,EN
gaza,2023-10-12,thetimes.co.uk,https://www.thetimes.co.uk/article/grand-slammers-television-review-itv-qz5gmz35c,Print_News,EU,EN
gaza,2023-10-12,thetimes.co.uk,https://www.thetimes.co.uk/article/england-have-never-had-a-full-back-quite-like-marcus-smith-b58ltw7z7,Print_News,EU,EN
gaza,2023-10-12,thetimes.co.uk,https://www.thetimes.co.uk/article/nowhere-to-hide-women-and-children-bear-brunt-of-assault-in-gaza-mvr2gvfk6,Print_News,EU,EN
gaza,2023-10-12,thetimes.co.uk,https://www.thetimes.co.uk/article/bringing-colour-to-past-lives-t2pqzxclx,Print_News,EU,EN
gaza,2023-10-12,thetimes.co.uk,https://www.thetimes.co.uk/article/the-aristocrats-who-decorated-their-home-with-pocket-artefacts-times-luxury-7g2d3tdcm,Print_News,EU,EN
gaza,2023-10-12,thetimes.co.uk,https://www.thetimes.co.uk/article/holly-johnson-hiv-was-like-having-a-bell-round-my-neck-tvkf6wjvg,Print_News,EU,EN
gaza,2023-10-12,thetimes.co.uk,https://www.thetimes.co.uk/article/the-forgotten-californian-spa-town-suddenly-attracting-the-a-list-g0wz07hzf,Print_News,EU,EN
gaza,2023-10-12,thetimes.co.uk,https://www.thetimes.co.uk/article/police-dont-have-time-for-every-crime-federation-chief-admits-xrd67vrn7,Print_News,EU,EN
gaza,2023-10-12,thetimes.co.uk,https://www.thetimes.co.uk/article/how-heathrow-airport-can-land-real-success-lx2n7pn7s,Print_News,EU,EN
gaza,2023-10-12,thetimes.co.uk,https://www.thetimes.co.uk/article/anas-sarwar-and-keir-starmer-can-reshape-the-political-climate-fzl58zsgj,Print_News,EU,EN
gaza,2023-10-12,thetimes.co.uk,https://www.thetimes.co.uk/article/magic-circle-lawyers-teaching-drill-rappers-to-be-legally-fluent-phhs7p53n,Print_News,EU,EN
gaza,2023-10-12,thetimes.co.uk,https://www.thetimes.co.uk/article/mona-lisa-secrets-leonardo-da-vinci-s-oils-stripped-back-s385hr2vn,Print_News,EU,EN
gaza,2023-10-12,thetimes.co.uk,https://www.thetimes.co.uk/article/the-rise-of-the-instacooks-ltzb5l6ks,Print_News,EU,EN
gaza,2023-10-12,thetimes.co.uk,https://www.thetimes.co.uk/article/rival-female-mountaineers-killed-in-shishapangma-record-attempt-k76kbwb6f,Print_News,EU,EN
gaza,2023-10-12,thetimes.co.uk,https://www.thetimes.co.uk/article/pine-martens-tempted-away-from-rare-capercaillie-with-venison-gxx36whh5,Print_News,EU,EN
gaza,2023-10-12,thetimes.co.uk,https://www.thetimes.co.uk/article/is-this-the-end-for-bill-belichick-at-new-england-patriots-wq78mbzpl,Print_News,EU,EN
gaza,2023-10-12,thetimes.co.uk,https://www.thetimes.co.uk/article/the-loneliness-of-fighting-for-a-childs-life-td6kl7fcp,Print_News,EU,EN
gaza,2023-10-12,thetimes.co.uk,https://www.thetimes.co.uk/article/holly-willoughby-this-morning-presenter-future-itv-z5nwwxn8v,Print_News,EU,EN
gaza,2023-10-12,thetimes.co.uk,https://www.thetimes.co.uk/article/to-get-staff-back-in-the-office-first-know-why-62fhqqmrd,Print_News,EU,EN
gaza,2023-10-12,thetimes.co.uk,https://www.thetimes.co.uk/article/germany-revises-economic-forecast-from-low-growth-to-shrinking-xnbckprck,Print_News,EU,EN
gaza,2023-10-12,thetimes.co.uk,https://www.thetimes.co.uk/article/birkenstock-discovers-success-is-no-shoo-in-on-new-york-debut-zrnnjtj5n,Print_News,EU,EN
gaza,2023-10-12,thetimes.co.uk,https://www.thetimes.co.uk/article/birkenstock-hipster-brand-treads-awkward-path-p57b09pnr,Print_News,EU,EN
gaza,2023-10-12,thetimes.co.uk,https://www.thetimes.co.uk/article/cbi-survey-finds-firms-hit-by-shortage-of-skilled-staff-sjnwp6z0x,Print_News,EU,EN
gaza,2023-10-12,thetimes.co.uk,https://www.thetimes.co.uk/article/trans-rights-crowd-assaulted-guests-at-gender-book-launch-ggn9qdtf7,Print_News,EU,EN
gaza,2023-10-12,thetimes.co.uk,https://www.thetimes.co.uk/article/a-15-minute-hit-that-s-well-worth-your-time-v3nfxbmgd,Print_News,EU,EN
gaza,2023-10-12,thetimes.co.uk,https://www.thetimes.co.uk/article/what-i-wish-i-d-known-before-taking-in-lodgers-w29ngsjt0,Print_News,EU,EN
gaza,2023-10-12,thetimes.co.uk,https://www.thetimes.co.uk/article/cole-palmer-i-miss-mums-cooking-and-cant-use-washing-machine-7wkm7j5mv,Print_News,EU,EN
gaza,2023-10-12,thetimes.co.uk,https://www.thetimes.co.uk/article/at-last-an-outbreak-of-peace-in-the-gender-wars-d77g89f66,Print_News,EU,EN
gaza,2023-10-12,thetimes.co.uk,https://www.thetimes.co.uk/article/watch-out-here-come-the-park-run-maniacs-v0v5h8ktw,Print_News,EU,EN
gaza,2023-10-12,thetimes.co.uk,https://www.thetimes.co.uk/article/trim-the-candlewicks-and-other-ways-to-be-more-beckham-2ph6257mj,Print_News,EU,EN
gaza,2023-10-12,thetimes.co.uk,https://www.thetimes.co.uk/article/your-three-minute-digest-38fk87kxf,Print_News,EU,EN
gaza,2023-10-12,thetimes.co.uk,https://www.thetimes.co.uk/article/mi6-should-break-its-silence-about-edith-cavell-6cmhscwrc,Print_News,EU,EN
gaza,2023-10-12,thetimes.co.uk,https://www.thetimes.co.uk/article/james-cleverly-runs-for-cover-as-missile-sirens-sound-during-israel-visit-szjc8n5qq,Print_News,EU,EN
gaza,2023-10-12,thetimes.co.uk,https://www.thetimes.co.uk/article/liam-gallagher-helps-manchester-tram-users-announcer-9g2n70nxz,Print_News,EU,EN
gaza,2023-10-12,thetimes.co.uk,https://www.thetimes.co.uk/article/renting-ages-you-after-15-years-first-person-ngr9l6d9r,Print_News,EU,EN
gaza,2023-10-12,thetimes.co.uk,https://www.thetimes.co.uk/article/fight-against-bogus-firms-needs-more-punch-say-critics-7l5s3gmtb,Print_News,EU,EN
gaza,2023-10-12,thetimes.co.uk,https://www.thetimes.co.uk/article/ollie-watkins-i-dont-want-to-be-a-superstar-like-jack-grealish-mjx3bffd2,Print_News,EU,EN
gaza,2023-10-12,thetimes.co.uk,https://www.thetimes.co.uk/article/censure-for-defunct-minibonds-seller-london-capital-amp-finance-308frr6tw,Print_News,EU,EN
gaza,2023-10-12,thetimes.co.uk,https://www.thetimes.co.uk/article/the-times-view-on-labours-nhs-plans-saving-the-patient-5tkf66v8b,Print_News,EU,EN
gaza,2023-10-12,thetimes.co.uk,https://www.thetimes.co.uk/article/how-to-holiday-like-coco-chanel-according-to-a-fashion-expert-xb5ddv0nk,Print_News,EU,EN
gaza,2023-10-12,thetimes.co.uk,https://www.thetimes.co.uk/article/lower-pay-offers-by-bosses-put-pressure-on-pagegroup-vlgbp73vh,Print_News,EU,EN
gaza,2023-10-12,thetimes.co.uk,https://www.thetimes.co.uk/article/french-invasion-wrecked-by-storms-and-the-british-xw06fr37l,Print_News,EU,EN
gaza,2023-10-12,thetimes.co.uk,https://www.thetimes.co.uk/article/charlie-savage-shows-traits-of-his-father-as-wales-beat-gibraltar-686dvjnqf,Print_News,EU,EN
gaza,2023-10-12,thetimes.co.uk,https://www.thetimes.co.uk/article/qinetiq-boosted-by-us-military-orders-fpdxd5z06,Print_News,EU,EN
gaza,2023-10-12,thetimes.co.uk,https://www.thetimes.co.uk/article/sin-and-vice-judgment-in-belfast-case-pssxgvvq9,Print_News,EU,EN
gaza,2023-10-12,thetimes.co.uk,https://www.thetimes.co.uk/article/the-times-view-on-pro-hamas-protests-second-casualty-b2q0q67vj,Print_News,EU,EN
gaza,2023-10-12,thetimes.co.uk,https://www.thetimes.co.uk/article/sir-christopher-lewinton-obituary-2s8n2wttx,Print_News,EU,EN
gaza,2023-10-12,thetimes.co.uk,https://www.thetimes.co.uk/article/bank-of-england-bias-embedded-by-ai-threatens-financial-stability-bk2lglb3w,Print_News,EU,EN
gaza,2023-10-12,thetimes.co.uk,https://www.thetimes.co.uk/article/times-letters-israeli-hostages-two-state-solution-hamas-r876flp7k,Print_News,EU,EN
gaza,2023-10-12,thetimes.co.uk,https://www.thetimes.co.uk/article/why-is-the-uk-tiptoeing-around-hate-merchants-fh0jfcnkf,Print_News,EU,EN
gaza,2023-10-15,thetimes.co.uk,https://www.thetimes.co.uk/article/i-love-russia-reporting-from-a-lost-country-by-elena-kostyuchenko-review-vrg0ppjg9,Print_News,EU,EN
gaza,2023-10-15,thetimes.co.uk,https://www.thetimes.co.uk/article/russia-ukraine-war-poll-opinions-putin-0glbc98fz,Print_News,EU,EN
gaza,2023-10-15,thetimes.co.uk,https://www.thetimes.co.uk/article/what-to-expect-from-sydney-opera-houses-50th-birthday-celebrations-x7t6h58dh,Print_News,EU,EN
gaza,2023-10-16,thetimes.co.uk,https://www.thetimes.co.uk/article/flynn-pushes-for-french-style-price-cap-on-food-vtrwrhf75,Print_News,EU,EN
gaza,2023-10-17,thetimes.co.uk,https://www.thetimes.co.uk/article/israel-panic-rooms-home-attack-hamas-gaza-strip-3h0sx67lz,Print_News,EU,EN
