event,date,domain,url,title,lead
ukraine,2022-02-24,basingstokegazette.co.uk,https://www.basingstokegazette.co.uk/news/19947485.crystal-palace-ease-relegation-fears-convincing-win-struggling-watford/,Crystal Palace ease relegation fears with convincing win over struggling Watford | Basingstoke Gazette,""
ukraine,2022-02-24,basingstokegazette.co.uk,https://www.basingstokegazette.co.uk/news/19947530.patrick-vieira-hails-wilfried-zahas-best-palace-performance-since-took/,Patrick Vieira hails Wilfried Zaha’s best Palace performance since he took over | Basingstoke Gazette,""
ukraine,2022-02-24,basingstokegazette.co.uk,https://www.basingstokegazette.co.uk/news/19947483.ukraines-rebel-leader-ask-russia-military-assistance-kremlin-says/,"Ukraine’s rebel leader ask Russia for military assistance, Kremlin says | Basingstoke Gazette",""
ukraine,2022-02-24,basingstokegazette.co.uk,https://www.basingstokegazette.co.uk/news/19947502.england-star-ben-youngs-enthusiasm-good-blueprint-anyone---ellis-genge/,England star Ben Youngs’ enthusiasm is good blueprint for anyone – Ellis Genge | Basingstoke Gazette,""
ukraine,2022-02-24,basingstokegazette.co.uk,https://www.basingstokegazette.co.uk/news/national/19947516.starmer-promises-harness-white-heat-technological-change/,Starmer promises to harness the ‘white heat’ of technological change | Basingstoke Gazette,""
ukraine,2022-02-24,basingstokegazette.co.uk,https://www.basingstokegazette.co.uk/news/19947518.bruno-lage-always-knew-fearless-fighter-raul-jimenez-lead-frontline/,Bruno Lage always knew fearless fighter Raul Jimenez would lead frontline again | Basingstoke Gazette,""
ukraine,2022-02-24,basingstokegazette.co.uk,https://www.basingstokegazette.co.uk/news/19947400.stanley-elliott-trial-defendant-takes-stand/,Stanley Elliott trial: Defendant takes the stand | Basingstoke Gazette,""
ukraine,2022-02-24,basingstokegazette.co.uk,https://www.basingstokegazette.co.uk/news/19947539.canadas-justin-trudeau-removes-emergency-powers-blockades-ended/,Canada’s Justin Trudeau removes emergency powers after blockades ended | Basingstoke Gazette,""
ukraine,2022-02-24,basingstokegazette.co.uk,https://www.basingstokegazette.co.uk/news/national/19945620.putin-gone-full-tonto-ukraine-says-defence-secretary/,"Putin has gone ‘full tonto’ over Ukraine, says Defence Secretary | Basingstoke Gazette",""
ukraine,2022-02-24,basingstokegazette.co.uk,https://www.basingstokegazette.co.uk/news/19947550.ralf-rangnick-urges-manchester-united-players-try-emulate-anthony-elanga/,Ralf Rangnick urges Manchester United players to try to emulate Anthony Elanga | Basingstoke Gazette,""
ukraine,2022-02-24,basingstokegazette.co.uk,https://www.basingstokegazette.co.uk/news/19947543.sir-jeffrey-donaldson-denies-considered-rejoining-ulster-unionists/,Sir Jeffrey Donaldson denies that he considered rejoining Ulster Unionists | Basingstoke Gazette,""
ukraine,2022-02-24,basingstokegazette.co.uk,https://www.basingstokegazette.co.uk/news/19947548.snow-lightning-warnings-severe-flooding-risks-remain/,Snow and lightning warnings as severe flooding risks remain | Basingstoke Gazette,""
ukraine,2022-02-24,basingstokegazette.co.uk,https://www.basingstokegazette.co.uk/news/19947513.ukraine-rebel-leaders-ask-russia-fend-off-aggression-kremlin-says/,"Ukraine rebel leaders ask Russia to fend off ‘aggression’, Kremlin says | Basingstoke Gazette",""
ukraine,2022-02-27,basingstokegazette.co.uk,https://www.basingstokegazette.co.uk/news/19955310.johnson-welcomes-moves-exclude-russia-swift-banking-system/,Johnson welcomes moves to exclude Russia from Swift banking system | Basingstoke Gazette,""
ukraine,2022-02-27,basingstokegazette.co.uk,https://www.basingstokegazette.co.uk/news/national/19955180.protests-continue-ireland-ukraine-invasion/,Protests continue in Ireland against Ukraine invasion | Basingstoke Gazette,""
ukraine,2022-02-27,basingstokegazette.co.uk,https://www.basingstokegazette.co.uk/news/19955350.real-madrid-nine-points-clear-karim-benzema-strike-sees-off-rayo-vallecano/,Real Madrid nine points clear after Karim Benzema strike sees off Rayo Vallecano | Basingstoke Gazette,""
ukraine,2022-02-27,basingstokegazette.co.uk,https://www.basingstokegazette.co.uk/news/19955327.youtube-takes-action-rt-twitter-access-restricted-russia/,YouTube takes action against RT after Twitter access restricted in Russia | Basingstoke Gazette,""
ukraine,2022-02-27,basingstokegazette.co.uk,https://www.basingstokegazette.co.uk/news/19955311.eddie-jones-dismisses-impact-referees-influence-englands-win-wales/,Eddie Jones dismisses impact of referee’s influence in England’s win over Wales | Basingstoke Gazette,""
ukraine,2022-02-27,basingstokegazette.co.uk,https://www.basingstokegazette.co.uk/news/19955241.phil-foden-goal-takes-manchester-city-six-points-clear-top-premier-league/,Phil Foden goal takes Manchester City six points clear at top of Premier League | Basingstoke Gazette,""
ukraine,2022-02-27,basingstokegazette.co.uk,https://www.basingstokegazette.co.uk/news/19955303.frank-lampard-blasts-officials-evertons-defeat-manchester-city/,Frank Lampard blasts officials after Everton’s defeat to Manchester City | Basingstoke Gazette,""
ukraine,2022-02-27,basingstokegazette.co.uk,https://www.basingstokegazette.co.uk/news/19955352.make-preventing-violence-women-girls-priority-police-told/,"Make preventing violence against women and girls a ‘priority’, police to be told | Basingstoke Gazette",""
ukraine,2022-02-27,basingstokegazette.co.uk,https://www.basingstokegazette.co.uk/news/19955319.wayne-pivac-felt-england-try-not-stood-wales-lose-twickenham/,Wayne Pivac felt England try should not have stood as Wales lose at Twickenham | Basingstoke Gazette,""
ukraine,2022-02-27,basingstokegazette.co.uk,https://www.basingstokegazette.co.uk/news/19955330.residents-take-cover-ukrainian-capital-russian-troops-approach/,Residents take cover in Ukrainian capital as Russian troops approach | Basingstoke Gazette,""
ukraine,2022-02-27,basingstokegazette.co.uk,https://www.basingstokegazette.co.uk/news/national/19955356.boris-johnson-says-west-tightening-economic-ligature-around-russia/,Boris Johnson says West is ‘tightening the economic ligature’ around Russia | Basingstoke Gazette,""
venezuela,2024-12-31,basingstokegazette.co.uk,https://www.basingstokegazette.co.uk/news/national/24824936.teenage-honours-recipient-urges-peers-get-involved-rewarding-charity/,Teenage honours recipient urges peers to get involved in ‘rewarding’ charity | Basingstoke Gazette,""
venezuela,2024-12-31,basingstokegazette.co.uk,https://www.basingstokegazette.co.uk/news/national/24824904.met-officer-given-final-warning-joking-setting-fire-womans-house/,Met officer given final warning after joking about setting fire to woman’s house | Basingstoke Gazette,""
venezuela,2024-12-31,basingstokegazette.co.uk,https://www.basingstokegazette.co.uk/news/national/24824908.stephen-fry-startled-enchanted-knighthood-new-year-honours/,Stephen Fry ‘startled and enchanted’ with knighthood in New Year Honours | Basingstoke Gazette,""
venezuela,2024-12-31,basingstokegazette.co.uk,https://www.basingstokegazette.co.uk/news/24823416.new-years-honours-list-2024-basingstoke-recipients/,New Year's Honours list 2024 Basingstoke recipients | Basingstoke Gazette,""
venezuela,2024-12-31,basingstokegazette.co.uk,https://www.basingstokegazette.co.uk/news/national/24824896.welsh-ambulance-service-declares-critical-incident-increased-demand/,Welsh Ambulance Service declares ‘critical incident’ after increased demand | Basingstoke Gazette,""
venezuela,2024-12-31,basingstokegazette.co.uk,https://www.basingstokegazette.co.uk/news/national/24824872.us-treasury-says-chinese-hackers-remotely-accessed-workstations-documents/,US Treasury says Chinese hackers remotely accessed workstations and documents | Basingstoke Gazette,""
venezuela,2024-12-31,basingstokegazette.co.uk,https://www.basingstokegazette.co.uk/news/national/24822831.taliban-letter-tells-ngos-afghanistan-stop-employing-women-face-closure/,Taliban letter tells NGOs in Afghanistan to stop employing women or face closure | Basingstoke Gazette,""
venezuela,2024-12-31,basingstokegazette.co.uk,https://www.basingstokegazette.co.uk/news/national/24824938.king-honours-medical-staff-personal-service-cancer-treatment/,King honours medical staff for personal service during his cancer treatment | Basingstoke Gazette,""
ukraine,2022-02-27,borehamwoodtimes.co.uk,https://www.borehamwoodtimes.co.uk/news/19955350.real-madrid-nine-points-clear-karim-benzema-strike-sees-off-rayo-vallecano/,Real Madrid nine points clear after Karim Benzema strike sees off Rayo Vallecano | Borehamwood Times,""
ukraine,2022-02-27,borehamwoodtimes.co.uk,https://www.borehamwoodtimes.co.uk/news/19955303.frank-lampard-blasts-officials-evertons-defeat-manchester-city/,Frank Lampard blasts officials after Everton’s defeat to Manchester City | Borehamwood Times,""
ukraine,2022-02-27,borehamwoodtimes.co.uk,https://www.borehamwoodtimes.co.uk/news/19955327.youtube-takes-action-rt-twitter-access-restricted-russia/,YouTube takes action against RT after Twitter access restricted in Russia | Borehamwood Times,""
ukraine,2022-02-27,borehamwoodtimes.co.uk,https://www.borehamwoodtimes.co.uk/news/19953418.peaky-blinders-season-6-get-look-boohooman/,Peaky Blinders season 6: Get the look with boohooMAN | Borehamwood Times,""
ukraine,2022-02-27,borehamwoodtimes.co.uk,https://www.borehamwoodtimes.co.uk/news/19955311.eddie-jones-dismisses-impact-referees-influence-englands-win-wales/,Eddie Jones dismisses impact of referee’s influence in England’s win over Wales | Borehamwood Times,""
ukraine,2022-02-27,borehamwoodtimes.co.uk,https://www.borehamwoodtimes.co.uk/news/19955319.wayne-pivac-felt-england-try-not-stood-wales-lose-twickenham/,Wayne Pivac felt England try should not have stood as Wales lose at Twickenham | Borehamwood Times,""
ukraine,2022-02-27,borehamwoodtimes.co.uk,https://www.borehamwoodtimes.co.uk/news/19955310.johnson-welcomes-moves-exclude-russia-swift-banking-system/,Johnson welcomes moves to exclude Russia from Swift banking system | Borehamwood Times,""
ukraine,2022-02-27,borehamwoodtimes.co.uk,https://www.borehamwoodtimes.co.uk/news/19953399.primrose-reveals-7-quick-jobs-get-garden-spring-ready--see-tasks/,Primrose reveals 7 quick jobs to get your garden Spring ready- See the tasks | Borehamwood Times,""
ukraine,2022-02-27,borehamwoodtimes.co.uk,https://www.borehamwoodtimes.co.uk/news/19953403.world-book-day-childrens-fancy-dress-costumes-aldi/,World Book Day children's fancy dress costumes at Aldi | Borehamwood Times,""
ukraine,2022-02-27,borehamwoodtimes.co.uk,https://www.borehamwoodtimes.co.uk/news/19955352.make-preventing-violence-women-girls-priority-police-told/,"Make preventing violence against women and girls a ‘priority’, police to be told | Borehamwood Times",""
ukraine,2022-02-27,borehamwoodtimes.co.uk,https://www.borehamwoodtimes.co.uk/news/national/19955356.boris-johnson-says-west-tightening-economic-ligature-around-russia/,Boris Johnson says West is ‘tightening the economic ligature’ around Russia | Borehamwood Times,""
ukraine,2022-02-27,borehamwoodtimes.co.uk,https://www.borehamwoodtimes.co.uk/news/19955330.residents-take-cover-ukrainian-capital-russian-troops-approach/,Residents take cover in Ukrainian capital as Russian troops approach | Borehamwood Times,""
ukraine,2022-02-27,borehamwoodtimes.co.uk,https://www.borehamwoodtimes.co.uk/news/national/uk-today/19955321.priti-patel-tells-police-prioritise-tackling-violence-women-new-strategy/,Priti Patel tells police to prioritise tackling violence against women in new strategy | Borehamwood Times,""
ukraine,2022-02-28,borehamwoodtimes.co.uk,https://www.borehamwoodtimes.co.uk/news/national/19956259.boris-johnson-criticises-rt-calls-ofcom-review/,Boris Johnson criticises RT and calls for Ofcom review | Borehamwood Times,""
ukraine,2022-02-28,borehamwoodtimes.co.uk,https://www.borehamwoodtimes.co.uk/news/national/19956235.boris-johnson-dismisses-putins-nuclear-warning-distraction/,Boris Johnson dismisses Putin’s nuclear warning as a ‘distraction’ | Borehamwood Times,""
ukraine,2022-02-28,borehamwoodtimes.co.uk,https://www.borehamwoodtimes.co.uk/news/19956332.pierre-emerick-aubameyang-scores-barcelona-thump-athletic-bilbao/,Pierre-Emerick Aubameyang scores again as Barcelona thump Athletic Bilbao | Borehamwood Times,""
ukraine,2022-02-28,borehamwoodtimes.co.uk,https://www.borehamwoodtimes.co.uk/news/national/uk-today/19956263.peaky-binders-react-heart-wrenching-tribute-helen-mccrory/,Peaky Binders fans react to 'heart wrenching' Helen McCrory tribute | Borehamwood Times,""
ukraine,2022-02-28,borehamwoodtimes.co.uk,https://www.borehamwoodtimes.co.uk/news/national/uk-today/19956275.polly-gray-peaky-blinders-die/,What happened to Polly Gray in Peaky Blinders series 6? | Borehamwood Times,""
ukraine,2022-02-28,borehamwoodtimes.co.uk,https://www.borehamwoodtimes.co.uk/news/national/19956228.russian-music-conductor-valery-gergiev-dropped-management-putin-links/,Russian music conductor Valery Gergiev dropped by management over Putin links | Borehamwood Times,""
ukraine,2022-02-28,borehamwoodtimes.co.uk,https://www.borehamwoodtimes.co.uk/news/19956242.samsung-reveals-new-laptops-mobile-first-generation/,Samsung reveals new laptops for the ‘mobile-first generation’ | Borehamwood Times,""
ukraine,2022-02-28,borehamwoodtimes.co.uk,https://www.borehamwoodtimes.co.uk/news/19956335.fan-zhengyi-beats-ronnie-osullivan-claim-betvictor-european-masters-title/,Fan Zhengyi beats Ronnie O’Sullivan to claim BetVictor European Masters title | Borehamwood Times,""
ukraine,2022-02-28,borehamwoodtimes.co.uk,https://www.borehamwoodtimes.co.uk/news/national/uk-today/19955848.itv-confirms-trigger-point-will-return-second-series-vicky-mcclure/,ITV confirms Trigger Point will return for second series with Vicky McClure | Borehamwood Times,""
ukraine,2022-02-28,borehamwoodtimes.co.uk,https://www.borehamwoodtimes.co.uk/news/19956310.increased-alert-russian-nuclear-forces-affect-ukraine-crisis/,How does increased alert for Russian nuclear forces affect Ukraine crisis? | Borehamwood Times,""
ukraine,2022-02-28,borehamwoodtimes.co.uk,https://www.borehamwoodtimes.co.uk/news/19956311.lawrence-okolie-retains-wbo-cruiserweight-title-victory-michal-cieslak/,Lawrence Okolie retains WBO cruiserweight title with victory over Michal Cieslak | Borehamwood Times,""
ukraine,2022-02-28,borehamwoodtimes.co.uk,https://www.borehamwoodtimes.co.uk/news/19956278.eddie-jones-insists-england-dont-fear-anyone-ahead-six-nations-title-fight/,Eddie Jones insists England ‘don’t fear anyone’ ahead of Six Nations title fight | Borehamwood Times,""
ukraine,2022-03-02,borehamwoodtimes.co.uk,https://www.borehamwoodtimes.co.uk/news/national/19960384.jaguar-land-rover-suspends-sales-russia/,Jaguar Land Rover suspends sales to Russia | Borehamwood Times,""
ukraine,2022-03-02,borehamwoodtimes.co.uk,https://www.borehamwoodtimes.co.uk/news/19962020.novak-djokovic-splits-coach-marian-vajda/,Novak Djokovic splits from coach Marian Vajda | Borehamwood Times,""
ukraine,2022-03-03,borehamwoodtimes.co.uk,https://www.borehamwoodtimes.co.uk/news/19964853.social-economic-impact-pandemic-could-undo-gender-equality-progress/,Social and economic impact of pandemic ‘could undo gender equality progress’ | Borehamwood Times,""
ukraine,2022-03-04,borehamwoodtimes.co.uk,https://www.borehamwoodtimes.co.uk/news/national/19968151.wales-see-removal-legal-covid-measures-end-march/,Wales could see removal of legal Covid measures by end of March | Borehamwood Times,""
ukraine,2022-03-04,borehamwoodtimes.co.uk,https://www.borehamwoodtimes.co.uk/news/19968148.michael-van-gerwen-routs-peter-wright-final-finding-premier-league-form/,Michael Van Gerwen routs Peter Wright in final after finding Premier League form | Borehamwood Times,""
ukraine,2022-03-04,borehamwoodtimes.co.uk,https://www.borehamwoodtimes.co.uk/news/19968150.george-ezra-documentary-among-uk-global-screen-fund-award-winners/,George Ezra documentary among UK Global Screen Fund award winners | Borehamwood Times,""
ukraine,2022-03-04,borehamwoodtimes.co.uk,https://www.borehamwoodtimes.co.uk/news/19968155.boreham-wood-ready-celebrate-cup-run-despite-disappointment-everton-defeat/,Boreham Wood ready to celebrate cup run despite disappointment at Everton defeat | Borehamwood Times,""
ukraine,2022-03-04,borehamwoodtimes.co.uk,https://www.borehamwoodtimes.co.uk/news/national/19968112.hundreds-londoners-hold-vigil-sarah-everard-one-year-abduction/,Hundreds of Londoners hold vigil for Sarah Everard one year after abduction | Borehamwood Times,""
ukraine,2022-03-05,borehamwoodtimes.co.uk,https://www.borehamwoodtimes.co.uk/news/19971531.british-journalist-shot-wounded-ambush-near-ukrainian-capital/,British journalist shot and wounded in ambush near Ukrainian capital | Borehamwood Times,""
ukraine,2022-03-05,borehamwoodtimes.co.uk,https://www.borehamwoodtimes.co.uk/news/national/19971509.woman-dies-helicopter-landing-incident/,Woman dies in helicopter landing incident | Borehamwood Times,""
ukraine,2022-03-05,borehamwoodtimes.co.uk,https://www.borehamwoodtimes.co.uk/news/19971532.shane-warne-legend-game-gave-much-time-everyone---ben-stokes/,Shane Warne a legend of the game who gave so much time to everyone – Ben Stokes | Borehamwood Times,""
ukraine,2022-03-05,borehamwoodtimes.co.uk,https://www.borehamwoodtimes.co.uk/news/national/19971514.starmer-snp-tories-use-elections-re-run-referendums/,Starmer: SNP and Tories use elections to re-run referendums | Borehamwood Times,""
venezuela,2024-12-25,borehamwoodtimes.co.uk,https://www.borehamwoodtimes.co.uk/news/national/24818175.farage-willing-work-lord-mandelson-secure-trump-trade-deal/,Farage willing to work with Lord Mandelson to secure Trump trade deal | Borehamwood Times,""
venezuela,2024-12-25,borehamwoodtimes.co.uk,https://www.borehamwoodtimes.co.uk/news/national/24818177.two-dead-gang-attack-journalists-covering-haiti-hospital-reopening/,Two dead in gang attack on journalists covering Haiti hospital reopening | Borehamwood Times,""
gaza,2023-10-14,braintreeandwithamtimes.co.uk,https://www.braintreeandwithamtimes.co.uk/news/national/23855307.whisky-society-sets-world-record-largest-online-tasting-event/,Whisky society sets world record for largest online tasting event | Braintree and Witham Times,""
gaza,2023-10-14,braintreeandwithamtimes.co.uk,https://www.braintreeandwithamtimes.co.uk/news/national/uk-today/23855285.itv-big-brother-evicted-big-brother-house/,ITV Big Brother: Who was evicted from the Big Brother house? | Braintree and Witham Times,""
gaza,2023-10-14,braintreeandwithamtimes.co.uk,https://www.braintreeandwithamtimes.co.uk/news/national/23855305.freezing-working-age-benefits-save-4-billion-come-terrible-cost/,Freezing working-age benefits could save £4 billion but come at ‘terrible cost’ | Braintree and Witham Times,""
gaza,2023-10-14,braintreeandwithamtimes.co.uk,https://www.braintreeandwithamtimes.co.uk/news/national/23855304.debate-approach-independence-ends-snp-conference-yousaf-insists/,"Debate on approach to independence ends at SNP conference, Yousaf insists | Braintree and Witham Times",""
gaza,2023-10-14,braintreeandwithamtimes.co.uk,https://www.braintreeandwithamtimes.co.uk/news/national/uk-today/23852544.wordle-today-wordle-847-october-14-hints-todays-answer/,Wordle today: Wordle 847 October 14 hints and today's answer | Braintree and Witham Times,""
gaza,2023-10-14,braintreeandwithamtimes.co.uk,https://www.braintreeandwithamtimes.co.uk/news/national/uk-today/23855199.set-list-taylor-swifts-eras-tour-film/,What is the set list for Taylor Swift's Eras Tour Film? | Braintree and Witham Times,""
gaza,2023-10-14,braintreeandwithamtimes.co.uk,https://www.braintreeandwithamtimes.co.uk/news/national/23855306.new-consultation-banning-plastic-wet-wipes-begins/,New consultation on banning plastic wet wipes begins | Braintree and Witham Times,""
gaza,2023-10-14,braintreeandwithamtimes.co.uk,https://www.braintreeandwithamtimes.co.uk/news/national/23855310.british-jews-worried-sick-weeping-israel-hamas-conflict-family-says/,"British Jews worried sick and weeping at Israel-Hamas conflict, family says | Braintree and Witham Times",""
gaza,2023-10-14,braintreeandwithamtimes.co.uk,https://www.braintreeandwithamtimes.co.uk/news/national/23855303.thousands-march-london-pro-palestinian-protest-gaza-expects-invasion/,Thousands to march in London pro-Palestinian protest as Gaza expects invasion | Braintree and Witham Times,""
gaza,2023-10-15,braintreeandwithamtimes.co.uk,https://www.braintreeandwithamtimes.co.uk/news/national/uk-today/23856207.wordle-today-wordle-848-october-15-hints-todays-answer/,Wordle today: Wordle 848 October 15 hints and today's answer | Braintree and Witham Times,""
gaza,2023-10-15,braintreeandwithamtimes.co.uk,https://www.braintreeandwithamtimes.co.uk/news/national/uk-today/23855911.strictly-come-dancings-jody-cundy-issues-injury-update/,Strictly Come Dancing's Jody Cundy issues injury update | Braintree and Witham Times,""
gaza,2023-10-15,braintreeandwithamtimes.co.uk,https://www.braintreeandwithamtimes.co.uk/news/national/23856254.no-snp-seat-safe-labour-warns-murray/,"No SNP seat is safe from Labour, warns Murray | Braintree and Witham Times",""
gaza,2023-10-15,braintreeandwithamtimes.co.uk,https://www.braintreeandwithamtimes.co.uk/news/national/23856255.first-minister-plans-resume-counselling/,First Minister plans to resume counselling | Braintree and Witham Times,""
gaza,2023-10-15,braintreeandwithamtimes.co.uk,https://www.braintreeandwithamtimes.co.uk/news/national/23856262.temperatures-drop-autumn-chill-hits-uk/,Temperatures drop as autumn chill hits the UK | Braintree and Witham Times,""
gaza,2023-10-15,braintreeandwithamtimes.co.uk,https://www.braintreeandwithamtimes.co.uk/news/national/23856256.snp-asking-scots-put-trust-themselves-flynn-say/,"SNP asking Scots to ‘put trust in themselves’, Flynn to say | Braintree and Witham Times",""
gaza,2023-10-15,braintreeandwithamtimes.co.uk,https://www.braintreeandwithamtimes.co.uk/news/national/23856266.snp-conference-begin-most-difficult-period-partys-history/,SNP conference to begin after ‘most difficult’ period in party’s history | Braintree and Witham Times,""
gaza,2023-10-15,braintreeandwithamtimes.co.uk,https://www.braintreeandwithamtimes.co.uk/news/national/uk-today/23856212.itv-reveals-celebrity-teaser-ahead-2023-series/,ITV reveals I'm A Celebrity teaser ahead of 2023 series | Braintree and Witham Times,""
gaza,2023-10-15,braintreeandwithamtimes.co.uk,https://www.braintreeandwithamtimes.co.uk/news/national/23856257.d-day-veterans-encouraged-register-major-80th-anniversary-celebrations/,D-Day veterans encouraged to register for 80th anniversary commemorations | Braintree and Witham Times,""
gaza,2023-10-15,braintreeandwithamtimes.co.uk,https://www.braintreeandwithamtimes.co.uk/news/national/uk-today/23856182.strictlys-amy-dowden-will-return-next-year-says-shirley-ballas/,"Strictly's Amy Dowden will return by next year, says Shirley Ballas | Braintree and Witham Times",""
gaza,2023-10-15,braintreeandwithamtimes.co.uk,https://www.braintreeandwithamtimes.co.uk/news/national/23856253.sunak-offers-firm-backing-israel-gaza-faces-imminent-offensive/,Sunak offers firm backing to Israel as Gaza faces imminent offensive | Braintree and Witham Times,""
gaza,2023-10-16,braintreeandwithamtimes.co.uk,https://www.braintreeandwithamtimes.co.uk/news/national/uk-today/23856471.600-000-uk-drivers-one-offence-away-disqualification/,"Over 600,000 UK drivers one offence away from disqualification | Braintree and Witham Times",""
gaza,2023-10-16,braintreeandwithamtimes.co.uk,https://www.braintreeandwithamtimes.co.uk/news/national/23857017.donald-trump-legal-case-former-mi6-officers-company-start/,Donald Trump legal case against former MI6 officer’s company to start | Braintree and Witham Times,""
gaza,2023-10-16,braintreeandwithamtimes.co.uk,https://www.braintreeandwithamtimes.co.uk/news/national/uk-today/23856860.wordle-today-wordle-849-october-16-hints-todays-answer/,Wordle today: Wordle 849 October 16 hints and today's answer | Braintree and Witham Times,""
gaza,2023-10-16,braintreeandwithamtimes.co.uk,https://www.braintreeandwithamtimes.co.uk/news/national/23857002.artist-makes-ink-clone-newtons-apple-tree-fell-storm/,Artist makes ink from clone of Newton’s apple tree that fell in storm | Braintree and Witham Times,""
gaza,2023-10-16,braintreeandwithamtimes.co.uk,https://www.braintreeandwithamtimes.co.uk/news/national/23857018.sunak-address-mps-israeli-invasion-gaza-looms/,Sunak to address MPs as Israeli invasion of Gaza looms | Braintree and Witham Times,""
gaza,2023-10-16,braintreeandwithamtimes.co.uk,https://www.braintreeandwithamtimes.co.uk/news/national/uk-today/23856944.battersea-name-veterinary-hospital-paul-ogrady/,Battersea to name veterinary hospital after Paul O'Grady | Braintree and Witham Times,""
gaza,2023-10-16,braintreeandwithamtimes.co.uk,https://www.braintreeandwithamtimes.co.uk/news/national/uk-today/23856649.left-strictly-come-dancing-jody-cundy-eliminated/,Who left Strictly Come Dancing? Jody Cundy eliminated | Braintree and Witham Times,""
gaza,2023-10-16,braintreeandwithamtimes.co.uk,https://www.braintreeandwithamtimes.co.uk/news/national/23857000.autumn-holidays-26-washout-summer/,Autumn holidays up 26% after ‘washout’ summer | Braintree and Witham Times,""
gaza,2023-10-16,braintreeandwithamtimes.co.uk,https://www.braintreeandwithamtimes.co.uk/news/national/23857003.half-women-jailed-serve-sentences-six-months---study/,More than half of women jailed serve sentences under six months – study | Braintree and Witham Times,""
gaza,2023-10-16,braintreeandwithamtimes.co.uk,https://www.braintreeandwithamtimes.co.uk/news/national/uk-today/23856972.higher-tax-bracket-big-brother-housemates-talk-money/,What is the higher tax bracket? Big Brother housemates talk money | Braintree and Witham Times,""
gaza,2023-10-16,braintreeandwithamtimes.co.uk,https://www.braintreeandwithamtimes.co.uk/news/national/23857004.charities-urge-sunak-not-abandon-renters-reform-bill/,Charities urge Sunak not to abandon Renters Reform Bill | Braintree and Witham Times,""
gaza,2023-10-16,braintreeandwithamtimes.co.uk,https://www.braintreeandwithamtimes.co.uk/news/national/23857001.600-000-drivers-face-ban-one-touch-phone/,"More than 600,000 drivers face ban with ‘one touch of their phone’ | Braintree and Witham Times",""
gaza,2023-10-16,braintreeandwithamtimes.co.uk,https://www.braintreeandwithamtimes.co.uk/news/national/uk-today/23856934.strictly-viewers-tears-nikita-vito-dance/,Strictly viewers in tears as Nikita and Vito dance | Braintree and Witham Times,""
gaza,2023-10-07,burytimes.co.uk,https://www.burytimes.co.uk/news/national/uk-today/23821532.wordle-today-wordle-840-october-7-hints-todays-answer/,Wordle today: Wordle 840 October 7 hints and today's answer | Bury Times,""
gaza,2023-10-07,burytimes.co.uk,https://www.burytimes.co.uk/news/national/uk-today/23839071.foods-dangerous-give-dogs/,These are the foods that are dangerous to give to dogs | Bury Times,""
gaza,2023-10-07,burytimes.co.uk,https://www.burytimes.co.uk/news/national/23840316.many-charities-full-turn-people-need-away-survey-suggests/,"Many charities full and having to turn people in need away, survey suggests | Bury Times",""
gaza,2023-10-07,burytimes.co.uk,https://www.burytimes.co.uk/news/national/uk-today/23834780.not-time-reality-tv-scrapped-long-last/,Is it not time for reality TV to be scrapped at long last? | Bury Times,""
gaza,2023-10-07,burytimes.co.uk,https://www.burytimes.co.uk/news/national/23840314.stark-contrast-north-south-weather-continues-throughout-weekend/,Stark contrast in north-south weather continues throughout weekend | Bury Times,""
gaza,2023-10-07,burytimes.co.uk,https://www.burytimes.co.uk/news/national/uk-today/23838892.royal-mint-rarest-50p-coins-uks-valuable-stamps/,Royal Mint rarest 50p coins and UK's most valuable stamps | Bury Times,""
gaza,2023-10-07,burytimes.co.uk,https://www.burytimes.co.uk/news/national/23840315.doddie-weirs-son-join-kenny-logan-final-leg-700-mile-mnd-challenge/,Doddie Weir’s son to join Kenny Logan on final leg of 700-mile MND challenge | Bury Times,""
gaza,2023-10-07,burytimes.co.uk,https://www.burytimes.co.uk/news/national/23840313.labour-vows-double-number-hospital-scanners-get-tough-developers/,Labour vows to double number of hospital scanners and get tough on developers | Bury Times,""
gaza,2023-10-08,burytimes.co.uk,https://www.burytimes.co.uk/news/23841197.prestwich-car-abandoned-french-bulldog-found/,Prestwich: Car abandoned and French Bulldog found | Bury Times,""
gaza,2023-10-08,burytimes.co.uk,https://www.burytimes.co.uk/news/national/23841210.allowing-children-hospital-play-could-reduce-mental-health-problems/,Allowing children in hospital to play ‘could reduce mental health problems’ | Bury Times,""
gaza,2023-10-08,burytimes.co.uk,https://www.burytimes.co.uk/news/national/23841209.details-a75-upgrade-funding-not-yet-fleshed-out---alister-jack/,Details of A75 upgrade funding not yet ‘fleshed out’ – Alister Jack | Bury Times,""
gaza,2023-10-08,burytimes.co.uk,https://www.burytimes.co.uk/news/national/23841212.william-tells-young-readers-dream-big-protect-planet/,William tells young readers to ‘dream big’ to protect the planet | Bury Times,""
gaza,2023-10-08,burytimes.co.uk,https://www.burytimes.co.uk/news/national/23841211.labour-vows-work-constructively-scottish-government-office/,Labour vows to ‘work constructively’ with Scottish Government if in office | Bury Times,""
gaza,2023-10-08,burytimes.co.uk,https://www.burytimes.co.uk/news/national/23841208.starmer-tells-sunak-bring-on-labour-conference-gets-way/,Starmer tells Sunak ‘bring it on’ as Labour conference gets under way | Bury Times,""
ukraine,2022-03-03,burytimes.co.uk,https://www.burytimes.co.uk/news/19964817.roman-abramovichs-decision-sell-chelsea-hasnt-sunk-in-thomas-tuchel/,Roman Abramovich’s decision to sell Chelsea ‘hasn’t sunk in’ for Thomas Tuchel | Bury Times,""
ukraine,2022-03-03,burytimes.co.uk,https://www.burytimes.co.uk/news/national/19964825.ministers-urged-unmask-foreign-owners-uk-property-weeks-not-years/,"Ministers urged to unmask foreign owners of UK property in ‘weeks, not years’ | Bury Times",""
ukraine,2022-03-03,burytimes.co.uk,https://www.burytimes.co.uk/news/19964837.war-crimes-investigation-begins-ukraine-uk-pushed-action-putin/,War crimes investigation begins in Ukraine after UK pushed for action on Putin | Bury Times,""
ukraine,2022-03-03,burytimes.co.uk,https://www.burytimes.co.uk/news/19964853.social-economic-impact-pandemic-could-undo-gender-equality-progress/,Social and economic impact of pandemic ‘could undo gender equality progress’ | Bury Times,""
ukraine,2022-03-03,burytimes.co.uk,https://www.burytimes.co.uk/news/19964803.romain-perraud-hits-stunning-strike-southampton-see-off-west-ham/,Romain Perraud hits stunning strike as Southampton see off West Ham | Bury Times,""
ukraine,2022-03-03,burytimes.co.uk,https://www.burytimes.co.uk/news/19964847.ghislaine-maxwell-juror-likely-get-immunity-testimony/,Ghislaine Maxwell juror likely to get immunity for testimony | Bury Times,""
ukraine,2022-03-03,burytimes.co.uk,https://www.burytimes.co.uk/news/national/19964784.uk-allies-push-swift-war-crimes-probe-putins-invasion-ukraine/,UK and allies push for swift war crimes probe into Putin’s invasion of Ukraine | Bury Times,""
ukraine,2022-03-03,burytimes.co.uk,https://www.burytimes.co.uk/news/19964831.thomas-tuchel-admits-wasnt-easy-chelsea-focus-luton-tie/,Thomas Tuchel admits it wasn’t easy for Chelsea to focus on Luton tie | Bury Times,""
ukraine,2022-03-03,burytimes.co.uk,https://www.burytimes.co.uk/news/national/19964760.amazon-close-bookstores-us-uk/,Amazon to close all its bookstores in US and UK | Bury Times,""
ukraine,2022-03-03,burytimes.co.uk,https://www.burytimes.co.uk/news/19964840.20m-must-be-won-jackpot-grabs-saturday/,£20m ‘must-be-won’ jackpot up for grabs on Saturday | Bury Times,""
ukraine,2022-03-04,burytimes.co.uk,https://www.burytimes.co.uk/news/national/uk-today/19968086.dragons-den-fans-react-25-nett-exfoliator-hit-bbc-show/,Dragons' Den fans react to £25 NETT Exfoliator on hit BBC show | Bury Times,""
ukraine,2022-03-04,burytimes.co.uk,https://www.burytimes.co.uk/news/19968148.michael-van-gerwen-routs-peter-wright-final-finding-premier-league-form/,Michael Van Gerwen routs Peter Wright in final after finding Premier League form | Bury Times,""
ukraine,2022-03-04,burytimes.co.uk,https://www.burytimes.co.uk/news/national/uk-today/19968087.bbcs-apprentice-episode-9-happened-fired/,BBC's The Apprentice episode 9: what happened and who was fired? | Bury Times,""
ukraine,2022-03-04,burytimes.co.uk,https://www.burytimes.co.uk/news/19968155.boreham-wood-ready-celebrate-cup-run-despite-disappointment-everton-defeat/,Boreham Wood ready to celebrate cup run despite disappointment at Everton defeat | Bury Times,""
ukraine,2022-03-04,burytimes.co.uk,https://www.burytimes.co.uk/news/national/19968084.ex-police-officer-cleared-wanton-endangerment-breonna-taylor-death/,Ex-police officer cleared of wanton endangerment over Breonna Taylor death | Bury Times,""
ukraine,2022-03-04,burytimes.co.uk,https://www.burytimes.co.uk/news/national/uk-today/19968097.will-kylie-minogue-return-neighbours-final-episode-soap-axed-37-years/,Will Kylie Minogue return to Neighbours? Singer pays tribute as Channel 5 soap is axed | Bury Times,""
ukraine,2022-03-04,burytimes.co.uk,https://www.burytimes.co.uk/news/national/19968151.wales-see-removal-legal-covid-measures-end-march/,Wales could see removal of legal Covid measures by end of March | Bury Times,""
ukraine,2022-03-04,burytimes.co.uk,https://www.burytimes.co.uk/news/19968113.ollie-robinson-mark-wood-give-england-fitness-worry-ahead-windies-tests/,Ollie Robinson and Mark Wood give England fitness worry ahead of Windies Tests | Bury Times,""
ukraine,2022-03-04,burytimes.co.uk,https://www.burytimes.co.uk/news/19968139.story-schoolboy-imposter-pushes-buttons---cumming/,Story of schoolboy imposter ‘pushes all our buttons’ – Cumming | Bury Times,""
ukraine,2022-03-04,burytimes.co.uk,https://www.burytimes.co.uk/news/19968055.middlesbrough-handed-chelsea-tie-knocking-man-utd-spurs-fa-cup/,Middlesbrough handed Chelsea tie after knocking Man Utd and Spurs out of FA Cup | Bury Times,""
ukraine,2022-03-04,burytimes.co.uk,https://www.burytimes.co.uk/news/national/19968112.hundreds-londoners-hold-vigil-sarah-everard-one-year-abduction/,Hundreds of Londoners hold vigil for Sarah Everard one year after abduction | Bury Times,""
ukraine,2022-03-04,burytimes.co.uk,https://www.burytimes.co.uk/news/19968133.boreham-woods-fa-cup-run-ended-salomon-rondon-double-sends-everton/,Boreham Wood’s FA Cup run ended as Salomon Rondon double sends Everton through | Bury Times,""
ukraine,2022-03-04,burytimes.co.uk,https://www.burytimes.co.uk/news/19968122.polls-close-really-tight-erdington-by-election/,Polls close in ‘really tight’ Erdington by-election | Bury Times,""
ukraine,2022-03-04,burytimes.co.uk,https://www.burytimes.co.uk/news/national/19966663.channel-crossings-continue-migrants-arrive-kent/,Channel crossings continue as more migrants arrive in Kent | Bury Times,""
ukraine,2022-03-04,burytimes.co.uk,https://www.burytimes.co.uk/news/19968123.jamie-george-vital-role-play-england---richard-cockerill/,Jamie George has ‘vital’ role to play for England – Richard Cockerill | Bury Times,""
ukraine,2022-03-04,burytimes.co.uk,https://www.burytimes.co.uk/news/19968150.george-ezra-documentary-among-uk-global-screen-fund-award-winners/,George Ezra documentary among UK Global Screen Fund award winners | Bury Times,""
venezuela,2025-01-01,burytimes.co.uk,https://www.burytimes.co.uk/news/national/24826929.hogmanay-tourists-quickly-find-alternatives-cancelled-fireworks/,Hogmanay tourists having to quickly find alternatives to cancelled fireworks | Bury Times,""
venezuela,2025-01-01,burytimes.co.uk,https://www.burytimes.co.uk/news/national/24826926.starmer-2025-chance-rediscover-great-nation/,Starmer: 2025 a chance to rediscover the great nation that we are | Bury Times,""
venezuela,2025-01-01,burytimes.co.uk,https://www.burytimes.co.uk/news/national/24826920.pupils-will-pay-price-new-tax-private-school-fees-tories-warn-reeves/,"Pupils will ‘pay price’ for new tax on private school fees, Tories warn Reeves | Bury Times",""
gaza,2023-10-07,cravenherald.co.uk,https://www.cravenherald.co.uk/news/national/23840284.teenager-arrested-man-stabbed-death-front-shoppers/,Teenager arrested after man stabbed to death in front of shoppers | Craven Herald,""
gaza,2023-10-07,cravenherald.co.uk,https://www.cravenherald.co.uk/news/national/uk-today/23838892.royal-mint-rarest-50p-coins-uks-valuable-stamps/,Royal Mint rarest 50p coins and UK's most valuable stamps | Craven Herald,""
gaza,2023-10-07,cravenherald.co.uk,https://www.cravenherald.co.uk/news/national/23840313.labour-vows-double-number-hospital-scanners-get-tough-developers/,Labour vows to double number of hospital scanners and get tough on developers | Craven Herald,""
gaza,2023-10-07,cravenherald.co.uk,https://www.cravenherald.co.uk/news/national/23840315.doddie-weirs-son-join-kenny-logan-final-leg-700-mile-mnd-challenge/,Doddie Weir’s son to join Kenny Logan on final leg of 700-mile MND challenge | Craven Herald,""
gaza,2023-10-07,cravenherald.co.uk,https://www.cravenherald.co.uk/news/national/23840314.stark-contrast-north-south-weather-continues-throughout-weekend/,Stark contrast in north-south weather continues throughout weekend | Craven Herald,""
gaza,2023-10-07,cravenherald.co.uk,https://www.cravenherald.co.uk/news/national/23840288.angela-rayner-open-labour-conference-pledge-make-work-pay/,Angela Rayner to open Labour conference with pledge to ‘make work pay’ | Craven Herald,""
gaza,2023-10-07,cravenherald.co.uk,https://www.cravenherald.co.uk/news/national/uk-today/23839071.foods-dangerous-give-dogs/,These are the foods that are dangerous to give to dogs | Craven Herald,""
gaza,2023-10-07,cravenherald.co.uk,https://www.cravenherald.co.uk/news/national/23840316.many-charities-full-turn-people-need-away-survey-suggests/,"Many charities full and having to turn people in need away, survey suggests | Craven Herald",""
gaza,2023-10-07,cravenherald.co.uk,https://www.cravenherald.co.uk/news/national/uk-today/23821532.wordle-today-wordle-840-october-7-hints-todays-answer/,Wordle today: Wordle 840 October 7 hints and today's answer | Craven Herald,""
gaza,2023-10-07,cravenherald.co.uk,https://www.cravenherald.co.uk/news/national/uk-today/23834780.not-time-reality-tv-scrapped-long-last/,Is it not time for reality TV to be scrapped at long last? | Craven Herald,""
gaza,2023-10-08,cravenherald.co.uk,https://www.cravenherald.co.uk/news/national/23841212.william-tells-young-readers-dream-big-protect-planet/,William tells young readers to ‘dream big’ to protect the planet | Craven Herald,""
gaza,2023-10-08,cravenherald.co.uk,https://www.cravenherald.co.uk/news/national/23841209.details-a75-upgrade-funding-not-yet-fleshed-out---alister-jack/,Details of A75 upgrade funding not yet ‘fleshed out’ – Alister Jack | Craven Herald,""
gaza,2023-10-08,cravenherald.co.uk,https://www.cravenherald.co.uk/news/national/uk-today/23841124.big-brother-2023-first-look-new-house-shared-itv/,Big Brother 2023: First look at the new house shared by ITV | Craven Herald,""
gaza,2023-10-08,cravenherald.co.uk,https://www.cravenherald.co.uk/news/national/23841211.labour-vows-work-constructively-scottish-government-office/,Labour vows to ‘work constructively’ with Scottish Government if in office | Craven Herald,""
gaza,2023-10-08,cravenherald.co.uk,https://www.cravenherald.co.uk/news/national/23841184.london-police-patrols-increase-people-accused-celebrating-israel-attacks/,London police patrols increase as people accused of celebrating Israel attacks | Craven Herald,""
gaza,2023-10-08,cravenherald.co.uk,https://www.cravenherald.co.uk/news/national/23841210.allowing-children-hospital-play-could-reduce-mental-health-problems/,Allowing children in hospital to play ‘could reduce mental health problems’ | Craven Herald,""
gaza,2023-10-08,cravenherald.co.uk,https://www.cravenherald.co.uk/news/national/23841208.starmer-tells-sunak-bring-on-labour-conference-gets-way/,Starmer tells Sunak ‘bring it on’ as Labour conference gets under way | Craven Herald,""
gaza,2023-10-08,cravenherald.co.uk,https://www.cravenherald.co.uk/news/national/23841186.pm-says-uk-full-solidarity-israel-amid-cowardly-depraved-attack/,PM says UK in full solidarity with Israel amid ‘cowardly and depraved’ attack | Craven Herald,""
gaza,2023-10-09,cravenherald.co.uk,https://www.cravenherald.co.uk/news/national/23842020.unique-cold-bath-found-bath/,Unique cold bath found in… Bath | Craven Herald,""
gaza,2023-10-09,cravenherald.co.uk,https://www.cravenherald.co.uk/news/national/uk-today/23841990.davina-mccall-reveals-isnt-watching-big-brother/,Davina McCall reveals why she isn't watching Big Brother | Craven Herald,""
gaza,2023-10-09,cravenherald.co.uk,https://www.cravenherald.co.uk/news/national/23842018.publishing-industry-faces-billions-costs-students-illegally-download-texts/,Publishing industry faces billions in costs as students illegally download texts | Craven Herald,""
gaza,2023-10-09,cravenherald.co.uk,https://www.cravenherald.co.uk/news/national/23842016.reeves-will-promise-restore-hope-plan-get-britain-building/,Reeves will promise to ‘restore hope’ with plan to get Britain building | Craven Herald,""
gaza,2023-10-09,cravenherald.co.uk,https://www.cravenherald.co.uk/news/national/23842015.uk-working-help-families-britons-caught-israel-conflict/,UK working to help families of Britons caught in Israel conflict | Craven Herald,""
gaza,2023-10-09,cravenherald.co.uk,https://www.cravenherald.co.uk/news/national/23842021.coin-hoard-belonging-highland-clan-chief-discovered/,Coin hoard belonging to Highland clan chief discovered | Craven Herald,""
gaza,2023-10-09,cravenherald.co.uk,https://www.cravenherald.co.uk/news/national/23842017.widespread-concern-many-higher-education-silenced---free-speech-chief/,Widespread concern many in higher education being silenced – free speech chief | Craven Herald,""
gaza,2023-10-09,cravenherald.co.uk,https://www.cravenherald.co.uk/news/national/23842019.british-skiing-group-promoting-inclusivity-community-slopes/,The British skiing group promoting inclusivity and community on the slopes | Craven Herald,""
gaza,2023-10-09,cravenherald.co.uk,https://www.cravenherald.co.uk/news/national/uk-today/23841984.davina-mccall-reveals-isnt-watching-big-brother/,Davina McCall reveals why she isn't watching Big Brother | Craven Herald,""
gaza,2023-10-09,cravenherald.co.uk,https://www.cravenherald.co.uk/news/national/uk-today/23841928.big-brother-2023-meet-contestants-amid-reboot/,Big Brother 2023: Meet all the contestants amid reboot | Craven Herald,""
gaza,2023-10-10,cravenherald.co.uk,https://www.cravenherald.co.uk/news/national/23844656.humanity-lose-half-future-medicines-plant-extinctions/,Humanity could lose up to half of future medicines through plant extinctions | Craven Herald,""
gaza,2023-10-10,cravenherald.co.uk,https://www.cravenherald.co.uk/news/national/uk-today/23844613.voice-big-brother-meet-marcus-bentley/,Who is the voice of Big Brother? Meet Marcus Bentley | Craven Herald,""
gaza,2023-10-10,cravenherald.co.uk,https://www.cravenherald.co.uk/news/national/23844653.government-no-evidence-back-nature-recovery-claims-say-campaigners/,"Government has no evidence to back up nature recovery claims, say campaigners | Craven Herald",""
gaza,2023-10-10,cravenherald.co.uk,https://www.cravenherald.co.uk/news/national/23844655.e-seeing-people-sore-throats-backache-insomnia-coughs/,"A&E seeing more people with sore throats, backache, insomnia and coughs | Craven Herald",""
gaza,2023-10-10,cravenherald.co.uk,https://www.cravenherald.co.uk/news/national/uk-today/23844609.jimmy-savile-knighted-lifetime/,Was Jimmy Savile knighted during his lifetime? | Craven Herald,""
gaza,2023-10-10,cravenherald.co.uk,https://www.cravenherald.co.uk/news/national/uk-today/23844550.sex-education-producers-create-kane-abel-tv-series/,Sex Education producers to create Kane and Abel TV series | Craven Herald,""
gaza,2023-10-10,cravenherald.co.uk,https://www.cravenherald.co.uk/news/national/23844658.almost-half-consumers-noticed-surge-pricing-busy-times---survey/,Almost half of consumers have noticed ‘surge pricing’ at busy times – survey | Craven Herald,""
gaza,2023-10-10,cravenherald.co.uk,https://www.cravenherald.co.uk/news/national/23844659.ultra-processed-foods-labelled-addictive-scientists-suggest/,"Some ultra-processed foods should be labelled ‘addictive’, scientists suggest | Craven Herald",""
gaza,2023-10-10,cravenherald.co.uk,https://www.cravenherald.co.uk/news/national/23844657.retail-sales-growth-slows-amid-higher-costs-consumers/,Retail sales growth slows amid higher costs for consumers | Craven Herald,""
gaza,2023-10-10,cravenherald.co.uk,https://www.cravenherald.co.uk/news/national/uk-today/23844594.big-brother-hallie-comes-trans-heartwarming-moment/,Big Brother Hallie comes out as trans in heartwarming moment | Craven Herald,""
gaza,2023-10-10,cravenherald.co.uk,https://www.cravenherald.co.uk/news/national/23844654.william-kates-foundation-survey-shows-young-peoples-mental-health-struggle/,William and Kate’s Foundation survey shows young people’s mental health struggle | Craven Herald,""
gaza,2023-10-14,cravenherald.co.uk,https://www.cravenherald.co.uk/news/national/uk-today/23852544.wordle-today-wordle-847-october-14-hints-todays-answer/,Wordle today: Wordle 847 October 14 hints and today's answer | Craven Herald,""
gaza,2023-10-14,cravenherald.co.uk,https://www.cravenherald.co.uk/news/national/23855304.debate-approach-independence-ends-snp-conference-yousaf-insists/,"Debate on approach to independence ends at SNP conference, Yousaf insists | Craven Herald",""
gaza,2023-10-14,cravenherald.co.uk,https://www.cravenherald.co.uk/news/national/23855306.new-consultation-banning-plastic-wet-wipes-begins/,New consultation on banning plastic wet wipes begins | Craven Herald,""
gaza,2023-10-14,cravenherald.co.uk,https://www.cravenherald.co.uk/news/national/23855310.british-jews-worried-sick-weeping-israel-hamas-conflict-family-says/,"British Jews worried sick and weeping at Israel-Hamas conflict, family says | Craven Herald",""
gaza,2023-10-14,cravenherald.co.uk,https://www.cravenherald.co.uk/news/national/uk-today/23855285.itv-big-brother-evicted-big-brother-house/,ITV Big Brother: Who was evicted from the Big Brother house? | Craven Herald,""
gaza,2023-10-14,cravenherald.co.uk,https://www.cravenherald.co.uk/news/national/23855305.freezing-working-age-benefits-save-4-billion-come-terrible-cost/,Freezing working-age benefits could save £4 billion but come at ‘terrible cost’ | Craven Herald,""
gaza,2023-10-14,cravenherald.co.uk,https://www.cravenherald.co.uk/news/national/23855303.thousands-march-london-pro-palestinian-protest-gaza-expects-invasion/,Thousands to march in London pro-Palestinian protest as Gaza expects invasion | Craven Herald,""
gaza,2023-10-14,cravenherald.co.uk,https://www.cravenherald.co.uk/news/national/23855307.whisky-society-sets-world-record-largest-online-tasting-event/,Whisky society sets world record for largest online tasting event | Craven Herald,""
gaza,2023-10-16,ealingtimes.co.uk,https://www.ealingtimes.co.uk/news/national/23857003.half-women-jailed-serve-sentences-six-months---study/,More than half of women jailed serve sentences under six months – study | Ealing Times,""
gaza,2023-10-16,ealingtimes.co.uk,https://www.ealingtimes.co.uk/news/national/uk-today/23856972.higher-tax-bracket-big-brother-housemates-talk-money/,What is the higher tax bracket? Big Brother housemates talk money | Ealing Times,""
gaza,2023-10-16,ealingtimes.co.uk,https://www.ealingtimes.co.uk/news/national/23857018.sunak-address-mps-israeli-invasion-gaza-looms/,Sunak to address MPs as Israeli invasion of Gaza looms | Ealing Times,""
gaza,2023-10-16,ealingtimes.co.uk,https://www.ealingtimes.co.uk/news/national/23857001.600-000-drivers-face-ban-one-touch-phone/,"More than 600,000 drivers face ban with ‘one touch of their phone’ | Ealing Times",""
gaza,2023-10-16,ealingtimes.co.uk,https://www.ealingtimes.co.uk/news/national/uk-today/23856934.strictly-viewers-tears-nikita-vito-dance/,Strictly viewers in tears as Nikita and Vito dance | Ealing Times,""
gaza,2023-10-16,ealingtimes.co.uk,https://www.ealingtimes.co.uk/news/national/23857004.charities-urge-sunak-not-abandon-renters-reform-bill/,Charities urge Sunak not to abandon Renters Reform Bill | Ealing Times,""
gaza,2023-10-16,ealingtimes.co.uk,https://www.ealingtimes.co.uk/news/national/23857017.donald-trump-legal-case-former-mi6-officers-company-start/,Donald Trump legal case against former MI6 officer’s company to start | Ealing Times,""
gaza,2023-10-16,ealingtimes.co.uk,https://www.ealingtimes.co.uk/news/national/uk-today/23856471.600-000-uk-drivers-one-offence-away-disqualification/,"Over 600,000 UK drivers one offence away from disqualification | Ealing Times",""
gaza,2023-10-16,ealingtimes.co.uk,https://www.ealingtimes.co.uk/news/national/23857002.artist-makes-ink-clone-newtons-apple-tree-fell-storm/,Artist makes ink from clone of Newton’s apple tree that fell in storm | Ealing Times,""
gaza,2023-10-16,ealingtimes.co.uk,https://www.ealingtimes.co.uk/news/national/uk-today/23856944.battersea-name-veterinary-hospital-paul-ogrady/,Battersea to name veterinary hospital after Paul O'Grady | Ealing Times,""
gaza,2023-10-16,ealingtimes.co.uk,https://www.ealingtimes.co.uk/news/national/uk-today/23856860.wordle-today-wordle-849-october-16-hints-todays-answer/,Wordle today: Wordle 849 October 16 hints and today's answer | Ealing Times,""
gaza,2023-10-16,ealingtimes.co.uk,https://www.ealingtimes.co.uk/news/national/uk-today/23856649.left-strictly-come-dancing-jody-cundy-eliminated/,Who left Strictly Come Dancing? Jody Cundy eliminated | Ealing Times,""
gaza,2023-10-16,ealingtimes.co.uk,https://www.ealingtimes.co.uk/news/national/23857000.autumn-holidays-26-washout-summer/,Autumn holidays up 26% after ‘washout’ summer | Ealing Times,""
ukraine,2022-02-25,ealingtimes.co.uk,https://www.ealingtimes.co.uk/news/19951012.bradford-chief-reveals-mark-hughes-interest-job-landed-email-junk-folder/,Bradford chief reveals Mark Hughes’ interest in job landed in email junk folder | Ealing Times,""
ukraine,2022-02-25,ealingtimes.co.uk,https://www.ealingtimes.co.uk/news/19950961.police-scotland-help-hunt-family-infant-missing-wales/,Police Scotland help in hunt for family with infant missing from Wales | Ealing Times,""
ukraine,2022-02-25,ealingtimes.co.uk,https://www.ealingtimes.co.uk/news/19951041.giovanni-van-bronckhorst-hails-rangers-mentality-reach-europa-league-last-16/,Giovanni Van Bronckhorst hails Rangers mentality to reach Europa League last 16 | Ealing Times,""
ukraine,2022-02-25,ealingtimes.co.uk,https://www.ealingtimes.co.uk/news/19951011.satellite-images-show-airfield-damage-eastern-ukraine/,Satellite images show airfield damage in eastern Ukraine | Ealing Times,""
ukraine,2022-02-25,ealingtimes.co.uk,https://www.ealingtimes.co.uk/news/19950982.brendan-rodgers-reveals-jamie-vardy-nearing-leicester-return/,Brendan Rodgers reveals Jamie Vardy is nearing a Leicester return | Ealing Times,""
ukraine,2022-02-25,ealingtimes.co.uk,https://www.ealingtimes.co.uk/news/national/uk-today/19950941.apprentice-episode-8-fired/,The Apprentice episode 8: what happened and who was fired? | Ealing Times,""
ukraine,2022-02-25,ealingtimes.co.uk,https://www.ealingtimes.co.uk/news/19950966.irish-photographer-ukraine-lay-bed-shaking-russian-assault-started/,Irish photographer in Ukraine lay in bed shaking as Russian assault started | Ealing Times,""
ukraine,2022-02-25,ealingtimes.co.uk,https://www.ealingtimes.co.uk/news/19950995.arsenal-maintain-top-four-push-thanks-late-wolves-goal/,Arsenal maintain top-four push thanks to late Wolves own goal | Ealing Times,""
ukraine,2022-02-25,ealingtimes.co.uk,https://www.ealingtimes.co.uk/news/19951003.former-police-officers-convicted-violating-george-floyds-civil-rights/,Former police officers convicted of violating George Floyd’s civil rights | Ealing Times,""
ukraine,2022-02-25,ealingtimes.co.uk,https://www.ealingtimes.co.uk/news/19951004.james-tavernier-brace-helps-rangers-europa-league-last-16/,James Tavernier brace helps Rangers into Europa League last 16 | Ealing Times,""
ukraine,2022-02-25,ealingtimes.co.uk,https://www.ealingtimes.co.uk/news/national/19950945.ukraine-president-orders-full-military-mobilisation/,Ukraine president orders full military mobilisation | Ealing Times,""
ukraine,2022-02-25,ealingtimes.co.uk,https://www.ealingtimes.co.uk/sport/national/19951048.mikel-arteta-believes-alexandre-lacazette-summed-arsenals-character/,Mikel Arteta believes Alexandre Lacazette summed up Arsenal’s character | Ealing Times,""
ukraine,2022-02-25,ealingtimes.co.uk,https://www.ealingtimes.co.uk/news/national/19950841.peter-gabriel-leads-celebrity-reaction-unfolding-ukraine-crisis/,Peter Gabriel leads celebrity reaction to unfolding Ukraine crisis | Ealing Times,""
ukraine,2022-02-25,ealingtimes.co.uk,https://www.ealingtimes.co.uk/news/19950988.wayne-pivac-expecting-wales-continue-improvement-england/,Wayne Pivac expecting Wales to continue improvement against England | Ealing Times,""
ukraine,2022-02-25,ealingtimes.co.uk,https://www.ealingtimes.co.uk/news/19951030.uk-can-proud-support-ukraine-pm-tells-ministers/,"UK can be proud of support for Ukraine, PM tells ministers | Ealing Times",""
ukraine,2022-02-26,ealingtimes.co.uk,https://www.ealingtimes.co.uk/news/national/19954297.british-airways-running-paper-suffering-major-outage/,British Airways ‘running on paper’ after suffering major outage | Ealing Times,""
ukraine,2022-02-26,ealingtimes.co.uk,https://www.ealingtimes.co.uk/news/national/19954302.extinction-rebellion-activists-interrupt-black-tie-dinner-oil-gas-firms/,Extinction Rebellion activists interrupt black-tie dinner for oil and gas firms | Ealing Times,""
ukraine,2022-02-26,ealingtimes.co.uk,https://www.ealingtimes.co.uk/news/19954339.russia-vetoes-un-resolution-end-ukraine-invasion/,Russia vetoes UN resolution to end Ukraine invasion | Ealing Times,""
ukraine,2022-02-26,ealingtimes.co.uk,https://www.ealingtimes.co.uk/news/national/19954241.irelands-deputy-premier-brands-putin-hitler-21st-century/,Ireland’s deputy premier brands Putin the ‘Hitler of the 21st century’ | Ealing Times,""
ukraine,2022-02-26,ealingtimes.co.uk,https://www.ealingtimes.co.uk/news/19954340.dean-smith-rues-under-par-performance-norwich-go-southampton/,Dean Smith rues under-par performance as Norwich go down at Southampton | Ealing Times,""
ukraine,2022-02-26,ealingtimes.co.uk,https://www.ealingtimes.co.uk/news/19954310.royal-opera-house-cancels-bolshoi-ballet-london-tour/,Royal Opera House cancels Bolshoi Ballet London tour | Ealing Times,""
ukraine,2022-02-26,ealingtimes.co.uk,https://www.ealingtimes.co.uk/news/national/19954286.hundreds-gather-belfast-denounce-invasion-ukraine/,Hundreds gather in Belfast to denounce invasion of Ukraine | Ealing Times,""
ukraine,2022-02-26,ealingtimes.co.uk,https://www.ealingtimes.co.uk/news/national/19954232.russia-limits-facebook-access-network-restricts-kremlin-backed-media/,Russia limits Facebook access after network restricts Kremlin-backed media | Ealing Times,""
ukraine,2022-02-28,ealingtimes.co.uk,https://www.ealingtimes.co.uk/news/19956310.increased-alert-russian-nuclear-forces-affect-ukraine-crisis/,How does increased alert for Russian nuclear forces affect Ukraine crisis? | Ealing Times,""
ukraine,2022-02-28,ealingtimes.co.uk,https://www.ealingtimes.co.uk/news/19956272.old-georgians-deliver-statement-top-6-intent-battling-triumph-wimbledon/,Old Georgians deliver statement of Top 6 intent with battling triumph at Wimbledon | Ealing Times,""
ukraine,2022-02-28,ealingtimes.co.uk,https://www.ealingtimes.co.uk/news/national/uk-today/19956239.boris-johnson-brands-putins-nuclear-forces-warning-distraction/,Boris Johnson brands Putin’s nuclear forces warning “a distraction” | Ealing Times,""
ukraine,2022-02-28,ealingtimes.co.uk,https://www.ealingtimes.co.uk/news/national/19956235.boris-johnson-dismisses-putins-nuclear-warning-distraction/,Boris Johnson dismisses Putin’s nuclear warning as a ‘distraction’ | Ealing Times,""
ukraine,2022-02-28,ealingtimes.co.uk,https://www.ealingtimes.co.uk/news/19956242.samsung-reveals-new-laptops-mobile-first-generation/,Samsung reveals new laptops for the ‘mobile-first generation’ | Ealing Times,""
ukraine,2022-02-28,ealingtimes.co.uk,https://www.ealingtimes.co.uk/news/19956335.fan-zhengyi-beats-ronnie-osullivan-claim-betvictor-european-masters-title/,Fan Zhengyi beats Ronnie O’Sullivan to claim BetVictor European Masters title | Ealing Times,""
ukraine,2022-02-28,ealingtimes.co.uk,https://www.ealingtimes.co.uk/news/19956278.eddie-jones-insists-england-dont-fear-anyone-ahead-six-nations-title-fight/,Eddie Jones insists England ‘don’t fear anyone’ ahead of Six Nations title fight | Ealing Times,""
ukraine,2022-02-28,ealingtimes.co.uk,https://www.ealingtimes.co.uk/news/national/19956259.boris-johnson-criticises-rt-calls-ofcom-review/,Boris Johnson criticises RT and calls for Ofcom review | Ealing Times,""
ukraine,2022-02-28,ealingtimes.co.uk,https://www.ealingtimes.co.uk/news/19956256.pivac-lauds-cuthbert-impressive-landmark-display/,Pivac lauds Cuthbert after impressive landmark display | Ealing Times,""
ukraine,2022-02-28,ealingtimes.co.uk,https://www.ealingtimes.co.uk/news/national/19956228.russian-music-conductor-valery-gergiev-dropped-management-putin-links/,Russian music conductor Valery Gergiev dropped by management over Putin links | Ealing Times,""
ukraine,2022-02-28,ealingtimes.co.uk,https://www.ealingtimes.co.uk/news/national/uk-today/19955848.itv-confirms-trigger-point-will-return-second-series-vicky-mcclure/,ITV confirms Trigger Point will return for second series with Vicky McClure | Ealing Times,""
ukraine,2022-02-28,ealingtimes.co.uk,https://www.ealingtimes.co.uk/news/national/uk-today/19956331.president-volodymyr-zelensky-voice-ukrainian-paddington/,Ukraine President Volodymyr Zelensky the voice of Paddington | Ealing Times,""
ukraine,2022-02-28,ealingtimes.co.uk,https://www.ealingtimes.co.uk/news/national/uk-today/19956308.spoiler-alert-itv-trigger-point-finale---sofa-sleuths-react/,Spoiler alert: ITV Trigger Point finale – sofa sleuths react | Ealing Times,""
ukraine,2022-02-28,ealingtimes.co.uk,https://www.ealingtimes.co.uk/news/19956332.pierre-emerick-aubameyang-scores-barcelona-thump-athletic-bilbao/,Pierre-Emerick Aubameyang scores again as Barcelona thump Athletic Bilbao | Ealing Times,""
ukraine,2022-02-28,ealingtimes.co.uk,https://www.ealingtimes.co.uk/news/national/uk-today/19956263.peaky-binders-react-heart-wrenching-tribute-helen-mccrory/,Peaky Binders fans react to 'heart wrenching' Helen McCrory tribute | Ealing Times,""
ukraine,2022-02-28,ealingtimes.co.uk,https://www.ealingtimes.co.uk/news/19956262.jones-young-england-will-learn-lot-wales-victory/,Jones: young England will learn a lot from Wales victory | Ealing Times,""
ukraine,2022-02-28,ealingtimes.co.uk,https://www.ealingtimes.co.uk/news/19956311.lawrence-okolie-retains-wbo-cruiserweight-title-victory-michal-cieslak/,Lawrence Okolie retains WBO cruiserweight title with victory over Michal Cieslak | Ealing Times,""
ukraine,2022-02-28,ealingtimes.co.uk,https://www.ealingtimes.co.uk/news/national/uk-today/19956275.polly-gray-peaky-blinders-die/,What happened to Polly Gray in Peaky Blinders series 6? | Ealing Times,""
ukraine,2022-03-03,ealingtimes.co.uk,https://www.ealingtimes.co.uk/news/19964803.romain-perraud-hits-stunning-strike-southampton-see-off-west-ham/,Romain Perraud hits stunning strike as Southampton see off West Ham | Ealing Times,""
ukraine,2022-03-03,ealingtimes.co.uk,https://www.ealingtimes.co.uk/news/19964817.roman-abramovichs-decision-sell-chelsea-hasnt-sunk-in-thomas-tuchel/,Roman Abramovich’s decision to sell Chelsea ‘hasn’t sunk in’ for Thomas Tuchel | Ealing Times,""
ukraine,2022-03-03,ealingtimes.co.uk,https://www.ealingtimes.co.uk/news/national/19964825.ministers-urged-unmask-foreign-owners-uk-property-weeks-not-years/,"Ministers urged to unmask foreign owners of UK property in ‘weeks, not years’ | Ealing Times",""
ukraine,2022-03-03,ealingtimes.co.uk,https://www.ealingtimes.co.uk/news/national/19964784.uk-allies-push-swift-war-crimes-probe-putins-invasion-ukraine/,UK and allies push for swift war crimes probe into Putin’s invasion of Ukraine | Ealing Times,""
ukraine,2022-03-03,ealingtimes.co.uk,https://www.ealingtimes.co.uk/news/national/19964760.amazon-close-bookstores-us-uk/,Amazon to close all its bookstores in US and UK | Ealing Times,""
ukraine,2022-03-03,ealingtimes.co.uk,https://www.ealingtimes.co.uk/news/19964831.thomas-tuchel-admits-wasnt-easy-chelsea-focus-luton-tie/,Thomas Tuchel admits it wasn’t easy for Chelsea to focus on Luton tie | Ealing Times,""
ukraine,2022-03-03,ealingtimes.co.uk,https://www.ealingtimes.co.uk/news/national/uk-today/19963909.sean-bean-stars-new-bbc-drama-marriage-nicola-walker/,Sean Bean stars in new BBC drama Marriage with Nicola Walker | Ealing Times,""
ukraine,2022-03-03,ealingtimes.co.uk,https://www.ealingtimes.co.uk/news/19964837.war-crimes-investigation-begins-ukraine-uk-pushed-action-putin/,War crimes investigation begins in Ukraine after UK pushed for action on Putin | Ealing Times,""
ukraine,2022-03-03,ealingtimes.co.uk,https://www.ealingtimes.co.uk/news/19964840.20m-must-be-won-jackpot-grabs-saturday/,£20m ‘must-be-won’ jackpot up for grabs on Saturday | Ealing Times,""
ukraine,2022-03-03,ealingtimes.co.uk,https://www.ealingtimes.co.uk/news/19964847.ghislaine-maxwell-juror-likely-get-immunity-testimony/,Ghislaine Maxwell juror likely to get immunity for testimony | Ealing Times,""
ukraine,2022-03-03,ealingtimes.co.uk,https://www.ealingtimes.co.uk/news/19964853.social-economic-impact-pandemic-could-undo-gender-equality-progress/,Social and economic impact of pandemic ‘could undo gender equality progress’ | Ealing Times,""
venezuela,2024-12-25,ealingtimes.co.uk,https://www.ealingtimes.co.uk/news/national/24818177.two-dead-gang-attack-journalists-covering-haiti-hospital-reopening/,Two dead in gang attack on journalists covering Haiti hospital reopening | Ealing Times,""
venezuela,2024-12-25,ealingtimes.co.uk,https://www.ealingtimes.co.uk/news/national/24818175.farage-willing-work-lord-mandelson-secure-trump-trade-deal/,Farage willing to work with Lord Mandelson to secure Trump trade deal | Ealing Times,""
venezuela,2025-01-01,ealingtimes.co.uk,https://www.ealingtimes.co.uk/news/national/24826887.tory-criticism-knighthood-not-last-will-receive-sir-sadiq-khan-says/,"Tory criticism of knighthood not the last I will receive, Sir Sadiq Khan says | Ealing Times",""
venezuela,2025-01-01,ealingtimes.co.uk,https://www.ealingtimes.co.uk/news/national/24826926.starmer-2025-chance-rediscover-great-nation/,Starmer: 2025 a chance to rediscover the great nation that we are | Ealing Times,""
venezuela,2025-01-01,ealingtimes.co.uk,https://www.ealingtimes.co.uk/news/national/24825781.world-welcomes-2025-fireworks-light-shows/,The world welcomes 2025 with fireworks and light shows | Ealing Times,""
venezuela,2025-01-01,ealingtimes.co.uk,https://www.ealingtimes.co.uk/news/national/24826929.hogmanay-tourists-quickly-find-alternatives-cancelled-fireworks/,Hogmanay tourists having to quickly find alternatives to cancelled fireworks | Ealing Times,""
venezuela,2025-01-01,ealingtimes.co.uk,https://www.ealingtimes.co.uk/news/national/24826920.pupils-will-pay-price-new-tax-private-school-fees-tories-warn-reeves/,"Pupils will ‘pay price’ for new tax on private school fees, Tories warn Reeves | Ealing Times",""
ukraine,2022-03-03,gazette-news.co.uk,https://www.gazette-news.co.uk/news/19964817.roman-abramovichs-decision-sell-chelsea-hasnt-sunk-in-thomas-tuchel/,Roman Abramovich’s decision to sell Chelsea ‘hasn’t sunk in’ for Thomas Tuchel | Gazette,""
ukraine,2022-03-03,gazette-news.co.uk,https://www.gazette-news.co.uk/news/national/19964760.amazon-close-bookstores-us-uk/,Amazon to close all its bookstores in US and UK | Gazette,""
ukraine,2022-03-03,gazette-news.co.uk,https://www.gazette-news.co.uk/news/19964803.romain-perraud-hits-stunning-strike-southampton-see-off-west-ham/,Romain Perraud hits stunning strike as Southampton see off West Ham | Gazette,""
ukraine,2022-03-03,gazette-news.co.uk,https://www.gazette-news.co.uk/news/19964837.war-crimes-investigation-begins-ukraine-uk-pushed-action-putin/,War crimes investigation begins in Ukraine after UK pushed for action on Putin | Gazette,""
ukraine,2022-03-03,gazette-news.co.uk,https://www.gazette-news.co.uk/news/national/19964784.uk-allies-push-swift-war-crimes-probe-putins-invasion-ukraine/,UK and allies push for swift war crimes probe into Putin’s invasion of Ukraine | Gazette,""
ukraine,2022-03-03,gazette-news.co.uk,https://www.gazette-news.co.uk/news/19964831.thomas-tuchel-admits-wasnt-easy-chelsea-focus-luton-tie/,Thomas Tuchel admits it wasn’t easy for Chelsea to focus on Luton tie | Gazette,""
ukraine,2022-03-03,gazette-news.co.uk,https://www.gazette-news.co.uk/news/19964853.social-economic-impact-pandemic-could-undo-gender-equality-progress/,Social and economic impact of pandemic ‘could undo gender equality progress’ | Gazette,""
ukraine,2022-03-03,gazette-news.co.uk,https://www.gazette-news.co.uk/news/19964847.ghislaine-maxwell-juror-likely-get-immunity-testimony/,Ghislaine Maxwell juror likely to get immunity for testimony | Gazette,""
ukraine,2022-03-03,gazette-news.co.uk,https://www.gazette-news.co.uk/news/national/19964825.ministers-urged-unmask-foreign-owners-uk-property-weeks-not-years/,"Ministers urged to unmask foreign owners of UK property in ‘weeks, not years’ | Gazette",""
ukraine,2022-03-03,gazette-news.co.uk,https://www.gazette-news.co.uk/news/19964840.20m-must-be-won-jackpot-grabs-saturday/,£20m ‘must-be-won’ jackpot up for grabs on Saturday | Gazette,""
ukraine,2022-03-05,gazette-news.co.uk,https://www.gazette-news.co.uk/news/19971532.shane-warne-legend-game-gave-much-time-everyone---ben-stokes/,Shane Warne a legend of the game who gave so much time to everyone – Ben Stokes | Gazette,""
ukraine,2022-03-05,gazette-news.co.uk,https://www.gazette-news.co.uk/news/19971478.pence-takes-swipe-trump-apologists-putin/,Pence takes swipe at Trump and ‘apologists for Putin’ | Gazette,""
ukraine,2022-03-05,gazette-news.co.uk,https://www.gazette-news.co.uk/news/national/19971450.pm-believes-putin-intends-double-down-ukraine-invasion/,PM believes Putin intends to ‘double down’ on Ukraine invasion | Gazette,""
ukraine,2022-03-05,gazette-news.co.uk,https://www.gazette-news.co.uk/news/19971531.british-journalist-shot-wounded-ambush-near-ukrainian-capital/,British journalist shot and wounded in ambush near Ukrainian capital | Gazette,""
ukraine,2022-03-05,gazette-news.co.uk,https://www.gazette-news.co.uk/news/national/19970970.risk-a-new-iron-curtain-will-descend-upon-europe-russias-isolation-grows/,Risk ‘a new Iron Curtain will descend upon Europe’ as Russia’s isolation grows | Gazette,""
ukraine,2022-03-05,gazette-news.co.uk,https://www.gazette-news.co.uk/news/national/19971514.starmer-snp-tories-use-elections-re-run-referendums/,Starmer: SNP and Tories use elections to re-run referendums | Gazette,""
ukraine,2022-03-05,gazette-news.co.uk,https://www.gazette-news.co.uk/news/national/19971509.woman-dies-helicopter-landing-incident/,Woman dies in helicopter landing incident | Gazette,""
ukraine,2022-03-05,gazette-news.co.uk,https://www.gazette-news.co.uk/news/19971495.ollie-robinson-doubt-first-test-mark-wood-ben-stokes-return-action/,Ollie Robinson doubt for first Test as Mark Wood and Ben Stokes return to action | Gazette,""
ukraine,2022-03-05,gazette-news.co.uk,https://www.gazette-news.co.uk/news/national/19971391.zelensky-addresses-protesters-across-europe/,Zelensky addresses protesters across Europe | Gazette,""
venezuela,2024-12-29,gazette-news.co.uk,https://www.gazette-news.co.uk/news/24798332.court-cases-left-colchester-shocked-2024/,Court cases which left Colchester shocked in 2024 | Gazette,""
venezuela,2024-12-29,gazette-news.co.uk,https://www.gazette-news.co.uk/news/national/24821859.man-woman-charged-murder-50-year-old-newtownards/,Man and woman charged with murder of 50-year-old in Newtownards | Gazette,""
venezuela,2024-12-29,gazette-news.co.uk,https://www.gazette-news.co.uk/news/24813262.brightlingsea-mum-completes-solo-walk-around-british-coast/,"Essex woman treks 7,000 miles around British coast | Gazette",""
venezuela,2024-12-29,gazette-news.co.uk,https://www.gazette-news.co.uk/news/24821727.colcheser-couple-stuck-isle-man-due-thick-fog-conditions/,Colcheser couple stuck in Isle of Man due to thick fog conditions | Gazette,""
venezuela,2024-12-29,gazette-news.co.uk,https://www.gazette-news.co.uk/news/24821177.colchester-united-recruitment-man-simon-bassey-joins-woking/,Colchester United recruitment man Simon Bassey joins Woking | Gazette,""
venezuela,2024-12-29,gazette-news.co.uk,https://www.gazette-news.co.uk/news/national/24821845.third-arrest-murder-probe-man-hit-car-christmas-day/,Third arrest in murder probe after man hit by car on Christmas Day | Gazette,""
venezuela,2024-12-29,gazette-news.co.uk,https://www.gazette-news.co.uk/news/24818086.prime-care-domiciliary-essex-requires-improvement-says-report/,Prime Care Domiciliary Essex 'requires improvement' says report | Gazette,""
venezuela,2024-12-29,gazette-news.co.uk,https://www.gazette-news.co.uk/news/24821708.images-car-found-alight-southend-tesco-car-park/,Images show car alight in Essex Tesco car park | Gazette,""
venezuela,2024-12-29,gazette-news.co.uk,https://www.gazette-news.co.uk/news/24817469.colchester-sixth-form-celebrates-year-success/,Colchester Sixth Form celebrates year of success | Gazette,""
venezuela,2024-12-29,gazette-news.co.uk,https://www.gazette-news.co.uk/news/24817335.three-wise-monkeys-hosting-10th-birthday-event/,Three Wise Monkeys hosting its 10th birthday event | Gazette,""
venezuela,2024-12-29,gazette-news.co.uk,https://www.gazette-news.co.uk/news/24815738.three-wise-monkeys-colchester-celebrates-tenth-anniversary/,Three Wise Monkeys Colchester celebrates tenth anniversary | Gazette,""
venezuela,2024-12-29,gazette-news.co.uk,https://www.gazette-news.co.uk/news/24820763.not-put-cv-overused-words/,What should you not put on your CV? The most overused words | Gazette,""
venezuela,2024-12-29,gazette-news.co.uk,https://www.gazette-news.co.uk/news/24821488.colchester-united-assess-extent-arthur-read-injury/,Colchester United to assess extent of Arthur Read injury | Gazette,""
venezuela,2024-12-29,gazette-news.co.uk,https://www.gazette-news.co.uk/news/national/24821785.rail-disruption-warning-following-theft-high-voltage-cable-worth-100-000/,"Rail disruption warning following theft of high-voltage cable worth £100,000 | Gazette",""
venezuela,2024-12-29,gazette-news.co.uk,https://www.gazette-news.co.uk/news/24790111.review-headgate-theatres-snow-white---pantomime/,Review: Headgate Theatre's Snow White pantomime great fun | Gazette,""
venezuela,2024-12-29,gazette-news.co.uk,https://www.gazette-news.co.uk/news/national/24821847.firefighters-passengers-hurt-train-hits-fire-truck-crossing/,Firefighters and passengers hurt after train hits fire truck on crossing | Gazette,""
venezuela,2024-12-29,gazette-news.co.uk,https://www.gazette-news.co.uk/news/24809506.stunning-five-bedroom-home-old-heath-market/,Stunning five-bedroom home in Old Heath on the market | Gazette,""
venezuela,2024-12-29,gazette-news.co.uk,https://www.gazette-news.co.uk/news/24820932.ten-noticeable-colchester-business-openings/,Colchester: Ten new businesses to have opened in 2024 | Gazette,""
venezuela,2024-12-29,gazette-news.co.uk,https://www.gazette-news.co.uk/news/24817599.daytime-disco-coming-colchester-arts-centre-march-2025/,Daytime Disco coming to Colchester Arts Centre in March 2025 | Gazette,""
gaza,2023-10-17,gazetteseries.co.uk,https://www.gazetteseries.co.uk/news/national/23859719.teen-sisters-among-britons-missing-israel-gaza-aid-efforts-continue/,Teen sisters among Britons missing from Israel as Gaza aid efforts continue | Gazette Series,""
gaza,2023-10-17,gazetteseries.co.uk,https://www.gazetteseries.co.uk/news/national/23859723.close-ai-confidence-gap-make-powerful-force-good-say-experts/,"Close AI ‘confidence gap’ to make it a powerful force for good, say experts | Gazette Series",""
gaza,2023-10-17,gazetteseries.co.uk,https://www.gazetteseries.co.uk/news/national/23859721.humza-yousaf-pledge-300-million-cut-nhs-waiting-lists-scotland/,Humza Yousaf to pledge £300 million to cut NHS waiting lists in Scotland | Gazette Series,""
gaza,2023-10-17,gazetteseries.co.uk,https://www.gazetteseries.co.uk/news/national/23859724.social-housing-complaints-probed-ombudsman-hit-record-high/,Social housing complaints probed by ombudsman hit record high | Gazette Series,""
gaza,2023-10-17,gazetteseries.co.uk,https://www.gazetteseries.co.uk/news/national/uk-today/23859678.big-brother-fans-fascinated-jordans-downton-abbey-accent/,Big Brother fans fascinated by Jordan's Downton Abbey accent | Gazette Series,""
gaza,2023-10-17,gazetteseries.co.uk,https://www.gazetteseries.co.uk/news/national/uk-today/23859664.rolls-royce-axe-2-500-jobs-bid-save-costs/,"Rolls-Royce to axe 2,500 jobs in a bid to save costs | Gazette Series",""
gaza,2023-10-17,gazetteseries.co.uk,https://www.gazetteseries.co.uk/news/national/23859725.government-must-soon-make-visa-funding-decisions-ukrainians-uk---nao/,Government must soon make visa and funding decisions for Ukrainians in UK – NAO | Gazette Series,""
gaza,2023-10-17,gazetteseries.co.uk,https://www.gazetteseries.co.uk/news/national/23859722.pupils-england-sit-digital-gcse-exams-2026-proposals/,Pupils in England could sit digital GCSE exams from 2026 under proposals | Gazette Series,""
gaza,2023-10-17,gazetteseries.co.uk,https://www.gazetteseries.co.uk/news/national/uk-today/23859641.warning-risks-cash-stuffing-budgeting-trend/,Warning on risks with cash stuffing budgeting trend | Gazette Series,""
gaza,2023-10-17,gazetteseries.co.uk,https://www.gazetteseries.co.uk/news/national/23859720.climate-tech-investment-falls-40-amid-economic-uncertainty---report/,Climate tech investment falls by 40% amid economic uncertainty – report | Gazette Series,""
gaza,2023-10-17,gazetteseries.co.uk,https://www.gazetteseries.co.uk/news/national/uk-today/23856905.wordle-today-wordle-850-october-17-hints-todays-answer/,Wordle today: Wordle 850 October 17 hints and today's answer | Gazette Series,""
gaza,2023-10-17,gazetteseries.co.uk,https://www.gazetteseries.co.uk/news/national/uk-today/23859631.bobby-brazier-sent-supportive-message-dad-strictly/,Bobby Brazier sent supportive message by Dad after Strictly | Gazette Series,""
ukraine,2022-02-25,gazetteseries.co.uk,https://www.gazetteseries.co.uk/news/19951004.james-tavernier-brace-helps-rangers-europa-league-last-16/,James Tavernier brace helps Rangers into Europa League last 16 | Gazette Series,""
ukraine,2022-02-25,gazetteseries.co.uk,https://www.gazetteseries.co.uk/news/19951012.bradford-chief-reveals-mark-hughes-interest-job-landed-email-junk-folder/,Bradford chief reveals Mark Hughes’ interest in job landed in email junk folder | Gazette Series,""
ukraine,2022-02-25,gazetteseries.co.uk,https://www.gazetteseries.co.uk/news/19951011.satellite-images-show-airfield-damage-eastern-ukraine/,Satellite images show airfield damage in eastern Ukraine | Gazette Series,""
ukraine,2022-02-25,gazetteseries.co.uk,https://www.gazetteseries.co.uk/news/national/19950945.ukraine-president-orders-full-military-mobilisation/,Ukraine president orders full military mobilisation | Gazette Series,""
ukraine,2022-02-25,gazetteseries.co.uk,https://www.gazetteseries.co.uk/news/19950988.wayne-pivac-expecting-wales-continue-improvement-england/,Wayne Pivac expecting Wales to continue improvement against England | Gazette Series,""
ukraine,2022-02-25,gazetteseries.co.uk,https://www.gazetteseries.co.uk/news/19951030.uk-can-proud-support-ukraine-pm-tells-ministers/,"UK can be proud of support for Ukraine, PM tells ministers | Gazette Series",""
ukraine,2022-02-25,gazetteseries.co.uk,https://www.gazetteseries.co.uk/news/19951048.mikel-arteta-believes-alexandre-lacazette-summed-arsenals-character/,Mikel Arteta believes Alexandre Lacazette summed up Arsenal’s character | Gazette Series,""
ukraine,2022-02-25,gazetteseries.co.uk,https://www.gazetteseries.co.uk/news/national/uk-today/19950941.apprentice-episode-8-fired/,The Apprentice episode 8: what happened and who was fired? | Gazette Series,""
ukraine,2022-02-25,gazetteseries.co.uk,https://www.gazetteseries.co.uk/news/19951041.giovanni-van-bronckhorst-hails-rangers-mentality-reach-europa-league-last-16/,Giovanni Van Bronckhorst hails Rangers mentality to reach Europa League last 16 | Gazette Series,""
ukraine,2022-02-25,gazetteseries.co.uk,https://www.gazetteseries.co.uk/news/national/19950841.peter-gabriel-leads-celebrity-reaction-unfolding-ukraine-crisis/,Peter Gabriel leads celebrity reaction to unfolding Ukraine crisis | Gazette Series,""
ukraine,2022-02-25,gazetteseries.co.uk,https://www.gazetteseries.co.uk/news/19950966.irish-photographer-ukraine-lay-bed-shaking-russian-assault-started/,Irish photographer in Ukraine lay in bed shaking as Russian assault started | Gazette Series,""
ukraine,2022-02-25,gazetteseries.co.uk,https://www.gazetteseries.co.uk/news/19950995.arsenal-maintain-top-four-push-thanks-late-wolves-goal/,Arsenal maintain top-four push thanks to late Wolves own goal | Gazette Series,""
ukraine,2022-02-25,gazetteseries.co.uk,https://www.gazetteseries.co.uk/news/19950961.police-scotland-help-hunt-family-infant-missing-wales/,Police Scotland help in hunt for family with infant missing from Wales | Gazette Series,""
ukraine,2022-02-25,gazetteseries.co.uk,https://www.gazetteseries.co.uk/news/19950982.brendan-rodgers-reveals-jamie-vardy-nearing-leicester-return/,Brendan Rodgers reveals Jamie Vardy is nearing a Leicester return | Gazette Series,""
ukraine,2022-02-25,gazetteseries.co.uk,https://www.gazetteseries.co.uk/news/19951003.former-police-officers-convicted-violating-george-floyds-civil-rights/,Former police officers convicted of violating George Floyd’s civil rights | Gazette Series,""
ukraine,2022-02-26,gazetteseries.co.uk,https://www.gazetteseries.co.uk/news/national/19954232.russia-limits-facebook-access-network-restricts-kremlin-backed-media/,Russia limits Facebook access after network restricts Kremlin-backed media | Gazette Series,""
ukraine,2022-02-26,gazetteseries.co.uk,https://www.gazetteseries.co.uk/news/19954310.royal-opera-house-cancels-bolshoi-ballet-london-tour/,Royal Opera House cancels Bolshoi Ballet London tour | Gazette Series,""
ukraine,2022-02-26,gazetteseries.co.uk,https://www.gazetteseries.co.uk/news/19954340.dean-smith-rues-under-par-performance-norwich-go-southampton/,Dean Smith rues under-par performance as Norwich go down at Southampton | Gazette Series,""
ukraine,2022-02-26,gazetteseries.co.uk,https://www.gazetteseries.co.uk/news/national/19954302.extinction-rebellion-activists-interrupt-black-tie-dinner-oil-gas-firms/,Extinction Rebellion activists interrupt black-tie dinner for oil and gas firms | Gazette Series,""
ukraine,2022-02-26,gazetteseries.co.uk,https://www.gazetteseries.co.uk/news/national/19954297.british-airways-running-paper-suffering-major-outage/,British Airways ‘running on paper’ after suffering major outage | Gazette Series,""
ukraine,2022-02-26,gazetteseries.co.uk,https://www.gazetteseries.co.uk/news/national/19954286.hundreds-gather-belfast-denounce-invasion-ukraine/,Hundreds gather in Belfast to denounce invasion of Ukraine | Gazette Series,""
ukraine,2022-02-26,gazetteseries.co.uk,https://www.gazetteseries.co.uk/news/national/19954241.irelands-deputy-premier-brands-putin-hitler-21st-century/,Ireland’s deputy premier brands Putin the ‘Hitler of the 21st century’ | Gazette Series,""
ukraine,2022-02-26,gazetteseries.co.uk,https://www.gazetteseries.co.uk/news/19954339.russia-vetoes-un-resolution-end-ukraine-invasion/,Russia vetoes UN resolution to end Ukraine invasion | Gazette Series,""
venezuela,2024-12-26,gazetteseries.co.uk,https://www.gazetteseries.co.uk/news/national/24818387.gavin-stacey-finale-features-happily-ever/,Gavin And Stacey: The Finale features happily ever after | Gazette Series,""
gaza,2023-10-17,heraldseries.co.uk,https://www.heraldseries.co.uk/news/national/uk-today/23859664.rolls-royce-axe-2-500-jobs-bid-save-costs/,"Rolls-Royce to axe 2,500 jobs in a bid to save costs | Herald Series",""
gaza,2023-10-17,heraldseries.co.uk,https://www.heraldseries.co.uk/news/national/uk-today/23856905.wordle-today-wordle-850-october-17-hints-todays-answer/,Wordle today: Wordle 850 October 17 hints and today's answer | Herald Series,""
gaza,2023-10-17,heraldseries.co.uk,https://www.heraldseries.co.uk/news/national/23859725.government-must-soon-make-visa-funding-decisions-ukrainians-uk---nao/,Government must soon make visa and funding decisions for Ukrainians in UK – NAO | Herald Series,""
gaza,2023-10-17,heraldseries.co.uk,https://www.heraldseries.co.uk/news/national/23859723.close-ai-confidence-gap-make-powerful-force-good-say-experts/,"Close AI ‘confidence gap’ to make it a powerful force for good, say experts | Herald Series",""
gaza,2023-10-17,heraldseries.co.uk,https://www.heraldseries.co.uk/news/national/23859720.climate-tech-investment-falls-40-amid-economic-uncertainty---report/,Climate tech investment falls by 40% amid economic uncertainty – report | Herald Series,""
gaza,2023-10-17,heraldseries.co.uk,https://www.heraldseries.co.uk/news/national/uk-today/23859641.warning-risks-cash-stuffing-budgeting-trend/,Warning on risks with cash stuffing budgeting trend | Herald Series,""
gaza,2023-10-17,heraldseries.co.uk,https://www.heraldseries.co.uk/news/national/uk-today/23859678.big-brother-fans-fascinated-jordans-downton-abbey-accent/,Big Brother fans fascinated by Jordan's Downton Abbey accent | Herald Series,""
gaza,2023-10-17,heraldseries.co.uk,https://www.heraldseries.co.uk/news/national/23859724.social-housing-complaints-probed-ombudsman-hit-record-high/,Social housing complaints probed by ombudsman hit record high | Herald Series,""
gaza,2023-10-17,heraldseries.co.uk,https://www.heraldseries.co.uk/news/23859685.concerns-growing-missing-man-last-seen-wheatley-asda/,Concerns growing for missing man last seen in Wheatley Asda | Herald Series,""
gaza,2023-10-17,heraldseries.co.uk,https://www.heraldseries.co.uk/news/national/23859719.teen-sisters-among-britons-missing-israel-gaza-aid-efforts-continue/,Teen sisters among Britons missing from Israel as Gaza aid efforts continue | Herald Series,""
gaza,2023-10-17,heraldseries.co.uk,https://www.heraldseries.co.uk/news/national/23859722.pupils-england-sit-digital-gcse-exams-2026-proposals/,Pupils in England could sit digital GCSE exams from 2026 under proposals | Herald Series,""
gaza,2023-10-17,heraldseries.co.uk,https://www.heraldseries.co.uk/news/national/23859721.humza-yousaf-pledge-300-million-cut-nhs-waiting-lists-scotland/,Humza Yousaf to pledge £300 million to cut NHS waiting lists in Scotland | Herald Series,""
ukraine,2022-02-25,heraldseries.co.uk,https://www.heraldseries.co.uk/news/19950982.brendan-rodgers-reveals-jamie-vardy-nearing-leicester-return/,Brendan Rodgers reveals Jamie Vardy is nearing a Leicester return | Herald Series,""
ukraine,2022-02-25,heraldseries.co.uk,https://www.heraldseries.co.uk/news/19951004.james-tavernier-brace-helps-rangers-europa-league-last-16/,James Tavernier brace helps Rangers into Europa League last 16 | Herald Series,""
ukraine,2022-02-25,heraldseries.co.uk,https://www.heraldseries.co.uk/sport/national/19951041.giovanni-van-bronckhorst-hails-rangers-mentality-reach-europa-league-last-16/,Giovanni Van Bronckhorst hails Rangers mentality to reach Europa League last 16 | Herald Series,""
ukraine,2022-02-25,heraldseries.co.uk,https://www.heraldseries.co.uk/news/19951003.former-police-officers-convicted-violating-george-floyds-civil-rights/,Former police officers convicted of violating George Floyd’s civil rights | Herald Series,""
ukraine,2022-02-25,heraldseries.co.uk,https://www.heraldseries.co.uk/news/national/19950841.peter-gabriel-leads-celebrity-reaction-unfolding-ukraine-crisis/,Peter Gabriel leads celebrity reaction to unfolding Ukraine crisis | Herald Series,""
ukraine,2022-02-25,heraldseries.co.uk,https://www.heraldseries.co.uk/news/19951048.mikel-arteta-believes-alexandre-lacazette-summed-arsenals-character/,Mikel Arteta believes Alexandre Lacazette summed up Arsenal’s character | Herald Series,""
ukraine,2022-02-25,heraldseries.co.uk,https://www.heraldseries.co.uk/news/19950961.police-scotland-help-hunt-family-infant-missing-wales/,Police Scotland help in hunt for family with infant missing from Wales | Herald Series,""
ukraine,2022-02-25,heraldseries.co.uk,https://www.heraldseries.co.uk/news/19951012.bradford-chief-reveals-mark-hughes-interest-job-landed-email-junk-folder/,Bradford chief reveals Mark Hughes’ interest in job landed in email junk folder | Herald Series,""
ukraine,2022-02-25,heraldseries.co.uk,https://www.heraldseries.co.uk/news/19951011.satellite-images-show-airfield-damage-eastern-ukraine/,Satellite images show airfield damage in eastern Ukraine | Herald Series,""
ukraine,2022-02-25,heraldseries.co.uk,https://www.heraldseries.co.uk/news/19951030.uk-can-proud-support-ukraine-pm-tells-ministers/,"UK can be proud of support for Ukraine, PM tells ministers | Herald Series",""
ukraine,2022-02-25,heraldseries.co.uk,https://www.heraldseries.co.uk/news/19950995.arsenal-maintain-top-four-push-thanks-late-wolves-goal/,Arsenal maintain top-four push thanks to late Wolves own goal | Herald Series,""
ukraine,2022-02-25,heraldseries.co.uk,https://www.heraldseries.co.uk/news/national/uk-today/19950941.apprentice-episode-8-fired/,The Apprentice episode 8: what happened and who was fired? | Herald Series,""
ukraine,2022-02-25,heraldseries.co.uk,https://www.heraldseries.co.uk/news/national/19950945.ukraine-president-orders-full-military-mobilisation/,Ukraine president orders full military mobilisation | Herald Series,""
ukraine,2022-02-25,heraldseries.co.uk,https://www.heraldseries.co.uk/news/19950988.wayne-pivac-expecting-wales-continue-improvement-england/,Wayne Pivac expecting Wales to continue improvement against England | Herald Series,""
ukraine,2022-02-25,heraldseries.co.uk,https://www.heraldseries.co.uk/news/19950966.irish-photographer-ukraine-lay-bed-shaking-russian-assault-started/,Irish photographer in Ukraine lay in bed shaking as Russian assault started | Herald Series,""
gaza,2023-10-14,penarthtimes.co.uk,https://www.penarthtimes.co.uk/news/national/23855305.freezing-working-age-benefits-save-4-billion-come-terrible-cost/,Freezing working-age benefits could save £4 billion but come at ‘terrible cost’ | Penarth Times,""
gaza,2023-10-14,penarthtimes.co.uk,https://www.penarthtimes.co.uk/news/national/23855307.whisky-society-sets-world-record-largest-online-tasting-event/,Whisky society sets world record for largest online tasting event | Penarth Times,""
gaza,2023-10-14,penarthtimes.co.uk,https://www.penarthtimes.co.uk/news/national/23855310.british-jews-worried-sick-weeping-israel-hamas-conflict-family-says/,"British Jews worried sick and weeping at Israel-Hamas conflict, family says | Penarth Times",""
gaza,2023-10-14,penarthtimes.co.uk,https://www.penarthtimes.co.uk/news/national/23855304.debate-approach-independence-ends-snp-conference-yousaf-insists/,"Debate on approach to independence ends at SNP conference, Yousaf insists | Penarth Times",""
gaza,2023-10-14,penarthtimes.co.uk,https://www.penarthtimes.co.uk/news/national/23855306.new-consultation-banning-plastic-wet-wipes-begins/,New consultation on banning plastic wet wipes begins | Penarth Times,""
gaza,2023-10-14,penarthtimes.co.uk,https://www.penarthtimes.co.uk/news/national/23855303.thousands-march-london-pro-palestinian-protest-gaza-expects-invasion/,Thousands to march in London pro-Palestinian protest as Gaza expects invasion | Penarth Times,""
gaza,2023-10-16,penarthtimes.co.uk,https://www.penarthtimes.co.uk/news/national/23857004.charities-urge-sunak-not-abandon-renters-reform-bill/,Charities urge Sunak not to abandon Renters Reform Bill | Penarth Times,""
gaza,2023-10-16,penarthtimes.co.uk,https://www.penarthtimes.co.uk/news/national/23857002.artist-makes-ink-clone-newtons-apple-tree-fell-storm/,Artist makes ink from clone of Newton’s apple tree that fell in storm | Penarth Times,""
gaza,2023-10-16,penarthtimes.co.uk,https://www.penarthtimes.co.uk/news/national/23857001.600-000-drivers-face-ban-one-touch-phone/,"More than 600,000 drivers face ban with ‘one touch of their phone’ | Penarth Times",""
gaza,2023-10-16,penarthtimes.co.uk,https://www.penarthtimes.co.uk/news/national/23857003.half-women-jailed-serve-sentences-six-months---study/,More than half of women jailed serve sentences under six months – study | Penarth Times,""
gaza,2023-10-16,penarthtimes.co.uk,https://www.penarthtimes.co.uk/news/national/23857017.donald-trump-legal-case-former-mi6-officers-company-start/,Donald Trump legal case against former MI6 officer’s company to start | Penarth Times,""
gaza,2023-10-16,penarthtimes.co.uk,https://www.penarthtimes.co.uk/news/national/23857018.sunak-address-mps-israeli-invasion-gaza-looms/,Sunak to address MPs as Israeli invasion of Gaza looms | Penarth Times,""
gaza,2023-10-16,penarthtimes.co.uk,https://www.penarthtimes.co.uk/news/national/23857000.autumn-holidays-26-washout-summer/,Autumn holidays up 26% after ‘washout’ summer | Penarth Times,""
ukraine,2022-02-25,penarthtimes.co.uk,https://www.penarthtimes.co.uk/news/19951003.former-police-officers-convicted-violating-george-floyds-civil-rights/,Former police officers convicted of violating George Floyd’s civil rights | Penarth Times,""
ukraine,2022-02-25,penarthtimes.co.uk,https://www.penarthtimes.co.uk/news/19950988.wayne-pivac-expecting-wales-continue-improvement-england/,Wayne Pivac expecting Wales to continue improvement against England | Penarth Times,""
ukraine,2022-02-25,penarthtimes.co.uk,https://www.penarthtimes.co.uk/news/19951030.uk-can-proud-support-ukraine-pm-tells-ministers/,"UK can be proud of support for Ukraine, PM tells ministers | Penarth Times",""
ukraine,2022-02-25,penarthtimes.co.uk,https://www.penarthtimes.co.uk/news/19951011.satellite-images-show-airfield-damage-eastern-ukraine/,Satellite images show airfield damage in eastern Ukraine | Penarth Times,""
ukraine,2022-02-25,penarthtimes.co.uk,https://www.penarthtimes.co.uk/sport/national/19951048.mikel-arteta-believes-alexandre-lacazette-summed-arsenals-character/,Mikel Arteta believes Alexandre Lacazette summed up Arsenal’s character | Penarth Times,""
ukraine,2022-02-25,penarthtimes.co.uk,https://www.penarthtimes.co.uk/news/national/19950945.ukraine-president-orders-full-military-mobilisation/,Ukraine president orders full military mobilisation | Penarth Times,""
ukraine,2022-02-25,penarthtimes.co.uk,https://www.penarthtimes.co.uk/sport/national/19951041.giovanni-van-bronckhorst-hails-rangers-mentality-reach-europa-league-last-16/,Giovanni Van Bronckhorst hails Rangers mentality to reach Europa League last 16 | Penarth Times,""
ukraine,2022-02-25,penarthtimes.co.uk,https://www.penarthtimes.co.uk/news/19950966.irish-photographer-ukraine-lay-bed-shaking-russian-assault-started/,Irish photographer in Ukraine lay in bed shaking as Russian assault started | Penarth Times,""
ukraine,2022-02-25,penarthtimes.co.uk,https://www.penarthtimes.co.uk/news/19950982.brendan-rodgers-reveals-jamie-vardy-nearing-leicester-return/,Brendan Rodgers reveals Jamie Vardy is nearing a Leicester return | Penarth Times,""
ukraine,2022-02-25,penarthtimes.co.uk,https://www.penarthtimes.co.uk/news/19951004.james-tavernier-brace-helps-rangers-europa-league-last-16/,James Tavernier brace helps Rangers into Europa League last 16 | Penarth Times,""
ukraine,2022-02-25,penarthtimes.co.uk,https://www.penarthtimes.co.uk/news/national/19950841.peter-gabriel-leads-celebrity-reaction-unfolding-ukraine-crisis/,Peter Gabriel leads celebrity reaction to unfolding Ukraine crisis | Penarth Times,""
ukraine,2022-02-25,penarthtimes.co.uk,https://www.penarthtimes.co.uk/news/national/uk-today/19951038.itv-coronation-street-actor-joseph-wandera-dies-aged-27-holiday-costa-rica/,ITV Coronation Street actor Joseph Wandera dies aged 27 on holiday in Costa Rica | Penarth Times,""
ukraine,2022-02-25,penarthtimes.co.uk,https://www.penarthtimes.co.uk/news/19950995.arsenal-maintain-top-four-push-thanks-late-wolves-goal/,Arsenal maintain top-four push thanks to late Wolves own goal | Penarth Times,""
ukraine,2022-02-25,penarthtimes.co.uk,https://www.penarthtimes.co.uk/news/19951012.bradford-chief-reveals-mark-hughes-interest-job-landed-email-junk-folder/,Bradford chief reveals Mark Hughes’ interest in job landed in email junk folder | Penarth Times,""
ukraine,2022-02-25,penarthtimes.co.uk,https://www.penarthtimes.co.uk/news/19950961.police-scotland-help-hunt-family-infant-missing-wales/,Police Scotland help in hunt for family with infant missing from Wales | Penarth Times,""
ukraine,2022-02-27,penarthtimes.co.uk,https://www.penarthtimes.co.uk/news/19955330.residents-take-cover-ukrainian-capital-russian-troops-approach/,Residents take cover in Ukrainian capital as Russian troops approach | Penarth Times,""
ukraine,2022-02-27,penarthtimes.co.uk,https://www.penarthtimes.co.uk/news/19955319.wayne-pivac-felt-england-try-not-stood-wales-lose-twickenham/,Wayne Pivac felt England try should not have stood as Wales lose at Twickenham | Penarth Times,""
ukraine,2022-02-27,penarthtimes.co.uk,https://www.penarthtimes.co.uk/news/19955352.make-preventing-violence-women-girls-priority-police-told/,"Make preventing violence against women and girls a ‘priority’, police to be told | Penarth Times",""
ukraine,2022-02-27,penarthtimes.co.uk,https://www.penarthtimes.co.uk/news/19955327.youtube-takes-action-rt-twitter-access-restricted-russia/,YouTube takes action against RT after Twitter access restricted in Russia | Penarth Times,""
ukraine,2022-02-27,penarthtimes.co.uk,https://www.penarthtimes.co.uk/news/national/19955356.boris-johnson-says-west-tightening-economic-ligature-around-russia/,Boris Johnson says West is ‘tightening the economic ligature’ around Russia | Penarth Times,""
ukraine,2022-02-27,penarthtimes.co.uk,https://www.penarthtimes.co.uk/news/19955303.frank-lampard-blasts-officials-evertons-defeat-manchester-city/,Frank Lampard blasts officials after Everton’s defeat to Manchester City | Penarth Times,""
ukraine,2022-02-27,penarthtimes.co.uk,https://www.penarthtimes.co.uk/news/national/19955180.protests-continue-ireland-ukraine-invasion/,Protests continue in Ireland against Ukraine invasion | Penarth Times,""
ukraine,2022-02-27,penarthtimes.co.uk,https://www.penarthtimes.co.uk/news/19955241.phil-foden-goal-takes-manchester-city-six-points-clear-top-premier-league/,Phil Foden goal takes Manchester City six points clear at top of Premier League | Penarth Times,""
ukraine,2022-02-27,penarthtimes.co.uk,https://www.penarthtimes.co.uk/news/19955311.eddie-jones-dismisses-impact-referees-influence-englands-win-wales/,Eddie Jones dismisses impact of referee’s influence in England’s win over Wales | Penarth Times,""
ukraine,2022-02-27,penarthtimes.co.uk,https://www.penarthtimes.co.uk/news/19955350.real-madrid-nine-points-clear-karim-benzema-strike-sees-off-rayo-vallecano/,Real Madrid nine points clear after Karim Benzema strike sees off Rayo Vallecano | Penarth Times,""
ukraine,2022-02-27,penarthtimes.co.uk,https://www.penarthtimes.co.uk/news/19955310.johnson-welcomes-moves-exclude-russia-swift-banking-system/,Johnson welcomes moves to exclude Russia from Swift banking system | Penarth Times,""
ukraine,2022-03-01,penarthtimes.co.uk,https://www.penarthtimes.co.uk/news/19959088.jack-grealish-told-ignore-statistics-bids-prove-worth-man-city/,Jack Grealish told to ignore statistics as he bids to prove worth at Man City | Penarth Times,""
ukraine,2022-03-01,penarthtimes.co.uk,https://www.penarthtimes.co.uk/news/19959034.louis-tomlinson-scraps-concerts-russia-ukraine-needless-war/,Louis Tomlinson scraps concerts in Russia and Ukraine over ‘needless war’ | Penarth Times,""
ukraine,2022-03-01,penarthtimes.co.uk,https://www.penarthtimes.co.uk/news/19959064.nick-tompkins-says-wales-need-consistency-cant-just-flash-pan/,Nick Tompkins says Wales need consistency and can’t ‘just be a flash in the pan’ | Penarth Times,""
ukraine,2022-03-01,penarthtimes.co.uk,https://www.penarthtimes.co.uk/news/national/19959009.bbc-faces-ban-russia-uk-shuts-rt-liz-truss-warns-mps/,"BBC faces ban in Russia if UK shuts down RT, Liz Truss warns MPs | Penarth Times",""
ukraine,2022-03-01,penarthtimes.co.uk,https://www.penarthtimes.co.uk/news/19959086.government-moves-bring-licensing-administer-botox-fillers/,Government moves to bring in licensing to administer Botox and fillers | Penarth Times,""
ukraine,2022-03-01,penarthtimes.co.uk,https://www.penarthtimes.co.uk/news/19959046.trump-appeals-ruling-forcing-testify-ny-probe/,Trump appeals against ruling forcing him to testify in NY probe | Penarth Times,""
ukraine,2022-03-01,penarthtimes.co.uk,https://www.penarthtimes.co.uk/news/19958811.nikita-mazepins-formula-one-future-expected-top-agenda-emergency-meeting/,Nikita Mazepin’s Formula One future expected to top agenda at emergency meeting | Penarth Times,""
ukraine,2022-03-01,penarthtimes.co.uk,https://www.penarthtimes.co.uk/news/national/19959120.digging-garden-hour-week-can-help-lengthen-life-study-suggests/,"Digging the garden for an hour a week can help lengthen life, study suggests | Penarth Times",""
ukraine,2022-03-01,penarthtimes.co.uk,https://www.penarthtimes.co.uk/news/19958932.uefa-fifa-suspend-russia-competitions/,UEFA and FIFA suspend Russia from all competitions | Penarth Times,""
ukraine,2022-03-01,penarthtimes.co.uk,https://www.penarthtimes.co.uk/news/19958907.records-american-bosses-premier-league-jesse-marsch-joins-leeds/,The records of American bosses in the Premier League as Jesse Marsch joins Leeds | Penarth Times,""
ukraine,2022-03-01,penarthtimes.co.uk,https://www.penarthtimes.co.uk/news/19959109.murder-investigation-opened-man-wanted-connection-robberies/,Murder investigation opened over man wanted in connection with robberies | Penarth Times,""
ukraine,2022-03-01,penarthtimes.co.uk,https://www.penarthtimes.co.uk/news/19958999.uefa-fifa-suspend-russia-competitions/,UEFA and FIFA suspend Russia from all competitions | Penarth Times,""
ukraine,2022-03-01,penarthtimes.co.uk,https://www.penarthtimes.co.uk/news/national/19958943.icc-prosecutor-open-probe-war-crimes-ukraine/,ICC prosecutor to open probe into war crimes in Ukraine | Penarth Times,""
ukraine,2022-03-02,penarthtimes.co.uk,https://www.penarthtimes.co.uk/news/national/19960384.jaguar-land-rover-suspends-sales-russia/,Jaguar Land Rover suspends sales to Russia | Penarth Times,""
ukraine,2022-03-02,penarthtimes.co.uk,https://www.penarthtimes.co.uk/news/19962020.novak-djokovic-splits-coach-marian-vajda/,Novak Djokovic splits from coach Marian Vajda | Penarth Times,""
ukraine,2022-03-02,penarthtimes.co.uk,https://www.penarthtimes.co.uk/news/national/19961934.teenage-girl-seriously-injured-liverpool-shooting/,Teenage girl seriously injured in Liverpool shooting | Penarth Times,""
ukraine,2022-03-03,richmondandtwickenhamtimes.co.uk,https://www.richmondandtwickenhamtimes.co.uk/news/national/19964784.uk-allies-push-swift-war-crimes-probe-putins-invasion-ukraine/,UK and allies push for swift war crimes probe into Putin’s invasion of Ukraine | Richmond and Twickenham Times,""
ukraine,2022-03-03,richmondandtwickenhamtimes.co.uk,https://www.richmondandtwickenhamtimes.co.uk/news/19964817.roman-abramovichs-decision-sell-chelsea-hasnt-sunk-in-thomas-tuchel/,Roman Abramovich’s decision to sell Chelsea ‘hasn’t sunk in’ for Thomas Tuchel | Richmond and Twickenham Times,""
ukraine,2022-03-03,richmondandtwickenhamtimes.co.uk,https://www.richmondandtwickenhamtimes.co.uk/news/19964853.social-economic-impact-pandemic-could-undo-gender-equality-progress/,Social and economic impact of pandemic ‘could undo gender equality progress’ | Richmond and Twickenham Times,""
ukraine,2022-03-03,richmondandtwickenhamtimes.co.uk,https://www.richmondandtwickenhamtimes.co.uk/news/national/uk-today/19963909.sean-bean-stars-new-bbc-drama-marriage-nicola-walker/,Sean Bean stars in new BBC drama Marriage with Nicola Walker | Richmond and Twickenham Times,""
ukraine,2022-03-03,richmondandtwickenhamtimes.co.uk,https://www.richmondandtwickenhamtimes.co.uk/news/national/19964825.ministers-urged-unmask-foreign-owners-uk-property-weeks-not-years/,"Ministers urged to unmask foreign owners of UK property in ‘weeks, not years’ | Richmond and Twickenham Times",""
ukraine,2022-03-03,richmondandtwickenhamtimes.co.uk,https://www.richmondandtwickenhamtimes.co.uk/news/19964803.romain-perraud-hits-stunning-strike-southampton-see-off-west-ham/,Romain Perraud hits stunning strike as Southampton see off West Ham | Richmond and Twickenham Times,""
ukraine,2022-03-03,richmondandtwickenhamtimes.co.uk,https://www.richmondandtwickenhamtimes.co.uk/news/national/19964760.amazon-close-bookstores-us-uk/,Amazon to close all its bookstores in US and UK | Richmond and Twickenham Times,""
ukraine,2022-03-03,richmondandtwickenhamtimes.co.uk,https://www.richmondandtwickenhamtimes.co.uk/news/19964837.war-crimes-investigation-begins-ukraine-uk-pushed-action-putin/,War crimes investigation begins in Ukraine after UK pushed for action on Putin | Richmond and Twickenham Times,""
ukraine,2022-03-03,richmondandtwickenhamtimes.co.uk,https://www.richmondandtwickenhamtimes.co.uk/news/national/uk-today/19964684.london-eye-pub-pod-returns-time-st-patricks-day---see-inside/,London Eye Pub Pod returns in time for St. Patrick’s Day - See inside | Richmond and Twickenham Times,""
ukraine,2022-03-03,richmondandtwickenhamtimes.co.uk,https://www.richmondandtwickenhamtimes.co.uk/news/19964847.ghislaine-maxwell-juror-likely-get-immunity-testimony/,Ghislaine Maxwell juror likely to get immunity for testimony | Richmond and Twickenham Times,""
ukraine,2022-03-03,richmondandtwickenhamtimes.co.uk,https://www.richmondandtwickenhamtimes.co.uk/news/19964831.thomas-tuchel-admits-wasnt-easy-chelsea-focus-luton-tie/,Thomas Tuchel admits it wasn’t easy for Chelsea to focus on Luton tie | Richmond and Twickenham Times,""
ukraine,2022-03-03,richmondandtwickenhamtimes.co.uk,https://www.richmondandtwickenhamtimes.co.uk/news/19964840.20m-must-be-won-jackpot-grabs-saturday/,£20m ‘must-be-won’ jackpot up for grabs on Saturday | Richmond and Twickenham Times,""
ukraine,2022-03-04,richmondandtwickenhamtimes.co.uk,https://www.richmondandtwickenhamtimes.co.uk/news/19968155.boreham-wood-ready-celebrate-cup-run-despite-disappointment-everton-defeat/,Boreham Wood ready to celebrate cup run despite disappointment at Everton defeat | Richmond and Twickenham Times,""
ukraine,2022-03-04,richmondandtwickenhamtimes.co.uk,https://www.richmondandtwickenhamtimes.co.uk/news/national/uk-today/19967300.crystal-maze-manchester-opens-wedding-venue-2022/,The Crystal Maze Manchester opens up as wedding venue for 2022 | Richmond and Twickenham Times,""
ukraine,2022-03-04,richmondandtwickenhamtimes.co.uk,https://www.richmondandtwickenhamtimes.co.uk/news/19968123.jamie-george-vital-role-play-england---richard-cockerill/,Jamie George has ‘vital’ role to play for England – Richard Cockerill | Richmond and Twickenham Times,""
ukraine,2022-03-04,richmondandtwickenhamtimes.co.uk,https://www.richmondandtwickenhamtimes.co.uk/news/19968133.boreham-woods-fa-cup-run-ended-salomon-rondon-double-sends-everton/,Boreham Wood’s FA Cup run ended as Salomon Rondon double sends Everton through | Richmond and Twickenham Times,""
ukraine,2022-03-04,richmondandtwickenhamtimes.co.uk,https://www.richmondandtwickenhamtimes.co.uk/news/national/19968084.ex-police-officer-cleared-wanton-endangerment-breonna-taylor-death/,Ex-police officer cleared of wanton endangerment over Breonna Taylor death | Richmond and Twickenham Times,""
ukraine,2022-03-04,richmondandtwickenhamtimes.co.uk,https://www.richmondandtwickenhamtimes.co.uk/news/19968055.middlesbrough-handed-chelsea-tie-knocking-man-utd-spurs-fa-cup/,Middlesbrough handed Chelsea tie after knocking Man Utd and Spurs out of FA Cup | Richmond and Twickenham Times,""
ukraine,2022-03-04,richmondandtwickenhamtimes.co.uk,https://www.richmondandtwickenhamtimes.co.uk/news/19968150.george-ezra-documentary-among-uk-global-screen-fund-award-winners/,George Ezra documentary among UK Global Screen Fund award winners | Richmond and Twickenham Times,""
ukraine,2022-03-04,richmondandtwickenhamtimes.co.uk,https://www.richmondandtwickenhamtimes.co.uk/news/19968113.ollie-robinson-mark-wood-give-england-fitness-worry-ahead-windies-tests/,Ollie Robinson and Mark Wood give England fitness worry ahead of Windies Tests | Richmond and Twickenham Times,""
ukraine,2022-03-04,richmondandtwickenhamtimes.co.uk,https://www.richmondandtwickenhamtimes.co.uk/news/national/uk-today/19968097.will-kylie-minogue-return-neighbours-final-episode-soap-axed-37-years/,Will Kylie Minogue return to Neighbours? Singer pays tribute as Channel 5 soap is axed | Richmond and Twickenham Times,""
ukraine,2022-03-04,richmondandtwickenhamtimes.co.uk,https://www.richmondandtwickenhamtimes.co.uk/news/19968148.michael-van-gerwen-routs-peter-wright-final-finding-premier-league-form/,Michael Van Gerwen routs Peter Wright in final after finding Premier League form | Richmond and Twickenham Times,""
ukraine,2022-03-04,richmondandtwickenhamtimes.co.uk,https://www.richmondandtwickenhamtimes.co.uk/news/national/19968151.wales-see-removal-legal-covid-measures-end-march/,Wales could see removal of legal Covid measures by end of March | Richmond and Twickenham Times,""
ukraine,2022-03-04,richmondandtwickenhamtimes.co.uk,https://www.richmondandtwickenhamtimes.co.uk/news/national/uk-today/19968087.bbcs-apprentice-episode-9-happened-fired/,BBC's The Apprentice episode 9: what happened and who was fired? | Richmond and Twickenham Times,""
ukraine,2022-03-04,richmondandtwickenhamtimes.co.uk,https://www.richmondandtwickenhamtimes.co.uk/news/19968139.story-schoolboy-imposter-pushes-buttons---cumming/,Story of schoolboy imposter ‘pushes all our buttons’ – Cumming | Richmond and Twickenham Times,""
ukraine,2022-03-04,richmondandtwickenhamtimes.co.uk,https://www.richmondandtwickenhamtimes.co.uk/news/19968122.polls-close-really-tight-erdington-by-election/,Polls close in ‘really tight’ Erdington by-election | Richmond and Twickenham Times,""
ukraine,2022-03-04,richmondandtwickenhamtimes.co.uk,https://www.richmondandtwickenhamtimes.co.uk/news/national/19968112.hundreds-londoners-hold-vigil-sarah-everard-one-year-abduction/,Hundreds of Londoners hold vigil for Sarah Everard one year after abduction | Richmond and Twickenham Times,""
venezuela,2025-01-04,richmondandtwickenhamtimes.co.uk,https://www.richmondandtwickenhamtimes.co.uk/news/national/uk-today/24832888.bbcs-traitors-see-latest-contestant-banished/,BBC’s The Traitors: see the latest contestant to be banished | Richmond and Twickenham Times,""
venezuela,2025-01-04,richmondandtwickenhamtimes.co.uk,https://www.richmondandtwickenhamtimes.co.uk/news/national/24832896.new-orleans-attacker-suspected-bomb-materials-home-officials-say/,"New Orleans attacker had suspected bomb materials at home, officials say | Richmond and Twickenham Times",""
venezuela,2025-01-04,richmondandtwickenhamtimes.co.uk,https://www.richmondandtwickenhamtimes.co.uk/news/national/24832883.cornwall-health-services-declare-critical-incident-amid-significant-pressure/,Cornwall health services declare critical incident amid ‘significant pressure’ | Richmond and Twickenham Times,""
venezuela,2025-01-04,richmondandtwickenhamtimes.co.uk,https://www.richmondandtwickenhamtimes.co.uk/news/national/24832874.judge-sets-trumps-sentencing-date-hush-money-case-signals-no-jail-time/,Judge sets Trump’s sentencing date in hush money case but signals no jail time | Richmond and Twickenham Times,""
venezuela,2025-01-04,richmondandtwickenhamtimes.co.uk,https://www.richmondandtwickenhamtimes.co.uk/news/national/24832819.tommy-robinson-not-need-says-reform-uk-leader-nigel-farage/,"Tommy Robinson ‘not what we need’, says Reform UK leader Nigel Farage | Richmond and Twickenham Times",""
venezuela,2025-01-04,richmondandtwickenhamtimes.co.uk,https://www.richmondandtwickenhamtimes.co.uk/news/national/24832830.republican-mike-johnson-re-elected-house-speaker-dramatic-floor-vote/,Republican Mike Johnson re-elected House speaker after dramatic floor vote | Richmond and Twickenham Times,""
venezuela,2025-01-04,richmondandtwickenhamtimes.co.uk,https://www.richmondandtwickenhamtimes.co.uk/news/national/24831873.donald-trump-says-uks-retreat-north-sea-oil-gas-big-mistake/,Donald Trump says UK’s retreat from North Sea oil and gas is a ‘big mistake’ | Richmond and Twickenham Times,""
venezuela,2025-01-04,richmondandtwickenhamtimes.co.uk,https://www.richmondandtwickenhamtimes.co.uk/news/national/24832873.gloves-off-reform-uk-sets-sights-badenochs-constituency---farage/,‘Gloves are off’ as Reform UK sets sights on Badenoch’s constituency – Farage | Richmond and Twickenham Times,""
venezuela,2025-01-04,richmondandtwickenhamtimes.co.uk,https://www.richmondandtwickenhamtimes.co.uk/news/national/uk-today/24832872.traitors-fans-guess-next-contestant-banished/,The Traitors fans guess at next contestant to be banished | Richmond and Twickenham Times,""
gaza,2023-10-12,somersetcountygazette.co.uk,https://www.somersetcountygazette.co.uk/news/national/uk-today/23824585.wordle-today-wordle-845-october-12-hints-todays-answer/,Wordle today: Wordle 845 October 12 hints and today's answer | Somerset County Gazette,""
gaza,2023-10-12,somersetcountygazette.co.uk,https://www.somersetcountygazette.co.uk/news/national/23849941.samples-asteroid-key-secrets-building-blocks-life---nasa/,Samples from asteroid could be key to secrets of building blocks of life – Nasa | Somerset County Gazette,""
gaza,2023-10-12,somersetcountygazette.co.uk,https://www.somersetcountygazette.co.uk/news/national/23850041.rob-rinder-makes-emotional-plea-kindness-death-israeli-friends/,Rob Rinder makes emotional plea for kindness after death of Israeli friends | Somerset County Gazette,""
gaza,2023-10-12,somersetcountygazette.co.uk,https://www.somersetcountygazette.co.uk/news/national/23849940.netanyahu-says-israel-will-crush-destroy-hamas/,Netanyahu says Israel will ‘crush and destroy’ Hamas | Somerset County Gazette,""
gaza,2023-10-12,somersetcountygazette.co.uk,https://www.somersetcountygazette.co.uk/news/national/uk-today/23849804.euromillions-winner-spent-108m-fortune-renovating-estate/,EuroMillions winner spent £108m fortune renovating estate | Somerset County Gazette,""
gaza,2023-10-17,somersetcountygazette.co.uk,https://www.somersetcountygazette.co.uk/news/national/23859725.government-must-soon-make-visa-funding-decisions-ukrainians-uk---nao/,Government must soon make visa and funding decisions for Ukrainians in UK – NAO | Somerset County Gazette,""
gaza,2023-10-17,somersetcountygazette.co.uk,https://www.somersetcountygazette.co.uk/news/national/23859722.pupils-england-sit-digital-gcse-exams-2026-proposals/,Pupils in England could sit digital GCSE exams from 2026 under proposals | Somerset County Gazette,""
gaza,2023-10-17,somersetcountygazette.co.uk,https://www.somersetcountygazette.co.uk/news/national/23859724.social-housing-complaints-probed-ombudsman-hit-record-high/,Social housing complaints probed by ombudsman hit record high | Somerset County Gazette,""
gaza,2023-10-17,somersetcountygazette.co.uk,https://www.somersetcountygazette.co.uk/news/national/23859720.climate-tech-investment-falls-40-amid-economic-uncertainty---report/,Climate tech investment falls by 40% amid economic uncertainty – report | Somerset County Gazette,""
gaza,2023-10-17,somersetcountygazette.co.uk,https://www.somersetcountygazette.co.uk/news/national/23859721.humza-yousaf-pledge-300-million-cut-nhs-waiting-lists-scotland/,Humza Yousaf to pledge £300 million to cut NHS waiting lists in Scotland | Somerset County Gazette,""
gaza,2023-10-17,somersetcountygazette.co.uk,https://www.somersetcountygazette.co.uk/news/national/uk-today/23856905.wordle-today-wordle-850-october-17-hints-todays-answer/,Wordle today: Wordle 850 October 17 hints and today's answer | Somerset County Gazette,""
gaza,2023-10-17,somersetcountygazette.co.uk,https://www.somersetcountygazette.co.uk/news/national/23859719.teen-sisters-among-britons-missing-israel-gaza-aid-efforts-continue/,Teen sisters among Britons missing from Israel as Gaza aid efforts continue | Somerset County Gazette,""
gaza,2023-10-17,somersetcountygazette.co.uk,https://www.somersetcountygazette.co.uk/news/national/23859723.close-ai-confidence-gap-make-powerful-force-good-say-experts/,"Close AI ‘confidence gap’ to make it a powerful force for good, say experts | Somerset County Gazette",""
gaza,2023-10-17,somersetcountygazette.co.uk,https://www.somersetcountygazette.co.uk/news/national/uk-today/23859641.warning-risks-cash-stuffing-budgeting-trend/,Warning on risks with cash stuffing budgeting trend | Somerset County Gazette,""
ukraine,2022-02-24,somersetcountygazette.co.uk,https://www.somersetcountygazette.co.uk/news/19947513.ukraine-rebel-leaders-ask-russia-fend-off-aggression-kremlin-says/,"Ukraine rebel leaders ask Russia to fend off ‘aggression’, Kremlin says | Somerset County Gazette",""
ukraine,2022-02-24,somersetcountygazette.co.uk,https://www.somersetcountygazette.co.uk/news/19947518.bruno-lage-always-knew-fearless-fighter-raul-jimenez-lead-frontline/,Bruno Lage always knew fearless fighter Raul Jimenez would lead frontline again | Somerset County Gazette,""
ukraine,2022-02-24,somersetcountygazette.co.uk,https://www.somersetcountygazette.co.uk/news/19947502.england-star-ben-youngs-enthusiasm-good-blueprint-anyone---ellis-genge/,England star Ben Youngs’ enthusiasm is good blueprint for anyone – Ellis Genge | Somerset County Gazette,""
ukraine,2022-02-24,somersetcountygazette.co.uk,https://www.somersetcountygazette.co.uk/news/19947550.ralf-rangnick-urges-manchester-united-players-try-emulate-anthony-elanga/,Ralf Rangnick urges Manchester United players to try to emulate Anthony Elanga | Somerset County Gazette,""
ukraine,2022-02-24,somersetcountygazette.co.uk,https://www.somersetcountygazette.co.uk/news/19947530.patrick-vieira-hails-wilfried-zahas-best-palace-performance-since-took/,Patrick Vieira hails Wilfried Zaha’s best Palace performance since he took over | Somerset County Gazette,""
ukraine,2022-02-24,somersetcountygazette.co.uk,https://www.somersetcountygazette.co.uk/news/19947548.snow-lightning-warnings-severe-flooding-risks-remain/,Snow and lightning warnings as severe flooding risks remain | Somerset County Gazette,""
ukraine,2022-02-24,somersetcountygazette.co.uk,https://www.somersetcountygazette.co.uk/news/19947539.canadas-justin-trudeau-removes-emergency-powers-blockades-ended/,Canada’s Justin Trudeau removes emergency powers after blockades ended | Somerset County Gazette,""
ukraine,2022-02-24,somersetcountygazette.co.uk,https://www.somersetcountygazette.co.uk/news/19947543.sir-jeffrey-donaldson-denies-considered-rejoining-ulster-unionists/,Sir Jeffrey Donaldson denies that he considered rejoining Ulster Unionists | Somerset County Gazette,""
ukraine,2022-02-24,somersetcountygazette.co.uk,https://www.somersetcountygazette.co.uk/news/national/19947516.starmer-promises-harness-white-heat-technological-change/,Starmer promises to harness the ‘white heat’ of technological change | Somerset County Gazette,""
ukraine,2022-03-02,somersetcountygazette.co.uk,https://www.somersetcountygazette.co.uk/news/19961989.uk-sanctions-applied-aiming-degrade-russias-economy/,Further UK sanctions applied aiming to ‘degrade’ Russia’s economy | Somerset County Gazette,""
ukraine,2022-03-02,somersetcountygazette.co.uk,https://www.somersetcountygazette.co.uk/news/national/19961957.russian-media-outlet-rt-will-no-longer-available-sky---culture-secretary/,Russian media outlet RT will no longer be available on Sky – Culture Secretary | Somerset County Gazette,""
ukraine,2022-03-02,somersetcountygazette.co.uk,https://www.somersetcountygazette.co.uk/news/national/19961851.pm-tells-british-troops-deployment-estonia-fundamental-security/,PM tells British troops their deployment in Estonia is ‘fundamental’ to security | Somerset County Gazette,""
ukraine,2022-03-02,somersetcountygazette.co.uk,https://www.somersetcountygazette.co.uk/news/19962009.middlesbrough-sink-tottenham-join-premier-league-duo-fa-cup-quarter-finals/,Middlesbrough sink Tottenham to join Premier League duo in FA Cup quarter-finals | Somerset County Gazette,""
ukraine,2022-03-02,somersetcountygazette.co.uk,https://www.somersetcountygazette.co.uk/news/19962020.novak-djokovic-splits-coach-marian-vajda/,Novak Djokovic splits from coach Marian Vajda | Somerset County Gazette,""
ukraine,2022-03-02,somersetcountygazette.co.uk,https://www.somersetcountygazette.co.uk/news/national/19961934.teenage-girl-seriously-injured-liverpool-shooting/,Teenage girl seriously injured in Liverpool shooting | Somerset County Gazette,""
ukraine,2022-03-02,somersetcountygazette.co.uk,https://www.somersetcountygazette.co.uk/news/19961945.world-chaos-power-unity-says-delia-smith/,"The world is in chaos but there is power in unity, says Delia Smith | Somerset County Gazette",""
ukraine,2022-03-02,somersetcountygazette.co.uk,https://www.somersetcountygazette.co.uk/news/19961997.incredible-impact---jurgen-klopp-hails-neuroscience-experts-record-cup-win/,Incredible impact – Jurgen Klopp hails neuroscience experts after record cup win | Somerset County Gazette,""
ukraine,2022-03-02,somersetcountygazette.co.uk,https://www.somersetcountygazette.co.uk/news/19961958.jairo-riedewald-unlikely-hero-crystal-palace-see-off-stoke/,Jairo Riedewald the unlikely hero as Crystal Palace see off Stoke | Somerset County Gazette,""
ukraine,2022-03-02,somersetcountygazette.co.uk,https://www.somersetcountygazette.co.uk/news/national/19960384.jaguar-land-rover-suspends-sales-russia/,Jaguar Land Rover suspends sales to Russia | Somerset County Gazette,""
ukraine,2022-03-02,somersetcountygazette.co.uk,https://www.somersetcountygazette.co.uk/news/19962008.biden-state-union-dictators-must-pay-price/,Biden in State of the Union: Dictators must ‘pay a price’ | Somerset County Gazette,""
venezuela,2024-12-29,somersetcountygazette.co.uk,https://www.somersetcountygazette.co.uk/news/national/24821847.firefighters-passengers-hurt-train-hits-fire-truck-crossing/,Firefighters and passengers hurt after train hits fire truck on crossing | Somerset County Gazette,""
venezuela,2024-12-29,somersetcountygazette.co.uk,https://www.somersetcountygazette.co.uk/news/national/24821845.third-arrest-murder-probe-man-hit-car-christmas-day/,Third arrest in murder probe after man hit by car on Christmas Day | Somerset County Gazette,""
venezuela,2024-12-29,somersetcountygazette.co.uk,https://www.somersetcountygazette.co.uk/news/national/24821833.pioneering-model-dayle-haddon-dies-suspected-carbon-monoxide-leak/,Pioneering model Dayle Haddon dies after suspected carbon monoxide leak | Somerset County Gazette,""
venezuela,2024-12-29,somersetcountygazette.co.uk,https://www.somersetcountygazette.co.uk/news/national/24821819.flight-disruption-thick-fog-expected-sunday/,Flight disruption because of thick fog expected until Sunday | Somerset County Gazette,""
venezuela,2024-12-29,somersetcountygazette.co.uk,https://www.somersetcountygazette.co.uk/news/national/24821842.judi-dench-reveals-tree-honour-maggie-smith-bore-fruit-day-funeral/,Judi Dench reveals tree in honour of Maggie Smith bore fruit on day of funeral | Somerset County Gazette,""
venezuela,2024-12-29,somersetcountygazette.co.uk,https://www.somersetcountygazette.co.uk/news/national/24821785.rail-disruption-warning-following-theft-high-voltage-cable-worth-100-000/,"Rail disruption warning following theft of high-voltage cable worth £100,000 | Somerset County Gazette",""
gaza,2023-10-07,thetimes.co.uk,https://www.thetimes.co.uk/article/christopher-potter-83-enthusiastic-headmaster-who-taught-archaeology-w8flnbwxn,"Christopher Potter, 83: Enthusiastic headmaster who taught archaeology",""
gaza,2023-10-07,thetimes.co.uk,https://www.thetimes.co.uk/article/scotrail-services-halted-as-heavy-rain-sweeps-in-qzqv63dj7,ScotRail services halted as heavy rain sweeps in,""
gaza,2023-10-07,thetimes.co.uk,https://www.thetimes.co.uk/article/those-who-shape-our-society-turn-a-blind-eye-to-people-of-faith-dstrjd3mw,Those who shape our society turn a blind eye to people of faith,""
gaza,2023-10-07,thetimes.co.uk,https://www.thetimes.co.uk/article/the-ukrainian-soldier-using-art-to-process-war-horrors-qp37w85nm,The Ukrainian soldier using art to process war horrors,""
gaza,2023-10-07,thetimes.co.uk,https://www.thetimes.co.uk/article/25-of-the-best-hotels-in-the-indian-ocean-6wr0xq67z,25 of the best hotels in the Indian Ocean,""
gaza,2023-10-07,thetimes.co.uk,https://www.thetimes.co.uk/article/insurer-withdraws-cover-for-suppliers-to-barclay-familys-very-group-7xkbl6rs5,Insurer withdraws cover for suppliers to Barclay family’s Very Group,""
gaza,2023-10-07,thetimes.co.uk,https://www.thetimes.co.uk/article/the-secret-life-of-john-le-carre-by-adam-sisman-review-ln38520qr,The Secret Life of John le Carré by Adam Sisman review — affairs were the secret of his success,Q:
gaza,2023-10-07,thetimes.co.uk,https://www.thetimes.co.uk/article/mikel-arteta-is-taking-the-sir-alex-ferguson-path-to-greatness-z0902mbcf,Mikel Arteta is taking the Sir Alex Ferguson path to greatness,""
gaza,2023-10-07,thetimes.co.uk,https://www.thetimes.co.uk/article/how-stop-shouting-children-kids-discipline-3qqgnbbsh,Why shouting at your child is damaging — and what to do instead,Q:
gaza,2023-10-07,thetimes.co.uk,https://www.thetimes.co.uk/article/he-changed-my-mind-about-marriage-cbf6zzmfs,‘He changed my mind about marriage’,""
gaza,2023-10-07,thetimes.co.uk,https://www.thetimes.co.uk/article/hipgnosis-executive-put-on-leave-after-sex-assault-claim-sdzkm3gjz,Hipgnosis executive put on leave after sex assault claim,Q:
gaza,2023-10-07,thetimes.co.uk,https://www.thetimes.co.uk/article/among-the-headaches-facing-rishi-sunak-the-row-over-medicines-is-a-big-one-26zlgg0rj,"Among the headaches facing Rishi Sunak, the row over medicines is a big one",""
gaza,2023-10-07,thetimes.co.uk,https://www.thetimes.co.uk/article/royal-college-of-music-investigating-misconduct-complaints-8nhkp0qx6,Royal College of Music investigating misconduct complaints,Q:
gaza,2023-10-07,thetimes.co.uk,https://www.thetimes.co.uk/article/4638b118-629c-11ee-aae8-b941e584b333,"The Times Saturday Quiz: October 7, 2023",""
gaza,2023-10-07,thetimes.co.uk,https://www.thetimes.co.uk/article/labour-ready-to-target-40-scottish-seats-at-general-election-2jvbj7pgh,Labour ready to target 40 Scottish seats at general election,""
gaza,2023-10-07,thetimes.co.uk,https://www.thetimes.co.uk/article/16-best-beauty-multitaskers-autumn-2023-fkfwrqmdm,16 best multitasking beauty products to save you time and money,Q:
gaza,2023-10-07,thetimes.co.uk,https://www.thetimes.co.uk/article/must-win-international-jack-dempsey-has-been-there-and-got-the-jersey-5nqj8gnff,Must-win international? Jack Dempsey has been there and got the jersey,""
gaza,2023-10-07,thetimes.co.uk,https://www.thetimes.co.uk/article/who-is-banksy-identity-artist-london-dnnx6rrsc,Who is Banksy? Street artist could be forced to reveal true identity,""
gaza,2023-10-07,thetimes.co.uk,https://www.thetimes.co.uk/article/the-week-in-pictures-scotland-856q5fqkv,The week in pictures: Scotland,""
gaza,2023-10-07,thetimes.co.uk,https://www.thetimes.co.uk/article/pension-boost-uk-how-worth-it-age-b0lr9mt38,"Best way to boost your pension in your 20s, 30s and 40s",""
gaza,2023-10-07,thetimes.co.uk,https://www.thetimes.co.uk/article/supermarket-loyalty-card-discount-deals-bad-wallet-money-j3wvhkqft,Revealed: Loyalty card discounts might be bad for your wallet,""
gaza,2023-10-07,thetimes.co.uk,https://www.thetimes.co.uk/article/the-times-diary-uneasy-lies-the-head-hxw5zpltm,The Times Diary: Uneasy lies the head . . .,""
gaza,2023-10-07,thetimes.co.uk,https://www.thetimes.co.uk/article/chaotic-ferries-make-it-hard-to-paint-my-beloved-scottish-islands-says-artist-jr3857zqd,"Chaotic ferries make it hard to paint my beloved Scottish islands, says artist",Q:
gaza,2023-10-07,thetimes.co.uk,https://www.thetimes.co.uk/article/our-week-the-tory-party-d908tb8sh,Our Week: The Tory Party*,""
gaza,2023-10-07,thetimes.co.uk,https://www.thetimes.co.uk/article/bbc-boss-jimmy-savile-cover-up-newsnight-d6mdxjbm7,BBC boss defends Savile drama for not addressing Newsnight omission,Q:
gaza,2023-10-07,thetimes.co.uk,https://www.thetimes.co.uk/article/historic-stirling-clock-tower-pulled-down-overnight-must-be-rebuilt-c7g5t83c6,Historic Stirling clock tower ‘pulled down overnight’ must be rebuilt,""
gaza,2023-10-07,thetimes.co.uk,https://www.thetimes.co.uk/article/i-m-a-6-music-dad-and-proud-don-t-laugh-at-me-tw8xrvn9t,I’m a ‘6 Music Dad’ and proud — don’t laugh at me,Q:
gaza,2023-10-07,thetimes.co.uk,https://www.thetimes.co.uk/article/sackler-family-oxycontin-opioid-drug-scandal-british-connection-q3wd30s35,The Sackler family opioid crisis — and a fortune donated in Britain,""
gaza,2023-10-07,thetimes.co.uk,https://www.thetimes.co.uk/article/mother-pukka-divorce-husband-parenting-family-qwtkbpfrt,"Yes, we’re getting a divorce. No, we’re not sad",Q:
gaza,2023-10-07,thetimes.co.uk,https://www.thetimes.co.uk/article/inspiral-set-to-give-frankie-dettori-more-glory-in-sun-chariot-cgmtbtbfq,Inspiral set to give Frankie Dettori more glory in Sun Chariot,""
gaza,2023-10-07,thetimes.co.uk,https://www.thetimes.co.uk/article/metro-bank-lifted-by-prospect-of-asset-sale-tlltmd2q0,Metro Bank lifted by prospect of asset sale,Q:
gaza,2023-10-07,thetimes.co.uk,https://www.thetimes.co.uk/article/its-been-one-of-the-happiest-years-homes-for-ukraine-scheme-18-months-on-grz9l7zz6,‘It’s been one of the happiest years’: Homes for Ukraine scheme 18 months on,""
gaza,2023-10-07,thetimes.co.uk,https://www.thetimes.co.uk/article/musk-is-sued-to-make-him-testify-over-twitter-deal-rxfbrjc7d,Musk is sued to make him testify over Twitter deal,""
gaza,2023-10-07,thetimes.co.uk,https://www.thetimes.co.uk/article/heavy-metal-badger-by-duncan-beedie-review-r278th7sj,Heavy Metal Badger by Duncan Beedie review – a treat for headbanging tots,Q:
gaza,2023-10-07,thetimes.co.uk,https://www.thetimes.co.uk/article/directors-at-edinburgh-fund-manager-walter-scott-partners-share-22m-s0fkdbsfl,Four directors at Edinburgh fund manager Walter Scott share £22m,""
gaza,2023-10-07,thetimes.co.uk,https://www.thetimes.co.uk/article/times-letters-plan-to-replace-a-levels-with-five-subjects-f6g8s8ns2,Times letters: Plan to replace A-levels with five subjects,""
gaza,2023-10-07,thetimes.co.uk,https://www.thetimes.co.uk/article/mhairi-black-threatened-to-quit-as-snp-mp-over-choice-of-successor-mvdsqllb3,Mhairi Black ‘threatened to quit as SNP MP’ over choice of successor,""
gaza,2023-10-07,thetimes.co.uk,https://www.thetimes.co.uk/article/middle-aged-men-therapy-mental-health-benefits-hfw6lvnw3,Why more middle-aged men are going to therapy,""
gaza,2023-10-07,thetimes.co.uk,https://www.thetimes.co.uk/article/physician-associates-told-they-must-not-call-themselves-doctors-hktnlxkrq,Physician associates told they must not call themselves doctors,""
gaza,2023-10-07,thetimes.co.uk,https://www.thetimes.co.uk/article/jd-wetherspoon-toasts-return-to-profit-5rcdgt5r3,JD Wetherspoon toasts return to profit,""
gaza,2023-10-07,thetimes.co.uk,https://www.thetimes.co.uk/article/avo-out-as-diners-get-a-taste-for-peas-on-toast-qrc3z9x7t,Avo out as diners get a taste for peas on toast,""
gaza,2023-10-07,thetimes.co.uk,https://www.thetimes.co.uk/article/ftx-co-founder-tells-court-sam-bankman-fried-lied-to-crypto-exchange-customers-vwsf587bv,FTX co-founder tells court Sam Bankman-Fried lied to crypto exchange customers,""
gaza,2023-10-07,thetimes.co.uk,https://www.thetimes.co.uk/article/millennial-women-cannot-afford-motherhood-babies-c5x8vgds9,‘I would like to have a baby but the costs are too high’,""
gaza,2023-10-07,thetimes.co.uk,https://www.thetimes.co.uk/article/invest-diageo-news-share-price-g8r9fq9fd,Why I’m finally investing in Diageo shares,""
gaza,2023-10-07,thetimes.co.uk,https://www.thetimes.co.uk/article/sleep-apnoea-device-needs-more-tests-philips-told-075tbb56k,"Sleep apnoea device needs more tests, Philips told",""
gaza,2023-10-07,thetimes.co.uk,https://www.thetimes.co.uk/article/suicide-camp-army-military-base-female-soldier-men-girls-3pn2gkhx7,Death of teen soldier among string of scandals at Larkhill Camp,""
gaza,2023-10-07,thetimes.co.uk,https://www.thetimes.co.uk/article/macquarie-offshore-wind-farm-stake-could-be-worth-750m-7dl2v7llp,Macquarie offshore wind farm stake could be worth £750m,""
gaza,2023-10-07,thetimes.co.uk,https://www.thetimes.co.uk/article/humza-yousaf-press-pause-scottish-independence-zk9dcxldj,SNP figures urge Humza Yousaf to pause independence push,""
gaza,2023-10-07,thetimes.co.uk,https://www.thetimes.co.uk/article/uk-shortage-adhd-medication-tablet-ration-g99jlh87p,National shortage of ADHD medication forces users to ration tablets,Patients with ADHD are being forced to cut back on their medication amid national shortages of the drugs.
gaza,2023-10-07,thetimes.co.uk,https://www.thetimes.co.uk/article/the-times-saturday-quiz-october-7-2023-09dbnv7q2,"The Times Saturday Quiz: October 7, 2023",""
gaza,2023-10-07,thetimes.co.uk,https://www.thetimes.co.uk/article/irish-pm-leo-varadkar-accuses-britain-of-disengaging-from-the-world-plqkr3whf,Irish PM Leo Varadkar accuses Britain of ‘disengaging from the world’,""
gaza,2023-10-07,thetimes.co.uk,https://www.thetimes.co.uk/article/best-places-to-eat-and-drink-in-scotland-this-week-qlntwz8rk,Best places to eat and drink in Scotland this week,""
gaza,2023-10-07,thetimes.co.uk,https://www.thetimes.co.uk/article/domes-of-corfu-hotel-review-serenity-rules-at-a-family-resort-pw080h7fz,Domes of Corfu hotel review: serenity rules at a family resort,""
gaza,2023-10-07,thetimes.co.uk,https://www.thetimes.co.uk/article/manu-tuilagi-in-right-slot-to-show-powers-against-land-of-birth-6vvzk6tb5,Manu Tuilagi in right slot to show powers against land of birth,""
gaza,2023-10-07,thetimes.co.uk,https://www.thetimes.co.uk/article/shell-set-to-bounce-back-after-traders-recover-momentum-0rhr97nfq,Shell set to bounce back after traders recover momentum,""
gaza,2023-10-07,thetimes.co.uk,https://www.thetimes.co.uk/article/police-misgender-rapists-in-cps-referrals-62j6bfw2c,Police misgender rapists in CPS referrals,""
gaza,2023-10-07,thetimes.co.uk,https://www.thetimes.co.uk/article/purple-shrubs-my-top-picks-for-autumn-9t63v9b3j,Purple shrubs: my top picks for autumn,Q:
gaza,2023-10-07,thetimes.co.uk,https://www.thetimes.co.uk/article/dame-sonia-proudman-73-high-court-judge-whose-intellectual-flair-matched-her-dress-sense-5cswsq57r,"Dame Sonia Proudman, 73: High Court judge whose intellectual flair matched her dress sense",""
gaza,2023-10-07,thetimes.co.uk,https://www.thetimes.co.uk/article/bezos-fires-warning-to-rival-with-first-space-satellite-launch-89cvlwbhr,Bezos fires warning to rival with first space satellite launch,""
gaza,2023-10-07,thetimes.co.uk,https://www.thetimes.co.uk/article/balance-sheet-at-de-la-rue-has-a-bit-more-shine-50jm5kqx5,Balance sheet at De La Rue has a bit more shine,""
gaza,2023-10-07,thetimes.co.uk,https://www.thetimes.co.uk/article/glasgow-gang-who-sold-drugs-on-snapchat-jailed-ffbhjrql6,Glasgow gang who sold drugs on Snapchat jailed,""
gaza,2023-10-07,thetimes.co.uk,https://www.thetimes.co.uk/article/bbc-blocks-chatgpt-from-using-its-content-358wz5kvj,BBC blocks ChatGPT from using its content,Q:
gaza,2023-10-07,thetimes.co.uk,https://www.thetimes.co.uk/article/comedy-wildlife-photography-awards-flight-of-the-leopard-and-more-pdpv0d6d6,Comedy Wildlife Photography Awards: flight of the leopard and more,Q:
gaza,2023-10-07,thetimes.co.uk,https://www.thetimes.co.uk/article/remembrance-of-things-past-halts-turbines-in-proust-country-gzs5p58cl,Remembrance of things past halts turbines in Proust country,""
gaza,2023-10-07,thetimes.co.uk,https://www.thetimes.co.uk/article/bbc-to-end-top-gear-after-freddie-flintoffs-near-fatal-crash-xdz0ggln8,BBC to end Top Gear after Freddie Flintoff’s near- fatal crash,""
gaza,2023-10-07,thetimes.co.uk,https://www.thetimes.co.uk/article/bavarias-mini-trump-pledges-to-make-it-big-in-the-bundestag-wwzzf8nbd,Bavaria’s ‘mini Trump’ pledges to make it big in the Bundestag,""
gaza,2023-10-07,thetimes.co.uk,https://www.thetimes.co.uk/article/robert-crampton-childhood-nostalgia-whistling-fake-burps-0dp0cghm6,"I’m 59, yet part of me still wants to be a Jack-the-lad",Q:
gaza,2023-10-07,thetimes.co.uk,https://www.thetimes.co.uk/article/hs2-land-sale-whitworth-hall-sunak-scrapped-rail-project-w0p8nnldw,Land in HS2 path still being bought days before line scrapped,""
gaza,2023-10-07,thetimes.co.uk,https://www.thetimes.co.uk/article/the-new-microcamps-that-give-guests-private-access-safaris-hmhqcq9bt,The new microcamps that give guests private-access safaris,""
gaza,2023-10-07,thetimes.co.uk,https://www.thetimes.co.uk/article/sir-john-ure-obituary-p6zmwhhtq,Sir John Ure obituary,""
gaza,2023-10-07,thetimes.co.uk,https://www.thetimes.co.uk/article/eruptions-can-raise-global-temperatures-kdzfmp9rq,Eruptions can raise global temperatures,""
gaza,2023-10-07,thetimes.co.uk,https://www.thetimes.co.uk/article/your-three-minute-digest-ptfwdqmjv,Your three-minute digest,""
gaza,2023-10-07,thetimes.co.uk,https://www.thetimes.co.uk/article/flying-scotsman-back-on-track-after-shunting-crash-5xxcdjbh2,Flying Scotsman back on track after shunting crash,""
gaza,2023-10-07,thetimes.co.uk,https://www.thetimes.co.uk/article/best-savings-rates-ns-and-i-uk-news-fixed-account-wmxz9w00n,Who has the best savings rates now NS&I’s table-topper has gone?,""
gaza,2023-10-07,thetimes.co.uk,https://www.thetimes.co.uk/article/labour-retreating-into-miserable-managerialism-says-unite-leader-s9fbdzxpp,"Labour retreating into miserable managerialism, says Unite leader",""
gaza,2023-10-07,thetimes.co.uk,https://www.thetimes.co.uk/article/snp-juggernaut-comes-off-the-rails-as-labour-mp-gets-a-new-friend-l33tb7m53,SNP juggernaut comes off the rails as Labour MP gets a ‘new friend’,""
gaza,2023-10-07,thetimes.co.uk,https://www.thetimes.co.uk/article/sam-tomkins-seals-dragons-path-to-final-to-set-up-chance-of-fairytale-farewell-rlb9wg0sx,Sam Tomkins seals Dragons’ path to final to set up chance of fairytale farewell,""
gaza,2023-10-07,thetimes.co.uk,https://www.thetimes.co.uk/article/melanie-reid-wheelchair-petrol-powered-6bpcrc3fd,My wheelchair batteries conk out. I’m powerless and full of Fomo,Q:
gaza,2023-10-07,thetimes.co.uk,https://www.thetimes.co.uk/article/paralympians-still-hold-a-flame-for-stoke-mandeville-pioneer-653kbqjx5,Paralympians still hold a flame for Stoke Mandeville pioneer,""
gaza,2023-10-07,thetimes.co.uk,https://www.thetimes.co.uk/article/parking-app-news-uk-by-phone-ringo-fine-tlzpjlkf2,Welcome to the parking revolution — but only if you have the app,""
gaza,2023-10-07,thetimes.co.uk,https://www.thetimes.co.uk/article/picasso-and-warhol-paintings-seized-from-terrorism-financier-xhkh09mt0,Picasso and Warhol paintings seized from ‘terrorism financier’,""
gaza,2023-10-07,thetimes.co.uk,https://www.thetimes.co.uk/article/donald-trump-white-supremacist-migrants-poison-country-us-0ds7b6kbw,Donald Trump: Migrants are poisoning the blood of our country,""
gaza,2023-10-07,thetimes.co.uk,https://www.thetimes.co.uk/article/unfinished-woman-by-robyn-davidson-review-s7mxhmvdj,Unfinished Woman by Robyn Davidson review — the zigzagging life of an outback adventurer,Q:
gaza,2023-10-07,thetimes.co.uk,https://www.thetimes.co.uk/article/my-ultimate-romantic-road-trip-around-the-scottish-highlands-955xnhr9p,My ultimate romantic road trip around the Scottish Highlands,"Taking someone to the Highlands and islands of Scotland, my home, is like introducing them to another family member: what if my partner, Jack, from Shropshire, doesn’t like the scenery or the food or the people? What if the people or the food or the scenery don’t like Jack? When you’re evangelistically proud of where you come from, introducing someone special to it is daunting. Jack had only ever been to Edinburgh — an easy win. Would our 18-month-long great thing be abandoned on the Scottish hills?"
gaza,2023-10-07,thetimes.co.uk,https://www.thetimes.co.uk/article/giro-champion-primoz-roglic-leaves-jumbo-visma-for-bora-hansgrohe-np7vznjrv,Giro champion Primoz Roglic leaves Jumbo-Visma for Bora-Hansgrohe,""
gaza,2023-10-07,thetimes.co.uk,https://www.thetimes.co.uk/article/why-this-idyllic-norfolk-village-wants-to-ban-second-homes-8x25d38mb,Why this idyllic Norfolk village wants to ban second homes,Q:
gaza,2023-10-07,thetimes.co.uk,https://www.thetimes.co.uk/article/is-max-verstappen-now-ayrton-sennas-f1-equal-or-is-it-his-car-wxv6d7dnt,Is Max Verstappen now Ayrton Senna’s F1 equal – or is it his car?,""
gaza,2023-10-07,thetimes.co.uk,https://www.thetimes.co.uk/article/jail-for-photographer-who-sexually-assaulted-women-during-shoots-kjdhm6g0s,Jail for photographer who sexually assaulted women during shoots,""
gaza,2023-10-07,thetimes.co.uk,https://www.thetimes.co.uk/article/a-three-hour-flight-to-sicily-turned-into-a-19-hour-nightmare-3ttncpb5l,‘A three-hour flight to Sicily turned into a 19-hour nightmare’,""
gaza,2023-10-07,thetimes.co.uk,https://www.thetimes.co.uk/article/suella-bravermans-uncle-urges-her-to-be-cautious-with-migrant-language-lf5njrpvb,Suella Braverman’s uncle urges her to be ‘cautious’ with migrant language,""
gaza,2023-10-07,thetimes.co.uk,https://www.thetimes.co.uk/article/caitlin-moran-no-man-admits-to-rape-statistics-qz0k0scsv,No man admits to rape. Even when it’s been proved,""
gaza,2023-10-07,thetimes.co.uk,https://www.thetimes.co.uk/article/grant-gilchrist-scotland-are-not-scared-by-history-with-ireland-pnpkfxzcm,Grant Gilchrist: Scotland are not scared by history with Ireland,""
gaza,2023-10-07,thetimes.co.uk,https://www.thetimes.co.uk/article/josh-warrington-im-petrified-but-not-of-leigh-wood-62ff93xpm,Josh Warrington: I’m petrified . . . but not of Leigh Wood,""
gaza,2023-10-07,thetimes.co.uk,https://www.thetimes.co.uk/article/paris-milan-fashion-week-2023-harriet-walker-designer-crocs-nccv7nq7r,What did I wear on the front row in Paris? My £85 luxury Crocs,""
gaza,2023-10-07,thetimes.co.uk,https://www.thetimes.co.uk/article/former-rangers-star-claudio-caniggia-to-stand-trial-for-sex-assault-sp7fb75cs,Former Rangers star Claudio Caniggia to stand trial for sex assault,""
gaza,2023-10-07,thetimes.co.uk,https://www.thetimes.co.uk/article/danny-boyle-free-your-mind-isn-t-film-it-s-incredible-it-s-like-nothing-i-have-ever-done-before-c6v770w8h,Danny Boyle: why we’re bringing The Matrix to Manchester,Q:
gaza,2023-10-07,thetimes.co.uk,https://www.thetimes.co.uk/article/5-things-to-do-in-scotland-this-week-from-drag-race-to-deacon-blues-tour-39zwhtlkj,5 things to do in Scotland this week — from Drag Race to Deacon Blue’s tour,""
gaza,2023-10-07,thetimes.co.uk,https://www.thetimes.co.uk/article/caitlyn-jenner-denounces-trans-nazis-who-get-angry-over-pronouns-73np99j9r,Caitlyn Jenner denounces ‘trans Nazis’ who lash out over pronouns,""
gaza,2023-10-07,thetimes.co.uk,https://www.thetimes.co.uk/article/telling-female-staff-to-wear-make-up-is-sex-harassment-tribunal-rules-bzkv2bk5l,"Telling female staff to wear make-up is sex harassment, tribunal rules",""
gaza,2023-10-07,thetimes.co.uk,https://www.thetimes.co.uk/article/tory-mp-ripped-out-single-mother-tenants-security-camera-vdn0669s7,Tory MP ‘ripped out single mother tenant’s security camera’,""
gaza,2023-10-07,thetimes.co.uk,https://www.thetimes.co.uk/article/pep-guardiola-arsenal-will-be-manchester-city-rivals-for-a-long-time-v37xt6kdp,Pep Guardiola: Arsenal will be Manchester City rivals for a long time,""
gaza,2023-10-07,thetimes.co.uk,https://www.thetimes.co.uk/article/trouble-and-strife-in-the-wild-world-of-metro-man-qrtbn35gh,Trouble and strife in the wild world of Metro man,""
gaza,2023-10-07,thetimes.co.uk,https://www.thetimes.co.uk/article/wayne-mcgregor-royal-ballet-choreographer-dante-project-interview-r5p5j96hb,Wayne McGregor: I was a disco dancer who’d never had a ballet lesson,Q:
gaza,2023-10-07,thetimes.co.uk,https://www.thetimes.co.uk/article/greek-cheese-recipes-feta-halloumi-mb702qx70,How to cook cheese like a Greek: 7 delicious family recipes,Q:
gaza,2023-10-07,thetimes.co.uk,https://www.thetimes.co.uk/article/the-reckoning-review-jimmy-savile-bbc-one-drama-tv-2023-zc5qgl88p,The Reckoning review — Halloween comes early in Jimmy Savile drama,Q:
gaza,2023-10-07,thetimes.co.uk,https://www.thetimes.co.uk/article/credo-dyslexia-is-a-god-given-gift-and-not-a-learning-disability-nw8mdpc7l,Credo: Dyslexia is a God-given gift and not a learning disability,""
gaza,2023-10-07,thetimes.co.uk,https://www.thetimes.co.uk/article/light-over-liskeard-by-louis-de-bernieres-review-cvr0tmj3q,Light Over Liskeard by Louis de Bernières review — it’s a nightmare boyfriend in book form,Q:
gaza,2023-10-07,thetimes.co.uk,https://www.thetimes.co.uk/article/new-readers-luna-shelley-and-enya-metcalfe-5dg9l7xhx,New readers: Luna Shelley and Enya Metcalfe,""
gaza,2023-10-07,thetimes.co.uk,https://www.thetimes.co.uk/article/news-in-pictures-saturday-october-7-2023-0tphwfzmq,"News in pictures: Saturday October 7, 2023",Q:
gaza,2023-10-07,thetimes.co.uk,https://www.thetimes.co.uk/article/going-infinite-by-michael-lewis-review-0x7lh63z0,"Going Infinite by Michael Lewis review — Sam Bankman-Fried: brat, genius or hawker of crypto-moonshine?",Q:
gaza,2023-10-07,thetimes.co.uk,https://www.thetimes.co.uk/article/we-can-take-next-step-to-stop-chelsea-says-gareth-taylor-c00390k52,"We can take next step to stop Chelsea, says Gareth Taylor",""
gaza,2023-10-07,thetimes.co.uk,https://www.thetimes.co.uk/article/spain-makes-a-show-of-dark-past-x7qj3t9k9,Spain makes a show of dark past,""
gaza,2023-10-07,thetimes.co.uk,https://www.thetimes.co.uk/article/ukrainian-novelist-cancelled-because-he-writes-in-russian-32vhp9rgs,Ukrainian novelist ‘cancelled’ because he writes in Russian,Q:
gaza,2023-10-07,thetimes.co.uk,https://www.thetimes.co.uk/article/joseph-fiennes-gareth-southgate-is-an-unlikely-hero-that-we-can-hang-a-bit-of-hope-on-8s5j8g05r,Joseph Fiennes: ‘Gareth Southgate is an unlikely hero that we can hang a bit of hope on’,Q:
gaza,2023-10-07,thetimes.co.uk,https://www.thetimes.co.uk/article/planning-your-garden-here-s-how-to-frame-a-view-073h308br,How to frame a garden view — easy tips and advice,Q:
gaza,2023-10-07,thetimes.co.uk,https://www.thetimes.co.uk/article/peter-dickinson-obituary-dfjpglzkw,Peter Dickinson obituary,""
gaza,2023-10-07,thetimes.co.uk,https://www.thetimes.co.uk/article/a-good-walk-rievaulx-moor-and-helmsley-moor-north-yorkshire-vk30jb6h3,"A good walk: Rievaulx Moor and Helmsley Moor, North Yorkshire",Q:
gaza,2023-10-07,thetimes.co.uk,https://www.thetimes.co.uk/article/barclays-close-account-news-move-abroad-uk-pq5txjt89,Barclays closed my account because I moved abroad,""
gaza,2023-10-07,thetimes.co.uk,https://www.thetimes.co.uk/article/japan-look-to-channel-samurai-spirit-in-must-win-argentina-clash-j0b28cgjx,Japan look to channel ‘samurai’ spirit in must-win Argentina clash,""
gaza,2023-10-07,thetimes.co.uk,https://www.thetimes.co.uk/article/cloe-lacasses-late-leveller-rescues-point-for-arsenal-after-two-howlers-bl6cqtwdv,Cloé Lacasse’s late leveller rescues point for Arsenal after two howlers,""
gaza,2023-10-12,thetimes.co.uk,https://www.thetimes.co.uk/article/lady-chief-justice-toasts-southwark-crown-court-ckggvskb9,Lady chief justice toasts Southwark crown court,""
gaza,2023-10-12,thetimes.co.uk,https://www.thetimes.co.uk/article/new-law-society-president-nick-emmerson-backs-hong-kong-judges-53d6vk276,New Law Society president: ‘We must test rule of law in Hong Kong’,""
gaza,2023-10-12,thetimes.co.uk,https://www.thetimes.co.uk/article/sam-bankman-fried-caroline-ellison-curious-love-affair-crypto-trial-jxx5dbb0f,Sam Bankman-Fried and Caroline Ellison: a curious love affair,""
gaza,2023-10-12,thetimes.co.uk,https://www.thetimes.co.uk/article/walk-of-the-week-to-the-top-of-wether-hill-ochils-b3gkgcg2j,"Walk of the week: to the top of Wether Hill, Ochils",""
gaza,2023-10-12,thetimes.co.uk,https://www.thetimes.co.uk/article/bafta-scotland-awards-2023-nominations-announced-73drtrrln,Bafta Scotland Awards 2023 nominations announced,Q:
gaza,2023-10-12,thetimes.co.uk,https://www.thetimes.co.uk/article/muslim-councils-statement-on-israel-fell-woefully-short-p29pbm3k0,Muslim Council’s statement on Israel fell woefully short,""
gaza,2023-10-12,thetimes.co.uk,https://www.thetimes.co.uk/article/beko-hotpoint-deal-faces-investigation-h7zhzxzvn,‘Beko-Hotpoint’ deal faces investigation,""
gaza,2023-10-12,thetimes.co.uk,https://www.thetimes.co.uk/article/son-defends-ex-rangers-star-claudio-caniggia-over-sex-attack-trial-6vkjq3k56,Son defends ex-Rangers star Claudio Caniggia over sex attack trial,""
gaza,2023-10-12,thetimes.co.uk,https://www.thetimes.co.uk/article/old-man-of-hoy-gets-a-facelift-with-clean-up-of-climbers-detritus-vllvzswn2,Old Man of Hoy gets a facelift with clean-up of climbers’ detritus,""
gaza,2023-10-12,thetimes.co.uk,https://www.thetimes.co.uk/article/heathrow-flies-away-from-covid-lows-rgghw2mk0,Heathrow flies away from Covid lows,""
gaza,2023-10-12,thetimes.co.uk,https://www.thetimes.co.uk/article/estate-agents-hopes-for-autumn-bounce-fall-flat-30f5r9vmc,Estate agents’ hopes for autumn bounce fall flat,Q:
gaza,2023-10-12,thetimes.co.uk,https://www.thetimes.co.uk/article/jaysley-beck-should-be-the-last-she-wont-be-2pn6bdlcm,Jaysley Beck should be the last. She won’t be,""
gaza,2023-10-12,thetimes.co.uk,https://www.thetimes.co.uk/article/fed-says-it-must-tread-carefully-on-interest-rates-l9xc0r389,Fed says it must tread carefully on interest rates,""
gaza,2023-10-12,thetimes.co.uk,https://www.thetimes.co.uk/article/lawyer-of-the-week-gemma-witherington-acted-for-students-awarded-damages-for-colleges-handling-of-sexual-assault-claims-02t06zxl0,Lawyer of the week: Gemma Witherington acted for students awarded damages for college’s handling of sexual assault claims,""
gaza,2023-10-12,thetimes.co.uk,https://www.thetimes.co.uk/article/telegraph-bidders-face-barriers-from-regulators-sg8mcvnxr,Telegraph bidders face barriers from regulators,""
gaza,2023-10-12,thetimes.co.uk,https://www.thetimes.co.uk/article/jaques-testard-meet-the-man-behind-fitzcarraldo-britains-coolest-indie-publisher-rzqdvwtj5,"Jacques Testard: meet the man behind Fitzcarraldo, Britain’s coolest indie publisher",Q:
gaza,2023-10-12,thetimes.co.uk,https://www.thetimes.co.uk/article/rwanda-plan-home-office-faces-two-month-wait-supreme-court-ruling-immigration-khsh8rzn6,Rwanda plan: Home Office faces two-month wait for Supreme Court ruling,""
gaza,2023-10-12,thetimes.co.uk,https://www.thetimes.co.uk/article/exxonmobil-pioneer-natural-resources-share-price-9czmbkcr5,ExxonMobil captures shale group Pioneer Natural Resources,""
gaza,2023-10-12,thetimes.co.uk,https://www.thetimes.co.uk/article/strong-summer-of-travel-adds-shine-to-firstgroup-dv039vbxh,Strong summer of travel adds shine to FirstGroup,""
gaza,2023-10-12,thetimes.co.uk,https://www.thetimes.co.uk/article/fixing-the-remaining-gender-pay-gap-hinges-on-job-flexibility-not-sexism-lnkw3730n,"Fixing the remaining gender pay gap hinges on job flexibility, not sexism",""
gaza,2023-10-12,thetimes.co.uk,https://www.thetimes.co.uk/article/alastair-campbell-nigel-farage-gb-news-cheltenham-z79hqqdv5,Alastair Campbell reveals Nigel Farage’s ‘desperate’ pitch for joint GB News show,Q:
gaza,2023-10-12,thetimes.co.uk,https://www.thetimes.co.uk/article/more-than-a-feline-bavarian-town-honours-cat-7p56qxh8z,More than a feline: Bavarian town honours cat,""
gaza,2023-10-12,thetimes.co.uk,https://www.thetimes.co.uk/article/david-benedictus-obituary-0jvq7s7sm,David Benedictus obituary,Q:
gaza,2023-10-12,thetimes.co.uk,https://www.thetimes.co.uk/article/republicans-nominate-steve-scalise-to-replace-ousted-house-speaker-7l5qvrx0r,Republicans nominate Steve Scalise to replace ousted House Speaker,""
gaza,2023-10-12,thetimes.co.uk,https://www.thetimes.co.uk/article/white-pupils-slipped-further-behind-school-education-covid-qhm62mhz0,White pupils have slipped further behind since Covid,""
gaza,2023-10-12,thetimes.co.uk,https://www.thetimes.co.uk/article/whats-on-tv-and-radio-tonight-thursday-october-12-lfc0wbwn7,"What’s on TV and radio tonight: Thursday, October 12",Q:
gaza,2023-10-12,thetimes.co.uk,https://www.thetimes.co.uk/article/beer-threatened-as-climate-change-hits-europe-s-hops-tcdh58jz5,Beer threatened as climate change hits Europe’s hops,""
gaza,2023-10-12,thetimes.co.uk,https://www.thetimes.co.uk/article/the-times-view-on-the-joy-of-veg-heaven-in-earth-2sxz77rgj,The Times view on the joy of veg: Heaven in Earth,Q:
gaza,2023-10-12,thetimes.co.uk,https://www.thetimes.co.uk/article/steve-clarke-positive-mentality-will-seal-euro-2024-spot-d6clw9rz0,Steve Clarke: Positive mentality will seal Euro 2024 spot,""
gaza,2023-10-12,thetimes.co.uk,https://www.thetimes.co.uk/article/metro-bank-clears-hurdle-with-backing-of-bondholders-rzn995mhm,Metro Bank clears hurdle with backing of bondholders,""
gaza,2023-10-12,thetimes.co.uk,https://www.thetimes.co.uk/article/john-lewis-stempel-the-only-crime-you-can-commit-in-rural-france-is-to-come-from-paris-vmjgmt76t,John Lewis-Stempel: ‘The only crime you can commit in rural France is to come from Paris’,Q:
gaza,2023-10-12,thetimes.co.uk,https://www.thetimes.co.uk/article/if-only-rishi-and-keir-were-easier-on-the-ear-5bhg3bmz8,If only Rishi and Keir were easier on the ear,""
gaza,2023-10-12,thetimes.co.uk,https://www.thetimes.co.uk/article/shooting-people-requires-trust-zfvsdqs3j,Shooting people requires trust,""
gaza,2023-10-12,thetimes.co.uk,https://www.thetimes.co.uk/article/pest-control-busier-than-ever-with-bedbug-calls-your-questions-answered-w6v53wjvw,Pest control ‘busier than ever’ with bedbug calls — your questions answered,""
gaza,2023-10-12,thetimes.co.uk,https://www.thetimes.co.uk/article/wife-saw-husband-swept-away-by-river-tay-after-torrential-downpours-25zvhmwc8,Wife saw husband swept away by River Tay after torrential downpours,""
gaza,2023-10-12,thetimes.co.uk,https://www.thetimes.co.uk/article/israel-gaza-ground-invasion-hamas-netanyahu-2lv5ndzc3,"Israel summons 360,000 reservists as it prepares to invade Gaza",""
gaza,2023-10-12,thetimes.co.uk,https://www.thetimes.co.uk/article/notre-dame-fire-brigade-had-a-difficult-delicate-task-25lg3pl5z,"Notre Dame fire: Brigade had a difficult, delicate task",""
gaza,2023-10-12,thetimes.co.uk,https://www.thetimes.co.uk/article/i-thought-that-dealing-with-divorcing-rich-people-was-pointless-t0xn50ngs,‘I thought that dealing with divorcing rich people was pointless’,""
gaza,2023-10-12,thetimes.co.uk,https://www.thetimes.co.uk/article/would-electronic-wills-do-more-harm-than-good-for-the-vulnerable-n9lkkzxcz,Would electronic wills do more harm than good for the vulnerable?,""
gaza,2023-10-12,thetimes.co.uk,https://www.thetimes.co.uk/article/five-march-glasgow-restaurant-review-relaxed-serious-and-effortlessly-cool-cbkkt6zbt,"Five March, Glasgow, restaurant review — relaxed, serious and effortlessly cool",""
gaza,2023-10-12,thetimes.co.uk,https://www.thetimes.co.uk/article/killer-pilot-robert-browns-automatic-release-blocked-5lmg3npbj,Killer pilot Robert Brown’s automatic release blocked,""
gaza,2023-10-12,thetimes.co.uk,https://www.thetimes.co.uk/article/notre-dame-fitted-with-2m-firefighting-system-5nw7mvhp0,Notre Dame fitted with €2m firefighting system,""
gaza,2023-10-12,thetimes.co.uk,https://www.thetimes.co.uk/article/newsnight-editor-stewart-maclean-quits-before-big-cut-in-budget-9s3sd57th,Newsnight editor Stewart Maclean quits before big cut in budget,Q:
gaza,2023-10-12,thetimes.co.uk,https://www.thetimes.co.uk/article/bankman-fried-hedge-fund-paid-150m-in-bribes-to-chinese-officials-caroline-ellison-tells-fraud-trial-np6klr0hn,"Bankman-Fried hedge fund paid $150m in bribes to Chinese officials, Caroline Ellison tells fraud trial",""
gaza,2023-10-12,thetimes.co.uk,https://www.thetimes.co.uk/article/what-you-get-for-500000-in-gloucestershire-suffolk-cornwall-east-lothian-and-the-algarve-2xjqp6pw7,"What you get for £500,000 in Gloucestershire, Suffolk, Cornwall, East Lothian and the Algarve",Q:
gaza,2023-10-12,thetimes.co.uk,https://www.thetimes.co.uk/article/starmer-has-left-the-tories-with-little-to-aim-at-r0l06mmns,Starmer has left the Tories with little to aim at,""
gaza,2023-10-12,thetimes.co.uk,https://www.thetimes.co.uk/article/cummings-whatapp-reveals-frustration-at-civil-service-who-dont-work-weekends-p53xh33t0,Cummings WhatsApp reveals frustration at civil service who ‘don’t work weekends’,""
gaza,2023-10-12,thetimes.co.uk,https://www.thetimes.co.uk/article/contract-wins-and-profit-upgrade-keep-mitie-moving-on-up-9r7bk9nqn,Contract wins and profit upgrade keep Mitie moving on up,""
gaza,2023-10-12,thetimes.co.uk,https://www.thetimes.co.uk/article/sam-west-interview-dementia-family-2023-m5rdkp9f3,Samuel West: ‘The bit of mum we are left with is quite happy’,Q:
gaza,2023-10-12,thetimes.co.uk,https://www.thetimes.co.uk/article/salman-rushdie-new-book-knife-t093vbjpt,Salman Rushdie memoir of knife attack to be published,Q:
gaza,2023-10-12,thetimes.co.uk,https://www.thetimes.co.uk/article/births-marriages-and-deaths-october-12-2023-csffcvw03,"Births, marriages and deaths: October 12, 2023",""
gaza,2023-10-12,thetimes.co.uk,https://www.thetimes.co.uk/article/the-dogs-covered-in-paint-but-im-a-diy-expert-now-k9smgcq66,"The dog’s covered in paint, but I’m a DIY expert now",Q:
gaza,2023-10-12,thetimes.co.uk,https://www.thetimes.co.uk/article/steve-clarke-eyes-shot-at-glory-at-graveyard-of-scottish-sides-qjhbm9698,Steve Clarke eyes shot at glory at graveyard of Scottish sides,""
gaza,2023-10-12,thetimes.co.uk,https://www.thetimes.co.uk/article/return-of-the-smart-set-is-tailor-made-for-jigsaw-b6gvdffcv,Return of the smart set is tailor-made for Jigsaw,""
gaza,2023-10-12,thetimes.co.uk,https://www.thetimes.co.uk/article/gordonstoun-head-departing-to-lead-scotlands-largest-private-school-2hhpbsxp0,Gordonstoun head departing to lead Scotland’s largest private school,""
gaza,2023-10-12,thetimes.co.uk,https://www.thetimes.co.uk/article/ex-taxman-sir-ian-rankin-called-to-accounts-wnbzgrjph,Ex-taxman Sir Ian Rankin called to accounts,Q:
gaza,2023-10-12,thetimes.co.uk,https://www.thetimes.co.uk/article/virtual-reality-walking-test-could-help-to-identify-people-with-alzheimers-bhccv9jcl,Virtual reality walking test could help to identify people with Alzheimer’s,""
gaza,2023-10-12,thetimes.co.uk,https://www.thetimes.co.uk/article/grand-slammers-television-review-itv-qz5gmz35c,The Midlands through Time review — Jay Blades unearths the joy in the Black Country and beyond,Q:
gaza,2023-10-12,thetimes.co.uk,https://www.thetimes.co.uk/article/england-have-never-had-a-full-back-quite-like-marcus-smith-b58ltw7z7,England have never had a full back quite like Marcus Smith,""
gaza,2023-10-12,thetimes.co.uk,https://www.thetimes.co.uk/article/nowhere-to-hide-women-and-children-bear-brunt-of-assault-in-gaza-mvr2gvfk6,Nowhere to hide: Gaza families flee homes reduced to rubble,""
gaza,2023-10-12,thetimes.co.uk,https://www.thetimes.co.uk/article/bringing-colour-to-past-lives-t2pqzxclx,Bringing colour to past lives,Q:
gaza,2023-10-12,thetimes.co.uk,https://www.thetimes.co.uk/article/the-aristocrats-who-decorated-their-home-with-pocket-artefacts-times-luxury-7g2d3tdcm,Sissinghurst Castle’s newest exhibition reveals its ancient treasures,Q:
gaza,2023-10-12,thetimes.co.uk,https://www.thetimes.co.uk/article/holly-johnson-hiv-was-like-having-a-bell-round-my-neck-tvkf6wjvg,Holly Johnson: ‘HIV was like having a bell round my neck’,Q:
gaza,2023-10-12,thetimes.co.uk,https://www.thetimes.co.uk/article/the-forgotten-californian-spa-town-suddenly-attracting-the-a-list-g0wz07hzf,The forgotten Californian spa town attracting the A-list,""
gaza,2023-10-12,thetimes.co.uk,https://www.thetimes.co.uk/article/police-dont-have-time-for-every-crime-federation-chief-admits-xrd67vrn7,"Police don’t have time for every crime, Federation chief admits",""
gaza,2023-10-12,thetimes.co.uk,https://www.thetimes.co.uk/article/how-heathrow-airport-can-land-real-success-lx2n7pn7s,How Heathrow airport can land real success,""
gaza,2023-10-12,thetimes.co.uk,https://www.thetimes.co.uk/article/anas-sarwar-and-keir-starmer-can-reshape-the-political-climate-fzl58zsgj,Anas Sarwar and Keir Starmer can reshape the political climate,""
gaza,2023-10-12,thetimes.co.uk,https://www.thetimes.co.uk/article/magic-circle-lawyers-teaching-drill-rappers-to-be-legally-fluent-phhs7p53n,Magic circle lawyers teaching drill rappers to be legally fluent,""
gaza,2023-10-12,thetimes.co.uk,https://www.thetimes.co.uk/article/mona-lisa-secrets-leonardo-da-vinci-s-oils-stripped-back-s385hr2vn,X-rays reveal new secrets about Leonardo da Vinci’s Mona Lisa,""
gaza,2023-10-12,thetimes.co.uk,https://www.thetimes.co.uk/article/the-rise-of-the-instacooks-ltzb5l6ks,"Fast, easy, going viral — we tried to cook from TikTok",""
gaza,2023-10-12,thetimes.co.uk,https://www.thetimes.co.uk/article/rival-female-mountaineers-killed-in-shishapangma-record-attempt-k76kbwb6f,Rival female mountaineers killed in Shishapangma record attempt,""
gaza,2023-10-12,thetimes.co.uk,https://www.thetimes.co.uk/article/pine-martens-tempted-away-from-rare-capercaillie-with-venison-gxx36whh5,Pine martens tempted away from rare capercaillie with venison,""
gaza,2023-10-12,thetimes.co.uk,https://www.thetimes.co.uk/article/is-this-the-end-for-bill-belichick-at-new-england-patriots-wq78mbzpl,Is this the end for Bill Belichick at New England Patriots?,""
gaza,2023-10-12,thetimes.co.uk,https://www.thetimes.co.uk/article/the-loneliness-of-fighting-for-a-childs-life-td6kl7fcp,The loneliness of fighting for a child’s life,""
gaza,2023-10-12,thetimes.co.uk,https://www.thetimes.co.uk/article/holly-willoughby-this-morning-presenter-future-itv-z5nwwxn8v,Holly Willoughby’s off . . . can it get any worse for This Morning?,Q:
gaza,2023-10-12,thetimes.co.uk,https://www.thetimes.co.uk/article/to-get-staff-back-in-the-office-first-know-why-62fhqqmrd,"To get staff back in the office, first know why",""
gaza,2023-10-12,thetimes.co.uk,https://www.thetimes.co.uk/article/germany-revises-economic-forecast-from-low-growth-to-shrinking-xnbckprck,Germany revises economic forecast from low growth to shrinking,""
gaza,2023-10-12,thetimes.co.uk,https://www.thetimes.co.uk/article/birkenstock-discovers-success-is-no-shoo-in-on-new-york-debut-zrnnjtj5n,Birkenstock discovers success is no shoo-in on New York debut,""
gaza,2023-10-12,thetimes.co.uk,https://www.thetimes.co.uk/article/birkenstock-hipster-brand-treads-awkward-path-p57b09pnr,Birkenstock: Hipster brand treads awkward path,""
gaza,2023-10-12,thetimes.co.uk,https://www.thetimes.co.uk/article/cbi-survey-finds-firms-hit-by-shortage-of-skilled-staff-sjnwp6z0x,CBI survey finds firms hit by shortage of skilled staff,""
gaza,2023-10-12,thetimes.co.uk,https://www.thetimes.co.uk/article/trans-rights-crowd-assaulted-guests-at-gender-book-launch-ggn9qdtf7,Trans rights crowd ‘assaulted’ guests at gender book launch,Q:
gaza,2023-10-12,thetimes.co.uk,https://www.thetimes.co.uk/article/a-15-minute-hit-that-s-well-worth-your-time-v3nfxbmgd,Uncharted with Hannah Fry review — a 15-minute hit that’s well worth your time,Q:
gaza,2023-10-12,thetimes.co.uk,https://www.thetimes.co.uk/article/what-i-wish-i-d-known-before-taking-in-lodgers-w29ngsjt0,What I wish I’d known before taking in lodgers,Q:
gaza,2023-10-12,thetimes.co.uk,https://www.thetimes.co.uk/article/cole-palmer-i-miss-mums-cooking-and-cant-use-washing-machine-7wkm7j5mv,Cole Palmer: I miss mum’s cooking . . . and can’t use washing machine,""
gaza,2023-10-12,thetimes.co.uk,https://www.thetimes.co.uk/article/at-last-an-outbreak-of-peace-in-the-gender-wars-d77g89f66,"At last, an outbreak of peace in the gender wars",""
gaza,2023-10-12,thetimes.co.uk,https://www.thetimes.co.uk/article/watch-out-here-come-the-park-run-maniacs-v0v5h8ktw,Watch out! Here come the Parkrun maniacs,Q:
gaza,2023-10-12,thetimes.co.uk,https://www.thetimes.co.uk/article/trim-the-candlewicks-and-other-ways-to-be-more-beckham-2ph6257mj,Trim the candlewicks — and other ways to be more Beckham,Q:
gaza,2023-10-12,thetimes.co.uk,https://www.thetimes.co.uk/article/your-three-minute-digest-38fk87kxf,Your three-minute digest,""
gaza,2023-10-12,thetimes.co.uk,https://www.thetimes.co.uk/article/mi6-should-break-its-silence-about-edith-cavell-6cmhscwrc,MI6 ‘should break its silence about Edith Cavell’,Q:
gaza,2023-10-12,thetimes.co.uk,https://www.thetimes.co.uk/article/james-cleverly-runs-for-cover-as-missile-sirens-sound-during-israel-visit-szjc8n5qq,James Cleverly runs for cover as missile sirens sound during Israel visit,""
gaza,2023-10-12,thetimes.co.uk,https://www.thetimes.co.uk/article/liam-gallagher-helps-manchester-tram-users-announcer-9g2n70nxz,Liam Gallagher helps Manchester tram users to Roll With It,""
gaza,2023-10-12,thetimes.co.uk,https://www.thetimes.co.uk/article/renting-ages-you-after-15-years-first-person-ngr9l6d9r,"It’s official, renting ages you: after 15 years of it, I know why",""
gaza,2023-10-12,thetimes.co.uk,https://www.thetimes.co.uk/article/fight-against-bogus-firms-needs-more-punch-say-critics-7l5s3gmtb,"Fight against bogus firms needs more punch, say critics",""
gaza,2023-10-12,thetimes.co.uk,https://www.thetimes.co.uk/article/ollie-watkins-i-dont-want-to-be-a-superstar-like-jack-grealish-mjx3bffd2,Ollie Watkins: I don’t want to be a superstar like Jack Grealish,""
gaza,2023-10-12,thetimes.co.uk,https://www.thetimes.co.uk/article/censure-for-defunct-minibonds-seller-london-capital-amp-finance-308frr6tw,Censure for defunct minibonds seller London Capital & Finance,""
gaza,2023-10-12,thetimes.co.uk,https://www.thetimes.co.uk/article/the-times-view-on-labours-nhs-plans-saving-the-patient-5tkf66v8b,The Times view on Labour’s NHS plans: Saving the Patient,""
gaza,2023-10-12,thetimes.co.uk,https://www.thetimes.co.uk/article/how-to-holiday-like-coco-chanel-according-to-a-fashion-expert-xb5ddv0nk,Our fashion director’s guide to holidaying like Chanel,"‘I was born on a journey,” Gabrielle Chanel once told a reporter who asked about her birthplace. In fact she was born in a poorhouse in a small town on the banks of the Loire in 1883. The fiction she liked to tell and the brutal truth that lay behind it reveal something fundamental about arguably the most influential fashion designer ever to have lived: that she was the ultimate traveller, literally and figuratively."
gaza,2023-10-12,thetimes.co.uk,https://www.thetimes.co.uk/article/lower-pay-offers-by-bosses-put-pressure-on-pagegroup-vlgbp73vh,Lower pay offers by bosses put pressure on PageGroup,""
gaza,2023-10-12,thetimes.co.uk,https://www.thetimes.co.uk/article/french-invasion-wrecked-by-storms-and-the-british-xw06fr37l,French invasion wrecked by storms and the British,""
gaza,2023-10-12,thetimes.co.uk,https://www.thetimes.co.uk/article/charlie-savage-shows-traits-of-his-father-as-wales-beat-gibraltar-686dvjnqf,Charlie Savage shows traits of his father as Wales beat Gibraltar,""
gaza,2023-10-12,thetimes.co.uk,https://www.thetimes.co.uk/article/qinetiq-boosted-by-us-military-orders-fpdxd5z06,Qinetiq boosted by US military orders,""
gaza,2023-10-12,thetimes.co.uk,https://www.thetimes.co.uk/article/sin-and-vice-judgment-in-belfast-case-pssxgvvq9,Sin and vice — judgment in Belfast case,""
gaza,2023-10-12,thetimes.co.uk,https://www.thetimes.co.uk/article/the-times-view-on-pro-hamas-protests-second-casualty-b2q0q67vj,The Times view on pro-Hamas protests: Second Casualty,""
gaza,2023-10-12,thetimes.co.uk,https://www.thetimes.co.uk/article/sir-christopher-lewinton-obituary-2s8n2wttx,Sir Christopher Lewinton obituary,""
gaza,2023-10-12,thetimes.co.uk,https://www.thetimes.co.uk/article/bank-of-england-bias-embedded-by-ai-threatens-financial-stability-bk2lglb3w,Bank of England: Bias embedded by AI threatens financial stability,""
gaza,2023-10-12,thetimes.co.uk,https://www.thetimes.co.uk/article/times-letters-israeli-hostages-two-state-solution-hamas-r876flp7k,Times letters: Israeli hostages and the two-state solution,""
gaza,2023-10-12,thetimes.co.uk,https://www.thetimes.co.uk/article/why-is-the-uk-tiptoeing-around-hate-merchants-fh0jfcnkf,Why is the UK tiptoeing around hate merchants?,""
gaza,2023-10-15,thetimes.co.uk,https://www.thetimes.co.uk/article/i-love-russia-reporting-from-a-lost-country-by-elena-kostyuchenko-review-vrg0ppjg9,I Love Russia by Elena Kostyuchenko review — Putin the butcher,Q:
gaza,2023-10-15,thetimes.co.uk,https://www.thetimes.co.uk/article/russia-ukraine-war-poll-opinions-putin-0glbc98fz,What do Russians really think about the war — and what it means,""
gaza,2023-10-15,thetimes.co.uk,https://www.thetimes.co.uk/article/what-to-expect-from-sydney-opera-houses-50th-birthday-celebrations-x7t6h58dh,What to expect from Sydney Opera House’s 50th birthday celebrations,Q:
gaza,2023-10-16,thetimes.co.uk,https://www.thetimes.co.uk/article/flynn-pushes-for-french-style-price-cap-on-food-vtrwrhf75,Stephen Flynn pushes for French-style price cap on food,""
gaza,2023-10-17,thetimes.co.uk,https://www.thetimes.co.uk/article/israel-panic-rooms-home-attack-hamas-gaza-strip-3h0sx67lz,Israel’s panic rooms were not enough to keep out Hamas killers,""
